id,uuid,observed_on_string,observed_on,time_observed_at,time_zone,user_name,created_at,updated_at,latitude,longitude,private_latitude,private_longitude,coordinates_obscured,scientific_name,common_name
123813,758fe387-4304-4aa9-ad41-60529ee61582,2012-09-14,2012-09-14,,Pacific Time (US & Canada),Zack Abbey,2012-09-16 23:43:46 UTC,2023-08-28 15:08:45 UTC,34.116601177,-119.0788498521,,,false,Procyon lotor,Common Raccoon
337384,972b851c-2b95-4713-9965-1b05c382bd2c,2009-08-07,2009-08-07,,Pacific Time (US & Canada),Jess,2013-07-18 20:15:29 UTC,2018-10-29 06:45:26 UTC,34.292766,-118.930064,,,false,Procyon lotor,Common Raccoon
338509,48937d76-86a9-4dd2-8b6e-6a484143f71b,2011-06-03 15:03:41,2011-06-03,2011-06-03 20:03:41 UTC,Central Time (US & Canada),Jonah Evans,2013-07-19 21:07:25 UTC,2018-06-10 14:01:39 UTC,34.688036,-119.358856,,,false,Procyon lotor,Common Raccoon
576046,149a2207-0c30-4d8e-80d2-65cbf195eba9,2004-08-01,2004-08-01,,Pacific Time (US & Canada),Bruce Freeman,2014-03-20 08:37:41 UTC,2019-02-14 00:52:48 UTC,34.1612950169,-118.6329934592,,,true,Procyon lotor,Common Raccoon
1170732,475f381e-4da3-4e7f-8457-455c0038efbb,2015-01-16,2015-01-16,,Central Time (US & Canada),"",2015-01-10 20:29:38 UTC,2025-01-03 08:45:59 UTC,34.44643,-119.245739,,,false,Procyon lotor,Common Raccoon
1845383,53f78636-ab27-4411-b6cf-7eb4832de4d7,Sat Aug 08 2015 15:23:59 GMT-0700 (PDT),2015-08-08,2015-08-08 22:23:59 UTC,Pacific Time (US & Canada),William Schlegel,2015-08-09 00:42:53 UTC,2018-11-04 23:07:39 UTC,34.362931,-118.998494,,,false,Procyon lotor,Common Raccoon
2587842,e182a41a-f37a-49e2-a639-6158f094315b,Sat Jan 16 2016 08:46:09 GMT-0800 (PST),2016-01-16,2016-01-16 16:46:09 UTC,Pacific Time (US & Canada),"",2016-01-17 03:24:23 UTC,2025-12-10 05:35:40 UTC,34.4699854698,-119.2238988203,,,false,Procyon lotor,Common Raccoon
2587876,b896ca82-a95b-4148-abbd-6b74bb45ae71,Sat Jan 16 2016 09:42:43 GMT-0800 (PST),2016-01-16,2016-01-16 17:42:43 UTC,Pacific Time (US & Canada),"",2016-01-17 03:42:25 UTC,2021-06-14 23:57:18 UTC,34.4723455624,-119.2345678882,,,false,Procyon lotor,Common Raccoon
2803308,ff1aa031-0e90-48cb-8807-57f1df26ce44,Sat Mar 19 2016 10:24:45 GMT-0700 (PDT),2016-03-19,2016-03-19 17:24:45 UTC,Pacific Time (US & Canada),"",2016-03-19 17:25:22 UTC,2021-06-14 23:58:07 UTC,34.4249490649,-119.3029425481,,,false,Procyon lotor,Common Raccoon
2803379,03187fa4-5c72-4d04-a09a-4ac46bdc5d4f,Sat Mar 19 2016 10:33:24 GMT-0700 (PDT),2016-03-19,2016-03-19 17:33:24 UTC,Pacific Time (US & Canada),"",2016-03-19 17:34:04 UTC,2021-06-14 23:58:07 UTC,34.4253838342,-119.3028650155,,,false,Procyon lotor,Common Raccoon
2912696,3385c92c-691b-4691-a948-79751898bcd0,Sun Apr 10 2016 13:16:33 GMT-0700 (PDT),2016-04-10,2016-04-10 20:16:33 UTC,Pacific Time (US & Canada),"",2016-04-10 20:16:58 UTC,2025-01-03 08:44:12 UTC,34.425236648,-119.3028899097,,,false,Procyon lotor,Common Raccoon
3277481,f8b136d1-bcdc-4f0e-ab1f-6d09122119fc,2016-05-18,2016-05-18,,Pacific Time (US & Canada),Santa Monica Mountains National Recreation Area,2016-05-23 04:29:41 UTC,2023-01-04 19:00:38 UTC,34.0354153178,-118.8356688005,,,true,Procyon lotor,Common Raccoon
3279524,0f623832-39f7-4a88-935f-c82938808750,Thu May 19 2016 06:42:01 GMT-0700 (PDT),2016-05-19,2016-05-19 13:42:01 UTC,Pacific Time (US & Canada),Joey Algiers,2016-05-23 12:55:46 UTC,2018-12-01 21:42:55 UTC,34.185945,-118.883955,,,false,Procyon lotor,Common Raccoon
3919693,5eb48bc1-fe8e-441d-bf78-98c18e0f25c2,Fri Aug 19 2016 13:32:20 GMT-0700 (PDT),2016-08-19,2016-08-19 20:32:20 UTC,Pacific Time (US & Canada),Trent Barnhart,2016-08-19 22:27:13 UTC,2019-03-02 18:50:03 UTC,34.214927925,-118.9053606921,,,false,Procyon lotor,Common Raccoon
4588649,bd14a83d-0d22-4fa0-b040-d0f0e125230e,2016/11/11 5:49 PM CST,2016-11-11,2016-11-11 23:49:00 UTC,Central Time (US & Canada),Jonah Evans,2016-11-17 17:48:46 UTC,2021-06-15 00:01:35 UTC,34.68808,-119.359075,,,false,Procyon lotor,Common Raccoon
4837382,5cdfc743-dd29-417c-ae2f-c46931842b2d,2016/12/23 8:23 AM PST,2016-12-23,2016-12-23 16:23:00 UTC,Pacific Time (US & Canada),"",2016-12-24 03:42:14 UTC,2019-07-22 00:09:31 UTC,34.2379183649,-119.2607116699,,,false,Procyon lotor,Common Raccoon
5012290,d247f631-c078-475b-9b95-44f8d8a23a82,2017-01-25 11:27:25 AM PST,2017-01-25,2017-01-25 19:27:25 UTC,Pacific Time (US & Canada),Jess,2017-01-27 06:34:57 UTC,2019-01-06 17:29:33 UTC,34.2829971313,-119.2501296997,,,false,Procyon lotor,Common Raccoon
5017547,ed0ac903-cd26-4511-bf78-4b6810150a3e,2015-12-14 19:29:11,2015-12-14,2015-12-15 03:29:11 UTC,Pacific Time (US & Canada),David N. Lee,2017-01-28 16:20:25 UTC,2023-08-10 01:47:47 UTC,34.446556,-119.310219,,,false,Bassariscus astutus,Ringtail
5045775,d414e447-017c-411c-a473-0343c918e3e6,2017-02-02 3:14:29 PM PST,2017-02-02,2017-02-02 23:14:29 UTC,Pacific Time (US & Canada),Jess,2017-02-03 04:08:36 UTC,2019-12-10 02:40:35 UTC,34.2764472961,-119.3085479736,,,false,Procyon lotor,Common Raccoon
5166361,945393c5-65f9-4ea8-8e21-3b5d56b75391,2017-02-23 8:39:09 AM PST,2017-02-23,2017-02-23 16:39:09 UTC,Pacific Time (US & Canada),Jess,2017-02-24 07:11:44 UTC,2019-01-06 17:30:42 UTC,34.2671737671,-119.2149887085,,,false,Procyon lotor,Common Raccoon
5967712,f2bcffd6-b625-450b-aa52-50a95884a3bf,2017-04-23 0414,2017-04-23,2017-04-23 11:14:00 UTC,Pacific Time (US & Canada),Jacqueline Francis,2017-04-26 15:31:16 UTC,2019-01-12 17:13:50 UTC,34.3387,-119.224944,,,false,Procyon lotor,Common Raccoon
6368285,aaa7b70a-3875-414d-b1fe-62495a0da60d,Fri May 26 2017 08:04:54 GMT-0700 (PDT),2017-05-26,2017-05-26 15:04:54 UTC,Pacific Time (US & Canada),Craig Mackay,2017-05-26 15:07:00 UTC,2019-01-06 22:16:14 UTC,34.2287221776,-119.0752956895,,,false,Procyon lotor,Common Raccoon
6505319,a8f319c4-72d4-4b3a-806d-5c9730f904dc,2017-06-04 9:27:33 PM PDT,2017-06-04,2017-06-05 04:27:33 UTC,Pacific Time (US & Canada),,2017-06-05 06:16:49 UTC,2024-05-15 17:41:09 UTC,34.1632127697,-119.156024381,,,false,Procyon lotor,Common Raccoon
6855931,27344b92-3b83-47ed-a769-0076b0213af3,2017-06-29 5:20:24 PM PDT,2017-06-29,2017-06-30 00:20:24 UTC,Pacific Time (US & Canada),Jess,2017-06-30 03:06:31 UTC,2019-01-06 22:16:51 UTC,34.267780304,-119.2150650024,,,false,Procyon lotor,Common Raccoon
7617555,f32ecc7c-7ceb-46e0-aabf-87e75562f266,2017-08-23 8:44:46 AM PDT,2017-08-23,2017-08-23 15:44:46 UTC,Pacific Time (US & Canada),Jess,2017-08-23 15:46:07 UTC,2019-01-12 18:49:03 UTC,34.34533884,-119.05750543,,,false,Procyon lotor,Common Raccoon
7624364,ec0ca58d-1536-4216-b9cd-a9a212626590,2017-08-23 4:31:03 PM PDT,2017-08-23,2017-08-23 23:31:03 UTC,Pacific Time (US & Canada),Jess,2017-08-23 23:52:07 UTC,2019-01-06 22:18:55 UTC,34.2681541443,-119.2153701782,,,false,Procyon lotor,Common Raccoon
7962789,a5ceaca4-9df7-4b9d-8af7-1caab4ff5478,2017/09/16 4:20 PM PDT,2017-09-16,2017-09-16 23:20:00 UTC,Pacific Time (US & Canada),Trent Barnhart,2017-09-17 16:06:47 UTC,2019-01-06 22:19:33 UTC,34.2316650514,-119.256310164,,,false,Procyon lotor,Common Raccoon
8215793,0be812f2-3552-4ed4-8d14-2a3c4d0b2d53,Sun Oct 01 2017 10:23:12 GMT-0700 (PDT),2017-10-01,2017-10-01 17:23:12 UTC,Pacific Time (US & Canada),Debbie A Parisi,2017-10-02 03:34:46 UTC,2021-09-04 13:11:33 UTC,34.4033,-119.3430333333,,,false,Procyon lotor,Common Raccoon
9364160,13d564c5-31dc-424b-9e3f-bbb2c8e341bb,2018-01-04 9:32:02 AM PST,2018-01-04,2018-01-04 17:32:02 UTC,Pacific Time (US & Canada),Jess,2018-01-04 17:32:55 UTC,2019-01-14 02:43:05 UTC,34.2851452,-118.8247764,,,false,Procyon lotor,Common Raccoon
9670152,87162828-258c-4f8e-9948-c91ec336c7fb,2018/01/29 9:43 PM EST,2018-01-29,2018-01-30 02:43:00 UTC,Eastern Time (US & Canada),Julia and Bryan @ XplorMor International Non-Profit,2018-01-30 18:57:24 UTC,2019-01-14 02:36:50 UTC,34.3957465647,-119.3083531589,,,false,Procyon lotor,Common Raccoon
11297233,339a2a35-8414-4a5d-b4a8-218568537c70,2018-04-21 1:50:29 PM PDT,2018-04-21,2018-04-21 20:50:29 UTC,Pacific Time (US & Canada),Marina,2018-04-22 01:33:02 UTC,2018-06-10 13:44:29 UTC,34.4613227844,-119.2883987427,,,false,Sciuridae,Squirrels
13211266,1457c34b-e2cb-44c9-af9c-3995f2c9aaca,2018-06-07 10:27:00 AM PDT,2018-06-07,2018-06-07 17:27:00 UTC,Pacific Time (US & Canada),Jess,2018-06-07 18:41:02 UTC,2024-11-06 12:12:33 UTC,34.2128244148,-119.25347507,,,false,Procyon lotor,Common Raccoon
13365894,f3f504b2-6561-4de0-85fb-7f41cdaf56e1,2018-06-12 8:49:12 AM PDT,2018-06-12,2018-06-12 15:49:12 UTC,Pacific Time (US & Canada),Jess,2018-06-12 15:49:54 UTC,2018-10-29 07:00:13 UTC,34.46596718,-119.18145979,,,false,Procyon lotor,Common Raccoon
14437038,1532cf3c-472b-4068-aeb2-7db3f134cad4,Mon Jul 16 2018 20:35:00 GMT-0700 (PDT),2018-07-16,2018-07-17 03:35:00 UTC,Pacific Time (US & Canada),"",2018-07-17 05:07:23 UTC,2019-01-20 16:22:33 UTC,34.2245783333,-119.0032416667,,,false,Procyon lotor,Common Raccoon
16320116,f06d8140-16be-442a-8cc4-c53f91145d42,Sat Sep 08 2018 08:36:28 GMT-0700 (PDT),2018-09-08,2018-09-08 15:36:28 UTC,Pacific Time (US & Canada),Debbie A Parisi,2018-09-08 15:41:20 UTC,2021-06-14 22:23:10 UTC,34.4079283333,-119.344895,,,false,Procyon lotor,Common Raccoon
16968830,4d519de5-5747-465f-b58c-ecc406217732,2018-09-27 10:29:07 AM PDT,2018-09-27,2018-09-27 17:29:07 UTC,Pacific Time (US & Canada),Jess,2018-09-27 17:30:20 UTC,2024-11-06 12:09:53 UTC,34.2816429138,-118.8131561279,,,false,Procyon lotor,Common Raccoon
17068778,adda6424-6825-4474-81cb-f57bf2502797,Sun Sep 30 2018 10:35:57 GMT-0700 (PDT),2018-09-30,2018-09-30 17:35:57 UTC,Pacific Time (US & Canada),Debbie A Parisi,2018-09-30 17:37:22 UTC,2021-06-14 22:23:25 UTC,34.3492966667,-119.0526971667,,,false,Procyon lotor,Common Raccoon
17908793,df41ff76-795e-41f6-a13d-cca39a04bf07,Sun Oct 28 2018 11:03:35 GMT-0700 (PDT),2018-10-28,2018-10-28 18:03:35 UTC,Pacific Time (US & Canada),Debbie A Parisi,2018-10-28 18:04:20 UTC,2020-01-17 20:45:09 UTC,34.3922216667,-118.917205,,,false,Procyon lotor,Common Raccoon
18105226,bd9b0c02-5c1e-4a5d-aa7e-3bd8b63fdc5b,Sun Nov 04 2018 10:38:04 GMT-0800 (PST),2018-11-04,2018-11-04 18:38:04 UTC,Pacific Time (US & Canada),Debbie A Parisi,2018-11-04 22:57:35 UTC,2020-01-17 20:45:25 UTC,34.3495833333,-119.0529471667,,,false,Procyon lotor,Common Raccoon
18182708,daf78728-035e-462f-9c24-785d142378e4,Sun Nov 05 2017 10:32:51 GMT-0800 (PST),2017-11-05,2017-11-05 18:32:51 UTC,Pacific Time (US & Canada),Debbie A Parisi,2018-11-06 23:27:07 UTC,2020-01-17 20:45:27 UTC,34.3495616667,-119.0529555,,,false,Procyon lotor,Common Raccoon
18758104,9673afac-dbfb-4ba7-9dce-55ccd70902aa,Sat Dec 01 2018 10:15:49 GMT-0800 (PST),2018-12-01,2018-12-01 18:15:49 UTC,Pacific Time (US & Canada),Debbie A Parisi,2018-12-01 18:17:51 UTC,2020-01-17 20:45:51 UTC,34.34932,-119.0526888333,,,false,Procyon lotor,Common Raccoon
18807197,c6f8a4fb-2038-4cc9-8d25-5c6af06af952,Thu Nov 22 2018 12:52:06 GMT-0800 (PST),2018-11-22,2018-11-22 20:52:06 UTC,Pacific Time (US & Canada),"",2018-12-03 19:23:51 UTC,2019-01-05 15:57:58 UTC,34.2381023729,-119.2593475022,,,false,Procyon lotor,Common Raccoon
19156111,cd7e196a-8f8e-4422-b4d2-e23e00b46117,Sat Dec 22 2018 10:38:49 GMT-0800 (PST),2018-12-22,2018-12-22 18:38:49 UTC,Pacific Time (US & Canada),Debbie A Parisi,2018-12-22 18:40:55 UTC,2020-01-17 20:44:36 UTC,34.3492883333,-119.0527111667,,,false,Procyon lotor,Common Raccoon
19457303,68735b35-5484-4d0d-93d0-8e9db0ec4010,Sat Jan 05 2019 10:56:19 GMT-0800 (PST),2019-01-05,2019-01-05 18:56:19 UTC,Pacific Time (US & Canada),Debbie A Parisi,2019-01-06 03:38:49 UTC,2020-01-17 20:44:48 UTC,34.30882,-119.0964666667,,,false,Procyon lotor,Common Raccoon
19556995,1becbed5-18ab-41b7-9cc7-5d3c73e67051,2019-01-10 11:26:30 AM PST,2019-01-10,2019-01-10 19:26:30 UTC,Pacific Time (US & Canada),Jess,2019-01-10 19:55:05 UTC,2019-01-13 00:25:39 UTC,34.2855453491,-118.8271255493,,,false,Procyon lotor,Common Raccoon
19738920,d5dc5ef4-26e7-41b3-a851-73a47c1dbc85,Sat Jan 19 2019 11:10:29 GMT-0800 (PST),2019-01-19,2019-01-19 19:10:29 UTC,Pacific Time (US & Canada),Debbie A Parisi,2019-01-19 22:18:20 UTC,2020-01-17 20:44:02 UTC,34.3501633333,-119.0515055,,,false,Procyon lotor,Common Raccoon
19774588,0c007bb6-a86c-483a-8dea-8a96a30a3d1b,Sun Jan 20 2019 12:00:09 GMT-0800 (PST),2019-01-20,2019-01-20 20:00:09 UTC,Pacific Time (US & Canada),Debbie A Parisi,2019-01-21 05:05:56 UTC,2020-01-17 20:44:08 UTC,34.3489416667,-119.0540861667,,,false,Procyon lotor,Common Raccoon
19899275,5d2dba4d-bf46-4864-92c6-b3b72f9acff1,Sat Jan 26 2019 10:45:25 GMT-0800 (PST),2019-01-26,2019-01-26 18:45:25 UTC,Pacific Time (US & Canada),Debbie A Parisi,2019-01-27 06:02:17 UTC,2020-01-17 20:44:23 UTC,34.4059033333,-119.3404466667,,,false,Procyon lotor,Common Raccoon
20026555,096bac5c-c235-4df1-a892-64e26290793e,Tue May 01 2018 07:05:14 GMT-0700 (PDT),2018-05-01,2018-05-01 14:05:14 UTC,Pacific Time (US & Canada),Windyc,2019-02-02 07:52:49 UTC,2019-03-16 18:06:04 UTC,34.4423185475,-119.223985104,,,false,Procyon lotor,Common Raccoon
20027351,a80f8bad-7dea-4434-991c-8f98771de8c6,Sun Jan 28 2018 12:49:25 GMT-0800 (PST),2018-01-28,2018-01-28 20:49:25 UTC,Pacific Time (US & Canada),Windyc,2019-02-02 08:49:34 UTC,2019-03-17 13:41:46 UTC,34.4422329264,-119.2239649036,,,false,Procyon lotor,Common Raccoon
20212766,d9fd72f9-a522-440c-9e6c-d042c3b271d2,Fri Feb 08 2019 10:51:04 GMT-0800 (PST),2019-02-08,2019-02-08 18:51:04 UTC,Pacific Time (US & Canada),Debbie A Parisi,2019-02-08 23:18:13 UTC,2020-01-17 20:50:21 UTC,34.39218,-118.9170616667,,,false,Procyon lotor,Common Raccoon
20463117,e11f63f1-276c-4061-8f3b-9a9833f63cf5,Sun Feb 17 2019 11:38:45 GMT-0800 (PST),2019-02-17,2019-02-17 19:38:45 UTC,Pacific Time (US & Canada),Debbie A Parisi,2019-02-18 20:33:12 UTC,2020-01-17 20:50:38 UTC,34.3105866667,-119.0965721667,,,false,Procyon lotor,Common Raccoon
20463147,62071bf7-7f66-412b-8e5d-cfd61d291ce0,Sun Feb 17 2019 12:09:51 GMT-0800 (PST),2019-02-17,2019-02-17 20:09:51 UTC,Pacific Time (US & Canada),Debbie A Parisi,2019-02-18 20:34:34 UTC,2020-01-17 20:50:40 UTC,34.3080466667,-119.0975805,,,false,Procyon lotor,Common Raccoon
20489708,48e6bf96-3a28-40f7-96c5-4827e20466c5,Sat Mar 10 2018 09:15:05 GMT-0800 (PST),2018-03-10,2018-03-10 17:15:05 UTC,Pacific Time (US & Canada),Debbie A Parisi,2019-02-19 16:50:58 UTC,2020-01-17 20:51:23 UTC,34.234775,-119.2634283333,,,false,Procyon lotor,Common Raccoon
20841063,e4f070e5-1d31-407f-a4d2-8ecaa06ff494,2019-02-28 8:39:46 AM PST,2019-02-28,2019-02-28 16:39:46 UTC,Pacific Time (US & Canada),Jess,2019-03-01 01:12:55 UTC,2019-03-16 18:45:52 UTC,34.284828186,-118.8262557983,,,false,Procyon lotor,Common Raccoon
20919220,bea13e70-8ade-4adc-8bb4-e847bbfc4fe7,Sun Mar 03 2019 11:43:28 GMT-0800 (PST),2019-03-03,2019-03-03 19:43:28 UTC,Pacific Time (US & Canada),,2019-03-03 19:43:30 UTC,2019-03-16 22:46:02 UTC,34.2708556541,-119.1966409051,,,false,Procyon lotor,Common Raccoon
20933696,fd2901f7-eeda-4dca-ac53-6dbefde157ec,Sun Mar 03 2019 10:42:53 GMT-0800 (PST),2019-03-03,2019-03-03 18:42:53 UTC,Pacific Time (US & Canada),Debbie A Parisi,2019-03-04 03:18:53 UTC,2020-01-17 20:52:01 UTC,34.3485216667,-119.0509416667,,,false,Procyon lotor,Common Raccoon
21380064,fa90d364-4ed0-42ca-b7f6-cf36d806e574,Sun Mar 17 2019 11:27:12 GMT-0700 (PDT),2019-03-17,2019-03-17 18:27:12 UTC,Pacific Time (US & Canada),Debbie A Parisi,2019-03-19 04:59:10 UTC,2020-01-17 20:52:36 UTC,34.3486583333,-119.0495445,,,false,Procyon lotor,Common Raccoon
21465040,b3690eef-5e86-4f61-a5e0-8de654aa2c48,Wed Mar 20 2019 17:05:55 GMT-0700 (PDT),2019-03-20,2019-03-21 00:05:55 UTC,Pacific Time (US & Canada),"",2019-03-21 22:45:34 UTC,2019-03-22 02:29:55 UTC,34.17022,-118.887725,,,false,Procyon lotor,Common Raccoon
21813122,3e638ea6-e541-4450-89b2-28afd18eb7d2,Mon Jan 21 2019 13:39:55 GMT-0800 (PST),2019-01-21,2019-01-21 13:39:55 UTC,UTC,,2019-03-31 03:29:59 UTC,2021-06-14 23:53:50 UTC,34.3092877965,-119.1225804757,,,true,Bassariscus astutus,Ringtail
21814989,a9e793a7-af0f-4516-b191-297e20ef682e,Sat Mar 30 2019 12:09:38 GMT-0700 (PDT),2019-03-30,2019-03-30 19:09:38 UTC,Pacific Time (US & Canada),Debbie A Parisi,2019-03-31 04:25:12 UTC,2020-01-17 20:53:19 UTC,34.3484416667,-119.0518278333,,,false,Procyon lotor,Common Raccoon
22218207,d8bc3d56-1af9-48de-9628-72ef0ef21706,Mon Apr 08 2019 17:27:30 GMT-0700 (PDT),2019-04-08,2019-04-09 00:27:30 UTC,Pacific Time (US & Canada),,2019-04-09 00:27:33 UTC,2019-12-10 00:01:49 UTC,34.2691221088,-119.1963790544,,,false,Procyon lotor,Common Raccoon
22218245,4f2e2356-b5e6-4f92-baa7-1f8bd9031cfb,Mon Apr 08 2019 17:28:41 GMT-0700 (PDT),2019-04-08,2019-04-09 00:28:41 UTC,Pacific Time (US & Canada),,2019-04-09 00:28:44 UTC,2019-12-10 00:01:50 UTC,34.2690940714,-119.1963204649,,,false,Procyon lotor,Common Raccoon
22251908,a21489cd-111c-462e-9588-409dc765de1d,Sun Apr 07 2019 10:58:22 GMT-0700 (PDT),2019-04-07,2019-04-07 17:58:22 UTC,Pacific Time (US & Canada),Debbie A Parisi,2019-04-09 20:02:48 UTC,2020-01-17 20:53:37 UTC,34.34832,-119.0509416667,,,false,Procyon lotor,Common Raccoon
24645497,dea19411-2deb-432d-973b-d60f0eb0b536,Sat May 04 2019 22:00:19 GMT-0700 (PDT),2019-05-04,2019-05-05 05:00:19 UTC,Pacific Time (US & Canada),Paul G.,2019-05-06 03:22:59 UTC,2019-08-16 23:28:13 UTC,34.4385662833,-119.3822206521,,,true,Procyon lotor,Common Raccoon
24944869,8a00b4de-ab27-4071-926d-e2a1cb63fd38,Sat May 11 2019 10:31:03 GMT-0700 (PDT),2019-05-11,2019-05-11 17:31:03 UTC,Pacific Time (US & Canada),Debbie A Parisi,2019-05-11 17:32:00 UTC,2020-01-17 20:55:01 UTC,34.34948,-119.0524361667,,,false,Procyon lotor,Common Raccoon
26310644,b59c4874-3ef3-489b-988b-8061fdafa459,Sat Jun 01 2019 08:50:11 GMT-0700 (PDT),2019-06-01,2019-06-01 15:50:11 UTC,Pacific Time (US & Canada),Debbie A Parisi,2019-06-03 06:23:39 UTC,2020-01-17 20:57:03 UTC,34.2435383333,-119.191855,,,false,Procyon lotor,Common Raccoon
26310677,886c1506-b804-4d3b-9d75-16884281f719,Sat Jun 01 2019 08:53:23 GMT-0700 (PDT),2019-06-01,2019-06-01 15:53:23 UTC,Pacific Time (US & Canada),Debbie A Parisi,2019-06-03 06:25:08 UTC,2020-01-17 20:57:09 UTC,34.2435333333,-119.1918866667,,,false,Procyon lotor,Common Raccoon
26385105,75eb53e8-007b-4e71-b3bd-7d8222c7bcb8,Tue Jun 04 2019 06:59:15 GMT-0700 (PDT),2019-06-04,2019-06-04 13:59:15 UTC,Pacific Time (US & Canada),,2019-06-04 14:28:20 UTC,2019-06-27 15:02:08 UTC,34.3810966667,-118.8821416667,,,false,Procyon lotor,Common Raccoon
29707185,96cc2f9d-4eae-4e58-b6fe-695eb88f4da4,Sat Jul 27 2019 08:46:11 GMT-0700 (PDT),2019-07-27,2019-07-27 15:46:11 UTC,Pacific Time (US & Canada),Debbie A Parisi,2019-07-28 14:12:44 UTC,2020-06-03 17:17:18 UTC,34.407245,-119.3424216667,,,false,Procyon lotor,Common Raccoon
30473885,18f4ab82-110a-4cfd-87ad-eef23c56316f,Thu Aug 08 2019 08:55:48 GMT-0700 (PDT),2019-08-08,2019-08-08 15:55:48 UTC,Pacific Time (US & Canada),Adam J. Searcy,2019-08-09 11:28:08 UTC,2023-05-24 23:08:45 UTC,34.3624533333,-119.0126416667,,,false,Procyon lotor,Common Raccoon
31624379,85822171-b60c-4547-b151-93000a771aa4,2019/08/27 11:19 AM PDT,2019-08-27,2019-08-27 18:19:00 UTC,Pacific Time (US & Canada),Julia and Bryan @ XplorMor International Non-Profit,2019-08-27 18:24:53 UTC,2019-10-04 23:18:38 UTC,34.3903646985,-119.3095544792,,,false,Procyon lotor,Common Raccoon
32415631,b5b0b02e-a599-4084-a760-c7590a93c34b,2019/09/08 9:54 AM PDT,2019-09-08,2019-09-08 16:54:00 UTC,Pacific Time (US & Canada),Andrea Kreuzhage,2019-09-09 15:59:21 UTC,2024-11-06 11:56:28 UTC,34.1805712692,-118.67234381,,,false,Procyon lotor,Common Raccoon
33554410,92dee29b-e4aa-4e75-aa83-a318a6c04e87,Fri Sep 27 2019 06:57:53 GMT-0700 (PDT),2019-09-27,2019-09-27 13:57:53 UTC,Pacific Time (US & Canada),Debbie A Parisi,2019-09-28 21:20:35 UTC,2020-06-03 17:17:46 UTC,34.45378,-119.1342695,,,false,Procyon lotor,Common Raccoon
34369510,3d1f39b4-d0d9-41a8-9eb2-374ad8a5df3d,2019/10/08 11:59 PM PDT,2019-10-08,2019-10-09 06:59:00 UTC,Pacific Time (US & Canada),Chloe Novak,2019-10-14 18:09:11 UTC,2019-11-15 16:33:45 UTC,34.4508555556,-119.2415166667,,,false,Procyon lotor,Common Raccoon
34600422,4bd722c4-036b-4928-b9ee-328102516d7a,Sat Oct 19 2019 12:34:10 GMT-0700 (PDT),2019-10-19,2019-10-19 19:34:10 UTC,Pacific Time (US & Canada),Windyc,2019-10-19 20:08:08 UTC,2019-10-27 01:11:46 UTC,34.4412119083,-119.2266894894,,,false,Procyon lotor,Common Raccoon
35597950,ec3f9c63-47c7-4328-99a3-5d17f259d71a,2019/11/11 1:19 PM PST,2019-11-11,2019-11-11 21:19:00 UTC,Pacific Time (US & Canada),Jim Carretta,2019-11-12 04:16:24 UTC,2020-01-21 02:33:31 UTC,34.6912797378,-119.3544866087,,,false,Procyon lotor,Common Raccoon
35878247,ea8cacdc-14fb-4918-8eca-6d300b17e997,2019/11/10 10:54 AM PST,2019-11-10,2019-11-10 18:54:00 UTC,Pacific Time (US & Canada),Kurt Zias,2019-11-20 07:28:28 UTC,2023-10-01 00:12:22 UTC,34.2436889019,-119.1922441856,,,false,Procyon lotor,Common Raccoon
36477668,25644490-c589-40de-b4ec-d1662f59c394,Sat Oct 05 2019 10:37:26 GMT-0700 (PDT),2019-10-05,2019-10-05 17:37:26 UTC,Pacific Time (US & Canada),Debbie A Parisi,2019-12-08 20:59:36 UTC,2023-08-26 15:27:25 UTC,34.4064033333,-119.3470833333,,,false,Procyon lotor,Common Raccoon
36672008,f132f789-eff4-4e0a-9b8a-93403e339205,Sat Dec 14 2019 10:36:08 GMT-0800 (PST),2019-12-14,2019-12-14 18:36:08 UTC,Pacific Time (US & Canada),Debbie A Parisi,2019-12-15 14:47:38 UTC,2020-03-22 14:44:35 UTC,34.3495966667,-119.0528195,,,false,Procyon lotor,Common Raccoon
36672019,b8919adf-72f5-4cbc-bf27-1c57b8486ce1,Sat Dec 14 2019 11:02:40 GMT-0800 (PST),2019-12-14,2019-12-14 19:02:40 UTC,Pacific Time (US & Canada),Debbie A Parisi,2019-12-15 14:48:05 UTC,2021-02-04 20:42:20 UTC,34.3484783333,-119.0518278333,,,false,Procyon lotor,Common Raccoon
36692621,2db62dac-0035-4782-ad0d-682a552edd2d,Sun Dec 15 2019 14:04:40 GMT-0800 (PST),2019-12-15,2019-12-15 22:04:40 UTC,Pacific Time (US & Canada),Debbie A Parisi,2019-12-16 03:15:50 UTC,2020-03-22 14:57:29 UTC,34.3088866667,-119.0967861667,,,false,Procyon lotor,Common Raccoon
36703682,4e27d7fc-03ef-4f47-9c05-1f5d43e7e379,Sun Dec 15 2019 14:02:04 GMT-0800 (PST),2019-12-15,2019-12-15 22:02:04 UTC,Pacific Time (US & Canada),Debbie A Parisi,2019-12-16 15:45:10 UTC,2021-09-04 13:34:06 UTC,34.30918,-119.0966195,,,false,Procyon lotor,Common Raccoon
36760989,2829265d-77cb-4330-8c08-fb0782abad41,Wed Dec 18 2019 13:47:29 GMT-0800 (PST),2019-12-18,2019-12-18 13:47:29 UTC,UTC,,2019-12-18 21:47:37 UTC,2020-01-21 02:35:43 UTC,34.4449118665,-119.2009809707,,,false,Procyon lotor,Common Raccoon
36792696,07ae190f-c87f-40b0-aeb5-9a4d4dc83df4,Sun Jul 28 2019 09:10:31 GMT-0700 (PDT),2019-07-28,2019-07-28 16:10:31 UTC,Pacific Time (US & Canada),Debbie A Parisi,2019-12-20 04:53:25 UTC,2021-09-04 13:33:52 UTC,34.3097916667,-119.0964138333,,,false,Procyon lotor,Common Raccoon
36978916,97a6866f-fc19-4ffb-8aa3-ae585a11e362,2019/09/28 9:10 AM PDT,2019-09-28,2019-09-28 16:10:00 UTC,Pacific Time (US & Canada),Debbie A Parisi,2019-12-26 21:45:02 UTC,2024-11-06 11:49:38 UTC,34.4388120347,-119.1368223892,,,false,Procyon lotor,Common Raccoon
37019244,662e4d4a-49c2-4955-9279-ab809659da33,2019-12-27 7:19:12 PM PST,2019-12-27,2019-12-28 05:19:12 UTC,Hawaii,"",2019-12-28 03:28:42 UTC,2020-03-22 22:39:38 UTC,34.1737365723,-118.8440551758,,,false,Procyon lotor,Common Raccoon
37066673,c84e6abd-39aa-4a5a-af33-2df4cbe811c9,Sat Dec 28 2019 10:29:48 GMT-0800 (PST),2019-12-28,2019-12-28 18:29:48 UTC,Pacific Time (US & Canada),Debbie A Parisi,2019-12-29 16:14:31 UTC,2021-09-04 13:33:53 UTC,34.3494133333,-119.0488888333,,,false,Procyon lotor,Common Raccoon
37066786,f45f0f89-2058-4ee5-92c2-94ca238b0456,Sat Dec 28 2019 09:59:20 GMT-0800 (PST),2019-12-28,2019-12-28 17:59:20 UTC,Pacific Time (US & Canada),Debbie A Parisi,2019-12-29 16:16:19 UTC,2021-09-04 13:34:09 UTC,34.3485216667,-119.051675,,,false,Procyon lotor,Common Raccoon
37066851,51cd120c-9d92-47d1-8f45-acbb9c2174c1,Sat Dec 28 2019 10:07:54 GMT-0800 (PST),2019-12-28,2019-12-28 18:07:54 UTC,Pacific Time (US & Canada),Debbie A Parisi,2019-12-29 16:19:02 UTC,2021-09-04 13:33:53 UTC,34.3482383333,-119.05085,,,false,Procyon lotor,Common Raccoon
37098399,fa360e70-f8e9-4be6-ba8b-56cb0c18257a,2019/12/27 12:04 PM PST,2019-12-27,2019-12-27 20:04:00 UTC,Pacific Time (US & Canada),Andrea Kreuzhage,2019-12-30 14:53:32 UTC,2024-11-06 11:49:34 UTC,34.2227058798,-118.7995843133,,,false,Procyon lotor,Common Raccoon
37327899,fb68281f-deef-4e59-b6e2-46cd2a6d4883,Sun Jan 05 2020 11:32:26 GMT-0800 (PST),2020-01-05,2020-01-05 19:32:26 UTC,Pacific Time (US & Canada),Debbie A Parisi,2020-01-06 04:50:04 UTC,2021-09-04 13:34:04 UTC,34.3092783333,-119.09645,,,false,Procyon lotor,Common Raccoon
37510290,d31ea465-8761-4eb7-add2-2384eebd337f,Sat Jan 11 2020 09:37:52 GMT-0800 (PST),2020-01-11,2020-01-11 17:37:52 UTC,Pacific Time (US & Canada),Debbie A Parisi,2020-01-12 03:39:03 UTC,2021-09-04 13:34:08 UTC,34.3978833333,-118.794555,,,false,Procyon lotor,Common Raccoon
37976159,5efaf5ac-2820-4087-97cd-04baec5aa3ff,Sat Jan 25 2020 11:15:20 GMT-0800 (PST),2020-01-25,2020-01-25 19:15:20 UTC,Pacific Time (US & Canada),Debbie A Parisi,2020-01-26 05:09:23 UTC,2021-09-04 13:34:02 UTC,34.3493383333,-119.0489361667,,,false,Procyon lotor,Common Raccoon
37976165,247ef787-20ba-433d-bc43-1945b2b18258,Sat Jan 25 2020 11:17:07 GMT-0800 (PST),2020-01-25,2020-01-25 19:17:07 UTC,Pacific Time (US & Canada),Debbie A Parisi,2020-01-26 05:09:45 UTC,2021-09-04 13:33:59 UTC,34.3493883333,-119.0489055,,,false,Procyon lotor,Common Raccoon
39125122,a8265e51-4746-4bc8-803c-1bfed16fd265,Sun Feb 23 2020 10:58:58 GMT-0800 (PST),2020-02-23,2020-02-23 18:58:58 UTC,Pacific Time (US & Canada),Debbie A Parisi,2020-02-24 00:52:27 UTC,2021-09-04 13:33:55 UTC,34.348255,-119.0506666667,,,false,Procyon lotor,Common Raccoon
44372439,985fa4a1-8c0d-4c2e-9f4d-7bf4eac1b067,Thu Apr 30 2020 07:43:45 GMT-0700 (PDT),2020-04-30,2020-04-30 14:43:45 UTC,Pacific Time (US & Canada),Debbie A Parisi,2020-04-30 15:17:24 UTC,2021-09-04 13:34:00 UTC,34.43747833,-119.13620833,,,false,Procyon lotor,Common Raccoon
44990772,fc72c2de-3741-4ced-93c6-ab2e27f91398,Mon May 04 2020 15:31:10 GMT-0700 (PDT),2020-05-04,2020-05-04 22:31:10 UTC,Pacific Time (US & Canada),Debbie A Parisi,2020-05-05 17:10:40 UTC,2021-09-04 13:34:08 UTC,34.34842167,-119.05121667,,,false,Procyon lotor,Common Raccoon
44995487,91d78126-264f-4922-933b-d71cb905cefa,Mon May 04 2020 15:29:16 GMT-0700 (PDT),2020-05-04,2020-05-04 22:29:16 UTC,Pacific Time (US & Canada),Debbie A Parisi,2020-05-05 17:59:20 UTC,2020-06-05 16:12:04 UTC,34.34843,-119.05108617,,,false,Procyon lotor,Common Raccoon
47196835,1861d7f7-ded1-46ed-80bb-645cba7d6708,Sun May 24 2020 09:14:32 GMT-0700 (PDT),2020-05-24,2020-05-24 16:14:32 UTC,Pacific Time (US & Canada),"",2020-05-24 23:08:36 UTC,2020-05-29 14:59:57 UTC,34.36367,-118.99839667,,,false,Procyon lotor,Common Raccoon
47938763,032b6cdf-ec5a-4313-a5ff-caef33199b1b,2020-05-26 9:01:44 AM PDT,2020-05-26,2020-05-26 16:01:44 UTC,Pacific Time (US & Canada),Jess,2020-05-31 03:39:00 UTC,2025-04-04 08:47:27 UTC,34.2855305556,-119.0501972222,,,false,Procyon lotor,Common Raccoon
49300462,d9a05ee1-c77e-4fd0-b609-39fe45b07ec2,2020-06-11 9:25:27 PM PDT,2020-06-11,2020-06-12 04:25:27 UTC,Pacific Time (US & Canada),Levi Smith,2020-06-12 04:34:05 UTC,2020-07-17 16:17:10 UTC,34.2155434419,-118.8231917471,,,false,Procyon lotor,Common Raccoon
51134569,f19024c7-43b9-4311-b72f-a39d301c8506,2020-06-27 12:24:18 PM PDT,2020-06-27,2020-06-27 19:24:18 UTC,Pacific Time (US & Canada),"",2020-06-27 19:29:05 UTC,2023-07-01 22:07:56 UTC,34.4614524722,-119.2412185556,,,false,Procyon,Raccoons
54024932,ad2deb1b-24c3-4179-8df8-b5acc93dc8f7,Wed Jul 22 2020 10:10:09 GMT-0700 (PDT),2020-07-22,2020-07-22 17:10:09 UTC,Pacific Time (US & Canada),Debbie A Parisi,2020-07-23 04:34:07 UTC,2024-02-07 00:32:05 UTC,34.34952167,-119.05270283,,,false,Procyon lotor,Common Raccoon
55718750,4edb6984-274f-48da-98e5-059933473ad2,Fri Aug 07 2020 06:09:59 GMT-0700 (PDT),2020-08-07,2020-08-07 13:09:59 UTC,Pacific Time (US & Canada),Debbie A Parisi,2020-08-07 18:04:02 UTC,2021-09-04 13:33:52 UTC,34.438125,-119.13631383,,,false,Procyon lotor,Common Raccoon
56183278,6f5e27fa-8457-4816-87e5-fd071bfd83b8,2020-08-10 8:28:56 AM PDT,2020-08-10,2020-08-10 15:28:56 UTC,Pacific Time (US & Canada),Jess,2020-08-12 01:21:05 UTC,2024-11-06 11:37:52 UTC,34.2703388889,-118.9519527778,,,false,Procyon lotor,Common Raccoon
56479648,09f5765f-e2cb-4ce9-9a11-a66459a48e0e,2020/08/08 5:48 PM HST,2020-08-08,2020-08-09 03:48:00 UTC,Hawaii,Omar Ruiz,2020-08-15 03:29:54 UTC,2020-08-31 22:02:52 UTC,34.2947034901,-118.8438230637,,,false,Procyon lotor,Common Raccoon
56672230,c47789f1-e107-4fa3-a127-12fc73c476a4,Thu Jul 02 2020 18:58:37 GMT-0700 (PDT),2020-07-02,2020-07-03 01:58:37 UTC,Pacific Time (US & Canada),mothi,2020-08-16 20:36:55 UTC,2020-08-17 01:56:59 UTC,34.44586167,-118.92727,,,false,Procyon lotor,Common Raccoon
58918110,e2a96f41-33ec-45d3-9b6f-bd55ede0bf2f,Mon Sep 07 2020 11:58:13 GMT-0700 (PDT),2020-09-07,2020-09-07 18:58:13 UTC,Pacific Time (US & Canada),W. Terry Hunefeld,2020-09-08 03:00:05 UTC,2020-11-30 19:45:25 UTC,34.2429634614,-119.1893804164,,,false,Procyon lotor,Common Raccoon
58918354,671b416b-0d29-400e-93f5-e94c866e9360,Mon Sep 07 2020 12:20:12 GMT-0700 (PDT),2020-09-07,2020-09-07 19:20:12 UTC,Pacific Time (US & Canada),W. Terry Hunefeld,2020-09-08 03:03:27 UTC,2020-09-08 03:04:52 UTC,34.235049545,-119.1900177168,,,false,Procyon lotor,Common Raccoon
60157730,3eeb53f5-5e0c-4aee-ad90-8b361c21ffba,Sat Sep 19 2020 09:31:12 GMT-0700 (PDT),2020-09-19,2020-09-19 16:31:12 UTC,Pacific Time (US & Canada),Debbie A Parisi,2020-09-20 05:14:20 UTC,2020-11-24 16:03:00 UTC,34.398595,-118.79473,,,false,Procyon lotor,Common Raccoon
64837066,3dc398b6-ddbc-4a36-804d-8c0044a105c4,Fri Nov 13 2020 20:25:20 GMT-0800 (PST),2020-11-13,2020-11-13 20:25:20 UTC,UTC,Omar Khamis,2020-11-14 04:27:45 UTC,2021-11-14 18:22:05 UTC,34.1614111667,-119.2254783333,,,false,Procyon lotor,Common Raccoon
65507870,e8996941-81c8-486b-8167-a39233e8c2a1,2020-11-23 7:57:13 AM PST,2020-11-23,2020-11-23 15:57:13 UTC,Pacific Time (US & Canada),Zack Abbey,2020-11-24 02:56:48 UTC,2020-11-24 21:06:51 UTC,34.4214444444,-118.7823583333,,,false,Procyon lotor,Common Raccoon
65507924,d5152eb3-1c84-4fdd-8299-7b0ec6d32b99,2020-11-23 7:50:22 AM PST,2020-11-23,2020-11-23 15:50:22 UTC,Pacific Time (US & Canada),Zack Abbey,2020-11-24 02:57:08 UTC,2021-11-16 15:02:36 UTC,34.4215,-118.7825722222,,,false,Procyon lotor,Common Raccoon
65513874,845329dd-dc31-426f-83a3-3e3933dcdf4a,Sun Nov 08 2020 10:28:31 GMT-0800 (PST),2020-11-08,2020-11-08 18:28:31 UTC,Pacific Time (US & Canada),W. Terry Hunefeld,2020-11-24 04:57:24 UTC,2023-07-28 04:26:58 UTC,34.2478557365,-119.1835501797,,,false,Procyon lotor,Common Raccoon
65643178,1bf41b25-e976-48b6-9938-29588820d908,Sun Nov 22 2020 11:14:17 GMT-0800 (PST),2020-11-22,2020-11-22 19:14:17 UTC,Pacific Time (US & Canada),Debbie A Parisi,2020-11-26 16:52:00 UTC,2020-12-03 18:36:19 UTC,34.3929966667,-118.887245,,,false,Procyon lotor,Common Raccoon
66684437,a68a7d27-ca6c-4f4f-9279-741f9c2efb51,2017/05/04 9:26 AM PDT,2017-05-04,2017-05-04 16:26:00 UTC,Pacific Time (US & Canada),Adam J. Searcy,2020-12-17 04:31:48 UTC,2023-05-24 23:08:45 UTC,34.2959055556,-119.3057638889,,,false,Procyon lotor,Common Raccoon
69823970,9e937bfc-5912-4328-9371-67710fed32ee,Wed Feb 03 2021 16:15:46 GMT-0800 (PST),2021-02-03,2021-02-04 00:15:46 UTC,Pacific Time (US & Canada),Debbie A Parisi,2021-02-19 19:07:09 UTC,2021-09-04 13:34:14 UTC,34.4352833333,-119.1320416667,,,false,Procyon lotor,Common Raccoon
71048135,cab56344-4238-40d9-b3a2-7c86b400040f,Thu Mar 11 2021 22:42:42 GMT-0800 (PST),2021-03-11,2021-03-11 22:42:42 UTC,UTC,,2021-03-12 06:42:56 UTC,2024-04-24 07:22:10 UTC,34.2250695493,-119.0066769864,,,false,Procyon lotor,Common Raccoon
72042181,66aaaf7c-e7c0-4dbc-b9e5-fce0e6b2c683,Thu Mar 25 2021 10:04:06 GMT-0700 (PDT),2021-03-25,2021-03-25 17:04:06 UTC,Pacific Time (US & Canada),Brooke Sheridan,2021-03-25 21:10:20 UTC,2024-08-30 16:33:17 UTC,34.2768002113,-119.3707289227,,,true,Procyon lotor,Common Raccoon
73895945,33e79c8d-f8fd-41eb-a2b5-95a4dfc90dd6,Tue Oct 03 2017 10:11:34 GMT-0700 (PDT),2017-10-03,2017-10-03 17:11:34 UTC,Pacific Time (US & Canada),Groundwater Gardens,2021-04-13 23:56:12 UTC,2023-08-26 15:31:59 UTC,34.4944522799,-119.1458205118,,,false,Bassariscus astutus,Ringtail
77949918,75fbc063-5019-4e3d-be83-6e834a6cbbca,2021-05-08 12:54:28,2021-05-08,2021-05-08 19:54:28 UTC,Pacific Time (US & Canada),Trent Barnhart,2021-05-08 19:55:20 UTC,2024-04-24 15:07:24 UTC,34.2652751667,-119.2435455556,,,false,Procyon lotor,Common Raccoon
78252658,91937584-434e-4183-a6ea-0a4876ff5760,2021-05-10 07:18:10,2021-05-10,2021-05-10 14:18:10 UTC,Pacific Time (US & Canada),Greg Froelich,2021-05-10 18:16:37 UTC,2024-04-26 02:03:49 UTC,34.679036,-119.3070419722,,,false,Procyon lotor,Common Raccoon
78431201,d77ebf6f-411f-4707-8dba-b9fc4a97646b,Tue May 11 2021 20:58:02 GMT-0700 (PDT),2021-05-11,2021-05-12 03:58:02 UTC,Pacific Time (US & Canada),,2021-05-12 05:07:51 UTC,2024-04-24 15:06:45 UTC,34.2096915784,-119.0113132383,,,false,Procyon lotor,Common Raccoon
80521747,ced879ae-6a81-40f7-bbc1-b734088bd44c,Sat May 22 2021 10:13:43 GMT-0700 (PDT),2021-05-22,2021-05-22 17:13:43 UTC,Pacific Time (US & Canada),Debbie A Parisi,2021-05-27 20:27:34 UTC,2024-04-26 01:57:23 UTC,34.4037033333,-119.34288,,,false,Procyon lotor,Common Raccoon
83019970,c8f4190d-a74b-47aa-9165-9653bb01bea2,Mon Jun 14 2021 09:58:22 GMT -0700 (PDT),2021-06-14,2021-06-14 16:58:22 UTC,Pacific Time (US & Canada),,2021-06-14 16:58:43 UTC,2023-11-29 17:55:10 UTC,34.4455490112,-119.2910461426,,,false,Procyon lotor,Common Raccoon
83240330,1f5b6778-da2f-4002-9550-1dedbf4abf56,Sat Apr 10 2021 05:08:00 GMT-0700 (PDT),2021-04-10,2021-04-10 12:08:00 UTC,Pacific Time (US & Canada),"",2021-06-16 09:46:02 UTC,2024-04-24 20:05:39 UTC,34.4570394366,-118.9044174188,,,false,Procyon lotor,Common Raccoon
84020885,46e699fe-3bcf-4d28-b734-3fec5a028ef3,2021-06-21 20:17:47,2021-06-21,2021-06-22 03:17:47 UTC,Pacific Time (US & Canada),,2021-06-22 04:04:13 UTC,2021-06-22 04:43:04 UTC,34.2694474,-118.781482,,,false,Lynx rufus,Bobcat
86714066,8ced7088-1630-459b-9ab6-26588f644de5,Sat Jul 10 2021 08:57:07 GMT-0700 (PDT),2021-07-10,2021-07-10 15:57:07 UTC,Pacific Time (US & Canada),Debbie A Parisi,2021-07-12 14:11:38 UTC,2024-04-26 02:03:17 UTC,34.2437762957,-119.192405237,,,false,Procyon lotor,Common Raccoon
86714467,4974a47b-5782-43de-b77a-afb41df1e61c,Sat Jul 10 2021 09:49:57 GMT-0700 (PDT),2021-07-10,2021-07-10 16:49:57 UTC,Pacific Time (US & Canada),Debbie A Parisi,2021-07-12 14:15:02 UTC,2021-09-04 13:33:54 UTC,34.2431618967,-119.1915926362,,,false,Procyon lotor,Common Raccoon
86765790,cc80a2dd-de4a-4de3-a112-43419a50e356,2021/07/05 1:46 AM PDT,2021-07-05,2021-07-05 08:46:00 UTC,Pacific Time (US & Canada),Greg Froelich,2021-07-12 20:13:28 UTC,2024-04-24 20:08:19 UTC,34.3541659,-119.0592705,,,false,Procyon lotor,Common Raccoon
88094327,f233c4b8-fc2f-407a-9ab1-b9cb398dd3cd,2021-07-21 07:43:08,2021-07-21,2021-07-21 14:43:08 UTC,Pacific Time (US & Canada),Greg Froelich,2021-07-22 07:12:07 UTC,2021-07-23 18:16:20 UTC,34.2654052193,-119.0457494482,,,true,Procyon lotor,Common Raccoon
89333276,e32385ff-2ca8-46c9-9cc2-b22a988d9fb7,Sat Jul 31 2021 06:52:33 GMT-0700 (PDT),2021-07-31,2021-07-31 13:52:33 UTC,Pacific Time (US & Canada),Debbie A Parisi,2021-07-31 15:44:44 UTC,2021-09-04 14:57:29 UTC,34.45668,-119.1314861667,,,false,Procyon lotor,Common Raccoon
90629189,2e00ddda-a0c2-49c0-84de-ba7f313979ea,Mon Aug 09 2021 20:00:08 GMT-0700 (PDT),2021-08-09,2021-08-10 03:00:08 UTC,Pacific Time (US & Canada),Ian Nicholson,2021-08-10 07:03:24 UTC,2024-04-24 20:11:23 UTC,34.28687,-119.26777,,,false,Procyon lotor,Common Raccoon
91562224,f45c8a2d-764c-41f2-b585-f9a3372c0550,2021/08/17 7:28 AM PDT,2021-08-17,2021-08-17 14:28:00 UTC,Pacific Time (US & Canada),Zack Abbey,2021-08-17 19:24:48 UTC,2024-04-24 20:12:26 UTC,34.2780565653,-118.8029596168,,,false,Procyon lotor,Common Raccoon
93819381,979e066b-2a35-4fa5-b508-d9d113894315,Mon Aug 30 2021 10:35:44 GMT-0700 (PDT),2021-08-30,2021-08-30 17:35:44 UTC,Pacific Time (US & Canada),Debbie A Parisi,2021-09-06 03:53:25 UTC,2021-09-06 17:13:03 UTC,34.2393216667,-119.2625416667,,,false,Procyon lotor,Common Raccoon
94362557,680cf6ac-52ad-45ce-9155-2f5266485d21,2021/09/10 20:50 Pac DST,2021-09-10,2021-09-11 03:50:00 UTC,Pacific Time (US & Canada),Pat Farris,2021-09-10 20:10:20 UTC,2026-02-19 10:03:39 UTC,34.2148459537,-118.8767465061,,,false,Procyon lotor,Common Raccoon
96721403,795bb38d-2459-4021-8580-1c863a34c196,Wed Sep 29 2021 20:41:45 GMT-0700 (PDT),2021-09-29,2021-09-30 03:41:45 UTC,Pacific Time (US & Canada),,2021-09-30 20:31:11 UTC,2024-05-17 14:31:14 UTC,34.2766416667,-118.70378,,,false,Procyon lotor,Common Raccoon
97218559,a6fbdbd6-ad0f-49ba-83da-26f5b07469b1,2021/08/24 8:21 PM PDT,2021-08-24,2021-08-25 03:21:00 UTC,Pacific Time (US & Canada),Chase Anderson,2021-10-05 04:52:27 UTC,2024-04-24 20:20:25 UTC,34.1909139,-118.934123,,,false,Procyon lotor,Common Raccoon
97672813,4fabb368-3830-440a-a891-a1db9b0d782e,Fri Oct 08 2021 04:54:00 GMT-0700 (PDT),2021-10-08,2021-10-08 11:54:00 UTC,Pacific Time (US & Canada),,2021-10-09 18:03:35 UTC,2021-10-24 01:03:12 UTC,34.29993415,-119.20684855,,,false,Procyon lotor,Common Raccoon
97737352,b4eaa2af-b61f-4285-b96d-1273480f6081,Sat Oct 09 2021 08:26:04 GMT-0700 (PDT),2021-10-09,2021-10-09 15:26:04 UTC,Pacific Time (US & Canada),Debbie A Parisi,2021-10-10 05:05:48 UTC,2024-04-26 01:55:48 UTC,34.2453283333,-119.19175,,,false,Procyon lotor,Common Raccoon
98055816,400e5a9d-15fa-4ab9-ba05-9fcd1064ea70,Sat Oct 09 2021 09:59:01 GMT-0700 (PDT),2021-10-09,2021-10-09 16:59:01 UTC,Pacific Time (US & Canada),Debbie A Parisi,2021-10-12 23:14:25 UTC,2024-04-26 01:55:40 UTC,34.24247,-119.1901166667,,,false,Procyon lotor,Common Raccoon
99170508,f784e272-0b37-467a-a650-8d09b77e8728,2018/07/03 9:19 AM PDT,2018-07-03,2018-07-03 16:19:00 UTC,Pacific Time (US & Canada),Adam J. Searcy,2021-10-24 03:28:30 UTC,2026-03-22 03:15:32 UTC,34.3638333333,-118.9904166667,,,false,Procyon lotor,Common Raccoon
99420260,236f568f-edde-43fe-a9ea-0a30eb432f07,2018/07/18 7:01 AM PDT,2018-07-18,2018-07-18 14:01:00 UTC,Pacific Time (US & Canada),Adam J. Searcy,2021-10-26 03:18:01 UTC,2023-05-24 23:08:45 UTC,34.3553083333,-119.0061555556,,,false,Procyon lotor,Common Raccoon
99761771,8e578f79-6524-434c-8e87-046a106b516c,Fri Oct 29 2021 21:17:43 GMT-0700 (PDT),2021-10-29,2021-10-30 04:17:43 UTC,Pacific Time (US & Canada),Megan Vickers,2021-10-30 04:18:33 UTC,2024-04-24 20:22:25 UTC,34.2656555639,-118.7372995003,,,false,Procyon lotor,Common Raccoon
100469207,d2ee26b8-e529-4fc4-bce5-47039b8b4724,Sat Nov 06 2021 15:15:55 GMT-0700 (PDT),2021-11-06,2021-11-06 22:15:55 UTC,Pacific Time (US & Canada),,2021-11-07 06:03:23 UTC,2024-04-26 01:54:40 UTC,34.5039141699,-119.3076013889,,,false,Procyon lotor,Common Raccoon
100570854,52c29629-7c7f-47eb-b87b-d3e8f6afe2f9,2021-11-07 21:12:05,2021-11-07,2021-11-08 05:12:05 UTC,Pacific Time (US & Canada),Clara Mc,2021-11-08 05:14:24 UTC,2024-04-24 20:24:51 UTC,34.22259198,-119.05928602,,,false,Procyon lotor,Common Raccoon
101034201,c3bc35fe-9039-4659-9098-f54e0d5fecbd,Thu Nov 11 2021 07:37:34 GMT-0800 (PST),2021-11-11,2021-11-11 07:37:34 UTC,UTC,,2021-11-13 21:05:17 UTC,2024-04-24 20:24:16 UTC,34.205025,-118.8287366667,,,false,Procyon lotor,Common Raccoon
101479230,577b4be2-a7f1-4e4d-ba40-f50ccb6b27fa,Mon Nov 15 2021 10:54:31 GMT-0800 (PST),2021-11-15,2021-11-15 18:54:31 UTC,Pacific Time (US & Canada),Debbie A Parisi,2021-11-19 18:25:33 UTC,2024-04-26 01:49:50 UTC,34.2360033333,-119.2648916667,,,false,Procyon lotor,Common Raccoon
101479276,31d51bab-0f4a-4e30-b621-ee9e6435215d,Mon Nov 15 2021 10:51:57 GMT-0800 (PST),2021-11-15,2021-11-15 18:51:57 UTC,Pacific Time (US & Canada),Debbie A Parisi,2021-11-19 18:26:46 UTC,2024-04-26 01:49:48 UTC,34.236155,-119.26487,,,false,Procyon lotor,Common Raccoon
101785366,c7521194-7cca-4625-a138-0162020124f9,Sat Nov 20 2021 15:56:32 GMT-0800 (PST),2021-11-20,2021-11-20 23:56:32 UTC,Pacific Time (US & Canada),,2021-11-23 21:50:26 UTC,2024-04-24 20:26:29 UTC,34.27612,-118.855255,,,false,Procyon lotor,Common Raccoon
101810737,824ecac8-130d-4867-a535-a4e5042d9d6d,Mon Nov 22 2021 10:58:41 GMT-0800 (PST),2021-11-22,2021-11-22 18:58:41 UTC,Pacific Time (US & Canada),Debbie A Parisi,2021-11-24 05:22:42 UTC,2024-04-26 01:49:40 UTC,34.2368383333,-119.2596883333,,,false,Procyon lotor,Common Raccoon
102562268,25b82461-06e7-4feb-aa4f-0e2a123822c5,2021/11/29 8:17 PM PST,2021-11-29,2021-11-30 04:17:00 UTC,Pacific Time (US & Canada),Greg Froelich,2021-12-05 21:57:09 UTC,2024-04-24 20:28:59 UTC,34.430497237,-119.0903248246,,,false,Procyon lotor,Common Raccoon
102562270,2c643ee7-b31c-4a74-863e-1a76664697fd,2021/11/29 6:38 AM PST,2021-11-29,2021-11-29 14:38:00 UTC,Pacific Time (US & Canada),Greg Froelich,2021-12-05 21:57:10 UTC,2024-04-24 20:29:00 UTC,34.4305326341,-119.0903033669,,,false,Procyon lotor,Common Raccoon
102859641,cae1ed92-25e6-4847-a584-8d1c28802bd6,2021/11/09 7:08 PM PST,2021-11-09,2021-11-10 03:08:00 UTC,Pacific Time (US & Canada),,2021-12-11 08:09:12 UTC,2024-04-24 20:30:05 UTC,34.285558,-118.8820414,,,false,Procyon lotor,Common Raccoon
103047308,642aca8c-5d8f-4a03-9a77-f789bfdd76cd,2021/12/11 12:37 PM PST,2021-12-11,2021-12-11 20:37:00 UTC,Pacific Time (US & Canada),Andrea Kreuzhage,2021-12-14 14:53:06 UTC,2024-04-26 14:58:07 UTC,34.3696888889,-119.3123777778,,,false,Mephitis mephitis,Striped Skunk
103047333,38a44cde-8942-4c59-a3c9-4a9cf433e87c,2021/12/11 12:39 PM PST,2021-12-11,2021-12-11 20:39:00 UTC,Pacific Time (US & Canada),Andrea Kreuzhage,2021-12-14 14:53:57 UTC,2024-04-24 20:30:43 UTC,34.3696777778,-119.3124,,,false,Procyon lotor,Common Raccoon
103274170,3a7db3cf-fb2a-40e3-9253-8f979d5164d4,2021-12-18 07:10:24,2021-12-18,2021-12-18 15:10:24 UTC,Pacific Time (US & Canada),Jess,2021-12-18 22:23:04 UTC,2022-03-30 04:07:49 UTC,34.2999333333,-119.1992166667,,,false,Procyon lotor,Common Raccoon
103274234,4a638e8f-e246-4bb3-8840-827994fd95d9,2021-12-18 08:20:26,2021-12-18,2021-12-18 16:20:26 UTC,Pacific Time (US & Canada),Jess,2021-12-18 22:24:27 UTC,2021-12-19 05:18:33 UTC,34.3060833333,-119.1992722222,,,false,Procyon lotor,Common Raccoon
103722189,d8294cf4-ca0f-4be3-9818-b7f315542f86,Sun Dec 26 2021 15:28:17 GMT-0800 (PST),2021-12-26,2021-12-26 23:28:17 UTC,Pacific Time (US & Canada),Debbie A Parisi,2021-12-27 00:23:23 UTC,2024-04-26 01:48:43 UTC,34.4405176385,-119.1342326048,,,false,Procyon lotor,Common Raccoon
104748352,9baf8f96-8afb-4b23-a0bc-00df03f79bad,Mon Jan 10 2022 10:48:56 GMT-0800 (PST),2022-01-10,2022-01-10 18:48:56 UTC,Pacific Time (US & Canada),Debbie A Parisi,2022-01-11 06:46:28 UTC,2022-01-11 07:10:27 UTC,34.3484283333,-119.051575,,,false,Procyon lotor,Common Raccoon
104770295,c6882c75-a544-4f54-992d-2883c485d452,Mon Jan 10 2022 11:23:58 GMT-0800 (PST),2022-01-10,2022-01-10 19:23:58 UTC,Pacific Time (US & Canada),Debbie A Parisi,2022-01-11 18:21:33 UTC,2022-01-11 23:01:04 UTC,34.3489033333,-119.0490805,,,false,Procyon lotor,Common Raccoon
104770324,3d5fb40e-a534-41a4-9489-af3dbd80f0a9,Mon Jan 10 2022 11:27:16 GMT-0800 (PST),2022-01-10,2022-01-10 19:27:16 UTC,Pacific Time (US & Canada),Debbie A Parisi,2022-01-11 18:22:14 UTC,2022-01-11 23:01:08 UTC,34.34883,-119.049225,,,false,Procyon lotor,Common Raccoon
104930415,781b46b3-8aea-465b-bb1b-10d4629b795c,2022-01-14 10:39:27,2022-01-14,2022-01-14 18:39:27 UTC,Pacific Time (US & Canada),Kyle Gunther,2022-01-14 19:57:55 UTC,2022-01-15 06:46:59 UTC,34.2660192095,-119.2954652281,,,true,Procyon lotor,Common Raccoon
105160230,93a23ff0-17d6-4890-9617-c048673f9039,Mon Jan 03 2022 10:29:28 GMT-0800 (PST),2022-01-03,2022-01-03 18:29:28 UTC,Pacific Time (US & Canada),Debbie A Parisi,2022-01-18 16:27:26 UTC,2022-01-18 23:53:55 UTC,34.239175,-119.2630533333,,,false,Procyon lotor,Common Raccoon
105160254,bdcdf606-c379-433d-9b08-94e137ba957c,Mon Jan 03 2022 10:40:20 GMT-0800 (PST),2022-01-03,2022-01-03 18:40:20 UTC,Pacific Time (US & Canada),Debbie A Parisi,2022-01-18 16:28:09 UTC,2022-01-22 09:06:26 UTC,34.23963,-119.2654283333,,,false,Procyon lotor,Common Raccoon
105627563,eb9c1a91-6dc1-4514-a14a-c8919b4ea7e7,Wed Jan 26 2022 12:00:08 GMT-0800 (PST),2022-01-26,2022-01-26 20:00:08 UTC,Pacific Time (US & Canada),Heather,2022-01-26 20:04:53 UTC,2022-01-27 04:24:54 UTC,34.4198130929,-119.2837654194,,,false,Bassariscus astutus,Ringtail
106144585,609bc816-24b9-4dca-a0ca-e1be42090f78,Sat Jan 29 2022 20:00:40 GMT-0800 (PST),2022-01-29,2022-01-29 20:00:40 UTC,UTC,Viviana Celaya,2022-02-04 23:52:16 UTC,2022-04-21 02:10:33 UTC,34.1640563011,-119.045927778,,,false,Procyon lotor,Common Raccoon
106364773,e3872377-b1b5-4828-954a-cbefac7bc48a,2021-11-18 18:32:25,2021-11-18,2021-11-19 02:32:25 UTC,Pacific Time (US & Canada),Denise Aguilar Fernandez,2022-02-08 07:09:53 UTC,2024-04-24 20:33:06 UTC,34.1629333333,-119.0423694444,,,false,Procyon lotor,Common Raccoon
106404642,060470f5-d8cf-4fdc-ad8c-9deb8cab2c88,2022-02-08 15:44:43,2022-02-08,2022-02-08 23:44:43 UTC,Pacific Time (US & Canada),Viviana McKinley,2022-02-08 23:45:37 UTC,2022-02-09 02:38:37 UTC,34.17924751,-119.03974707,,,false,Procyon lotor,Common Raccoon
107065803,2edad0af-8ac1-4de8-85fd-f4c99d6937bf,2022-02-19 14:05:51,2022-02-19,2022-02-19 22:05:51 UTC,Pacific Time (US & Canada),Clara Mc,2022-02-19 22:06:33 UTC,2022-02-20 01:48:05 UTC,34.16110939,-119.04490701,,,false,Procyon lotor,Common Raccoon
108391741,05564b88-697e-4c9f-83b2-5275488ef9ae,2022-03-11 14:46:51,2022-03-11,2022-03-11 14:46:51 UTC,UTC,Denise Aguilar Fernandez,2022-03-11 22:48:28 UTC,2022-03-13 02:04:25 UTC,34.1639638889,-119.0458972222,,,false,Procyon lotor,Common Raccoon
108612756,9023653f-ed60-4c75-bd4c-2a0d3ecd8044,2022/03/14 9:46 AM PDT,2022-03-14,2022-03-14 16:46:00 UTC,Pacific Time (US & Canada),Connie Rutherford,2022-03-14 21:42:02 UTC,2022-03-15 02:40:35 UTC,34.243597,-119.1919189722,,,false,Procyon lotor,Common Raccoon
108828978,cfb21eb2-f6c0-42a6-bd81-b28cb86cd590,Thu Mar 17 2022 11:29:36 GMT-0700 (PDT),2022-03-17,2022-03-17 18:29:36 UTC,Pacific Time (US & Canada),Debbie A Parisi,2022-03-17 22:06:25 UTC,2023-03-03 06:36:07 UTC,34.4124633333,-119.0821388333,,,false,Procyon lotor,Common Raccoon
109156482,34334a1d-2cdd-43ae-8231-b2d4aa3f4424,Sun Mar 20 2022 22:32:00 GMT-0700 (PDT),2022-03-20,2022-03-21 05:32:00 UTC,Pacific Time (US & Canada),,2022-03-21 17:26:50 UTC,2026-02-01 01:42:24 UTC,34.4654678942,-119.1787811596,,,false,Procyon lotor,Common Raccoon
109332082,048617ce-9133-47f6-98de-eedec03a3238,Wed Mar 23 2022 16:40:03 GMT-0700 (PDT),2022-03-23,2022-03-23 23:40:03 UTC,Pacific Time (US & Canada),,2022-03-23 23:40:24 UTC,2022-03-29 01:59:18 UTC,34.403169852,-118.9321852502,,,false,Procyon lotor,Common Raccoon
110644693,f7bacfdd-ae7e-43b0-a01a-3faddf47cad8,Wed Apr 06 2022 21:28:59 GMT-0700 (PDT),2022-04-06,2022-04-07 04:28:59 UTC,Pacific Time (US & Canada),Dillan Roseman,2022-04-07 07:20:07 UTC,2022-04-07 09:44:38 UTC,34.1593055,-119.0451805,,,false,Procyon lotor,Common Raccoon
112778834,7afc73b9-6180-4f76-9a04-ba1323b87330,2021-09-16 20:57:00,2021-09-16,2021-09-17 03:57:00 UTC,Pacific Time (US & Canada),,2022-04-25 01:48:23 UTC,2024-04-24 20:45:39 UTC,34.1630532523,-119.0458482876,,,false,Procyon lotor,Common Raccoon
112977478,8f132763-a75d-4567-b0fb-c3abecc9f0b8,2022-04-26 08:41:49-07:00,2022-04-26,2022-04-26 15:41:49 UTC,Pacific Time (US & Canada),,2022-04-26 15:42:17 UTC,2022-05-17 22:15:55 UTC,34.1599909868,-119.0436899477,,,false,Procyon lotor,Common Raccoon
113024276,50683b9e-20c2-4654-80db-48f191a16f1f,2022-04-25 11:26:09-07:00,2022-04-25,2022-04-25 18:26:09 UTC,Pacific Time (US & Canada),David Kisner,2022-04-26 22:17:25 UTC,2022-04-26 22:41:56 UTC,34.3559828913,-119.016194204,,,false,Procyon lotor,Common Raccoon
114110653,1d28b4e7-1196-42ad-a05b-d87492b4a502,2019/07/17 9:49 PM,2019-07-17,2019-07-18 04:49:00 UTC,Pacific Time (US & Canada),Christopher Frawley,2022-05-01 05:19:41 UTC,2024-04-24 20:45:38 UTC,34.3009208788,-118.8355386206,,,false,Procyon lotor,Common Raccoon
114118294,b8736ebb-7dac-4331-83c2-737c7d90cec9,2019/06/17 09:34 PM,2019-06-17,2019-06-18 04:34:00 UTC,Pacific Time (US & Canada),Brenda Lucio,2022-05-01 06:02:59 UTC,2024-02-11 16:19:39 UTC,34.3014881,-118.8362682,,,false,Procyon lotor,Common Raccoon
116694752,f383829a-03d7-4093-8601-c2c8f8df84c8,2022-05-12 04:41:53,2022-05-12,2022-05-12 11:41:53 UTC,Pacific Time (US & Canada),Jared,2022-05-12 14:32:42 UTC,2022-05-12 23:28:10 UTC,34.156627,-119.1968849722,,,false,Procyon lotor,Common Raccoon
118315925,78c7ee89-973d-4370-b393-e60c386aff41,2022-05-21 20:59:17-07:00,2022-05-21,2022-05-22 03:59:17 UTC,Pacific Time (US & Canada),,2022-05-23 03:15:15 UTC,2022-05-23 04:33:23 UTC,34.167303611,-119.0442047119,,,false,Procyon lotor,Common Raccoon
120340542,d28f0e76-b3d9-4024-a8e8-39d8d2d85236,2022-06-05 07:54:10-07:00,2022-06-05,2022-06-05 14:54:10 UTC,Pacific Time (US & Canada),,2022-06-05 15:03:34 UTC,2022-06-05 19:58:10 UTC,34.3694533333,-119.0588916667,,,false,Procyon lotor,Common Raccoon
127941466,eef3c55b-e7f2-47fb-91ed-511ed8afd55c,2022-07-25 19:49:00-07:00,2022-07-25,2022-07-26 02:49:00 UTC,Pacific Time (US & Canada),Staci S.,2022-07-26 02:53:31 UTC,2022-07-28 06:30:21 UTC,34.1819,-118.7702166667,,,false,Procyon lotor,Common Raccoon
132275071,59221524-458a-4070-b869-952911688c02,2022-08-16,2022-08-16,,Pacific Time (US & Canada),"",2022-08-25 14:13:12 UTC,2022-08-25 14:17:21 UTC,34.2805224931,-119.3151015043,,,false,Procyon lotor,Common Raccoon
132275509,02b101a8-a54a-49b9-a78b-ba8bfed0a54f,2022-08-13,2022-08-13,,Pacific Time (US & Canada),"",2022-08-25 14:17:20 UTC,2022-08-25 14:17:41 UTC,34.2108589086,-118.8254374266,,,false,Canis latrans,Coyote
132286573,11e68bc2-848b-4070-bf47-7b8d1b91f1a9,2022-08-06,2022-08-06,,Pacific Time (US & Canada),"",2022-08-25 15:45:21 UTC,2022-08-26 00:06:19 UTC,34.2072785141,-118.8361662626,,,false,Procyon lotor,Common Raccoon
132304439,6a62e763-f91d-4e60-9da2-df84a406dd02,2022-08-25 10:39:39,2022-08-25,2022-08-25 17:39:39 UTC,Pacific Time (US & Canada),"",2022-08-25 18:08:41 UTC,2022-08-26 05:34:02 UTC,34.2815045773,-119.3084392324,,,false,Procyon lotor,Common Raccoon
132728675,eea77f75-fa6f-4c46-8ebe-e5ae49d578a8,2022-08-28 15:15:10,2022-08-28,2022-08-28 22:15:10 UTC,Pacific Time (US & Canada),"",2022-08-29 01:16:24 UTC,2023-02-16 15:29:09 UTC,34.1726742481,-118.7859687209,,,false,Sciuridae,Squirrels
132865079,260bddfd-541e-4069-8184-0a941246c525,2022-08-29 09:12:02,2022-08-29,2022-08-29 16:12:02 UTC,Pacific Time (US & Canada),"",2022-08-29 20:18:51 UTC,2022-10-23 04:02:15 UTC,34.2769650082,-119.3100348115,,,false,Mephitis mephitis,Striped Skunk
133527697,21a890d7-9e0b-4961-9f86-e0fa563c3876,2022-09-01 09:20:03,2022-09-01,2022-09-01 16:20:03 UTC,Pacific Time (US & Canada),"",2022-09-03 21:50:20 UTC,2022-09-06 01:27:58 UTC,34.2797285063,-119.3097756431,,,false,Procyon lotor,Common Raccoon
135528730,be92a701-d287-4d6b-9443-d0d422fd08c6,2022-09-16 21:29:25-07:00,2022-09-16,2022-09-17 04:29:25 UTC,Pacific Time (US & Canada),Alexander Skinner,2022-09-18 15:38:36 UTC,2022-09-18 15:40:02 UTC,34.437275,-119.2564383333,,,false,Procyon lotor,Common Raccoon
136055996,4e782e2b-9b56-4618-b93c-2701a3169a14,2022-09-22 09:53:58-07:00,2022-09-22,2022-09-22 16:53:58 UTC,Pacific Time (US & Canada),,2022-09-22 17:00:14 UTC,2022-10-19 17:40:25 UTC,34.3005783333,-118.8333666667,,,false,Procyon lotor,Common Raccoon
136546279,ebdab8ad-177a-42b7-8e74-232dcc004a5a,2022/09/17 7:01 AM,2022-09-17,2022-09-17 14:01:00 UTC,Pacific Time (US & Canada),,2022-09-26 07:23:42 UTC,2023-06-23 15:28:29 UTC,34.072949422,-119.01613577,,,false,Procyon lotor,Common Raccoon
136690063,5a5c9b04-ec98-4a73-8877-98fbfa8f3f67,2022-09-25 09:09:11-07:00,2022-09-25,2022-09-25 16:09:11 UTC,Pacific Time (US & Canada),Staci S.,2022-09-27 14:27:00 UTC,2022-10-04 23:25:39 UTC,34.1820366667,-118.7890466667,,,false,Procyon lotor,Common Raccoon
136760313,25d3b177-ea60-4699-8b26-9c89076ab541,2022-09-25 09:46:52-07:00,2022-09-25,2022-09-25 16:46:52 UTC,Pacific Time (US & Canada),Staci S.,2022-09-28 01:30:02 UTC,2022-10-04 23:24:43 UTC,34.1818583333,-118.789275,,,false,Procyon lotor,Common Raccoon
136830221,42aa149e-d83c-4d82-be5d-e51e09ac104a,2022-08-24 13:26:31-07:00,2022-08-24,2022-08-24 20:26:31 UTC,Pacific Time (US & Canada),,2022-09-28 18:27:59 UTC,2022-10-01 03:13:08 UTC,34.3006333333,-118.8334416667,,,false,Procyon lotor,Common Raccoon
139387551,4500bb65-f661-4eda-ab9f-793fc1497b42,2022-10-19 18:12:44-07:00,2022-10-19,2022-10-20 01:12:44 UTC,Pacific Time (US & Canada),,2022-10-20 01:13:01 UTC,2023-03-10 04:53:36 UTC,34.3002610872,-118.8327459076,,,false,Procyon,Raccoons
139387556,5af66832-cfcc-4e8d-bc99-98da26f2e8f0,2022-10-19 18:12:52-07:00,2022-10-19,2022-10-20 01:12:52 UTC,Pacific Time (US & Canada),Bepis Pepsi,2022-10-20 01:13:04 UTC,2022-11-08 01:54:32 UTC,34.3001255019,-118.8329602027,,,false,Procyon lotor,Common Raccoon
139387569,55d6edeb-e378-4da8-8fe5-7d798a45d469,2022-10-19 18:13:01-07:00,2022-10-19,2022-10-20 01:13:01 UTC,Pacific Time (US & Canada),,2022-10-20 01:13:13 UTC,2022-10-20 01:13:19 UTC,34.3004481728,-118.8329908625,,,false,Procyonidae,"Raccoons, Coatis, and Allies"
139387574,abb6b475-0d2d-4fc3-8b7e-7259a52906ed,2022-10-19 18:13:05-07:00,2022-10-19,2022-10-20 01:13:05 UTC,Pacific Time (US & Canada),,2022-10-20 01:13:18 UTC,2023-03-10 04:53:14 UTC,34.3004416349,-118.8330808004,,,false,Procyon,Raccoons
139387576,5525dae9-ca54-4057-a4b5-d5c16817e997,2022-10-19 18:12:56-07:00,2022-10-19,2022-10-20 01:12:56 UTC,Pacific Time (US & Canada),,2022-10-20 01:13:19 UTC,2022-11-08 01:54:34 UTC,34.3004925968,-118.8330375497,,,false,Procyon lotor,Common Raccoon
139387580,29a43dcc-6a83-4e8d-93a0-d941b448b52f,2022-10-19 18:13:01-07:00,2022-10-19,2022-10-20 01:13:01 UTC,Pacific Time (US & Canada),,2022-10-20 01:13:20 UTC,2022-11-08 01:54:34 UTC,34.3002133388,-118.8328277393,,,false,Procyon lotor,Common Raccoon
139387582,29f46a3f-37cb-45f7-973e-edb36609b5b4,2022-10-19 18:12:51-07:00,2022-10-19,2022-10-20 01:12:51 UTC,Pacific Time (US & Canada),Aidan Krebs,2022-10-20 01:13:22 UTC,2022-11-08 01:54:31 UTC,34.3001966667,-118.8329466667,,,false,Procyon lotor,Common Raccoon
139387585,b594582d-7bd5-4564-b05f-d11a7789c6fd,2022-10-19 18:13:10-07:00,2022-10-19,2022-10-20 01:13:10 UTC,Pacific Time (US & Canada),,2022-10-20 01:13:27 UTC,2022-11-08 01:54:30 UTC,34.3004867938,-118.832875163,,,false,Procyon lotor,Common Raccoon
139387591,8d19bb27-5be8-4126-a7cb-97e5ce901cb7,2022-10-19 18:09:36,2022-10-19,2022-10-20 01:09:36 UTC,Pacific Time (US & Canada),Toby Sanchez,2022-10-20 01:13:36 UTC,2022-10-30 03:09:25 UTC,34.300547,-118.8405634,,,false,Procyon lotor,Common Raccoon
139387598,e447d56b-f377-44f5-a3ac-7ff46e3853ec,2022-10-19 18:13:12,2022-10-19,2022-10-20 01:13:12 UTC,Pacific Time (US & Canada),Daniel Sanchez,2022-10-20 01:13:39 UTC,2022-10-30 03:09:24 UTC,34.3002705,-118.8331619,,,false,Procyon lotor,Common Raccoon
139709243,9836c266-10dd-477d-891c-9a99f407fef4,2022/10/11 4:15 PM,2022-10-11,2022-10-11 23:15:00 UTC,Pacific Time (US & Canada),Jim Carretta,2022-10-23 03:52:29 UTC,2023-08-28 23:59:09 UTC,34.688197,-119.358748,,,false,Procyon lotor,Common Raccoon
139943691,d4477dde-12e0-420e-8171-bf6d21a764e7,2022-10-17 16:07:34-07:00,2022-10-17,2022-10-17 23:07:34 UTC,Pacific Time (US & Canada),,2022-10-25 07:24:29 UTC,2022-11-08 01:53:56 UTC,34.1640445,-119.0471416667,,,false,Procyon lotor,Common Raccoon
140081930,7275b415-80a8-4e66-aa0b-4036dbc02455,2022-10-14 20:16:57,2022-10-14,2022-10-15 03:16:57 UTC,Pacific Time (US & Canada),Lara Brenner,2022-10-26 18:44:04 UTC,2022-11-11 05:41:45 UTC,34.2806659973,-119.2845910415,,,false,Procyon lotor,Common Raccoon
140091666,090b8471-4449-4613-9fb7-6dcf2dd85ce6,2022-10-19 18:13:07-07:00,2022-10-19,2022-10-20 01:13:07 UTC,Pacific Time (US & Canada),,2022-10-26 20:22:54 UTC,2022-11-08 01:53:44 UTC,34.3003623002,-118.8329324407,,,false,Procyon lotor,Common Raccoon
141275756,36a556ae-a8ca-4f57-95cb-2ead085a418e,2022/10/03 10:56 AM,2022-10-03,2022-10-03 17:56:00 UTC,Pacific Time (US & Canada),Julia and Bryan @ XplorMor International Non-Profit,2022-11-06 16:11:47 UTC,2024-11-06 11:11:54 UTC,34.4000394138,-119.3103106739,,,false,Mammalia,Mammals
141435686,47ff5e16-9ff8-4e32-8f25-12ed9f98cbc4,2022/09/02 9:56 PM,2022-09-02,2022-09-03 04:56:00 UTC,Pacific Time (US & Canada),,2022-11-08 06:00:01 UTC,2022-11-08 12:08:44 UTC,34.3008744291,-118.8453056618,,,false,Procyon lotor,Common Raccoon
142431857,070131e9-a900-4f22-adc3-e33a893669e5,2022-11-19 22:42:03-08:00,2022-11-19,2022-11-20 06:42:03 UTC,Pacific Time (US & Canada),,2022-11-20 06:43:25 UTC,2022-11-30 01:07:53 UTC,34.2843305896,-119.2858882107,,,false,Procyon lotor,Common Raccoon
142724137,6932cbcf-5c18-4797-a347-6f7a5820cd5a,2022/10/29 7:33 PM,2022-10-29,2022-10-30 02:33:00 UTC,Pacific Time (US & Canada),,2022-11-24 03:40:48 UTC,2022-11-30 05:20:33 UTC,34.1805403,-118.9070887,,,false,Procyon lotor,Common Raccoon
143880642,109e476f-5a5f-49c4-aaf1-c0cb35a099f0,2022-08-29 12:50:33-07:00,2022-08-29,2022-08-29 19:50:33 UTC,Pacific Time (US & Canada),,2022-12-07 18:31:08 UTC,2022-12-08 21:32:33 UTC,34.3006479895,-118.8333959051,,,false,Procyon lotor,Common Raccoon
143904029,f784630b-130e-4295-9965-a4c941679382,2021-06-07 20:22:10,2021-06-07,2021-06-08 03:22:10 UTC,Pacific Time (US & Canada),Adrian Avalos,2022-12-08 01:03:33 UTC,2024-04-24 20:46:31 UTC,34.2693938047,-118.7814820558,,,false,Procyon lotor,Common Raccoon
143910809,22639f2f-76d9-4e88-bff6-fab5bc2a7ec7,2022/12/07 7:09 PM,2022-12-07,2022-12-08 03:09:00 UTC,Pacific Time (US & Canada),,2022-12-08 03:10:38 UTC,2022-12-08 16:17:08 UTC,34.2288843895,-119.0719345754,,,false,Procyon lotor,Common Raccoon
144421356,3498e7cd-3e4c-4ca6-b4bc-167fe6cb3293,2022-12-15 03:38:00-08:00,2022-12-15,2022-12-15 11:38:00 UTC,Pacific Time (US & Canada),,2022-12-15 15:22:13 UTC,2023-08-06 22:09:49 UTC,34.1514470223,-118.9415796138,,,true,Procyon lotor,Common Raccoon
147137537,e18e6721-6a62-4ba4-890f-c321b5ae6df4,2023-01-22 11:31:25,2023-01-22,2023-01-22 19:31:25 UTC,Pacific Time (US & Canada),Ashley Ebel,2023-01-22 20:40:21 UTC,2023-01-29 22:31:42 UTC,34.39554846,-118.9713438973,,,false,Procyon lotor,Common Raccoon
147413457,207145ef-27f7-4ac7-9cc2-8901f701dec4,2023-01-22 15:30:02-08:00,2023-01-22,2023-01-22 23:30:02 UTC,Pacific Time (US & Canada),,2023-01-26 20:23:28 UTC,2023-01-26 22:13:11 UTC,34.2395797783,-118.7740315681,,,false,Placentalia,Placental Mammals
147533688,b8183f98-668d-4fb7-a833-376a9845532d,2023-01-28 07:57:06-08:00,2023-01-28,2023-01-28 15:57:06 UTC,Pacific Time (US & Canada),,2023-01-28 15:58:22 UTC,2023-01-28 17:56:50 UTC,34.1254064042,-118.9799993225,,,true,Procyon lotor,Common Raccoon
147578712,42259110-c093-4e02-abe2-6377e3dbbb42,2023-01-28 13:05:00-08:00,2023-01-28,2023-01-28 21:05:00 UTC,Pacific Time (US & Canada),,2023-01-29 01:57:14 UTC,2023-08-04 07:14:46 UTC,34.1647118217,-119.0413296814,,,false,Procyon lotor,Common Raccoon
147736774,70651c41-c525-4da5-8fce-e820abb7ae85,2023-01-30 16:49:23-08:00,2023-01-30,2023-01-31 00:49:23 UTC,Pacific Time (US & Canada),,2023-01-31 01:57:19 UTC,2023-01-31 02:02:00 UTC,34.3010062848,-118.8348751472,,,false,Procyon lotor,Common Raccoon
147959202,ffb00b7a-0766-42f9-8b8e-d767fc862370,2023-02-03 08:30:47,2023-02-03,2023-02-03 16:30:47 UTC,Pacific Time (US & Canada),Derek,2023-02-03 17:00:25 UTC,2023-02-04 18:37:45 UTC,34.2430387511,-118.9053944126,,,false,Procyon lotor,Common Raccoon
148646287,daff7501-f208-419e-b1de-7ffc1b904af1,2023-02-12 15:00:07-08:00,2023-02-12,2023-02-12 23:00:07 UTC,Pacific Time (US & Canada),Julia and Bryan @ XplorMor International Non-Profit,2023-02-12 23:03:13 UTC,2023-02-27 04:09:27 UTC,34.4001716667,-119.3094466667,,,false,Procyon lotor,Common Raccoon
150833501,cf27681b-edaa-479f-a396-495bf0130f45,2023-03-11 09:24:47,2023-03-11,2023-03-11 17:24:47 UTC,Pacific Time (US & Canada),"",2023-03-11 17:30:53 UTC,2023-03-12 07:11:55 UTC,34.2271333333,-118.8093277778,,,false,Procyon lotor,Common Raccoon
151535042,fc07d324-5cb6-4c6f-a608-4a7db86ed70b,2023-03-18 10:28:04,2023-03-18,2023-03-18 17:28:04 UTC,Pacific Time (US & Canada),"",2023-03-18 21:55:45 UTC,2023-07-11 23:44:07 UTC,34.3928324882,-118.8843330368,,,false,Procyon,Raccoons
151573187,3ce41013-8bfa-478a-aee8-79a077355a5b,2019/05/22 8:20 AM,2019-05-22,2019-05-22 15:20:00 UTC,Pacific Time (US & Canada),Adam J. Searcy,2023-03-19 04:43:18 UTC,2023-05-24 23:08:45 UTC,34.3693972222,-118.9899,,,false,Procyon lotor,Common Raccoon
153046210,c643fa9f-67fb-46dd-97ae-3df81b9b202a,2023-03-31 19:17:00-07:00,2023-03-31,2023-04-01 02:17:00 UTC,Pacific Time (US & Canada),James Mackay,2023-04-01 15:00:55 UTC,2023-06-23 18:05:40 UTC,34.22877506,-119.0751621174,,,false,Procyon lotor,Common Raccoon
154635035,572f8141-1f8b-48e8-8e21-4c08ad54c4b3,2023-04-12 16:58:19,2023-04-12,2023-04-12 23:58:19 UTC,Pacific Time (US & Canada),"",2023-04-12 23:58:49 UTC,2025-04-29 16:48:30 UTC,34.33326448,-119.06276389,,,false,Procyon lotor,Common Raccoon
154635078,461f12d4-7a55-4e33-a7f7-9c2369ae36db,2023-04-12 16:58:57,2023-04-12,2023-04-12 23:58:57 UTC,Pacific Time (US & Canada),"",2023-04-12 23:59:22 UTC,2024-01-06 21:29:45 UTC,34.33326917,-119.0627689,,,false,Procyon lotor,Common Raccoon
154981164,9b941bd3-9b9e-4183-a67d-3c542e6b6542,2023-04-14 10:13:31-07:00,2023-04-14,2023-04-14 17:13:31 UTC,Pacific Time (US & Canada),Staci S.,2023-04-15 15:18:58 UTC,2023-04-15 15:19:15 UTC,34.18315,-118.7708583333,,,false,Procyon lotor,Common Raccoon
156246568,bda6521d-d79b-4e69-8868-67193bc8ad96,2023-04-22 17:45:53-07:00,2023-04-22,2023-04-23 00:45:53 UTC,Pacific Time (US & Canada),,2023-04-23 15:36:00 UTC,2023-04-23 15:36:07 UTC,34.2668966777,-118.9024378268,,,false,Procyon lotor,Common Raccoon
161683070,cd5c0483-47f9-4458-87a8-caea9cce02ab,2023-05-14 13:56:08,2023-05-14,2023-05-14 20:56:08 UTC,Pacific Time (US & Canada),Ark,2023-05-14 20:58:53 UTC,2023-05-15 05:44:56 UTC,34.4017294466,-118.9323987948,,,false,Procyon lotor,Common Raccoon
161989981,855b4219-c392-4f4a-a399-0a1dc8cdb423,2023-05-16 08:50:23,2023-05-16,2023-05-16 15:50:23 UTC,Pacific Time (US & Canada),Zack Abbey,2023-05-16 16:04:15 UTC,2023-09-05 23:30:17 UTC,34.2646888889,-119.0109944444,,,false,Procyon lotor,Common Raccoon
169998021,e95c98d0-4bda-4d3f-ad27-17e7445b328d,2023/06/26 12:25 AM,2023-06-26,2023-06-26 07:25:00 UTC,Pacific Time (US & Canada),Omar Ruiz,2023-06-28 19:39:03 UTC,2026-02-22 19:52:58 UTC,34.2441630034,-118.8351992967,,,false,Procyon lotor,Common Raccoon
175091034,be0f8e2d-13e6-4fa6-8c5b-db110b2c9977,2023-07-26 07:18:51-07:00,2023-07-26,2023-07-26 14:18:51 UTC,Pacific Time (US & Canada),,2023-07-26 19:44:37 UTC,2023-07-26 19:44:50 UTC,34.396595,-118.7957383333,,,false,Procyon lotor,Common Raccoon
175108957,2b9a00a2-394b-4dba-9d9a-7a05d514c781,2023-07-26 14:03:23-07:00,2023-07-26,2023-07-26 21:03:23 UTC,Pacific Time (US & Canada),,2023-07-26 21:44:52 UTC,2023-07-26 21:45:06 UTC,34.4485166667,-119.2651283333,,,false,Procyon,Raccoons
177721584,88fa9c8b-82bc-4094-9296-60cbadbd9ade,2023-08-10 08:36:24,2023-08-10,2023-08-10 15:36:24 UTC,Pacific Time (US & Canada),Taylor Dee,2023-08-10 20:17:24 UTC,2025-11-14 23:38:47 UTC,34.233674,-119.25641,,,false,Procyon lotor,Common Raccoon
179635451,eac1cfc8-fddc-402d-8729-20c464eaea0f,2023-08-21 21:40:36-07:00,2023-08-21,2023-08-22 04:40:36 UTC,Pacific Time (US & Canada),,2023-08-22 04:40:42 UTC,2023-08-23 05:42:38 UTC,34.2979198116,-118.856948243,,,false,Procyon lotor,Common Raccoon
181909778,37967f73-8903-439f-99ac-fe92cdc3ddf0,2023-09-04 23:30:00-07:00,2023-09-04,2023-09-05 06:30:00 UTC,Pacific Time (US & Canada),Craig Mackay,2023-09-05 14:26:33 UTC,2023-12-13 02:44:32 UTC,34.2286802285,-119.0751415428,,,false,Procyon lotor,Common Raccoon
182311681,eee13244-0dd1-4a72-817e-d3f14582a2ed,2023-09-08 05:16:11,2023-09-08,2023-09-08 12:16:11 UTC,Pacific Time (US & Canada),Trent Barnhart,2023-09-08 12:49:38 UTC,2023-09-17 15:57:13 UTC,34.2672541,-119.2417180583,,,false,Procyon lotor,Common Raccoon
183052305,755aefae-20c0-4b15-bb9b-e3ec4d58b985,2023/07/19 08:49,2023-07-19,2023-07-19 15:49:00 UTC,Pacific Time (US & Canada),Геннадий Дякин,2023-09-13 07:38:02 UTC,2024-05-01 11:06:22 UTC,34.1653524178,-119.0357152689,,,false,Procyon lotor,Common Raccoon
190145735,dc0288fc-5762-4338-ae02-c6ab1a271783,2023-11-05 12:10:58-08:00,2023-11-05,2023-11-05 20:10:58 UTC,Pacific Time (US & Canada),,2023-11-06 00:59:47 UTC,2023-11-13 01:29:07 UTC,34.1801099441,-119.0695425488,,,true,Procyon lotor,Common Raccoon
190145874,211ff046-e39f-442a-90cd-956368a71698,2023-11-05 12:11:45-08:00,2023-11-05,2023-11-05 20:11:45 UTC,Pacific Time (US & Canada),,2023-11-06 01:00:56 UTC,2023-11-13 01:29:10 UTC,34.0912745656,-119.1026409733,,,true,Procyon lotor,Common Raccoon
191824040,89b6e8b2-f3a8-4e84-88aa-c77ff767775b,2023-10-09 04:02:53-07:00,2023-10-09,2023-10-09 11:02:53 UTC,Pacific Time (US & Canada),,2023-11-23 05:32:27 UTC,2023-12-13 05:12:39 UTC,34.2845210131,-118.7737973253,,,false,Procyon lotor,Common Raccoon
192033006,49b46628-c9d5-4052-aea0-68fea129f97f,2023-11-24 21:56:35-08:00,2023-11-24,2023-11-25 05:56:35 UTC,Pacific Time (US & Canada),,2023-11-25 05:58:57 UTC,2023-11-27 00:50:36 UTC,34.2793161216,-118.7304425761,,,false,Procyon lotor,Common Raccoon
192477779,7ff87e01-0550-40c4-96b8-b0acb15c4a10,2023-11-06 15:16:48,2023-11-06,2023-11-06 23:16:48 UTC,Pacific Time (US & Canada),Dylan Green,2023-11-28 19:24:08 UTC,2023-11-29 07:11:58 UTC,34.3006178893,-118.8333432376,,,false,Procyon lotor,Common Raccoon
192588228,daf5b0cf-bd5b-45da-8ad0-925236628c38,2023-11-29 14:38:03-08:00,2023-11-29,2023-11-29 22:38:03 UTC,Pacific Time (US & Canada),,2023-11-29 22:39:22 UTC,2023-11-29 22:39:28 UTC,34.300625,-118.83338,,,false,Procyon,Raccoons
192688030,cc2f5cd9-7e8c-4c15-86cb-741df12889f6,2023-10-17 20:26:30,2023-10-17,2023-10-18 03:26:30 UTC,Pacific Time (US & Canada),,2023-12-01 02:29:12 UTC,2023-12-01 02:32:36 UTC,34.3002104669,-118.8335886598,,,false,Procyon lotor,Common Raccoon
192763476,c42e6743-ccb1-44bd-af1a-789fd233bf83,2023-10-24 20:56:10-07:00,2023-10-24,2023-10-25 03:56:10 UTC,Pacific Time (US & Canada),,2023-12-01 23:06:54 UTC,2023-12-01 23:07:46 UTC,34.29702,-118.83825,,,false,Procyon lotor,Common Raccoon
192787306,330bc5c7-d6ed-4499-8fd0-f1a0a9bed1d5,2023/11/29 2:39 PM,2023-11-29,2023-11-29 22:39:00 UTC,Pacific Time (US & Canada),,2023-12-02 04:57:12 UTC,2023-12-02 06:01:48 UTC,34.285558,-118.882041,,,false,Procyonidae,"Raccoons, Coatis, and Allies"
193749811,7bd44741-c393-4e86-9d6b-76254238c729,2023-12-11 15:56:12-08:00,2023-12-11,2023-12-11 23:56:12 UTC,Pacific Time (US & Canada),Heather,2023-12-11 23:57:35 UTC,2023-12-11 23:57:42 UTC,34.4188216667,-119.2831116667,,,false,Procyon lotor,Common Raccoon
194868012,95909b62-aa66-4c46-b0b5-974f6eddf6b1,2023-12-24 18:56:30,2023-12-24,2023-12-25 02:56:30 UTC,Pacific Time (US & Canada),Trent Barnhart,2023-12-26 05:16:35 UTC,2023-12-31 12:42:10 UTC,34.189309,-119.2188689,,,false,Procyon lotor,Common Raccoon
196480880,0b1151f5-aead-4015-a15f-4f737a01ad3a,2024-01-11 11:46:14-08:00,2024-01-11,2024-01-11 19:46:14 UTC,Pacific Time (US & Canada),,2024-01-13 04:21:30 UTC,2024-01-13 14:45:01 UTC,34.2144616667,-118.8328383333,,,false,Procyon lotor,Common Raccoon
197755982,d12d520d-9efe-4c85-a823-8685018ed8a5,2024-01-26 17:09:02,2024-01-26,2024-01-27 01:09:02 UTC,Pacific Time (US & Canada),Nathan sells,2024-01-28 03:00:27 UTC,2026-03-13 19:42:56 UTC,34.2796555556,-118.659125,,,false,Procyon lotor,Common Raccoon
198338265,f68d385c-08f0-42e3-9da1-8c2a9d9729df,2024-02-03 09:36:29-08:00,2024-02-03,2024-02-03 17:36:29 UTC,Pacific Time (US & Canada),,2024-02-03 23:21:10 UTC,2025-09-25 23:19:40 UTC,34.2788783333,-118.68338,,,false,Procyon lotor,Common Raccoon
198338454,b214a1b6-f36a-4b76-a3a1-f3f98170c536,2024-02-03 09:37:49-08:00,2024-02-03,2024-02-03 17:37:49 UTC,Pacific Time (US & Canada),,2024-02-03 23:22:49 UTC,2025-09-25 23:19:57 UTC,34.2746383333,-118.6747883333,,,false,Procyon lotor,Common Raccoon
198338502,cc0c163f-abdb-4b7b-9446-cfbedc222484,2024-02-03 09:33:48-08:00,2024-02-03,2024-02-03 17:33:48 UTC,Pacific Time (US & Canada),,2024-02-03 23:23:44 UTC,2025-09-25 23:20:14 UTC,34.2779383333,-118.6814716667,,,false,Procyon lotor,Common Raccoon
199476404,07e6f420-67f2-4353-8d3c-b614f645f3e0,2024-02-15 10:45:24-08:00,2024-02-15,2024-02-15 18:45:24 UTC,Pacific Time (US & Canada),"",2024-02-16 17:59:10 UTC,2025-04-05 05:11:41 UTC,34.3642833333,-119.3117533333,,,false,Procyon lotor,Common Raccoon
202114336,07b42220-9697-4efe-a727-7086df513115,2024-03-09 15:51:23-08:00,2024-03-09,2024-03-09 23:51:23 UTC,Pacific Time (US & Canada),Kat B,2024-03-12 01:21:46 UTC,2024-03-14 04:44:00 UTC,34.2392302456,-119.2621100447,,,false,Procyon lotor,Common Raccoon
202135165,69cf26be-e31c-42f9-86cd-914767c561c5,2024-03-11 23:29:17-07:00,2024-03-11,2024-03-12 06:29:17 UTC,Pacific Time (US & Canada),,2024-03-12 06:29:31 UTC,2024-03-15 18:42:09 UTC,34.2983570136,-118.8366560173,,,false,Procyon lotor,Common Raccoon
203830862,6db052f4-13bf-43c5-9575-c2deeb82a821,2011/07/23 5:12 PM,2011-07-23,2011-07-24 00:12:00 UTC,Pacific Time (US & Canada),"",2024-03-25 01:07:48 UTC,2024-03-27 00:26:11 UTC,34.418019445,-119.3406638883,,,false,Procyon lotor,Common Raccoon
204426526,dad036c8-9367-4899-acc5-71af41f8de20,2024-03-07 08:55:34-08:00,2024-03-07,2024-03-07 16:55:34 UTC,Pacific Time (US & Canada),Zoe Haines,2024-03-29 17:57:07 UTC,2024-03-29 18:13:57 UTC,34.187778,-118.889065,,,false,Procyon lotor,Common Raccoon
205203663,2600eeaf-f170-41b2-8591-00fa81db5f59,2024-04-03 00:15:06-07:00,2024-04-03,2024-04-03 07:15:06 UTC,Pacific Time (US & Canada),,2024-04-03 07:15:19 UTC,2024-05-17 14:31:04 UTC,34.2795697028,-118.6905159507,,,false,Procyon lotor,Common Raccoon
206192215,47084811-e5f3-4850-b156-af97be1d3aff,2024-04-06 11:00:13-07:00,2024-04-06,2024-04-06 18:00:13 UTC,Pacific Time (US & Canada),Kat B,2024-04-09 03:26:55 UTC,2024-04-11 19:08:13 UTC,34.2388469535,-119.2631857994,,,false,Procyon lotor,Common Raccoon
206813783,cf43620a-d200-43ae-beeb-b09074e6cee2,2024-04-12 10:58:06-07:00,2024-04-12,2024-04-12 17:58:06 UTC,Pacific Time (US & Canada),Alexander Jacobs,2024-04-12 17:59:20 UTC,2024-04-12 17:59:50 UTC,34.2919083333,-119.1982716667,,,false,Procyon lotor,Common Raccoon
207091059,2f1e2497-e581-4831-81e9-62717042c6b4,2024-04-13 09:57:21-07:00,2024-04-13,2024-04-13 16:57:21 UTC,Pacific Time (US & Canada),Peggy Wu,2024-04-14 02:32:09 UTC,2024-04-14 02:32:24 UTC,34.2257060213,-118.6158646277,,,true,Procyon lotor,Common Raccoon
207667536,dcbbefeb-4f4f-4c6f-a075-ba8ba5455a3f,2024-04-12 10:57:37-07:00,2024-04-12,2024-04-12 17:57:37 UTC,Pacific Time (US & Canada),Izabelle Ruehlman,2024-04-16 23:07:49 UTC,2024-04-16 23:07:54 UTC,34.2918783333,-119.1983333333,,,false,Procyonidae,"Raccoons, Coatis, and Allies"
207668151,dc8d871c-0331-41f3-9ae1-9836bb8aa12e,2024-04-12 10:57:37-07:00,2024-04-12,2024-04-12 17:57:37 UTC,Pacific Time (US & Canada),Izabelle Ruehlman,2024-04-16 23:11:22 UTC,2025-04-05 13:38:36 UTC,34.2918783333,-119.1983333333,,,false,Procyon lotor,Common Raccoon
208625085,36c3fd85-4125-48f6-834c-cd1a6d3e842f,2024-01-25 09:44:49,2024-01-25,2024-01-25 17:44:49 UTC,Pacific Time (US & Canada),Nicole,2024-04-22 01:44:13 UTC,2024-04-22 01:45:02 UTC,34.2394688997,-119.2645935,,,false,Procyon lotor,Common Raccoon
208625140,035c43a9-3aad-4936-8383-2297bbcae19a,2024-01-25 09:45:02,2024-01-25,2024-01-25 17:45:02 UTC,Pacific Time (US & Canada),Nicole,2024-04-22 01:44:35 UTC,2024-04-22 08:20:27 UTC,34.2394603997,-119.2645875,,,false,Procyon lotor,Common Raccoon
208948322,4670c39a-69a9-4d3e-9df4-249a5734a778,2024-04-23 11:19:08-07:00,2024-04-23,2024-04-23 18:19:08 UTC,Pacific Time (US & Canada),,2024-04-23 19:28:33 UTC,2024-04-24 15:21:59 UTC,34.39075,-118.9231033333,,,false,Procyon,Raccoons
208949185,f6cf7a6a-5c4b-446c-af5c-fe3d34549275,2024-04-23 12:13:28-07:00,2024-04-23,2024-04-23 19:13:28 UTC,Pacific Time (US & Canada),,2024-04-23 19:33:29 UTC,2024-04-23 19:33:39 UTC,34.3915166667,-118.9233083333,,,false,Procyon lotor,Common Raccoon
214886472,fd65ce2d-4b0e-4a0d-80a2-a0b1de11ac24,2024-04-29 14:24:49-07:00,2024-04-29,2024-04-29 21:24:49 UTC,Pacific Time (US & Canada),Jacob Chavez,2024-05-10 22:45:21 UTC,2024-05-11 09:01:37 UTC,34.3009033333,-118.8348916667,,,false,Procyon lotor,Common Raccoon
214888085,0c76a8ce-08ea-4287-a727-c4fbac4f28e6,2024-02-26 19:26:38-08:00,2024-02-26,2024-02-27 03:26:38 UTC,Pacific Time (US & Canada),Jacob Chavez,2024-05-10 22:54:51 UTC,2024-05-11 09:01:34 UTC,34.3004716667,-118.8345866667,,,false,Procyon lotor,Common Raccoon
221039839,f6ae13cf-c9f9-48ab-b6d0-5bfc68ccc69d,2024/06/06 5:15 AM,2024-06-06,2024-06-06 12:15:00 UTC,Pacific Time (US & Canada),Kassidy Wilkins,2024-06-07 05:35:51 UTC,2024-06-07 21:13:22 UTC,34.3398650027,-119.4158560983,,,false,Procyon lotor,Common Raccoon
221979873,99a149d9-2cbe-4802-8440-5cebbc10092f,2024-06-10 19:18:35-07:00,2024-06-10,2024-06-11 02:18:35 UTC,Pacific Time (US & Canada),Brandon Troth,2024-06-11 06:17:52 UTC,2025-07-04 18:03:51 UTC,34.3185083333,-118.7188333333,,,false,Procyon lotor,Common Raccoon
224893178,2301cae6-282f-4633-a066-cab2694c906a,2024-06-24 06:25:43,2024-06-24,2024-06-24 13:25:43 UTC,Pacific Time (US & Canada),Chris Mulligan,2024-06-24 15:07:03 UTC,2024-06-24 15:08:19 UTC,34.3202058997,-119.3785742,,,false,Procyon lotor,Common Raccoon
229842564,4381124c-12b3-478d-9a3f-313744e18a1a,2024-07-16 22:19:57-07:00,2024-07-16,2024-07-17 05:19:57 UTC,Pacific Time (US & Canada),Elk (she/he),2024-07-17 05:20:44 UTC,2024-07-17 11:19:24 UTC,34.2680124401,-118.6805171898,,,false,Procyon lotor,Common Raccoon
233425881,e7888956-393a-4a40-bba8-14071091204b,2024-07-09 10:36:17-07:00,2024-07-09,2024-07-09 17:36:17 UTC,Pacific Time (US & Canada),,2024-08-03 05:42:57 UTC,2025-01-23 06:24:41 UTC,34.4829416667,-119.1024471667,,,false,Bassariscus astutus,Ringtail
236109565,e8f4bba4-1fba-4c1f-8e65-5b1f868105a4,2024-07-24 11:15:06,2024-07-24,2024-07-24 18:15:06 UTC,Pacific Time (US & Canada),Zephyrus,2024-08-16 16:20:44 UTC,2024-08-16 16:44:36 UTC,34.2752517323,-118.9022277296,,,false,Procyon lotor,Common Raccoon
238712707,71be2cb5-442b-495b-af7f-fbb720305dfd,2024-08-29 19:22:57,2024-08-29,2024-08-30 02:22:57 UTC,Pacific Time (US & Canada),"",2024-08-30 03:28:18 UTC,2024-09-04 10:46:19 UTC,34.2894965709,-119.1668504477,,,false,Procyon lotor,Common Raccoon
239922915,64b81e07-0dda-4955-a72d-b29e1bd5b56b,2024-08-29 22:19:16,2024-08-29,2024-08-30 05:19:16 UTC,Pacific Time (US & Canada),,2024-09-05 06:30:44 UTC,2024-09-16 09:23:07 UTC,34.1327571075,-119.1986800613,,,true,Procyon lotor,Common Raccoon
241719675,0bdce618-e2ba-4974-ad81-f89a9b6e2d61,2024-09-14 07:01:30-07:00,2024-09-14,2024-09-14 14:01:30 UTC,Pacific Time (US & Canada),"",2024-09-14 20:16:32 UTC,2024-09-16 08:57:31 UTC,34.2739116667,-118.8001633333,,,false,Procyon lotor,Common Raccoon
242521292,193e95c8-c438-46d8-ba2d-371d913181aa,2024-09-17 10:57:29-07:00,2024-09-17,2024-09-17 17:57:29 UTC,Pacific Time (US & Canada),,2024-09-18 17:09:41 UTC,2024-09-19 05:35:52 UTC,34.213245,-118.8279033333,,,false,Procyon lotor,Common Raccoon
243174099,c8da4eab-5c48-442c-bf26-82d2bc0af42d,2024-09-21 10:37:03-07:00,2024-09-21,2024-09-21 17:37:03 UTC,Pacific Time (US & Canada),,2024-09-21 20:12:11 UTC,2024-09-21 21:50:14 UTC,34.3023533333,-118.8960033333,,,false,Procyon lotor,Common Raccoon
245683974,a9c0cbb1-ea7b-4cd8-bbcc-b44680a10a34,2024-09-30 11:38:34,2024-09-30,2024-09-30 18:38:34 UTC,Pacific Time (US & Canada),,2024-10-05 03:59:40 UTC,2025-04-23 18:34:27 UTC,34.2486729602,-119.2166863015,,,false,Procyon lotor,Common Raccoon
247682376,87fe47df-bdd2-4507-be7f-742c4dfd7043,2024-10-16 11:56:26,2024-10-16,2024-10-16 18:56:26 UTC,Pacific Time (US & Canada),GeHam,2024-10-16 21:53:26 UTC,2025-04-05 23:41:17 UTC,34.2784194444,-119.1598916667,,,false,Procyon lotor,Common Raccoon
248352954,59ee9e03-5541-446b-ad73-2363c5636054,2024-05-25 16:31:12-07:00,2024-05-25,2024-05-25 23:31:12 UTC,Pacific Time (US & Canada),Bela Macias,2024-10-20 21:58:41 UTC,2024-10-23 04:18:08 UTC,34.268213471,-118.6721976663,,,false,Procyon lotor,Common Raccoon
248501063,37875dd9-ed2d-44e6-9185-1f66a7d04624,2024-10-20 19:18:17-07:00,2024-10-20,2024-10-21 02:18:17 UTC,Pacific Time (US & Canada),,2024-10-21 20:04:56 UTC,2025-04-06 23:18:01 UTC,34.369125,-119.0588445,,,false,Procyon lotor,Common Raccoon
248635341,091372af-1154-4cde-b9d0-4fc77de3d5e4,2024-10-22 10:43:06,2024-10-22,2024-10-22 17:43:06 UTC,Pacific Time (US & Canada),Zephyrus,2024-10-22 18:43:14 UTC,2024-11-06 00:09:15 UTC,34.3015681646,-118.8364076614,,,false,Mammalia,Mammals
249440752,e5f7d7ca-b6ca-4a55-930b-3a4427ab4782,2024/10/27 6:40 PM,2024-10-27,2024-10-28 01:40:00 UTC,Pacific Time (US & Canada),,2024-10-28 02:51:31 UTC,2025-04-08 02:29:14 UTC,34.303188096,-118.6999422589,,,false,Procyon lotor,Common Raccoon
249954178,b40713d4-8b26-47de-b38e-4da8d1ca2523,2024-10-31 06:39:24,2024-10-31,2024-10-31 13:39:24 UTC,Pacific Time (US & Canada),,2024-11-01 01:32:08 UTC,2025-04-08 16:25:58 UTC,34.1873331044,-119.0814432084,,,true,Procyon lotor,Common Raccoon
251557575,e18a8b1d-b0bc-4d5d-b813-a562dec2cc1f,2024-11-13 06:37:23-08:00,2024-11-13,2024-11-13 14:37:23 UTC,Pacific Time (US & Canada),,2024-11-13 14:38:17 UTC,2024-11-13 16:06:07 UTC,34.2964216667,-119.1626971667,,,false,Procyon lotor,Common Raccoon
252089940,e4d26469-f843-4ae1-a327-12848ed4b589,2024-11-17 15:53:13-08:00,2024-11-17,2024-11-17 23:53:13 UTC,Pacific Time (US & Canada),Bela Macias,2024-11-17 23:53:54 UTC,2025-06-09 01:44:58 UTC,34.2768833333,-118.6784283333,,,false,Procyon lotor psora,California Raccoon
252294346,7bb7ce58-7a1f-4666-845b-929d2ea81b73,2024-11-17 11:42:43-08:00,2024-11-17,2024-11-17 19:42:43 UTC,Pacific Time (US & Canada),Jeff Young,2024-11-19 17:31:07 UTC,2025-04-12 09:17:06 UTC,34.2382916667,-119.2605366667,,,false,Procyon lotor,Common Raccoon
252785037,0c82ae14-4bdd-4221-83ca-9c122ee74617,2014/02/06 1:05 PM,2014-02-06,2014-02-06 21:05:00 UTC,Pacific Time (US & Canada),Jeff Stauffer,2024-11-23 22:50:35 UTC,2024-11-26 15:21:22 UTC,34.0624574372,-118.9650926946,,,false,Procyon lotor,Common Raccoon
252788947,40045522-8127-4fad-a0cf-6cb83d838acd,2012/10/17 11:02 PM,2012-10-17,2012-10-18 06:02:00 UTC,Pacific Time (US & Canada),Jeff Stauffer,2024-11-23 23:17:12 UTC,2024-11-26 15:21:15 UTC,34.060879857,-118.9655540345,,,false,Procyon lotor,Common Raccoon
252845267,44b90954-f266-4793-a2fb-cd2313888ffd,2024-11-24 00:15:51-08:00,2024-11-24,2024-11-24 08:15:51 UTC,Pacific Time (US & Canada),,2024-11-24 08:19:17 UTC,2025-06-09 01:44:51 UTC,34.2795111657,-118.6848858043,,,false,Procyon lotor,Common Raccoon
253331724,82970da2-aad1-47d9-94ba-f70a540f77b4,2024-10-12 08:23:00-07:00,2024-10-12,2024-10-12 15:23:00 UTC,Pacific Time (US & Canada),,2024-11-27 21:51:27 UTC,2025-08-29 12:01:08 UTC,34.302445,-118.8959366667,,,false,Procyon lotor,Common Raccoon
253981646,3abce5d0-de99-4ff7-b54c-e524f279919e,2024-12-02 19:25:43-08:00,2024-12-02,2024-12-03 03:25:43 UTC,Pacific Time (US & Canada),Daniela Bolanos,2024-12-03 08:31:06 UTC,2025-04-13 23:50:26 UTC,34.404225,-118.9159466667,,,false,Procyon lotor,Common Raccoon
254535763,90acbd7c-0936-4ce1-b444-70a72ad19704,2024-12-08 10:39:06-08:00,2024-12-08,2024-12-08 18:39:06 UTC,Pacific Time (US & Canada),Julia and Bryan @ XplorMor International Non-Profit,2024-12-08 18:40:51 UTC,2025-04-14 12:08:43 UTC,34.4002317341,-119.3092963774,,,false,Procyon lotor,Common Raccoon
255051242,ad6189b2-e78c-4f9f-b519-f39ec4029296,2024-05-28 16:15:00-07:00,2024-05-28,2024-05-28 23:15:00 UTC,Pacific Time (US & Canada),Kylie Rude,2024-12-14 06:44:28 UTC,2025-11-09 06:36:36 UTC,34.3654040647,-118.8184454754,,,true,Procyon lotor,Common Raccoon
256856805,ce86465f-261d-4649-8baf-7f3c46da250c,2018/11/03 12:50 PM,2018-11-03,2018-11-03 19:50:00 UTC,Pacific Time (US & Canada),Kim Cabrera,2024-12-31 06:53:23 UTC,2025-04-17 14:08:15 UTC,34.6880604306,-119.3589227544,,,false,Procyon lotor,Common Raccoon
257597434,b99c9af8-39ca-43e0-820b-ef60d45bef33,2025-01-06 07:13:45-08:00,2025-01-06,2025-01-06 15:13:45 UTC,Pacific Time (US & Canada),Ethan,2025-01-06 15:14:16 UTC,2025-04-11 09:02:33 UTC,34.2320345548,-119.0669276095,,,false,Procyon lotor,Common Raccoon
258299744,fe003b5d-6fbe-49d3-b5cc-0b7d3540f090,2025-01-12 12:52:48-08:00,2025-01-12,2025-01-12 20:52:48 UTC,Pacific Time (US & Canada),Andrea Adams-Morden,2025-01-12 20:56:00 UTC,2025-02-12 03:12:33 UTC,34.4727132556,-119.2532184975,,,false,Bassariscus astutus,Ringtail
258335803,350a16b7-5cda-4709-8ff5-0a4a736c1f6a,2018/11/03 3:03 PM,2018-11-03,2018-11-03 22:03:00 UTC,Pacific Time (US & Canada),Kim Cabrera,2025-01-13 03:25:38 UTC,2025-04-12 02:45:24 UTC,34.6885120885,-119.3591154343,,,false,Procyon lotor,Common Raccoon
259555044,f1ce4caf-e72a-40f5-a563-cbd19845435f,2025-01-25 10:24:12,2025-01-25,2025-01-25 18:24:12 UTC,Pacific Time (US & Canada),,2025-01-25 18:24:26 UTC,2025-03-23 08:15:43 UTC,34.31299841,-119.09758438,,,false,Procyon lotor,Common Raccoon
260104875,c04ba1ea-b51c-4d81-a61a-6b2089b3e3f3,2025/01/29 11:46 AM,2025-01-29,2025-01-29 19:46:00 UTC,Pacific Time (US & Canada),IsabellaT05,2025-01-31 00:08:13 UTC,2025-04-13 20:40:31 UTC,34.2991840443,-118.8344119366,,,false,Procyon lotor,Common Raccoon
260113398,1e9ffaab-d750-4b38-b611-bd39d2d468bd,2025-01-28 18:26:51-08:00,2025-01-28,2025-01-29 02:26:51 UTC,Pacific Time (US & Canada),Shredder,2025-01-31 02:09:48 UTC,2025-04-13 20:56:25 UTC,34.3018333333,-118.83567,,,false,Procyon lotor,Common Raccoon
260292796,f8e12cc9-261f-4485-86c5-8a046fec8452,2025-01-29 11:46:12-08:00,2025-01-29,2025-01-29 19:46:12 UTC,Pacific Time (US & Canada),,2025-02-01 19:44:21 UTC,2025-02-01 19:47:58 UTC,34.299605,-118.8348616667,,,false,Procyonidae,"Raccoons, Coatis, and Allies"
261192717,73d67aba-b332-4baf-9d12-b00139b12c3d,2025/02/08 3:51 PM,2025-02-08,2025-02-08 23:51:00 UTC,Pacific Time (US & Canada),,2025-02-10 00:38:25 UTC,2025-02-10 06:23:43 UTC,34.4441963889,-119.2733713889,,,false,Procyon lotor,Common Raccoon
261192722,2540a08c-7cdb-488d-8f89-a992b33fce96,2025/02/08 3:53 PM,2025-02-08,2025-02-08 23:53:00 UTC,Pacific Time (US & Canada),,2025-02-10 00:38:26 UTC,2025-02-12 03:06:45 UTC,34.4441413889,-119.2734,,,false,Procyon lotor,Common Raccoon
261575337,e8c550e2-5959-4326-998a-2906beda9f6c,2025-02-13 14:15:48-08:00,2025-02-13,2025-02-13 22:15:48 UTC,Pacific Time (US & Canada),,2025-02-13 22:36:05 UTC,2026-01-13 14:51:33 UTC,34.175724712,-118.9148795295,,,false,Procyon lotor,Common Raccoon
262210482,800dce9c-1c92-4523-a6fb-60ee66ffa905,2025-01-03 22:36:13,2025-01-03,2025-01-04 06:36:13 UTC,Pacific Time (US & Canada),Brynne Stevens,2025-02-19 01:57:02 UTC,2025-02-19 14:15:43 UTC,34.2741529344,-119.2337353528,,,false,Procyon lotor,Common Raccoon
262345952,5006dd2b-dc6b-49b4-9f2b-e27bf1858ca8,2025-02-16 17:00:00,2025-02-16,2025-02-17 01:00:00 UTC,Pacific Time (US & Canada),,2025-02-20 03:46:36 UTC,2025-04-16 11:28:58 UTC,34.1861083616,-119.1890458245,,,true,Procyon lotor,Common Raccoon
262631679,3f38aeae-df22-461f-ae6a-4dd69df7be6e,2025-02-21 15:05:06-08:00,2025-02-21,2025-02-21 23:05:06 UTC,Pacific Time (US & Canada),,2025-02-21 23:09:58 UTC,2025-02-22 04:29:39 UTC,34.1609448279,-119.0444316682,,,false,Procyon lotor,Common Raccoon
262722734,17cca38a-2b71-4e48-9cc7-1806c8d29ae9,2024/12/14 5:14 AM,2024-12-14,2024-12-14 13:14:00 UTC,Pacific Time (US & Canada),Jonathan Campos,2025-02-22 19:11:48 UTC,2025-04-16 22:01:35 UTC,34.3510855,-119.3040074,,,false,Procyon lotor,Common Raccoon
262727510,40f4daba-bba8-403e-9a45-66bfb25f0e3e,2024/12/14 5:14 AM,2024-12-14,2024-12-14 13:14:00 UTC,Pacific Time (US & Canada),Jonathan Campos,2025-02-22 19:52:38 UTC,2025-04-16 22:09:20 UTC,34.3510855,-119.3040074,,,false,Procyon lotor,Common Raccoon
262727548,2fd5425f-9567-44c6-b797-68a7b1ed1f80,2024/12/08 1:17 AM,2024-12-08,2024-12-08 09:17:00 UTC,Pacific Time (US & Canada),Jonathan Campos,2025-02-22 19:52:47 UTC,2025-04-16 22:09:22 UTC,34.3510855,-119.3040074,,,false,Procyon lotor,Common Raccoon
262773608,384a1c15-c15a-434c-a100-d449cd0bcf0d,2025-02-22 19:51:34,2025-02-22,2025-02-23 03:51:34 UTC,Pacific Time (US & Canada),Kelly Stevens,2025-02-23 04:04:00 UTC,2025-07-13 23:00:39 UTC,34.2740569986,-119.3382828857,,,true,Procyon lotor,Common Raccoon
263138333,f51aceca-662c-49b3-9b5d-121d961e1dbd,2025-01-17 18:31:39-08:00,2025-01-17,2025-01-18 02:31:39 UTC,Pacific Time (US & Canada),,2025-02-26 08:43:48 UTC,2025-07-12 18:56:01 UTC,34.2522048437,-118.6618844942,,,false,Procyon lotor,Common Raccoon
263195753,5b9a57e1-a309-40d0-b185-a044e6403af6,2025-02-25 19:27:55-08:00,2025-02-25,2025-02-26 03:27:55 UTC,Pacific Time (US & Canada),Katrina Nguyen,2025-02-26 20:58:02 UTC,2025-04-17 10:03:51 UTC,34.236305,-118.7887116667,,,false,Procyon lotor,Common Raccoon
263914904,0f4f8a36-13e2-4bce-b64d-75ec3645ecb4,2024-11-29 08:53:31-08:00,2024-11-29,2024-11-29 16:53:31 UTC,Pacific Time (US & Canada),Kat B,2025-03-04 22:18:48 UTC,2025-03-04 23:56:41 UTC,34.2380386178,-119.2624912339,,,false,Procyon lotor,Common Raccoon
264862980,3d9ae052-73a6-44bc-9397-18b6f8fb92ac,2025-01-24 11:21:19-07:00,2025-01-24,2025-01-24 18:21:19 UTC,Pacific Time (US & Canada),Kat B,2025-03-10 22:51:53 UTC,2025-03-10 22:51:59 UTC,34.238057252,-119.2633522148,,,false,Procyon lotor,Common Raccoon
265129174,3dcba2c3-4ba0-421c-93c8-142da258d166,2025-03-12 21:01:19,2025-03-12,2025-03-13 04:01:19 UTC,Pacific Time (US & Canada),Brandon Michl,2025-03-13 04:02:55 UTC,2026-03-13 18:18:56 UTC,34.22497,-119.0557966667,,,false,Procyon,Raccoons
265461426,8f4a4ad1-6742-4680-8a17-90fb61c0320e,2024-01-01 15:40:41-08:00,2024-01-01,2024-01-01 23:40:41 UTC,Pacific Time (US & Canada),,2025-03-15 21:38:27 UTC,2025-09-14 23:06:47 UTC,34.2780383333,-119.0810305,,,false,Procyon lotor,Common Raccoon
271859795,8052fb0e-903d-46bc-92e9-38d62b3613a9,2023-04-27 17:04:16-07:00,2023-04-27,2023-04-28 00:04:16 UTC,Pacific Time (US & Canada),Maria,2025-04-21 01:10:13 UTC,2025-04-21 19:23:01 UTC,34.4394388,-119.25449775,,,false,Procyon lotor,Common Raccoon
273603717,1ba64643-0c20-491d-8507-ff1ca385c42c,2025-04-21 18:41:59-07:00,2025-04-21,2025-04-22 01:41:59 UTC,Pacific Time (US & Canada),Riley Johnson,2025-04-26 05:07:37 UTC,2025-04-26 05:07:59 UTC,34.69667,-119.3214633333,,,false,Procyon lotor,Common Raccoon
274284805,1bb85bd6-f01c-4e3f-a499-ecb5bd15cbbe,2025-04-25 21:17:56-07:00,2025-04-25,2025-04-26 04:17:56 UTC,Pacific Time (US & Canada),ashley rasplicka,2025-04-27 00:58:36 UTC,2025-04-27 02:48:25 UTC,34.1610111667,-119.0446778333,,,false,Procyon lotor,Common Raccoon
279624214,5dd8933e-6d99-4d94-892d-6157b1fe3bdf,2025-05-08 21:04:26-07:00,2025-05-08,2025-05-09 04:04:26 UTC,Pacific Time (US & Canada),Yusra Allam Elhussini,2025-05-09 04:04:36 UTC,2025-06-09 01:26:19 UTC,34.2957387622,-118.7201867534,,,false,Procyon lotor,Common Raccoon
280453872,777a511e-8c52-46c6-ae52-5a24bd94a404,2025-05-11 21:42:48,2025-05-11,2025-05-12 04:42:48 UTC,Pacific Time (US & Canada),Kaida Fong,2025-05-12 04:52:54 UTC,2025-05-13 15:38:55 UTC,34.2635687199,-118.7680294365,,,false,Procyon lotor,Common Raccoon
287717858,32e1d971-71c8-4439-959d-e14b4bb8e2f8,2025-06-07 15:23:00-07:00,2025-06-07,2025-06-07 22:23:00 UTC,Pacific Time (US & Canada),,2025-06-07 22:34:59 UTC,2026-02-27 18:45:41 UTC,34.2657215294,-118.8813483107,,,false,Procyon lotor,Common Raccoon
288923061,2c9e8003-6409-4035-a0e9-3e35f360be52,2025-06-11 21:25:14,2025-06-11,2025-06-12 04:25:14 UTC,Pacific Time (US & Canada),GeHam,2025-06-12 04:31:36 UTC,2025-07-11 05:31:01 UTC,34.2757527778,-119.1562861111,,,false,Procyon lotor,Common Raccoon
291999696,69135be8-3928-451a-b5b3-24bd47c9538c,2025-06-22 11:01:16,2025-06-22,2025-06-22 18:01:16 UTC,Pacific Time (US & Canada),Andrea Adams-Morden,2025-06-23 04:12:40 UTC,2026-02-28 22:04:40 UTC,34.125296781,-119.1634422818,,,false,Procyon lotor,Common Raccoon
296387818,4d96214b-e804-4c65-ad85-1a83235e52a8,2025/06/29,2025-06-29,,Pacific Time (US & Canada),Venkat Sankar,2025-07-09 00:25:17 UTC,2025-12-21 01:18:47 UTC,34.576861,-119.257222,,,false,Bassariscus astutus,Ringtail
301608684,33fc95b1-5895-479d-97df-7ecb55275aaf,2025-07-26 21:44:27-07:00,2025-07-26,2025-07-27 04:44:27 UTC,Pacific Time (US & Canada),,2025-07-27 18:57:12 UTC,2025-08-17 19:58:09 UTC,34.2329189393,-118.8252992895,,,true,Procyon lotor,Common Raccoon
303213840,2d668dd2-2ad5-4400-aee9-e91db66753a6,2025/07/31 11:04 PM,2025-07-31,2025-08-01 06:04:00 UTC,Pacific Time (US & Canada),Kylie Rude,2025-08-02 19:35:12 UTC,2025-11-09 06:38:43 UTC,34.4668468902,-119.2909328364,,,true,Procyon lotor,Common Raccoon
304148108,be1667de-50e3-4a18-8c2d-063f2e07fbd2,2025-08-05 11:49:32-07:00,2025-08-05,2025-08-05 18:49:32 UTC,Pacific Time (US & Canada),Brandon Troth,2025-08-06 03:52:27 UTC,2025-08-08 10:25:06 UTC,34.2627866667,-118.7285783333,,,false,Procyon lotor,Common Raccoon
306664887,4cc43509-162f-4ecc-acef-c806140a6c58,2025-08-15 21:40:54-07:00,2025-08-15,2025-08-16 04:40:54 UTC,Pacific Time (US & Canada),Staci S.,2025-08-16 06:26:46 UTC,2025-08-17 00:03:14 UTC,34.3005033333,-118.83458,,,false,Procyon lotor,Common Raccoon
306664901,cb6ebef9-2283-4f15-9b2d-3e4fd32787fd,2025-08-15 21:40:46-07:00,2025-08-15,2025-08-16 04:40:46 UTC,Pacific Time (US & Canada),Staci S.,2025-08-16 06:26:53 UTC,2025-08-16 06:40:23 UTC,34.300495,-118.83458,,,false,Procyon lotor,Common Raccoon
307318988,277da288-2a49-43f7-9cb5-2bd345b86f0f,2025-03-04T07:20,2025-03-04,2025-03-04 15:20:00 UTC,Pacific Time (US & Canada),,2025-08-18 17:27:54 UTC,2025-08-18 17:28:55 UTC,34.2327448835,-119.0688924693,,,false,Procyon lotor,Common Raccoon
312827501,f1a50306-a41d-4b53-81c4-3e5c8b5835cb,2025/09/09 3:58 PM,2025-09-09,2025-09-09 22:58:00 UTC,Pacific Time (US & Canada),Kolin Campbell,2025-09-10 02:57:28 UTC,2025-09-15 02:30:16 UTC,34.112778,-119.111188,,,false,Procyon lotor,Common Raccoon
314492872,18138499-79ae-46b6-b2bb-d4d5733f9b7e,2025-09-16 19:45:27,2025-09-16,2025-09-17 02:45:27 UTC,Pacific Time (US & Canada),Allen Wight,2025-09-17 02:46:01 UTC,2025-09-17 02:48:46 UTC,34.298816635,-118.8355551525,,,false,Procyon lotor,Common Raccoon
316901129,2bbd3d71-e4a9-4742-bfe7-d47f6b71de37,2025-09-26 22:22:29,2025-09-26,2025-09-27 05:22:29 UTC,Pacific Time (US & Canada),,2025-09-27 05:23:41 UTC,2025-10-03 16:37:25 UTC,34.2893616667,-119.30255,,,false,Procyon lotor,Common Raccoon
317417021,85a99a2b-aa78-46fb-a42b-993c88edf9d7,2025-09-28 17:22:43-07:00,2025-09-28,2025-09-29 00:22:43 UTC,Pacific Time (US & Canada),,2025-09-29 00:23:29 UTC,2025-09-30 14:13:21 UTC,34.2629866667,-118.6772783333,,,false,Procyon lotor,Common Raccoon
317700899,1a2d1525-e775-465d-9946-8113b25d4495,2025-09-29 21:52:33,2025-09-29,2025-09-30 04:52:33 UTC,Pacific Time (US & Canada),,2025-09-30 04:58:42 UTC,2025-09-30 05:00:34 UTC,34.0469410047,-119.1128381189,,,true,Procyon lotor,Common Raccoon
317702479,490b2fd6-6d0e-4ecd-985e-fea4b2e600b5,2025/09/09 9:59 PM,2025-09-09,2025-09-10 04:59:00 UTC,Pacific Time (US & Canada),Kylie Rude,2025-09-30 05:11:22 UTC,2025-11-09 06:40:07 UTC,34.5637658955,-119.0425979045,,,true,Procyon lotor,Common Raccoon
317703528,64de3b9d-b28c-41c1-892b-a1af32d989a0,2025/09/16 2:27 AM,2025-09-16,2025-09-16 09:27:00 UTC,Pacific Time (US & Canada),Kylie Rude,2025-09-30 05:22:23 UTC,2025-11-09 06:40:11 UTC,34.4377811581,-119.1582184426,,,true,Procyon lotor,Common Raccoon
317704019,5075a115-3f42-4bec-95a3-0a6e6dc4c243,2025/09/17 5:58 AM,2025-09-17,2025-09-17 12:58:00 UTC,Pacific Time (US & Canada),Kylie Rude,2025-09-30 05:26:03 UTC,2025-11-09 06:40:13 UTC,34.5336980766,-119.1542471379,,,true,Procyon lotor,Common Raccoon
317704176,269ad7a2-ba03-49ca-8d8f-98f29061f35e,2025/09/21 11:06 PM,2025-09-21,2025-09-22 06:06:00 UTC,Pacific Time (US & Canada),Kylie Rude,2025-09-30 05:27:11 UTC,2025-11-09 06:40:15 UTC,34.5137492894,-119.0568617956,,,true,Procyon lotor,Common Raccoon
318224777,71ef90d3-c5f4-4a1f-b873-6f6492da40bc,2025-10-02 08:20:54,2025-10-02,2025-10-02 15:20:54 UTC,Pacific Time (US & Canada),,2025-10-02 16:33:36 UTC,2025-10-02 20:49:33 UTC,34.2767133333,-118.750825,,,false,Procyon lotor,Common Raccoon
321311796,229447ac-b4e7-4b74-a0e5-dd42d1d1e49c,2022-07-23 12:22:40-07:00,2022-07-23,2022-07-23 19:22:40 UTC,Pacific Time (US & Canada),s. w.,2025-10-16 22:21:44 UTC,2025-12-11 06:36:53 UTC,34.1822966667,-118.76992,,,false,Procyon lotor,Common Raccoon
321311914,3dc872a7-31b7-434d-a35e-2828eaf79ab6,2022-07-23 12:22:50-07:00,2022-07-23,2022-07-23 19:22:50 UTC,Pacific Time (US & Canada),s. w.,2025-10-16 22:22:39 UTC,2025-12-11 06:37:00 UTC,34.1822866667,-118.7699283333,,,false,Procyon lotor,Common Raccoon
321312038,6dec1d30-e8dd-4ff8-9411-647d6bf3d581,2022-07-23 12:23:15-07:00,2022-07-23,2022-07-23 19:23:15 UTC,Pacific Time (US & Canada),s. w.,2025-10-16 22:23:26 UTC,2025-12-11 06:37:05 UTC,34.1822883333,-118.7699133333,,,false,Procyon lotor,Common Raccoon
321313063,1099b335-1320-45b7-bb97-7180edf87b18,2022-07-23 12:27:46-07:00,2022-07-23,2022-07-23 19:27:46 UTC,Pacific Time (US & Canada),s. w.,2025-10-16 22:29:16 UTC,2025-12-11 06:37:16 UTC,34.1821366667,-118.7698583333,,,false,Procyon lotor,Common Raccoon
321313650,67b9c5d1-4d82-43c0-a22a-50b6fcef96a1,2022-07-23 12:28:26-07:00,2022-07-23,2022-07-23 19:28:26 UTC,Pacific Time (US & Canada),s. w.,2025-10-16 22:33:11 UTC,2025-12-11 06:36:32 UTC,34.1821166667,-118.76992,,,false,Procyon lotor,Common Raccoon
321315504,3c560f14-5231-472e-9d20-41322957cf51,2025-10-16 14:16:27-07:00,2025-10-16,2025-10-16 21:16:27 UTC,Pacific Time (US & Canada),,2025-10-16 22:45:52 UTC,2025-10-16 22:49:26 UTC,34.4358783333,-119.0855721667,,,false,Procyon lotor,Common Raccoon
322358536,42f820b3-32d6-43b4-9a7c-523b78e0d15c,2025-10-21 21:50:30-07:00,2025-10-21,2025-10-22 04:50:30 UTC,Pacific Time (US & Canada),,2025-10-22 05:27:37 UTC,2025-10-22 17:08:59 UTC,34.1614888333,-119.04135,,,false,Procyon lotor,Common Raccoon
322513821,f4093ba4-c00e-4093-b0e2-1f910722c99e,2025-10-22 10:38:47-07:00,2025-10-22,2025-10-22 17:38:47 UTC,Pacific Time (US & Canada),,2025-10-23 02:25:52 UTC,2025-10-27 02:00:29 UTC,34.3023383333,-118.6928416667,,,false,Procyon lotor,Common Raccoon
322520446,893b239e-93cf-4b86-87b6-62e615b4ee15,2025-10-22T20:16,2025-10-22,2025-10-23 03:16:00 UTC,Pacific Time (US & Canada),Zack McGowan,2025-10-23 03:21:48 UTC,2025-10-23 03:22:41 UTC,34.1601533168,-119.0436210291,,,false,Procyon lotor,Common Raccoon
322526694,ea58f0c3-be5d-40af-a185-0e35f5fbafec,2025-10-22 21:18:02,2025-10-22,2025-10-23 04:18:02 UTC,Pacific Time (US & Canada),"Fur, Fangs, Fins and Feathers",2025-10-23 04:21:48 UTC,2025-11-17 19:50:24 UTC,34.1003254159,-119.1009447215,,,true,Procyon lotor,Common Raccoon
322690079,2cc87078-ec03-4993-b793-96704f7a3410,2025-10-23 15:16:42,2025-10-23,2025-10-23 22:16:42 UTC,Pacific Time (US & Canada),Biodiversity Diaries,2025-10-24 03:18:25 UTC,2026-03-20 02:15:57 UTC,34.1609981,-119.0486412997,,,false,Bassariscus astutus,Ringtail
323752732,bf010850-1245-42da-9d74-aca6f73bd630,2025-10-28 09:38:20,2025-10-28,2025-10-28 16:38:20 UTC,Pacific Time (US & Canada),Zack Abbey,2025-10-29 01:41:02 UTC,2025-10-29 07:29:11 UTC,34.1894194444,-119.0215722222,,,false,Procyon lotor,Common Raccoon
324200159,34c50c59-83d1-48e7-9dea-e55fc78657bb,2025-10-30 23:45:00-07:00,2025-10-30,2025-10-31 06:45:00 UTC,Pacific Time (US & Canada),s. w.,2025-10-31 18:58:43 UTC,2025-11-05 03:29:58 UTC,34.1953451,-118.9583762,,,false,Procyon lotor,Common Raccoon
324944956,d6fdb2b4-1928-4df3-8544-015a74f73f19,2025/11/04 1:18 PM,2025-11-04,2025-11-04 21:18:00 UTC,Pacific Time (US & Canada),,2025-11-04 22:57:54 UTC,2026-03-20 18:08:29 UTC,34.1589361111,-118.9833833333,,,false,Canidae,Canids
325467377,5a41eac1-9d6e-4d41-be9d-bd4f030f4a81,2025-11-08 00:32:07,2025-11-08,2025-11-08 08:32:07 UTC,Pacific Time (US & Canada),,2025-11-08 10:37:35 UTC,2025-12-17 23:49:33 UTC,34.2783556638,-119.2823331289,,,false,Procyon lotor,Common Raccoon
328561155,1fdf6d05-d6e6-46af-a7c7-7b761bcee0a4,2025-11-27 15:17:36-08:00,2025-11-27,2025-11-27 23:17:36 UTC,Pacific Time (US & Canada),,2025-11-28 01:14:58 UTC,2026-01-19 03:26:38 UTC,34.2816883333,-119.1983866667,,,false,Rodentia,Rodents
328561200,d829eae2-8286-4c98-a6e9-4fdb35324476,2025-11-27 15:17:44-08:00,2025-11-27,2025-11-27 23:17:44 UTC,Pacific Time (US & Canada),,2025-11-28 01:15:16 UTC,2026-02-27 17:49:36 UTC,34.2817,-119.1984116667,,,false,Canidae,Canids
328563721,388dfdc9-ed3f-4fae-a577-0184053030b9,2025-11-27 15:39:11-08:00,2025-11-27,2025-11-27 23:39:11 UTC,Pacific Time (US & Canada),,2025-11-28 01:41:57 UTC,2025-12-02 22:28:40 UTC,34.2821166667,-119.1983033333,,,false,Procyon lotor,Common Raccoon
329083232,71e492f9-1c42-4daf-996c-4c870400dc8d,2025-11-20 17:49:50,2025-11-20,2025-11-21 01:49:50 UTC,Pacific Time (US & Canada),,2025-12-01 16:46:32 UTC,2025-12-01 16:47:37 UTC,34.3011198128,-118.8346526217,,,false,Procyon lotor,Common Raccoon
331376351,65b11968-7659-4e78-8b81-b6913f9c4eaa,2025-12-19 14:25:08-08:00,2025-12-19,2025-12-19 22:25:08 UTC,Pacific Time (US & Canada),Alexander Vargas,2025-12-20 03:10:26 UTC,2025-12-27 01:32:21 UTC,34.2990583333,-119.1129388333,,,false,Procyon lotor,Common Raccoon
332361412,ea51a160-51ae-491e-a40a-71e17da1f9f7,2025-12-27 11:01:16,2025-12-27,2025-12-27 19:01:16 UTC,Pacific Time (US & Canada),Erin Lacour,2025-12-28 00:25:59 UTC,2025-12-28 00:26:00 UTC,34.2313216667,-119.0049138833,,,false,Lynx rufus,Bobcat
334298662,bacc3b76-6046-4096-9ac0-c08deecf86a2,2026-01-10 15:47:31-08:00,2026-01-10,2026-01-10 23:47:31 UTC,Pacific Time (US & Canada),,2026-01-11 02:46:19 UTC,2026-01-13 17:05:23 UTC,34.266075,-118.648545,,,false,Procyon lotor,Common Raccoon
334298731,6dc80caf-41ca-48e2-aa07-9569e0c872ee,2026-01-10 15:47:29-08:00,2026-01-10,2026-01-10 23:47:29 UTC,Pacific Time (US & Canada),,2026-01-11 02:47:03 UTC,2026-01-13 22:59:57 UTC,34.2674,-118.6531133333,,,false,Procyon lotor,Common Raccoon
334437995,bea2bfb7-7fc1-4daa-a57a-7d66bef0e4d7,2026-01-11 16:44:42,2026-01-11,2026-01-12 00:44:42 UTC,Pacific Time (US & Canada),,2026-01-12 01:44:37 UTC,2026-02-27 17:42:55 UTC,34.305575,-118.6929866667,,,false,Procyon,Raccoons
336162292,83017fda-efb4-49c6-8c10-2a88978b8b26,2025-10-15 19:48:18,2025-10-15,2025-10-16 02:48:18 UTC,Pacific Time (US & Canada),,2026-01-25 23:32:49 UTC,2026-01-25 23:42:31 UTC,34.161525,-119.0412611667,,,false,Procyon lotor,Common Raccoon
337241608,62100cbf-98a2-4a5a-bc83-8b6ac8a59d66,2026-01-30 11:48:30,2026-01-30,2026-01-30 19:48:30 UTC,Pacific Time (US & Canada),,2026-02-03 19:57:57 UTC,2026-02-04 04:16:41 UTC,34.4288017222,-119.2588101944,,,false,Procyon lotor,Common Raccoon
337370576,c23d6364-5ac0-4ce1-aadf-956ebd6de83d,2026-02-04 12:51:12-08:00,2026-02-04,2026-02-04 20:51:12 UTC,Pacific Time (US & Canada),Susan Fawcett,2026-02-04 22:50:55 UTC,2026-02-05 02:26:31 UTC,34.7502544981,-119.1423070388,,,false,Procyon lotor,Common Raccoon
339119601,411f6ef9-47a6-46e0-ac5c-59d5ebf3a242,2025/09/21 11:06 PM,2025-09-21,2025-09-22 06:06:00 UTC,Pacific Time (US & Canada),Kylie Rude,2026-02-18 04:11:10 UTC,2026-02-18 04:11:24 UTC,34.4185034462,-119.1171893167,,,true,Procyon lotor,Common Raccoon
339119680,4a684f78-ae67-44a9-ba46-4fba14f92452,2025/09/17 5:58 AM,2025-09-17,2025-09-17 12:58:00 UTC,Pacific Time (US & Canada),Kylie Rude,2026-02-18 04:12:23 UTC,2026-02-18 04:52:12 UTC,34.5224073173,-119.1543888099,,,true,Procyon lotor,Common Raccoon
339119786,ec2eee77-2f8e-43b1-90ba-14d1cb60e2ec,2025/09/16 2:27 AM,2025-09-16,2025-09-16 09:27:00 UTC,Pacific Time (US & Canada),Kylie Rude,2026-02-18 04:13:33 UTC,2026-02-18 04:52:12 UTC,34.5739388176,-119.0815259749,,,true,Procyon lotor,Common Raccoon
339120681,737080ce-0c0f-4dcb-9f68-2eaa2f546635,2025/09/09 9:59 PM,2025-09-09,2025-09-10 04:59:00 UTC,Pacific Time (US & Canada),Kylie Rude,2026-02-18 04:22:10 UTC,2026-02-21 07:03:37 UTC,34.5092679883,-119.0653122364,,,true,Procyon lotor,Common Raccoon
339358898,b4533f24-c7a7-4313-adb5-c87cb8e28c76,2026/02/18 3:48 PM,2026-02-18,2026-02-18 23:48:00 UTC,Pacific Time (US & Canada),,2026-02-19 23:50:04 UTC,2026-02-19 23:52:18 UTC,34.1628272787,-119.043406478,,,false,Procyon lotor,Common Raccoon
339787669,f6dc8019-3c00-4eb7-8d58-87e9187cd53b,2026-02-22 13:01:26-08:00,2026-02-22,2026-02-22 21:01:26 UTC,Pacific Time (US & Canada),Laura P.,2026-02-22 21:04:54 UTC,2026-02-27 17:36:56 UTC,34.2992466667,-119.198395,,,false,Procyon lotor,Common Raccoon
340113917,dc969664-9b41-4ab4-922c-4727ed50f066,2026-02-24 19:14:59,2026-02-24,2026-02-25 03:14:59 UTC,Pacific Time (US & Canada),,2026-02-25 03:32:05 UTC,2026-03-02 13:07:55 UTC,34.2539518322,-118.7573642615,,,false,Procyon lotor,Common Raccoon
340388021,cfda3fcb-4197-4a01-9c31-1f4c5668a633,2026-02-26T16:30,2026-02-26,2026-02-27 00:30:00 UTC,Pacific Time (US & Canada),Hope Hespenheide,2026-02-27 02:32:11 UTC,2026-03-02 13:06:00 UTC,34.2793541414,-119.2075826841,,,false,Procyon lotor,Common Raccoon
341606511,5257c3dd-c515-4f95-94ed-54c07cfa3dd1,2026-03-06 17:16:26,2026-03-06,2026-03-07 01:16:26 UTC,Pacific Time (US & Canada),,2026-03-07 01:19:16 UTC,2026-03-07 08:50:40 UTC,34.1602555,-119.0433971667,,,false,Procyon lotor,Common Raccoon
341606555,cd69ebc2-9bd8-432e-a99b-f2f8d8516f58,2026-03-06 17:16:44,2026-03-06,2026-03-07 01:16:44 UTC,Pacific Time (US & Canada),,2026-03-07 01:19:42 UTC,2026-03-07 08:50:39 UTC,34.1602361667,-119.0435195,,,false,Procyon lotor,Common Raccoon
342129794,b2fe0c62-c49f-46e8-9a23-8ba751769a6e,2025-11-03 18:06:51,2025-11-03,2025-11-04 02:06:51 UTC,Pacific Time (US & Canada),Rainer Griffin,2026-03-09 20:19:04 UTC,2026-03-10 01:02:07 UTC,34.3014548855,-118.8337831199,,,false,Procyon lotor,Common Raccoon
344624792,e7a89023-99d0-4f34-b3f0-dc8eaf7c9b25,2026-03-22 22:51:29,2026-03-22,2026-03-23 05:51:29 UTC,Pacific Time (US & Canada),Nima Zarrinnegar,2026-03-23 05:51:40 UTC,2026-03-23 14:39:53 UTC,34.1816785743,-118.8848681369,,,false,Procyon lotor,Common Raccoon
