station_id,start_date,departures,arrivals,latitude,longitude,total_docks,net_change
3315,2025-06-03,0.0,2.0,39.94235,-75.21138,13.0,2.0
3169,2024-05-01,29.0,23.0,39.95382,-75.14263,17.0,-6.0
3314,2023-11-23,3.0,3.0,39.93682,-75.14492,17.0,0.0
3066,2025-11-27,7.0,11.0,39.94561,-75.17348,29.0,4.0
3304,2024-02-13,6.0,14.0,39.94234,-75.15399,21.0,8.0
3161,2023-03-27,17.0,27.0,39.95486,-75.18091,23.0,10.0
3235,2024-06-11,22.0,28.0,39.96,-75.1651,15.0,6.0
3271,2023-09-12,2.0,2.0,39.9476,-75.22946,18.0,0.0
3007,2024-04-03,16.0,15.0,39.94517,-75.15993,20.0,-1.0
3014,2025-12-20,4.0,3.0,39.95886,-75.17369,25.0,-1.0
3272,2023-11-02,1.0,1.0,39.96405,-75.22048,13.0,0.0
3051,2024-05-05,13.0,11.0,39.96744,-75.17507,37.0,-2.0
3394,2026-03-05,10.0,7.0,39.924,-75.16959,14.0,-3.0
3347,2023-10-18,13.0,9.0,,,,-4.0
3373,2025-03-18,14.0,10.0,39.95817,-75.15668,15.0,-4.0
3308,2023-10-22,10.0,9.0,,,,-1.0
3226,2024-07-31,3.0,5.0,39.98101,-75.13721,18.0,2.0
3305,2024-09-09,2.0,2.0,39.99569,-75.1671,11.0,0.0
3255,2023-09-13,20.0,22.0,39.95095,-75.16438,15.0,2.0
3117,2023-02-28,1.0,0.0,39.97841,-75.22399,14.0,-1.0
3253,2025-03-08,7.0,1.0,39.93074,-75.18924,21.0,-6.0
3351,2025-09-22,1.0,2.0,39.99655,-75.14991,18.0,1.0
3264,2023-11-23,11.0,9.0,39.94571,-75.15508,23.0,-2.0
3319,2025-12-20,5.0,4.0,39.96672,-75.12964,16.0,-1.0
3346,2025-12-11,20.0,20.0,39.94883,-75.15097,17.0,0.0
3343,2023-12-30,8.0,6.0,,,,-2.0
3125,2025-10-31,32.0,33.0,39.94391,-75.16735,16.0,1.0
3063,2023-06-08,37.0,30.0,39.94633,-75.1698,25.0,-7.0
3203,2023-07-28,31.0,26.0,39.94077,-75.17227,20.0,-5.0
3025,2024-12-27,15.0,15.0,39.93724,-75.1612,15.0,0.0
3101,2023-09-21,39.0,40.0,39.94295,-75.15955,18.0,1.0
3026,2025-10-04,50.0,42.0,39.94182,-75.1455,17.0,-8.0
3014,2024-05-11,8.0,6.0,39.95886,-75.17369,25.0,-2.0
3399,2025-04-02,6.0,3.0,39.97502,-75.14006,15.0,-3.0
3279,2023-12-26,3.0,5.0,39.9265,-75.1668,18.0,2.0
3182,2023-03-04,13.0,16.0,,,,3.0
3390,2025-08-07,7.0,4.0,39.96,-75.2244,18.0,-3.0
3161,2025-06-04,51.0,50.0,39.95486,-75.18091,23.0,-1.0
3159,2023-07-27,25.0,22.0,39.95121,-75.19962,23.0,-3.0
3256,2025-09-05,36.0,48.0,39.95269,-75.17779,23.0,12.0
3099,2024-02-02,7.0,5.0,39.93401,-75.15094,19.0,-2.0
3052,2023-07-26,49.0,54.0,39.94732,-75.15695,25.0,5.0
3279,2025-09-21,14.0,19.0,39.9265,-75.1668,18.0,5.0
3334,2024-07-23,25.0,22.0,39.9302,-75.15636,19.0,-3.0
3318,2024-03-24,17.0,13.0,39.95182,-75.16395,20.0,-4.0
3052,2025-06-19,34.0,33.0,39.94732,-75.15695,25.0,-1.0
3069,2025-05-16,17.0,24.0,39.93704,-75.15038,23.0,7.0
3099,2025-01-04,6.0,6.0,39.93401,-75.15094,19.0,0.0
3157,2025-08-13,20.0,18.0,39.92545,-75.15954,18.0,-2.0
3277,2025-03-24,1.0,2.0,39.98306,-75.16738,20.0,1.0
3008,2024-04-30,18.0,16.0,39.98081,-75.15067,17.0,-2.0
3354,2024-08-04,0.0,2.0,39.95628,-75.2387,18.0,2.0
3353,2024-07-17,4.0,3.0,40.00496,-75.15233,22.0,-1.0
3055,2023-03-03,13.0,10.0,39.95112,-75.15457,15.0,-3.0
3409,2025-08-13,3.0,3.0,39.95508,-75.15128,20.0,0.0
3060,2025-01-26,8.0,4.0,39.95923,-75.17036,19.0,-4.0
3005,2026-03-26,19.0,20.0,39.94733,-75.14403,13.0,1.0
3350,2023-10-15,1.0,2.0,39.99415,-75.15527,20.0,1.0
3236,2025-08-23,14.0,13.0,39.96566,-75.17765,18.0,-1.0
3334,2025-07-27,15.0,17.0,39.9302,-75.15636,19.0,2.0
3371,2024-12-25,3.0,6.0,39.9534,-75.1543,19.0,3.0
3033,2025-07-13,23.0,23.0,39.95005,-75.15672,20.0,0.0
3185,2025-05-09,37.0,30.0,39.95169,-75.15888,21.0,-7.0
3310,2025-11-21,2.0,4.0,39.98024,-75.18651,15.0,2.0
3271,2025-04-14,3.0,5.0,39.9476,-75.22946,18.0,2.0
3210,2025-09-11,28.0,30.0,39.98492,-75.15668,18.0,2.0
3150,2025-02-08,9.0,12.0,39.92884,-75.17021,17.0,3.0
3119,2025-03-10,2.0,2.0,39.96674,-75.20799,17.0,0.0
3250,2023-04-23,5.0,9.0,39.95673,-75.14575,17.0,4.0
3300,2024-07-31,18.0,14.0,39.95511,-75.16287,13.0,-4.0
3006,2024-08-31,14.0,19.0,39.9522,-75.20311,17.0,5.0
3164,2025-08-06,35.0,33.0,39.92814,-75.16515,18.0,-2.0
3073,2025-02-25,10.0,6.0,39.96143,-75.15242,15.0,-4.0
3345,2025-11-24,17.0,17.0,39.9617,-75.14667,19.0,0.0
3075,2024-05-13,25.0,26.0,39.96718,-75.16125,12.0,1.0
3247,2024-12-21,2.0,0.0,39.96538,-75.21514,16.0,-2.0
3316,2026-01-17,0.0,2.0,39.92255,-75.17337,19.0,2.0
3268,2025-11-29,2.0,2.0,39.97633,-75.15101,22.0,0.0
3184,2024-07-05,7.0,6.0,39.94573,-75.19551,22.0,-1.0
3387,2024-08-03,10.0,7.0,39.97012,-75.14666,19.0,-3.0
3158,2025-07-19,16.0,16.0,39.92552,-75.16904,15.0,0.0
3287,2025-10-26,2.0,5.0,39.94367,-75.21606,16.0,3.0
3235,2023-10-20,24.0,19.0,39.96,-75.1651,15.0,-5.0
3154,2024-02-03,18.0,14.0,39.95924,-75.15821,16.0,-4.0
3037,2024-12-23,7.0,6.0,39.95424,-75.16138,21.0,-1.0
3268,2023-12-03,1.0,1.0,39.97633,-75.15101,22.0,0.0
3381,2025-09-28,9.0,7.0,39.94845,-75.21807,13.0,-2.0
3156,2023-12-12,18.0,24.0,39.95381,-75.17407,22.0,6.0
3211,2024-10-11,8.0,8.0,39.97172,-75.1706,22.0,0.0
3315,2024-11-22,0.0,1.0,39.94235,-75.21138,13.0,1.0
3324,2025-08-19,7.0,8.0,39.99484,-75.19242,23.0,1.0
3368,2026-03-11,2.0,3.0,39.97647,-75.17362,17.0,1.0
3051,2023-03-12,9.0,6.0,39.96744,-75.17507,37.0,-3.0
3253,2025-02-03,2.0,3.0,39.93074,-75.18924,21.0,1.0
3244,2024-01-24,19.0,23.0,,,,4.0
3301,2025-12-26,7.0,9.0,39.95029,-75.17126,15.0,2.0
3028,2023-08-02,63.0,56.0,39.94061,-75.14958,15.0,-7.0
3120,2023-10-01,17.0,18.0,39.97522,-75.18669,19.0,1.0
3047,2024-03-24,18.0,16.0,39.95073,-75.14947,20.0,-2.0
3237,2024-06-22,10.0,5.0,39.91717,-75.17096,21.0,-5.0
3369,2025-07-28,2.0,1.0,40.00772,-75.19194,16.0,-1.0
3067,2024-07-03,5.0,5.0,39.96411,-75.19973,17.0,0.0
3430,2025-07-17,9.0,7.0,39.97408,-75.1801,14.0,-2.0
3347,2025-06-14,6.0,16.0,,,,10.0
3359,2025-02-10,33.0,27.0,39.94888,-75.16978,29.0,-6.0
3120,2024-06-18,27.0,20.0,39.97522,-75.18669,19.0,-7.0
3285,2025-11-19,11.0,6.0,39.95946,-75.14745,19.0,-5.0
3060,2025-01-18,2.0,3.0,39.95923,-75.17036,19.0,1.0
3282,2025-09-09,2.0,0.0,39.98628,-75.14925,15.0,-2.0
3025,2023-10-30,20.0,19.0,39.93724,-75.1612,15.0,-1.0
3342,2024-07-03,19.0,15.0,39.9639,-75.17385,20.0,-4.0
3309,2024-03-14,2.0,2.0,,,,0.0
3064,2026-02-08,10.0,7.0,39.9384,-75.17327,22.0,-3.0
3093,2025-08-05,6.0,6.0,39.98837,-75.18701,16.0,0.0
3119,2024-09-10,6.0,8.0,39.96674,-75.20799,17.0,2.0
3212,2025-11-18,3.0,1.0,39.96383,-75.18177,32.0,-2.0
3254,2023-03-09,4.0,4.0,39.98091,-75.16065,18.0,0.0
3045,2023-05-02,10.0,10.0,,,,0.0
3169,2024-08-25,15.0,19.0,39.95382,-75.14263,17.0,4.0
3207,2025-01-22,7.0,9.0,39.95441,-75.192,20.0,2.0
3020,2025-09-22,64.0,59.0,39.94855,-75.19007,36.0,-5.0
3256,2024-04-10,39.0,35.0,39.95269,-75.17779,23.0,-4.0
3068,2023-09-18,18.0,26.0,39.93549,-75.16711,18.0,8.0
3265,2024-06-30,5.0,5.0,39.95957,-75.19633,13.0,0.0
3306,2023-04-14,1.0,0.0,39.99683,-75.17761,11.0,-1.0
3032,2024-12-25,8.0,8.0,39.94527,-75.17971,20.0,0.0
3077,2024-12-22,2.0,3.0,39.97207,-75.16351,19.0,1.0
3365,2024-07-22,20.0,16.0,39.96173,-75.18788,17.0,-4.0
3021,2024-08-29,31.0,26.0,39.9539,-75.16902,34.0,-5.0
3350,2025-04-05,1.0,2.0,39.99415,-75.15527,20.0,1.0
3297,2024-12-09,6.0,7.0,39.95821,-75.16901,19.0,1.0
3297,2023-09-03,16.0,18.0,39.95821,-75.16901,19.0,2.0
3161,2025-11-24,34.0,38.0,39.95486,-75.18091,23.0,4.0
3155,2023-05-04,23.0,30.0,39.94018,-75.15442,18.0,7.0
3240,2023-11-14,2.0,2.0,39.96277,-75.21185,12.0,0.0
3246,2023-12-20,10.0,8.0,39.94782,-75.22301,17.0,-2.0
3033,2023-01-08,11.0,8.0,39.95005,-75.15672,20.0,-3.0
3057,2025-12-07,15.0,11.0,39.96439,-75.17987,26.0,-4.0
3181,2023-06-21,0.0,3.0,39.89629,-75.17514,20.0,3.0
3100,2026-03-03,15.0,17.0,39.92777,-75.15103,38.0,2.0
3038,2024-08-14,37.0,50.0,39.94781,-75.19409,28.0,13.0
3261,2025-08-24,15.0,15.0,39.96304,-75.14099,17.0,0.0
3157,2023-01-23,8.0,5.0,39.92545,-75.15954,18.0,-3.0
3033,2024-03-27,11.0,12.0,39.95005,-75.15672,20.0,1.0
3349,2024-12-25,2.0,1.0,39.93651,-75.18621,17.0,-1.0
3032,2023-06-18,40.0,30.0,39.94527,-75.17971,20.0,-10.0
3059,2024-10-26,34.0,34.0,39.96244,-75.16121,21.0,0.0
3043,2023-11-08,16.0,18.0,,,,2.0
3073,2025-09-07,18.0,17.0,39.96143,-75.15242,15.0,-1.0
3275,2025-05-01,8.0,14.0,39.97576,-75.12157,22.0,6.0
3295,2024-09-02,31.0,37.0,39.95028,-75.16027,21.0,6.0
3235,2024-11-17,8.0,9.0,39.96,-75.1651,15.0,1.0
3281,2023-10-20,8.0,6.0,39.9323,-75.2162,15.0,-2.0
3254,2023-12-04,4.0,5.0,39.98091,-75.16065,18.0,1.0
3032,2025-04-03,51.0,51.0,39.94527,-75.17971,20.0,0.0
3005,2025-09-02,35.0,30.0,39.94733,-75.14403,13.0,-5.0
3115,2025-11-07,9.0,8.0,39.97263,-75.16757,18.0,-1.0
3313,2025-05-13,4.0,1.0,39.9158,-75.1643,9.0,-3.0
3254,2023-07-12,7.0,6.0,39.98091,-75.16065,18.0,-1.0
3099,2024-09-14,20.0,15.0,39.93401,-75.15094,19.0,-5.0
3326,2025-05-26,5.0,7.0,39.99198,-75.19944,17.0,2.0
3114,2025-05-08,17.0,21.0,39.93775,-75.18012,17.0,4.0
3268,2025-05-04,0.0,4.0,39.97633,-75.15101,22.0,4.0
3400,2025-03-19,17.0,16.0,39.949,-75.16081,18.0,-1.0
3060,2025-01-12,1.0,0.0,39.95923,-75.17036,19.0,-1.0
3032,2025-01-17,27.0,31.0,39.94527,-75.17971,20.0,4.0
3388,2024-09-03,3.0,1.0,39.96634,-75.15097,19.0,-2.0
3237,2025-04-14,9.0,5.0,39.91717,-75.17096,21.0,-4.0
3043,2023-09-16,26.0,32.0,,,,6.0
3248,2025-07-22,24.0,25.0,39.94213,-75.18335,22.0,1.0
3067,2023-12-20,5.0,6.0,39.96411,-75.19973,17.0,1.0
3197,2025-11-06,8.0,12.0,39.92083,-75.17033,23.0,4.0
3047,2025-07-30,19.0,15.0,39.95073,-75.14947,20.0,-4.0
3374,2024-10-25,23.0,15.0,39.9728,-75.17971,18.0,-8.0
3017,2025-09-22,11.0,13.0,39.98003,-75.14371,15.0,2.0
3022,2024-03-12,29.0,38.0,39.95472,-75.18323,21.0,9.0
3250,2025-07-09,7.0,7.0,39.95673,-75.14575,17.0,0.0
3070,2023-09-02,10.0,9.0,,,,-1.0
3398,2026-02-15,3.0,4.0,39.91551,-75.15474,15.0,1.0
3158,2025-02-22,7.0,4.0,39.92552,-75.16904,15.0,-3.0
3065,2025-10-25,0.0,3.0,39.9707,-75.15171,15.0,3.0
3164,2025-07-04,24.0,22.0,39.92814,-75.16515,18.0,-2.0
3389,2025-02-26,11.0,13.0,39.94431,-75.18128,16.0,2.0
3047,2026-03-12,5.0,4.0,39.95073,-75.14947,20.0,-1.0
3241,2025-03-22,6.0,1.0,39.95225,-75.22637,20.0,-5.0
3032,2025-01-09,19.0,20.0,39.94527,-75.17971,20.0,1.0
3286,2024-10-28,5.0,8.0,39.96409,-75.14769,22.0,3.0
3409,2025-04-29,4.0,6.0,39.95508,-75.15128,20.0,2.0
3043,2023-01-17,16.0,19.0,,,,3.0
3234,2023-01-19,2.0,5.0,,,,3.0
3046,2024-12-16,9.0,8.0,,,,-1.0
3351,2025-02-13,1.0,0.0,39.99655,-75.14991,18.0,-1.0
3107,2025-09-03,7.0,9.0,39.98203,-75.18866,18.0,2.0
3183,2023-04-22,3.0,4.0,39.88994,-75.17679,20.0,1.0
3210,2025-05-24,9.0,9.0,39.98492,-75.15668,18.0,0.0
3056,2024-03-17,10.0,9.0,39.97669,-75.15813,22.0,-1.0
3115,2024-05-22,12.0,5.0,39.97263,-75.16757,18.0,-7.0
3263,2023-11-06,3.0,4.0,39.9586,-75.2081,18.0,1.0
3046,2023-03-11,19.0,16.0,,,,-3.0
3398,2025-05-09,1.0,3.0,39.91551,-75.15474,15.0,2.0
3333,2026-03-20,15.0,15.0,39.9541,-75.16965,25.0,0.0
3257,2024-10-16,17.0,12.0,,,,-5.0
3258,2024-11-07,6.0,6.0,39.95828,-75.22424,20.0,0.0
3077,2025-02-05,6.0,4.0,39.97207,-75.16351,19.0,-2.0
3353,2025-05-31,1.0,1.0,40.00496,-75.15233,22.0,0.0
3169,2023-09-17,11.0,13.0,39.95382,-75.14263,17.0,2.0
3158,2025-12-14,2.0,1.0,39.92552,-75.16904,15.0,-1.0
3297,2024-04-14,12.0,13.0,39.95821,-75.16901,19.0,1.0
3258,2024-05-06,7.0,7.0,39.95828,-75.22424,20.0,0.0
3211,2024-11-09,10.0,7.0,39.97172,-75.1706,22.0,-3.0
3265,2023-08-30,23.0,16.0,39.95957,-75.19633,13.0,-7.0
3077,2023-10-29,3.0,3.0,39.97207,-75.16351,19.0,0.0
3201,2025-12-25,4.0,5.0,39.95523,-75.1662,20.0,1.0
3325,2023-11-28,0.0,1.0,39.9768,-75.12764,22.0,1.0
3273,2023-02-07,0.0,1.0,,,,1.0
3026,2024-11-16,14.0,9.0,39.94182,-75.1455,17.0,-5.0
3329,2023-09-10,1.0,1.0,40.02651,-75.22445,15.0,0.0
3022,2026-03-28,22.0,23.0,39.95472,-75.18323,21.0,1.0
3061,2023-01-23,16.0,16.0,,,,0.0
3073,2024-01-18,3.0,6.0,39.96143,-75.15242,15.0,3.0
3120,2023-09-16,24.0,24.0,39.97522,-75.18669,19.0,0.0
3272,2025-04-25,3.0,3.0,39.96405,-75.22048,13.0,0.0
3321,2024-08-11,12.0,10.0,39.95485,-75.17298,21.0,-2.0
3275,2026-02-20,1.0,2.0,39.97576,-75.12157,22.0,1.0
3055,2024-10-31,23.0,18.0,39.95112,-75.15457,15.0,-5.0
3351,2025-05-06,0.0,3.0,39.99655,-75.14991,18.0,3.0
3104,2024-04-03,7.0,2.0,39.96664,-75.19209,13.0,-5.0
3181,2024-07-24,3.0,2.0,39.89629,-75.17514,20.0,-1.0
3285,2023-11-19,3.0,2.0,39.95946,-75.14745,19.0,-1.0
3107,2024-08-07,4.0,2.0,39.98203,-75.18866,18.0,-2.0
3005,2023-06-13,17.0,16.0,39.94733,-75.14403,13.0,-1.0
3169,2023-03-23,10.0,7.0,39.95382,-75.14263,17.0,-3.0
3236,2024-08-28,16.0,17.0,39.96566,-75.17765,18.0,1.0
3040,2023-11-11,16.0,11.0,39.96289,-75.16606,21.0,-5.0
3187,2024-11-26,7.0,4.0,39.95725,-75.17232,19.0,-3.0
3104,2025-05-11,7.0,8.0,39.96664,-75.19209,13.0,1.0
3187,2024-09-21,16.0,13.0,39.95725,-75.17232,19.0,-3.0
3264,2024-03-11,19.0,13.0,39.94571,-75.15508,23.0,-6.0
3233,2024-12-30,0.0,1.0,,,,1.0
3394,2026-02-23,1.0,1.0,39.924,-75.16959,14.0,0.0
3062,2024-10-21,17.0,17.0,,,,0.0
3017,2023-08-25,14.0,12.0,39.98003,-75.14371,15.0,-2.0
3156,2023-05-22,25.0,18.0,39.95381,-75.17407,22.0,-7.0
3267,2025-08-19,13.0,12.0,39.918,-75.1796,12.0,-1.0
3378,2024-09-14,15.0,21.0,39.95238,-75.14728,18.0,6.0
3237,2023-06-20,9.0,7.0,39.91717,-75.17096,21.0,-2.0
3046,2023-12-02,33.0,32.0,,,,-1.0
3019,2025-05-02,6.0,5.0,39.95403,-75.14983,15.0,-1.0
3069,2026-03-09,32.0,25.0,39.93704,-75.15038,23.0,-7.0
3160,2024-09-09,26.0,25.0,39.95662,-75.19862,41.0,-1.0
3378,2024-12-28,3.0,2.0,39.95238,-75.14728,18.0,-1.0
3410,2025-06-11,6.0,10.0,39.94201,-75.21838,11.0,4.0
3019,2024-08-30,4.0,5.0,39.95403,-75.14983,15.0,1.0
3353,2025-09-01,3.0,3.0,40.00496,-75.15233,22.0,0.0
3068,2025-02-08,5.0,9.0,39.93549,-75.16711,18.0,4.0
3026,2023-02-26,15.0,12.0,39.94182,-75.1455,17.0,-3.0
3102,2023-03-31,31.0,30.0,39.96759,-75.17952,26.0,-1.0
3203,2026-03-28,15.0,11.0,39.94077,-75.17227,20.0,-4.0
3337,2024-02-12,6.0,4.0,39.97318,-75.14612,15.0,-2.0
3039,2023-03-11,5.0,7.0,39.97157,-75.15993,17.0,2.0
3093,2025-11-04,1.0,0.0,39.98837,-75.18701,16.0,-1.0
3362,2025-10-04,44.0,46.0,39.94816,-75.16226,19.0,2.0
3389,2025-08-25,12.0,13.0,39.94431,-75.18128,16.0,1.0
3010,2023-07-01,45.0,63.0,39.94711,-75.16618,22.0,18.0
3029,2025-08-15,40.0,40.0,39.9538,-75.19479,17.0,0.0
3254,2025-07-28,5.0,10.0,39.98091,-75.16065,18.0,5.0
3116,2026-01-03,4.0,4.0,39.96006,-75.17198,21.0,0.0
3287,2024-09-23,7.0,7.0,39.94367,-75.21606,16.0,0.0
3397,2026-03-24,25.0,21.0,39.93906,-75.17824,15.0,-4.0
3116,2024-09-13,20.0,14.0,39.96006,-75.17198,21.0,-6.0
3037,2024-04-06,13.0,17.0,39.95424,-75.16138,21.0,4.0
3074,2025-04-28,22.0,16.0,39.95511,-75.20987,15.0,-6.0
3086,2024-07-26,11.0,9.0,39.94019,-75.16691,21.0,-2.0
3249,2023-01-12,6.0,4.0,39.95784,-75.19079,22.0,-2.0
3278,2023-06-07,1.0,1.0,39.99301,-75.1681,11.0,0.0
3256,2026-03-26,52.0,39.0,39.95269,-75.17779,23.0,-13.0
3251,2024-03-02,1.0,0.0,39.93366,-75.19319,16.0,-1.0
3314,2025-08-17,8.0,8.0,39.93682,-75.14492,17.0,0.0
3272,2025-01-09,3.0,2.0,39.96405,-75.22048,13.0,-1.0
3029,2024-08-28,36.0,42.0,39.9538,-75.19479,17.0,6.0
3244,2025-01-24,22.0,22.0,,,,0.0
3037,2025-09-13,25.0,22.0,39.95424,-75.16138,21.0,-3.0
3158,2025-10-09,25.0,19.0,39.92552,-75.16904,15.0,-6.0
3054,2025-08-21,42.0,39.0,39.9625,-75.1742,35.0,-3.0
3104,2024-04-06,6.0,8.0,39.96664,-75.19209,13.0,2.0
3034,2025-03-19,38.0,34.0,39.93315,-75.16248,16.0,-4.0
3155,2024-01-11,14.0,11.0,39.94018,-75.15442,18.0,-3.0
3097,2025-03-15,7.0,11.0,39.97888,-75.13339,18.0,4.0
3056,2024-08-31,12.0,14.0,39.97669,-75.15813,22.0,2.0
3337,2025-11-27,2.0,4.0,39.97318,-75.14612,15.0,2.0
3066,2024-09-12,52.0,50.0,39.94561,-75.17348,29.0,-2.0
3381,2025-04-09,4.0,3.0,39.94845,-75.21807,13.0,-1.0
3387,2024-11-17,8.0,8.0,39.97012,-75.14666,19.0,0.0
3321,2024-06-26,13.0,18.0,39.95485,-75.17298,21.0,5.0
3212,2025-09-04,16.0,10.0,39.96383,-75.18177,32.0,-6.0
3152,2024-07-06,3.0,6.0,39.94993,-75.20286,17.0,3.0
3061,2025-02-07,18.0,20.0,,,,2.0
3072,2023-12-14,12.0,10.0,39.93445,-75.14541,25.0,-2.0
3008,2023-02-19,0.0,2.0,39.98081,-75.15067,17.0,2.0
3031,2024-02-22,8.0,11.0,39.98005,-75.15522,21.0,3.0
3016,2023-12-22,2.0,2.0,39.96892,-75.1547,15.0,0.0
3212,2024-01-20,1.0,2.0,39.96383,-75.18177,32.0,1.0
3054,2025-12-10,18.0,14.0,39.9625,-75.1742,35.0,-4.0
3360,2025-10-23,29.0,29.0,39.93304,-75.16822,22.0,0.0
3190,2023-09-30,47.0,35.0,,,,-12.0
3038,2025-11-29,8.0,5.0,39.94781,-75.19409,28.0,-3.0
3279,2024-02-09,5.0,4.0,39.9265,-75.1668,18.0,-1.0
3354,2024-08-19,3.0,2.0,39.95628,-75.2387,18.0,-1.0
3169,2023-09-29,10.0,10.0,39.95382,-75.14263,17.0,0.0
3265,2023-04-25,11.0,12.0,39.95957,-75.19633,13.0,1.0
3211,2025-07-25,4.0,1.0,39.97172,-75.1706,22.0,-3.0
3315,2024-12-30,1.0,1.0,39.94235,-75.21138,13.0,0.0
3165,2023-06-08,13.0,15.0,39.95819,-75.1782,22.0,2.0
3363,2024-02-22,12.0,11.0,39.94655,-75.16263,17.0,-1.0
3049,2024-04-18,5.0,4.0,39.94509,-75.1425,29.0,-1.0
3017,2024-12-22,2.0,1.0,39.98003,-75.14371,15.0,-1.0
3168,2025-11-30,9.0,9.0,,,,0.0
3243,2025-09-18,1.0,1.0,39.9835,-75.14743,12.0,0.0
3005,2023-05-09,13.0,11.0,39.94733,-75.14403,13.0,-2.0
3280,2025-09-18,1.0,3.0,39.93968,-75.21362,18.0,2.0
3308,2023-11-10,8.0,6.0,,,,-2.0
3395,2025-05-06,12.0,12.0,39.93866,-75.16351,13.0,0.0
3047,2025-03-12,17.0,16.0,39.95073,-75.14947,20.0,-1.0
3168,2025-11-10,29.0,27.0,,,,-2.0
3110,2024-12-08,5.0,8.0,39.96175,-75.13641,19.0,3.0
3236,2024-12-25,4.0,2.0,39.96566,-75.17765,18.0,-2.0
3357,2024-03-25,1.0,0.0,39.9104,-75.16588,27.0,-1.0
3088,2026-02-21,7.0,4.0,39.96984,-75.1418,35.0,-3.0
3335,2024-08-04,7.0,9.0,40.02237,-75.218,18.0,2.0
3342,2024-12-24,5.0,3.0,39.9639,-75.17385,20.0,-2.0
3020,2025-01-13,24.0,27.0,39.94855,-75.19007,36.0,3.0
3152,2025-05-21,3.0,4.0,39.94993,-75.20286,17.0,1.0
3310,2023-11-29,0.0,1.0,39.98024,-75.18651,15.0,1.0
3161,2023-09-08,37.0,43.0,39.95486,-75.18091,23.0,6.0
3088,2023-05-11,16.0,25.0,39.96984,-75.1418,35.0,9.0
3086,2023-10-03,17.0,18.0,39.94019,-75.16691,21.0,1.0
3258,2024-06-14,7.0,7.0,39.95828,-75.22424,20.0,0.0
3188,2023-11-29,2.0,1.0,39.90471,-75.1734,56.0,-1.0
3030,2023-02-20,12.0,12.0,,,,0.0
3344,2025-05-23,5.0,5.0,39.95961,-75.23354,23.0,0.0
3369,2025-02-21,0.0,1.0,40.00772,-75.19194,16.0,1.0
3207,2026-03-21,27.0,19.0,39.95441,-75.192,20.0,-8.0
3068,2024-11-20,9.0,14.0,39.93549,-75.16711,18.0,5.0
3088,2025-12-17,0.0,1.0,39.96984,-75.1418,35.0,1.0
3287,2023-03-13,1.0,0.0,39.94367,-75.21606,16.0,-1.0
3353,2024-08-29,4.0,6.0,40.00496,-75.15233,22.0,2.0
3271,2024-07-02,4.0,5.0,39.9476,-75.22946,18.0,1.0
3021,2025-04-10,18.0,27.0,39.9539,-75.16902,34.0,9.0
3181,2023-01-17,1.0,1.0,39.89629,-75.17514,20.0,0.0
3405,2025-10-14,13.0,12.0,39.94167,-75.16502,16.0,-1.0
3033,2025-10-25,11.0,8.0,39.95005,-75.15672,20.0,-3.0
3026,2024-09-17,36.0,39.0,39.94182,-75.1455,17.0,3.0
3208,2026-02-26,29.0,30.0,39.95048,-75.19324,28.0,1.0
3015,2025-11-19,5.0,6.0,39.94735,-75.14886,11.0,1.0
3273,2023-11-01,1.0,1.0,,,,0.0
3275,2023-06-08,3.0,9.0,39.97576,-75.12157,22.0,6.0
3394,2025-10-22,9.0,10.0,39.924,-75.16959,14.0,1.0
3253,2025-07-13,5.0,6.0,39.93074,-75.18924,21.0,1.0
3331,2023-09-13,3.0,4.0,39.97116,-75.12813,20.0,1.0
3256,2023-11-20,30.0,33.0,39.95269,-75.17779,23.0,3.0
3210,2024-03-26,14.0,10.0,39.98492,-75.15668,18.0,-4.0
3247,2023-11-17,1.0,0.0,39.96538,-75.21514,16.0,-1.0
3099,2025-03-21,6.0,4.0,39.93401,-75.15094,19.0,-2.0
3066,2024-10-19,33.0,24.0,39.94561,-75.17348,29.0,-9.0
3252,2024-08-24,7.0,7.0,39.93882,-75.19324,14.0,0.0
3184,2025-11-14,9.0,8.0,39.94573,-75.19551,22.0,-1.0
3162,2025-02-02,3.0,2.0,39.94595,-75.18475,34.0,-1.0
3440,2025-11-12,1.0,2.0,39.98306,-75.10836,13.0,1.0
3070,2023-08-30,11.0,10.0,,,,-1.0
3240,2023-09-30,1.0,0.0,39.96277,-75.21185,12.0,-1.0
3329,2024-08-29,2.0,2.0,40.02651,-75.22445,15.0,0.0
3101,2025-03-03,23.0,21.0,39.94295,-75.15955,18.0,-2.0
3396,2024-12-12,5.0,8.0,39.92327,-75.1821,16.0,3.0
3039,2023-03-16,7.0,4.0,39.97157,-75.15993,17.0,-3.0
3360,2024-03-28,8.0,9.0,39.93304,-75.16822,22.0,1.0
3062,2025-12-19,9.0,5.0,,,,-4.0
3183,2026-01-10,1.0,0.0,39.88994,-75.17679,20.0,-1.0
3303,2025-07-09,5.0,11.0,39.9559,-75.2053,20.0,6.0
3064,2024-08-25,28.0,25.0,39.9384,-75.17327,22.0,-3.0
3313,2024-02-03,2.0,1.0,39.9158,-75.1643,9.0,-1.0
3116,2025-07-25,32.0,29.0,39.96006,-75.17198,21.0,-3.0
3324,2024-07-30,10.0,12.0,39.99484,-75.19242,23.0,2.0
3240,2023-08-19,2.0,2.0,39.96277,-75.21185,12.0,0.0
3188,2024-06-12,15.0,16.0,39.90471,-75.1734,56.0,1.0
3388,2025-01-26,0.0,2.0,39.96634,-75.15097,19.0,2.0
3155,2023-09-03,15.0,16.0,39.94018,-75.15442,18.0,1.0
3064,2026-01-12,20.0,23.0,39.9384,-75.17327,22.0,3.0
3271,2023-02-28,0.0,1.0,39.9476,-75.22946,18.0,1.0
3156,2024-10-02,33.0,33.0,39.95381,-75.17407,22.0,0.0
3039,2024-01-12,6.0,6.0,39.97157,-75.15993,17.0,0.0
3070,2023-12-09,9.0,10.0,,,,1.0
3259,2025-10-01,26.0,19.0,39.95998,-75.19883,17.0,-7.0
3249,2025-09-30,23.0,26.0,39.95784,-75.19079,22.0,3.0
3067,2025-11-02,5.0,4.0,39.96411,-75.19973,17.0,-1.0
3110,2025-10-08,13.0,11.0,39.96175,-75.13641,19.0,-2.0
3021,2024-02-14,21.0,17.0,39.9539,-75.16902,34.0,-4.0
3295,2025-11-14,36.0,34.0,39.95028,-75.16027,21.0,-2.0
3123,2025-11-04,11.0,12.0,39.98004,-75.17088,16.0,1.0
3098,2025-05-14,13.0,12.0,39.93431,-75.16042,19.0,-1.0
3261,2025-02-27,8.0,6.0,39.96304,-75.14099,17.0,-2.0
3020,2025-08-05,53.0,55.0,39.94855,-75.19007,36.0,2.0
3005,2023-03-22,8.0,7.0,39.94733,-75.14403,13.0,-1.0
3059,2025-11-23,34.0,36.0,39.96244,-75.16121,21.0,2.0
3347,2025-05-22,4.0,5.0,,,,1.0
3327,2023-08-03,5.0,9.0,39.97759,-75.12442,17.0,4.0
3006,2025-03-26,19.0,17.0,39.9522,-75.20311,17.0,-2.0
3295,2025-07-12,18.0,21.0,39.95028,-75.16027,21.0,3.0
3184,2025-03-30,3.0,3.0,39.94573,-75.19551,22.0,0.0
3330,2023-08-19,14.0,15.0,,,,1.0
3118,2024-04-14,4.0,4.0,39.95866,-75.21323,20.0,0.0
3203,2023-07-26,36.0,35.0,39.94077,-75.17227,20.0,-1.0
3062,2025-07-06,10.0,13.0,,,,3.0
3349,2024-10-11,11.0,11.0,39.93651,-75.18621,17.0,0.0
3007,2023-12-13,45.0,37.0,39.94517,-75.15993,20.0,-8.0
3412,2026-03-24,0.0,1.0,39.93771,-75.23373,15.0,1.0
3162,2025-02-18,18.0,17.0,39.94595,-75.18475,34.0,-1.0
3329,2025-04-28,2.0,1.0,40.02651,-75.22445,15.0,-1.0
3297,2023-04-17,9.0,8.0,39.95821,-75.16901,19.0,-1.0
3207,2026-02-25,12.0,12.0,39.95441,-75.192,20.0,0.0
3336,2024-10-03,24.0,22.0,39.95719,-75.19388,20.0,-2.0
3070,2023-08-15,11.0,10.0,,,,-1.0
3248,2023-10-27,22.0,17.0,39.94213,-75.18335,22.0,-5.0
3277,2023-10-18,3.0,2.0,39.98306,-75.16738,20.0,-1.0
3208,2024-04-11,64.0,66.0,39.95048,-75.19324,28.0,2.0
3104,2023-10-18,22.0,24.0,39.96664,-75.19209,13.0,2.0
3063,2025-05-31,43.0,42.0,39.94633,-75.1698,25.0,-1.0
3371,2025-12-19,12.0,9.0,39.9534,-75.1543,19.0,-3.0
3024,2025-09-04,12.0,18.0,39.94822,-75.20908,19.0,6.0
3054,2024-02-18,20.0,18.0,39.9625,-75.1742,35.0,-2.0
3282,2024-04-24,1.0,1.0,39.98628,-75.14925,15.0,0.0
3409,2025-10-17,5.0,5.0,39.95508,-75.15128,20.0,0.0
3107,2024-09-04,6.0,6.0,39.98203,-75.18866,18.0,0.0
3334,2023-05-25,21.0,15.0,39.9302,-75.15636,19.0,-6.0
3247,2025-10-26,4.0,4.0,39.96538,-75.21514,16.0,0.0
3155,2025-02-10,12.0,8.0,39.94018,-75.15442,18.0,-4.0
3211,2024-06-14,13.0,3.0,39.97172,-75.1706,22.0,-10.0
3188,2024-01-31,1.0,2.0,39.90471,-75.1734,56.0,1.0
3060,2023-04-07,6.0,7.0,39.95923,-75.17036,19.0,1.0
3124,2026-02-03,4.0,5.0,39.95367,-75.13956,17.0,1.0
3425,2025-09-01,7.0,5.0,39.9849,-75.13255,15.0,-2.0
3029,2025-10-17,32.0,31.0,39.9538,-75.19479,17.0,-1.0
3254,2023-04-07,13.0,9.0,39.98091,-75.16065,18.0,-4.0
3332,2024-03-22,1.0,2.0,40.00537,-75.18143,12.0,1.0
3283,2024-02-28,2.0,1.0,,,,-1.0
3298,2023-01-26,1.0,2.0,39.94717,-75.20691,15.0,1.0
3300,2026-01-12,6.0,10.0,39.95511,-75.16287,13.0,4.0
3031,2023-07-11,16.0,8.0,39.98005,-75.15522,21.0,-8.0
3110,2023-06-04,11.0,10.0,39.96175,-75.13641,19.0,-1.0
3211,2025-11-05,16.0,13.0,39.97172,-75.1706,22.0,-3.0
3185,2023-05-13,26.0,28.0,39.95169,-75.15888,21.0,2.0
3326,2025-10-04,8.0,8.0,39.99198,-75.19944,17.0,0.0
3345,2025-02-23,6.0,6.0,39.9617,-75.14667,19.0,0.0
3348,2024-08-03,7.0,3.0,,,,-4.0
3031,2024-04-07,8.0,5.0,39.98005,-75.15522,21.0,-3.0
3207,2023-06-19,8.0,9.0,39.95441,-75.192,20.0,1.0
3196,2023-02-08,2.0,2.0,39.98717,-75.17477,17.0,0.0
3040,2024-09-18,36.0,30.0,39.96289,-75.16606,21.0,-6.0
3030,2024-12-29,20.0,15.0,,,,-5.0
3307,2024-07-12,1.0,0.0,40.0028,-75.174,11.0,-1.0
3115,2023-05-20,0.0,1.0,39.97263,-75.16757,18.0,1.0
3295,2023-03-01,30.0,36.0,39.95028,-75.16027,21.0,6.0
3016,2026-03-17,2.0,2.0,39.96892,-75.1547,15.0,0.0
3037,2023-04-23,19.0,23.0,39.95424,-75.16138,21.0,4.0
3278,2024-06-13,1.0,0.0,39.99301,-75.1681,11.0,-1.0
3243,2025-04-20,4.0,4.0,39.9835,-75.14743,12.0,0.0
3077,2025-04-06,8.0,5.0,39.97207,-75.16351,19.0,-3.0
3093,2024-11-05,2.0,3.0,39.98837,-75.18701,16.0,1.0
3035,2025-07-14,27.0,28.0,39.96271,-75.19419,20.0,1.0
3183,2024-12-20,1.0,2.0,39.88994,-75.17679,20.0,1.0
3447,2026-02-04,15.0,12.0,39.95009,-75.14467,25.0,-3.0
3096,2024-11-11,1.0,2.0,39.99119,-75.17975,14.0,1.0
3067,2025-05-27,3.0,3.0,39.96411,-75.19973,17.0,0.0
3059,2023-09-27,38.0,42.0,39.96244,-75.16121,21.0,4.0
3005,2023-12-29,9.0,10.0,39.94733,-75.14403,13.0,1.0
3008,2025-08-25,12.0,11.0,39.98081,-75.15067,17.0,-1.0
3313,2025-03-22,9.0,8.0,39.9158,-75.1643,9.0,-1.0
3346,2024-05-17,17.0,15.0,39.94883,-75.15097,17.0,-2.0
3251,2023-03-13,3.0,1.0,39.93366,-75.19319,16.0,-2.0
3303,2023-12-25,3.0,4.0,39.9559,-75.2053,20.0,1.0
3112,2025-10-23,22.0,18.0,39.95373,-75.21825,18.0,-4.0
3047,2025-02-22,7.0,5.0,39.95073,-75.14947,20.0,-2.0
3031,2024-10-08,25.0,23.0,39.98005,-75.15522,21.0,-2.0
3439,2026-01-07,0.0,1.0,39.99033,-75.12759,15.0,1.0
3280,2025-04-15,2.0,2.0,39.93968,-75.21362,18.0,0.0
3100,2024-06-23,13.0,17.0,39.92777,-75.15103,38.0,4.0
3006,2025-06-17,14.0,12.0,39.9522,-75.20311,17.0,-2.0
3329,2025-08-06,2.0,2.0,40.02651,-75.22445,15.0,0.0
3276,2024-01-14,1.0,2.0,39.96569,-75.15679,18.0,1.0
3072,2023-12-23,9.0,10.0,39.93445,-75.14541,25.0,1.0
3006,2024-09-02,17.0,22.0,39.9522,-75.20311,17.0,5.0
3168,2024-12-05,16.0,10.0,,,,-6.0
3030,2025-04-28,38.0,32.0,,,,-6.0
3049,2023-03-16,3.0,2.0,39.94509,-75.1425,29.0,-1.0
3348,2024-06-29,6.0,7.0,,,,1.0
3414,2025-07-26,2.0,0.0,39.93922,-75.22347,13.0,-2.0
3309,2023-11-17,2.0,2.0,,,,0.0
3064,2026-01-21,23.0,24.0,39.9384,-75.17327,22.0,1.0
3181,2025-10-11,4.0,6.0,39.89629,-75.17514,20.0,2.0
3169,2026-01-02,7.0,9.0,39.95382,-75.14263,17.0,2.0
3018,2025-05-08,33.0,30.0,39.95273,-75.15979,18.0,-3.0
3212,2024-05-05,4.0,4.0,39.96383,-75.18177,32.0,0.0
3322,2024-10-05,28.0,27.0,39.93638,-75.15526,13.0,-1.0
3405,2025-04-21,6.0,8.0,39.94167,-75.16502,16.0,2.0
3075,2024-11-14,26.0,21.0,39.96718,-75.16125,12.0,-5.0
3328,2024-06-03,4.0,5.0,39.98798,-75.1995,23.0,1.0
3266,2024-04-27,9.0,11.0,39.9237,-75.14701,22.0,2.0
3276,2024-05-11,5.0,3.0,39.96569,-75.15679,18.0,-2.0
3010,2023-05-10,67.0,65.0,39.94711,-75.16618,22.0,-2.0
3284,2023-08-03,2.0,0.0,40.01112,-75.19287,14.0,-2.0
3154,2024-11-05,33.0,31.0,39.95924,-75.15821,16.0,-2.0
3261,2025-08-30,29.0,22.0,39.96304,-75.14099,17.0,-7.0
3160,2024-07-12,20.0,20.0,39.95662,-75.19862,41.0,0.0
3026,2026-02-07,1.0,1.0,39.94182,-75.1455,17.0,0.0
3360,2025-03-22,12.0,12.0,39.93304,-75.16822,22.0,0.0
3275,2024-03-18,11.0,9.0,39.97576,-75.12157,22.0,-2.0
3390,2024-12-09,4.0,3.0,39.96,-75.2244,18.0,-1.0
3040,2024-04-13,15.0,19.0,39.96289,-75.16606,21.0,4.0
3021,2024-05-20,24.0,26.0,39.9539,-75.16902,34.0,2.0
3097,2024-06-17,11.0,11.0,39.97888,-75.13339,18.0,0.0
3292,2025-09-18,12.0,15.0,39.92,-75.1562,17.0,3.0
3276,2023-10-15,11.0,13.0,39.96569,-75.15679,18.0,2.0
3299,2025-06-26,27.0,23.0,39.94332,-75.15698,22.0,-4.0
3395,2025-03-27,11.0,13.0,39.93866,-75.16351,13.0,2.0
3152,2024-06-04,9.0,9.0,39.94993,-75.20286,17.0,0.0
3115,2025-02-13,4.0,4.0,39.97263,-75.16757,18.0,0.0
3020,2023-03-03,20.0,22.0,39.94855,-75.19007,36.0,2.0
3393,2025-03-24,7.0,11.0,39.96727,-75.13999,18.0,4.0
3301,2023-10-24,43.0,40.0,39.95029,-75.17126,15.0,-3.0
3375,2024-04-02,1.0,3.0,39.96036,-75.1402,22.0,2.0
3160,2024-06-05,20.0,20.0,39.95662,-75.19862,41.0,0.0
3204,2024-11-27,12.0,5.0,39.96437,-75.16582,22.0,-7.0
3037,2024-11-30,7.0,12.0,39.95424,-75.16138,21.0,5.0
3158,2023-10-09,17.0,15.0,39.92552,-75.16904,15.0,-2.0
3279,2025-12-31,3.0,4.0,39.9265,-75.1668,18.0,1.0
3265,2023-03-26,7.0,6.0,39.95957,-75.19633,13.0,-1.0
3253,2023-12-15,1.0,2.0,39.93074,-75.18924,21.0,1.0
3086,2024-05-03,16.0,19.0,39.94019,-75.16691,21.0,3.0
3031,2024-06-23,4.0,3.0,39.98005,-75.15522,21.0,-1.0
3320,2025-09-28,9.0,11.0,39.9746,-75.15917,17.0,2.0
3235,2025-08-24,14.0,19.0,39.96,-75.1651,15.0,5.0
3271,2025-12-24,2.0,0.0,39.9476,-75.22946,18.0,-2.0
3372,2026-01-20,1.0,1.0,39.92528,-75.18672,15.0,0.0
3328,2025-05-03,32.0,38.0,39.98798,-75.1995,23.0,6.0
3040,2025-06-23,12.0,11.0,39.96289,-75.16606,21.0,-1.0
3032,2024-10-09,64.0,66.0,39.94527,-75.17971,20.0,2.0
3246,2025-04-09,4.0,3.0,39.94782,-75.22301,17.0,-1.0
3041,2025-10-28,23.0,20.0,39.96849,-75.13546,26.0,-3.0
3114,2026-03-10,19.0,25.0,39.93775,-75.18012,17.0,6.0
3393,2024-10-20,16.0,15.0,39.96727,-75.13999,18.0,-1.0
3102,2025-10-12,22.0,18.0,39.96759,-75.17952,26.0,-4.0
3279,2024-05-05,5.0,3.0,39.9265,-75.1668,18.0,-2.0
3196,2023-10-14,1.0,1.0,39.98717,-75.17477,17.0,0.0
3075,2025-12-15,6.0,6.0,39.96718,-75.16125,12.0,0.0
3324,2025-12-28,1.0,1.0,39.99484,-75.19242,23.0,0.0
3259,2025-12-17,8.0,7.0,39.95998,-75.19883,17.0,-1.0
3236,2024-03-19,8.0,4.0,39.96566,-75.17765,18.0,-4.0
3188,2023-11-11,1.0,2.0,39.90471,-75.1734,56.0,1.0
3233,2023-06-17,7.0,3.0,,,,-4.0
3308,2023-03-10,3.0,4.0,,,,1.0
3296,2025-08-08,46.0,50.0,39.95134,-75.16758,21.0,4.0
3075,2024-01-29,3.0,5.0,39.96718,-75.16125,12.0,2.0
3115,2025-09-04,9.0,7.0,39.97263,-75.16757,18.0,-2.0
3025,2024-12-07,19.0,15.0,39.93724,-75.1612,15.0,-4.0
3233,2023-03-03,3.0,2.0,,,,-1.0
3326,2023-07-28,4.0,4.0,39.99198,-75.19944,17.0,0.0
3238,2023-07-29,29.0,31.0,39.97674,-75.11995,11.0,2.0
3104,2024-03-15,13.0,12.0,39.96664,-75.19209,13.0,-1.0
3299,2025-10-05,21.0,19.0,39.94332,-75.15698,22.0,-2.0
3043,2023-09-12,29.0,27.0,,,,-2.0
3059,2025-12-09,24.0,21.0,39.96244,-75.16121,21.0,-3.0
3354,2024-03-08,1.0,1.0,39.95628,-75.2387,18.0,0.0
3185,2024-01-03,32.0,28.0,39.95169,-75.15888,21.0,-4.0
3300,2025-10-29,17.0,17.0,39.95511,-75.16287,13.0,0.0
3155,2025-11-03,14.0,22.0,39.94018,-75.15442,18.0,8.0
3052,2024-12-22,9.0,8.0,39.94732,-75.15695,25.0,-1.0
3374,2024-12-14,6.0,9.0,39.9728,-75.17971,18.0,3.0
3366,2024-08-01,2.0,2.0,,,,0.0
3100,2025-05-08,42.0,35.0,39.92777,-75.15103,38.0,-7.0
3159,2024-10-03,24.0,23.0,39.95121,-75.19962,23.0,-1.0
3054,2023-04-06,40.0,39.0,39.9625,-75.1742,35.0,-1.0
3033,2025-01-07,8.0,9.0,39.95005,-75.15672,20.0,1.0
3068,2025-01-01,10.0,4.0,39.93549,-75.16711,18.0,-6.0
3313,2025-04-29,5.0,4.0,39.9158,-75.1643,9.0,-1.0
3304,2024-07-23,32.0,35.0,39.94234,-75.15399,21.0,3.0
3331,2024-03-05,2.0,4.0,39.97116,-75.12813,20.0,2.0
3360,2024-03-08,19.0,18.0,39.93304,-75.16822,22.0,-1.0
3441,2025-10-06,9.0,12.0,39.96305,-75.17454,5.0,3.0
3226,2025-11-26,1.0,2.0,39.98101,-75.13721,18.0,1.0
3169,2026-01-08,11.0,12.0,39.95382,-75.14263,17.0,1.0
3041,2023-08-11,21.0,26.0,39.96849,-75.13546,26.0,5.0
3318,2024-04-29,30.0,30.0,39.95182,-75.16395,20.0,0.0
3066,2025-02-06,16.0,17.0,39.94561,-75.17348,29.0,1.0
3407,2025-09-02,13.0,11.0,39.9785,-75.13911,15.0,-2.0
3354,2024-12-25,1.0,1.0,39.95628,-75.2387,18.0,0.0
3272,2025-02-23,0.0,2.0,39.96405,-75.22048,13.0,2.0
3058,2024-07-29,23.0,23.0,,,,0.0
3341,2025-12-16,1.0,2.0,39.98131,-75.12732,20.0,1.0
3099,2024-05-31,15.0,9.0,39.93401,-75.15094,19.0,-6.0
3160,2024-04-26,25.0,18.0,39.95662,-75.19862,41.0,-7.0
3308,2023-12-09,4.0,4.0,,,,0.0
3125,2026-01-30,6.0,3.0,39.94391,-75.16735,16.0,-3.0
3322,2024-03-27,13.0,11.0,39.93638,-75.15526,13.0,-2.0
3017,2023-04-23,8.0,9.0,39.98003,-75.14371,15.0,1.0
3118,2025-12-06,4.0,6.0,39.95866,-75.21323,20.0,2.0
3032,2023-11-30,34.0,46.0,39.94527,-75.17971,20.0,12.0
3181,2025-06-12,1.0,2.0,39.89629,-75.17514,20.0,1.0
3279,2025-02-11,7.0,5.0,39.9265,-75.1668,18.0,-2.0
3341,2023-09-15,7.0,14.0,39.98131,-75.12732,20.0,7.0
3405,2025-08-06,13.0,14.0,39.94167,-75.16502,16.0,1.0
3125,2023-06-22,21.0,19.0,39.94391,-75.16735,16.0,-2.0
3299,2025-06-01,27.0,39.0,39.94332,-75.15698,22.0,12.0
3251,2024-04-30,7.0,8.0,39.93366,-75.19319,16.0,1.0
3203,2023-09-14,30.0,39.0,39.94077,-75.17227,20.0,9.0
3018,2023-01-11,10.0,8.0,39.95273,-75.15979,18.0,-2.0
3196,2023-11-07,0.0,1.0,39.98717,-75.17477,17.0,1.0
3301,2023-01-04,6.0,3.0,39.95029,-75.17126,15.0,-3.0
3161,2025-04-06,13.0,7.0,39.95486,-75.18091,23.0,-6.0
3037,2026-02-06,7.0,7.0,39.95424,-75.16138,21.0,0.0
3086,2024-04-10,11.0,15.0,39.94019,-75.16691,21.0,4.0
3120,2024-09-15,16.0,13.0,39.97522,-75.18669,19.0,-3.0
3253,2025-03-30,1.0,1.0,39.93074,-75.18924,21.0,0.0
3031,2023-03-10,3.0,3.0,39.98005,-75.15522,21.0,0.0
3347,2026-03-23,7.0,9.0,,,,2.0
3064,2025-10-06,34.0,35.0,39.9384,-75.17327,22.0,1.0
3387,2024-08-27,9.0,11.0,39.97012,-75.14666,19.0,2.0
3306,2025-08-26,0.0,1.0,39.99683,-75.17761,11.0,1.0
3378,2025-08-23,17.0,19.0,39.95238,-75.14728,18.0,2.0
3161,2023-10-08,31.0,24.0,39.95486,-75.18091,23.0,-7.0
3266,2023-11-12,4.0,2.0,39.9237,-75.14701,22.0,-2.0
3041,2025-11-11,12.0,12.0,39.96849,-75.13546,26.0,0.0
3161,2024-12-04,42.0,42.0,39.95486,-75.18091,23.0,0.0
3072,2024-01-30,8.0,10.0,39.93445,-75.14541,25.0,2.0
3247,2024-10-11,2.0,1.0,39.96538,-75.21514,16.0,-1.0
3297,2023-09-13,9.0,12.0,39.95821,-75.16901,19.0,3.0
3203,2024-05-28,28.0,41.0,39.94077,-75.17227,20.0,13.0
3053,2024-11-20,22.0,26.0,39.93231,-75.18154,19.0,4.0
3008,2023-11-09,11.0,11.0,39.98081,-75.15067,17.0,0.0
3303,2023-08-07,9.0,11.0,39.9559,-75.2053,20.0,2.0
3116,2024-04-18,10.0,10.0,39.96006,-75.17198,21.0,0.0
3162,2024-06-09,38.0,46.0,39.94595,-75.18475,34.0,8.0
3316,2024-05-20,8.0,8.0,39.92255,-75.17337,19.0,0.0
3049,2023-09-27,8.0,8.0,39.94509,-75.1425,29.0,0.0
3277,2026-01-01,3.0,0.0,39.98306,-75.16738,20.0,-3.0
3005,2025-04-27,19.0,19.0,39.94733,-75.14403,13.0,0.0
3072,2023-04-10,7.0,9.0,39.93445,-75.14541,25.0,2.0
3025,2023-03-21,15.0,13.0,39.93724,-75.1612,15.0,-2.0
3213,2025-09-22,57.0,57.0,39.93887,-75.16663,25.0,0.0
3310,2024-07-05,2.0,1.0,39.98024,-75.18651,15.0,-1.0
3062,2023-03-07,7.0,11.0,,,,4.0
3035,2023-12-07,17.0,12.0,39.96271,-75.19419,20.0,-5.0
3068,2024-12-17,18.0,14.0,39.93549,-75.16711,18.0,-4.0
3025,2024-07-27,20.0,24.0,39.93724,-75.1612,15.0,4.0
3212,2024-09-17,15.0,15.0,39.96383,-75.18177,32.0,0.0
3268,2025-02-23,2.0,2.0,39.97633,-75.15101,22.0,0.0
3337,2025-05-07,16.0,17.0,39.97318,-75.14612,15.0,1.0
3054,2023-04-08,34.0,42.0,39.9625,-75.1742,35.0,8.0
3063,2024-03-29,29.0,15.0,39.94633,-75.1698,25.0,-14.0
3099,2023-08-23,16.0,11.0,39.93401,-75.15094,19.0,-5.0
3394,2024-10-31,8.0,13.0,39.924,-75.16959,14.0,5.0
3273,2023-05-24,10.0,12.0,,,,2.0
3273,2023-11-28,0.0,1.0,,,,1.0
3203,2025-05-11,20.0,21.0,39.94077,-75.17227,20.0,1.0
3120,2024-10-20,12.0,19.0,39.97522,-75.18669,19.0,7.0
3304,2025-08-29,37.0,35.0,39.94234,-75.15399,21.0,-2.0
3349,2025-05-21,14.0,13.0,39.93651,-75.18621,17.0,-1.0
3245,2025-02-16,4.0,4.0,39.97887,-75.15777,20.0,0.0
3304,2023-05-06,14.0,29.0,39.94234,-75.15399,21.0,15.0
3350,2024-11-23,3.0,1.0,39.99415,-75.15527,20.0,-2.0
3099,2025-01-26,8.0,11.0,39.93401,-75.15094,19.0,3.0
3110,2025-05-18,26.0,21.0,39.96175,-75.13641,19.0,-5.0
3294,2024-03-16,16.0,19.0,39.95174,-75.17063,21.0,3.0
3281,2024-09-19,2.0,1.0,39.9323,-75.2162,15.0,-1.0
3437,2025-11-22,2.0,2.0,39.93931,-75.20336,15.0,0.0
3301,2024-02-13,22.0,22.0,39.95029,-75.17126,15.0,0.0
3119,2023-05-26,4.0,4.0,39.96674,-75.20799,17.0,0.0
3351,2024-10-03,2.0,0.0,39.99655,-75.14991,18.0,-2.0
3376,2024-04-28,6.0,8.0,39.97183,-75.14878,8.0,2.0
3286,2023-12-12,10.0,11.0,39.96409,-75.14769,22.0,1.0
3434,2026-01-22,3.0,4.0,39.97487,-75.13286,15.0,1.0
3411,2025-08-10,1.0,1.0,39.96693,-75.23359,15.0,0.0
3035,2023-10-17,30.0,29.0,39.96271,-75.19419,20.0,-1.0
3051,2024-03-22,22.0,14.0,39.96744,-75.17507,37.0,-8.0
3212,2023-10-11,33.0,33.0,39.96383,-75.18177,32.0,0.0
3320,2025-10-10,15.0,15.0,39.9746,-75.15917,17.0,0.0
3169,2024-03-03,8.0,11.0,39.95382,-75.14263,17.0,3.0
3378,2024-02-25,5.0,4.0,39.95238,-75.14728,18.0,-1.0
3265,2023-08-03,11.0,8.0,39.95957,-75.19633,13.0,-3.0
3119,2023-11-14,13.0,13.0,39.96674,-75.20799,17.0,0.0
3238,2025-03-25,25.0,26.0,39.97674,-75.11995,11.0,1.0
3009,2023-09-25,19.0,19.0,39.95576,-75.18982,14.0,0.0
3115,2026-01-16,4.0,6.0,39.97263,-75.16757,18.0,2.0
3391,2025-10-31,1.0,1.0,39.99667,-75.23482,13.0,0.0
3185,2023-08-12,31.0,34.0,39.95169,-75.15888,21.0,3.0
3257,2024-07-27,10.0,15.0,,,,5.0
3383,2025-03-01,11.0,8.0,39.96634,-75.14222,19.0,-3.0
3397,2026-01-19,3.0,5.0,39.93906,-75.17824,15.0,2.0
3252,2023-04-03,3.0,2.0,39.93882,-75.19324,14.0,-1.0
3035,2025-01-06,3.0,1.0,39.96271,-75.19419,20.0,-2.0
3335,2024-12-06,1.0,2.0,40.02237,-75.218,18.0,1.0
3160,2025-08-03,4.0,6.0,39.95662,-75.19862,41.0,2.0
3297,2024-05-16,12.0,12.0,39.95821,-75.16901,19.0,0.0
3265,2024-06-04,14.0,22.0,39.95957,-75.19633,13.0,8.0
3390,2025-08-09,5.0,3.0,39.96,-75.2244,18.0,-2.0
3185,2025-09-30,56.0,54.0,39.95169,-75.15888,21.0,-2.0
3304,2023-05-25,18.0,14.0,39.94234,-75.15399,21.0,-4.0
3264,2026-01-12,18.0,19.0,39.94571,-75.15508,23.0,1.0
3200,2024-11-10,2.0,2.0,39.97583,-75.16846,17.0,0.0
3209,2024-05-15,6.0,6.0,39.949,-75.21278,14.0,0.0
3245,2025-03-08,7.0,7.0,39.97887,-75.15777,20.0,0.0
3263,2025-05-29,5.0,10.0,39.9586,-75.2081,18.0,5.0
3306,2023-02-10,2.0,2.0,39.99683,-75.17761,11.0,0.0
3349,2025-09-06,17.0,16.0,39.93651,-75.18621,17.0,-1.0
3184,2025-12-11,13.0,11.0,39.94573,-75.19551,22.0,-2.0
3347,2025-01-08,6.0,4.0,,,,-2.0
3298,2023-11-25,2.0,2.0,39.94717,-75.20691,15.0,0.0
3282,2025-07-01,1.0,0.0,39.98628,-75.14925,15.0,-1.0
3244,2024-09-17,52.0,48.0,,,,-4.0
3021,2023-04-08,10.0,7.0,39.9539,-75.16902,34.0,-3.0
3101,2025-11-07,41.0,41.0,39.94295,-75.15955,18.0,0.0
3248,2025-11-11,11.0,12.0,39.94213,-75.18335,22.0,1.0
3077,2025-08-22,12.0,7.0,39.97207,-75.16351,19.0,-5.0
3326,2025-01-01,1.0,1.0,39.99198,-75.19944,17.0,0.0
3300,2024-11-13,12.0,13.0,39.95511,-75.16287,13.0,1.0
3039,2025-10-30,7.0,9.0,39.97157,-75.15993,17.0,2.0
3021,2023-04-14,38.0,38.0,39.9539,-75.16902,34.0,0.0
3226,2025-03-17,5.0,5.0,39.98101,-75.13721,18.0,0.0
3311,2024-09-02,3.0,2.0,,,,-1.0
3114,2026-01-07,14.0,18.0,39.93775,-75.18012,17.0,4.0
3329,2025-08-02,11.0,10.0,40.02651,-75.22445,15.0,-1.0
3078,2024-07-19,18.0,16.0,39.95355,-75.17192,18.0,-2.0
3157,2024-10-29,28.0,24.0,39.92545,-75.15954,18.0,-4.0
3305,2024-01-28,1.0,1.0,39.99569,-75.1671,11.0,0.0
3058,2024-12-01,13.0,10.0,,,,-3.0
3399,2025-05-12,8.0,12.0,39.97502,-75.14006,15.0,4.0
3118,2025-11-08,8.0,8.0,39.95866,-75.21323,20.0,0.0
3125,2024-10-10,34.0,38.0,39.94391,-75.16735,16.0,4.0
3236,2024-03-28,0.0,2.0,39.96566,-75.17765,18.0,2.0
3294,2025-04-05,15.0,20.0,39.95174,-75.17063,21.0,5.0
3165,2024-07-26,34.0,25.0,39.95819,-75.1782,22.0,-9.0
3203,2024-11-04,42.0,36.0,39.94077,-75.17227,20.0,-6.0
3297,2025-04-26,7.0,8.0,39.95821,-75.16901,19.0,1.0
3114,2023-06-22,24.0,21.0,39.93775,-75.18012,17.0,-3.0
3318,2023-11-18,26.0,27.0,39.95182,-75.16395,20.0,1.0
3411,2025-09-23,5.0,6.0,39.96693,-75.23359,15.0,1.0
3086,2025-09-22,12.0,15.0,39.94019,-75.16691,21.0,3.0
3254,2023-10-13,13.0,11.0,39.98091,-75.16065,18.0,-2.0
3322,2025-03-21,23.0,22.0,39.93638,-75.15526,13.0,-1.0
3346,2024-01-02,1.0,16.0,39.94883,-75.15097,17.0,15.0
3032,2025-11-05,51.0,58.0,39.94527,-75.17971,20.0,7.0
3268,2026-01-14,2.0,0.0,39.97633,-75.15101,22.0,-2.0
3245,2025-11-27,1.0,0.0,39.97887,-75.15777,20.0,-1.0
3252,2024-01-18,2.0,4.0,39.93882,-75.19324,14.0,2.0
3374,2024-06-14,24.0,14.0,39.9728,-75.17971,18.0,-10.0
3280,2024-01-31,0.0,1.0,39.93968,-75.21362,18.0,1.0
3086,2023-11-12,6.0,5.0,39.94019,-75.16691,21.0,-1.0
3183,2024-07-02,6.0,3.0,39.88994,-75.17679,20.0,-3.0
3359,2024-07-11,46.0,45.0,39.94888,-75.16978,29.0,-1.0
3161,2025-05-06,55.0,59.0,39.95486,-75.18091,23.0,4.0
3370,2024-10-22,5.0,5.0,40.0163,-75.21241,16.0,0.0
3264,2024-03-18,32.0,26.0,39.94571,-75.15508,23.0,-6.0
3024,2023-04-28,3.0,3.0,39.94822,-75.20908,19.0,0.0
3028,2026-02-09,8.0,8.0,39.94061,-75.14958,15.0,0.0
3155,2026-03-31,22.0,30.0,39.94018,-75.15442,18.0,8.0
3007,2023-06-29,26.0,41.0,39.94517,-75.15993,20.0,15.0
3034,2023-03-14,15.0,16.0,39.93315,-75.16248,16.0,1.0
3254,2025-03-26,7.0,9.0,39.98091,-75.16065,18.0,2.0
3017,2023-09-10,7.0,3.0,39.98003,-75.14371,15.0,-4.0
3115,2025-02-03,9.0,6.0,39.97263,-75.16757,18.0,-3.0
3350,2026-01-26,1.0,0.0,39.99415,-75.15527,20.0,-1.0
3383,2025-01-20,3.0,3.0,39.96634,-75.14222,19.0,0.0
3301,2024-03-19,21.0,24.0,39.95029,-75.17126,15.0,3.0
3257,2024-01-20,1.0,0.0,,,,-1.0
3297,2024-04-19,4.0,3.0,39.95821,-75.16901,19.0,-1.0
3318,2023-08-05,13.0,23.0,39.95182,-75.16395,20.0,10.0
3060,2023-07-25,7.0,14.0,39.95923,-75.17036,19.0,7.0
3168,2025-03-24,13.0,16.0,,,,3.0
3324,2023-08-05,16.0,15.0,39.99484,-75.19242,23.0,-1.0
3278,2025-04-27,3.0,3.0,39.99301,-75.1681,11.0,0.0
3004,2023-01-27,6.0,7.0,39.95371,-75.16423,23.0,1.0
3124,2024-12-03,1.0,2.0,39.95367,-75.13956,17.0,1.0
3212,2023-01-05,9.0,14.0,39.96383,-75.18177,32.0,5.0
3006,2023-09-06,22.0,17.0,39.9522,-75.20311,17.0,-5.0
3326,2024-05-13,5.0,5.0,39.99198,-75.19944,17.0,0.0
3308,2023-07-30,12.0,7.0,,,,-5.0
3025,2023-02-15,26.0,25.0,39.93724,-75.1612,15.0,-1.0
3356,2024-07-21,1.0,2.0,39.89322,-75.17187,19.0,1.0
3282,2025-05-11,1.0,1.0,39.98628,-75.14925,15.0,0.0
3240,2024-11-16,1.0,0.0,39.96277,-75.21185,12.0,-1.0
3037,2025-01-20,7.0,5.0,39.95424,-75.16138,21.0,-2.0
3054,2024-08-29,47.0,41.0,39.9625,-75.1742,35.0,-6.0
3008,2023-02-15,4.0,2.0,39.98081,-75.15067,17.0,-2.0
3098,2023-10-09,19.0,12.0,39.93431,-75.16042,19.0,-7.0
3315,2024-05-22,2.0,2.0,39.94235,-75.21138,13.0,0.0
3233,2023-12-14,0.0,3.0,,,,3.0
3359,2024-12-14,23.0,23.0,39.94888,-75.16978,29.0,0.0
3026,2023-08-15,35.0,34.0,39.94182,-75.1455,17.0,-1.0
3310,2024-12-14,2.0,2.0,39.98024,-75.18651,15.0,0.0
3285,2023-07-28,8.0,8.0,39.95946,-75.14745,19.0,0.0
3292,2023-08-27,7.0,3.0,39.92,-75.1562,17.0,-4.0
3022,2026-01-13,30.0,40.0,39.95472,-75.18323,21.0,10.0
3349,2024-12-04,5.0,5.0,39.93651,-75.18621,17.0,0.0
3029,2023-03-01,23.0,25.0,39.9538,-75.19479,17.0,2.0
3060,2025-09-21,2.0,2.0,39.95923,-75.17036,19.0,0.0
3159,2024-01-06,2.0,3.0,39.95121,-75.19962,23.0,1.0
3204,2024-08-19,23.0,21.0,39.96437,-75.16582,22.0,-2.0
3033,2025-09-16,39.0,38.0,39.95005,-75.15672,20.0,-1.0
3307,2025-08-30,3.0,1.0,40.0028,-75.174,11.0,-2.0
3184,2024-02-02,3.0,2.0,39.94573,-75.19551,22.0,-1.0
3275,2025-09-23,15.0,10.0,39.97576,-75.12157,22.0,-5.0
3182,2024-06-11,28.0,31.0,,,,3.0
3107,2024-12-12,3.0,1.0,39.98203,-75.18866,18.0,-2.0
3017,2023-10-26,12.0,8.0,39.98003,-75.14371,15.0,-4.0
3152,2023-01-03,2.0,2.0,39.94993,-75.20286,17.0,0.0
3037,2023-10-11,26.0,28.0,39.95424,-75.16138,21.0,2.0
3020,2024-06-08,21.0,21.0,39.94855,-75.19007,36.0,0.0
3204,2024-12-11,7.0,6.0,39.96437,-75.16582,22.0,-1.0
3114,2025-01-31,8.0,5.0,39.93775,-75.18012,17.0,-3.0
3265,2025-10-11,5.0,6.0,39.95957,-75.19633,13.0,1.0
3088,2025-10-20,10.0,12.0,39.96984,-75.1418,35.0,2.0
3187,2024-05-23,16.0,14.0,39.95725,-75.17232,19.0,-2.0
3387,2024-10-05,18.0,8.0,39.97012,-75.14666,19.0,-10.0
3345,2024-11-21,5.0,11.0,39.9617,-75.14667,19.0,6.0
3280,2023-04-17,2.0,2.0,39.93968,-75.21362,18.0,0.0
3319,2024-12-30,2.0,5.0,39.96672,-75.12964,16.0,3.0
3188,2023-05-28,13.0,18.0,39.90471,-75.1734,56.0,5.0
3209,2023-10-12,14.0,13.0,39.949,-75.21278,14.0,-1.0
3018,2025-04-22,11.0,20.0,39.95273,-75.15979,18.0,9.0
3099,2023-10-04,14.0,20.0,39.93401,-75.15094,19.0,6.0
3020,2023-05-23,49.0,46.0,39.94855,-75.19007,36.0,-3.0
3286,2025-02-28,10.0,10.0,39.96409,-75.14769,22.0,0.0
3245,2025-07-01,9.0,8.0,39.97887,-75.15777,20.0,-1.0
3336,2025-12-31,3.0,0.0,39.95719,-75.19388,20.0,-3.0
3024,2024-04-08,5.0,2.0,39.94822,-75.20908,19.0,-3.0
3068,2023-01-06,11.0,13.0,39.93549,-75.16711,18.0,2.0
3417,2025-06-26,2.0,1.0,39.99146,-75.14808,15.0,-1.0
3041,2023-02-18,5.0,8.0,39.96849,-75.13546,26.0,3.0
3294,2023-11-05,17.0,15.0,39.95174,-75.17063,21.0,-2.0
3119,2025-12-25,1.0,1.0,39.96674,-75.20799,17.0,0.0
3211,2026-01-14,13.0,11.0,39.97172,-75.1706,22.0,-2.0
3009,2024-09-23,44.0,48.0,39.95576,-75.18982,14.0,4.0
3335,2025-03-27,3.0,7.0,40.02237,-75.218,18.0,4.0
3106,2025-03-20,1.0,0.0,39.99179,-75.18637,17.0,-1.0
3245,2025-05-07,20.0,19.0,39.97887,-75.15777,20.0,-1.0
3112,2026-03-02,10.0,8.0,39.95373,-75.21825,18.0,-2.0
3078,2025-12-07,6.0,6.0,39.95355,-75.17192,18.0,0.0
3102,2024-03-02,9.0,6.0,39.96759,-75.17952,26.0,-3.0
3021,2025-03-16,8.0,9.0,39.9539,-75.16902,34.0,1.0
3283,2023-07-19,4.0,2.0,,,,-2.0
3441,2025-09-21,8.0,9.0,39.96305,-75.17454,5.0,1.0
3187,2023-10-13,14.0,16.0,39.95725,-75.17232,19.0,2.0
3113,2023-03-09,2.0,2.0,39.97472,-75.19781,12.0,0.0
3208,2024-10-29,53.0,62.0,39.95048,-75.19324,28.0,9.0
3226,2025-08-21,5.0,5.0,39.98101,-75.13721,18.0,0.0
3024,2023-08-08,5.0,7.0,39.94822,-75.20908,19.0,2.0
3298,2025-10-20,3.0,4.0,39.94717,-75.20691,15.0,1.0
3396,2025-04-11,2.0,0.0,39.92327,-75.1821,16.0,-2.0
3332,2023-07-02,0.0,2.0,40.00537,-75.18143,12.0,2.0
3068,2023-01-05,17.0,16.0,39.93549,-75.16711,18.0,-1.0
3310,2025-04-02,4.0,0.0,39.98024,-75.18651,15.0,-4.0
3017,2024-05-11,7.0,6.0,39.98003,-75.14371,15.0,-1.0
3368,2025-10-27,3.0,5.0,39.97647,-75.17362,17.0,2.0
3254,2025-03-01,3.0,4.0,39.98091,-75.16065,18.0,1.0
3124,2023-04-02,7.0,9.0,39.95367,-75.13956,17.0,2.0
3116,2025-12-18,8.0,9.0,39.96006,-75.17198,21.0,1.0
3298,2024-09-09,3.0,4.0,39.94717,-75.20691,15.0,1.0
3252,2025-09-23,18.0,21.0,39.93882,-75.19324,14.0,3.0
3374,2025-11-11,14.0,10.0,39.9728,-75.17971,18.0,-4.0
3336,2025-01-02,3.0,4.0,39.95719,-75.19388,20.0,1.0
3005,2023-10-06,10.0,8.0,39.94733,-75.14403,13.0,-2.0
3114,2025-02-21,11.0,5.0,39.93775,-75.18012,17.0,-6.0
3063,2023-06-06,28.0,38.0,39.94633,-75.1698,25.0,10.0
3318,2025-03-11,19.0,24.0,39.95182,-75.16395,20.0,5.0
3296,2026-03-20,35.0,31.0,39.95134,-75.16758,21.0,-4.0
3197,2023-04-13,5.0,5.0,39.92083,-75.17033,23.0,0.0
3351,2024-01-09,1.0,0.0,39.99655,-75.14991,18.0,-1.0
3237,2025-06-06,11.0,10.0,39.91717,-75.17096,21.0,-1.0
3285,2024-05-30,9.0,6.0,39.95946,-75.14745,19.0,-3.0
3354,2025-07-05,4.0,6.0,39.95628,-75.2387,18.0,2.0
3271,2025-02-26,1.0,1.0,39.9476,-75.22946,18.0,0.0
3208,2023-12-16,12.0,5.0,39.95048,-75.19324,28.0,-7.0
3320,2023-04-25,16.0,13.0,39.9746,-75.15917,17.0,-3.0
3210,2025-07-30,14.0,15.0,39.98492,-75.15668,18.0,1.0
3054,2024-12-12,29.0,19.0,39.9625,-75.1742,35.0,-10.0
3019,2025-03-23,3.0,4.0,39.95403,-75.14983,15.0,1.0
3188,2025-10-07,9.0,10.0,39.90471,-75.1734,56.0,1.0
3022,2024-03-14,44.0,48.0,39.95472,-75.18323,21.0,4.0
3279,2025-01-20,1.0,1.0,39.9265,-75.1668,18.0,0.0
3043,2023-10-24,29.0,24.0,,,,-5.0
3310,2026-01-27,1.0,1.0,39.98024,-75.18651,15.0,0.0
3292,2025-04-22,11.0,9.0,39.92,-75.1562,17.0,-2.0
3169,2024-11-06,17.0,20.0,39.95382,-75.14263,17.0,3.0
3247,2023-02-26,1.0,0.0,39.96538,-75.21514,16.0,-1.0
3201,2025-04-29,36.0,40.0,39.95523,-75.1662,20.0,4.0
3329,2024-12-19,1.0,1.0,40.02651,-75.22445,15.0,0.0
3101,2023-11-14,30.0,28.0,39.94295,-75.15955,18.0,-2.0
3098,2025-03-25,13.0,15.0,39.93431,-75.16042,19.0,2.0
3292,2025-02-22,1.0,3.0,39.92,-75.1562,17.0,2.0
3088,2024-08-05,28.0,25.0,39.96984,-75.1418,35.0,-3.0
3063,2024-07-09,35.0,35.0,39.94633,-75.1698,25.0,0.0
3247,2024-05-20,0.0,1.0,39.96538,-75.21514,16.0,1.0
3123,2024-08-24,3.0,2.0,39.98004,-75.17088,16.0,-1.0
3021,2023-04-04,43.0,43.0,39.9539,-75.16902,34.0,0.0
3022,2025-05-06,56.0,55.0,39.95472,-75.18323,21.0,-1.0
3185,2023-02-28,26.0,21.0,39.95169,-75.15888,21.0,-5.0
3110,2024-11-08,40.0,43.0,39.96175,-75.13641,19.0,3.0
3074,2025-12-28,6.0,7.0,39.95511,-75.20987,15.0,1.0
3304,2025-12-29,15.0,7.0,39.94234,-75.15399,21.0,-8.0
3057,2023-08-02,50.0,50.0,39.96439,-75.17987,26.0,0.0
3347,2025-08-10,14.0,16.0,,,,2.0
3359,2025-05-24,39.0,39.0,39.94888,-75.16978,29.0,0.0
3236,2023-09-30,21.0,18.0,39.96566,-75.17765,18.0,-3.0
3266,2024-05-15,10.0,8.0,39.9237,-75.14701,22.0,-2.0
3226,2023-08-24,6.0,5.0,39.98101,-75.13721,18.0,-1.0
3157,2025-08-21,36.0,35.0,39.92545,-75.15954,18.0,-1.0
3156,2023-01-13,9.0,11.0,39.95381,-75.17407,22.0,2.0
3028,2023-04-14,47.0,49.0,39.94061,-75.14958,15.0,2.0
3253,2024-03-04,5.0,5.0,39.93074,-75.18924,21.0,0.0
3334,2024-09-02,10.0,12.0,39.9302,-75.15636,19.0,2.0
3102,2024-09-09,39.0,30.0,39.96759,-75.17952,26.0,-9.0
3246,2025-01-03,5.0,4.0,39.94782,-75.22301,17.0,-1.0
3034,2025-11-21,33.0,32.0,39.93315,-75.16248,16.0,-1.0
3210,2023-03-20,5.0,6.0,39.98492,-75.15668,18.0,1.0
3313,2024-07-14,2.0,2.0,39.9158,-75.1643,9.0,0.0
3382,2024-09-13,24.0,26.0,39.95038,-75.17309,11.0,2.0
3375,2025-12-05,2.0,6.0,39.96036,-75.1402,22.0,4.0
3280,2026-01-01,2.0,4.0,39.93968,-75.21362,18.0,2.0
3357,2025-01-15,0.0,1.0,39.9104,-75.16588,27.0,1.0
3060,2023-09-17,7.0,6.0,39.95923,-75.17036,19.0,-1.0
3226,2023-07-26,10.0,9.0,39.98101,-75.13721,18.0,-1.0
3337,2025-02-17,7.0,8.0,39.97318,-75.14612,15.0,1.0
3417,2025-05-31,1.0,1.0,39.99146,-75.14808,15.0,0.0
3410,2025-04-10,2.0,2.0,39.94201,-75.21838,11.0,0.0
3051,2024-06-05,51.0,44.0,39.96744,-75.17507,37.0,-7.0
3009,2026-01-15,16.0,19.0,39.95576,-75.18982,14.0,3.0
3370,2025-11-06,4.0,3.0,40.0163,-75.21241,16.0,-1.0
3028,2023-02-14,26.0,25.0,39.94061,-75.14958,15.0,-1.0
3241,2023-07-23,0.0,3.0,39.95225,-75.22637,20.0,3.0
3315,2023-10-14,0.0,1.0,39.94235,-75.21138,13.0,1.0
3030,2023-03-16,25.0,22.0,,,,-3.0
3038,2024-08-16,38.0,31.0,39.94781,-75.19409,28.0,-7.0
3371,2025-08-10,17.0,15.0,39.9534,-75.1543,19.0,-2.0
3243,2025-04-01,6.0,5.0,39.9835,-75.14743,12.0,-1.0
3035,2023-08-04,29.0,24.0,39.96271,-75.19419,20.0,-5.0
3187,2025-09-27,13.0,17.0,39.95725,-75.17232,19.0,4.0
3256,2024-05-06,27.0,29.0,39.95269,-75.17779,23.0,2.0
3277,2023-05-09,3.0,1.0,39.98306,-75.16738,20.0,-2.0
3028,2024-08-01,59.0,57.0,39.94061,-75.14958,15.0,-2.0
3051,2025-12-05,20.0,18.0,39.96744,-75.17507,37.0,-2.0
3008,2025-11-27,2.0,2.0,39.98081,-75.15067,17.0,0.0
3251,2024-01-08,0.0,3.0,39.93366,-75.19319,16.0,3.0
3187,2024-03-25,8.0,10.0,39.95725,-75.17232,19.0,2.0
3117,2023-05-19,1.0,1.0,39.97841,-75.22399,14.0,0.0
3267,2024-06-12,9.0,12.0,39.918,-75.1796,12.0,3.0
3240,2024-07-10,0.0,1.0,39.96277,-75.21185,12.0,1.0
3374,2026-01-21,9.0,8.0,39.9728,-75.17971,18.0,-1.0
3336,2024-02-10,8.0,7.0,39.95719,-75.19388,20.0,-1.0
3156,2024-07-20,17.0,22.0,39.95381,-75.17407,22.0,5.0
3066,2024-12-23,20.0,13.0,39.94561,-75.17348,29.0,-7.0
3251,2024-06-19,4.0,4.0,39.93366,-75.19319,16.0,0.0
3041,2025-07-11,38.0,32.0,39.96849,-75.13546,26.0,-6.0
3032,2023-11-06,63.0,66.0,39.94527,-75.17971,20.0,3.0
3376,2024-10-03,10.0,7.0,39.97183,-75.14878,8.0,-3.0
3110,2023-04-11,9.0,7.0,39.96175,-75.13641,19.0,-2.0
3362,2026-02-21,15.0,21.0,39.94816,-75.16226,19.0,6.0
3039,2024-09-25,13.0,9.0,39.97157,-75.15993,17.0,-4.0
3317,2023-09-21,6.0,5.0,,,,-1.0
3032,2023-06-21,41.0,40.0,39.94527,-75.17971,20.0,-1.0
3125,2023-10-01,35.0,30.0,39.94391,-75.16735,16.0,-5.0
3118,2024-04-21,4.0,6.0,39.95866,-75.21323,20.0,2.0
3252,2025-06-20,22.0,20.0,39.93882,-75.19324,14.0,-2.0
3078,2025-03-19,29.0,23.0,39.95355,-75.17192,18.0,-6.0
3435,2026-01-11,1.0,0.0,39.98451,-75.12348,13.0,-1.0
3102,2024-07-14,45.0,39.0,39.96759,-75.17952,26.0,-6.0
3263,2023-09-24,4.0,4.0,39.9586,-75.2081,18.0,0.0
3016,2023-06-07,4.0,8.0,39.96892,-75.1547,15.0,4.0
3009,2026-01-09,13.0,14.0,39.95576,-75.18982,14.0,1.0
3245,2025-11-15,14.0,12.0,39.97887,-75.15777,20.0,-2.0
3153,2023-02-23,4.0,7.0,,,,3.0
3018,2026-03-01,13.0,16.0,39.95273,-75.15979,18.0,3.0
3156,2025-05-22,17.0,21.0,39.95381,-75.17407,22.0,4.0
3387,2025-03-01,1.0,2.0,39.97012,-75.14666,19.0,1.0
3356,2023-12-01,1.0,0.0,39.89322,-75.17187,19.0,-1.0
3336,2023-09-27,24.0,23.0,39.95719,-75.19388,20.0,-1.0
3322,2026-01-09,11.0,15.0,39.93638,-75.15526,13.0,4.0
3107,2025-04-06,8.0,3.0,39.98203,-75.18866,18.0,-5.0
3113,2023-10-10,6.0,4.0,39.97472,-75.19781,12.0,-2.0
3259,2025-03-25,4.0,4.0,39.95998,-75.19883,17.0,0.0
3038,2024-11-08,31.0,42.0,39.94781,-75.19409,28.0,11.0
3039,2024-12-13,3.0,2.0,39.97157,-75.15993,17.0,-1.0
3335,2025-06-11,6.0,8.0,40.02237,-75.218,18.0,2.0
3112,2025-09-07,10.0,11.0,39.95373,-75.21825,18.0,1.0
3271,2025-04-02,1.0,1.0,39.9476,-75.22946,18.0,0.0
3203,2024-03-10,14.0,18.0,39.94077,-75.17227,20.0,4.0
3226,2023-05-17,3.0,3.0,39.98101,-75.13721,18.0,0.0
3275,2025-07-08,2.0,10.0,39.97576,-75.12157,22.0,8.0
3052,2024-01-17,10.0,6.0,39.94732,-75.15695,25.0,-4.0
3099,2024-10-06,8.0,9.0,39.93401,-75.15094,19.0,1.0
3356,2024-04-17,1.0,1.0,39.89322,-75.17187,19.0,0.0
3068,2023-08-21,23.0,25.0,39.93549,-75.16711,18.0,2.0
3265,2025-03-19,12.0,11.0,39.95957,-75.19633,13.0,-1.0
3166,2024-08-23,25.0,24.0,39.97195,-75.13445,22.0,-1.0
3385,2025-07-13,7.0,9.0,39.94974,-75.15424,15.0,2.0
3241,2024-03-07,2.0,3.0,39.95225,-75.22637,20.0,1.0
3324,2024-05-13,4.0,4.0,39.99484,-75.19242,23.0,0.0
3043,2023-05-09,39.0,34.0,,,,-5.0
3348,2024-05-26,12.0,10.0,,,,-2.0
3211,2023-07-10,7.0,6.0,39.97172,-75.1706,22.0,-1.0
3086,2024-09-12,20.0,14.0,39.94019,-75.16691,21.0,-6.0
3046,2023-07-28,50.0,41.0,,,,-9.0
3204,2026-02-18,10.0,9.0,39.96437,-75.16582,22.0,-1.0
3287,2023-09-01,2.0,3.0,39.94367,-75.21606,16.0,1.0
3343,2024-02-06,4.0,6.0,,,,2.0
3286,2024-01-14,6.0,7.0,39.96409,-75.14769,22.0,1.0
3161,2023-05-10,36.0,39.0,39.95486,-75.18091,23.0,3.0
3104,2025-01-15,6.0,3.0,39.96664,-75.19209,13.0,-3.0
3254,2023-08-12,7.0,6.0,39.98091,-75.16065,18.0,-1.0
3052,2024-11-29,8.0,14.0,39.94732,-75.15695,25.0,6.0
3066,2024-01-13,22.0,14.0,39.94561,-75.17348,29.0,-8.0
3088,2025-02-01,7.0,5.0,39.96984,-75.1418,35.0,-2.0
3150,2025-09-07,19.0,19.0,39.92884,-75.17021,17.0,0.0
3049,2024-09-26,19.0,23.0,39.94509,-75.1425,29.0,4.0
3124,2023-09-27,8.0,13.0,39.95367,-75.13956,17.0,5.0
3063,2023-09-05,38.0,40.0,39.94633,-75.1698,25.0,2.0
3183,2024-12-06,1.0,1.0,39.88994,-75.17679,20.0,0.0
3156,2024-10-04,25.0,26.0,39.95381,-75.17407,22.0,1.0
3010,2025-03-03,44.0,50.0,39.94711,-75.16618,22.0,6.0
3381,2024-11-27,4.0,1.0,39.94845,-75.21807,13.0,-3.0
3331,2024-08-14,6.0,8.0,39.97116,-75.12813,20.0,2.0
3314,2024-09-03,23.0,22.0,39.93682,-75.14492,17.0,-1.0
3346,2023-09-18,11.0,16.0,39.94883,-75.15097,17.0,5.0
3338,2024-03-19,1.0,1.0,39.95098,-75.23035,21.0,0.0
3285,2023-03-14,1.0,1.0,39.95946,-75.14745,19.0,0.0
3184,2024-04-13,3.0,3.0,39.94573,-75.19551,22.0,0.0
3259,2023-04-16,8.0,5.0,39.95998,-75.19883,17.0,-3.0
3333,2024-10-13,14.0,14.0,39.9541,-75.16965,25.0,0.0
3245,2025-09-21,19.0,22.0,39.97887,-75.15777,20.0,3.0
3238,2024-02-18,9.0,9.0,39.97674,-75.11995,11.0,0.0
3188,2025-10-05,44.0,26.0,39.90471,-75.1734,56.0,-18.0
3102,2026-03-18,29.0,25.0,39.96759,-75.17952,26.0,-4.0
3258,2025-09-15,4.0,5.0,39.95828,-75.22424,20.0,1.0
3039,2024-12-04,3.0,5.0,39.97157,-75.15993,17.0,2.0
3319,2023-08-06,8.0,7.0,39.96672,-75.12964,16.0,-1.0
3387,2026-01-02,5.0,2.0,39.97012,-75.14666,19.0,-3.0
3210,2025-10-05,17.0,12.0,39.98492,-75.15668,18.0,-5.0
3295,2025-05-17,31.0,33.0,39.95028,-75.16027,21.0,2.0
3394,2025-05-20,13.0,12.0,39.924,-75.16959,14.0,-1.0
3078,2025-06-17,32.0,31.0,39.95355,-75.17192,18.0,-1.0
3110,2026-01-14,13.0,6.0,39.96175,-75.13641,19.0,-7.0
3308,2024-05-04,6.0,5.0,,,,-1.0
3248,2024-10-14,21.0,18.0,39.94213,-75.18335,22.0,-3.0
3183,2025-06-14,2.0,2.0,39.88994,-75.17679,20.0,0.0
3389,2025-07-13,13.0,10.0,39.94431,-75.18128,16.0,-3.0
3233,2023-11-30,2.0,3.0,,,,1.0
3102,2023-10-31,26.0,33.0,39.96759,-75.17952,26.0,7.0
3118,2024-10-05,6.0,9.0,39.95866,-75.21323,20.0,3.0
3114,2023-04-23,16.0,11.0,39.93775,-75.18012,17.0,-5.0
3382,2025-07-02,32.0,29.0,39.95038,-75.17309,11.0,-3.0
3352,2025-07-26,2.0,2.0,40.00143,-75.15256,11.0,0.0
3053,2023-01-20,15.0,12.0,39.93231,-75.18154,19.0,-3.0
3022,2023-10-30,45.0,42.0,39.95472,-75.18323,21.0,-3.0
3037,2024-05-27,20.0,18.0,39.95424,-75.16138,21.0,-2.0
3414,2025-06-18,0.0,1.0,39.93922,-75.22347,13.0,1.0
3033,2023-03-01,19.0,27.0,39.95005,-75.15672,20.0,8.0
3404,2025-11-13,1.0,0.0,39.97347,-75.23491,15.0,-1.0
3035,2023-10-02,31.0,26.0,39.96271,-75.19419,20.0,-5.0
3152,2024-04-08,8.0,4.0,39.94993,-75.20286,17.0,-4.0
3329,2025-08-07,2.0,3.0,40.02651,-75.22445,15.0,1.0
3039,2025-05-07,5.0,7.0,39.97157,-75.15993,17.0,2.0
3077,2024-05-28,11.0,10.0,39.97207,-75.16351,19.0,-1.0
3291,2025-07-26,19.0,19.0,40.01022,-75.197,15.0,0.0
3410,2026-02-28,3.0,2.0,39.94201,-75.21838,11.0,-1.0
3204,2023-08-28,23.0,25.0,39.96437,-75.16582,22.0,2.0
3005,2026-01-07,16.0,17.0,39.94733,-75.14403,13.0,1.0
3072,2023-11-04,16.0,13.0,39.93445,-75.14541,25.0,-3.0
3062,2023-08-31,10.0,16.0,,,,6.0
3098,2024-12-01,5.0,5.0,39.93431,-75.16042,19.0,0.0
3321,2024-11-04,26.0,28.0,39.95485,-75.17298,21.0,2.0
3245,2024-11-10,4.0,7.0,39.97887,-75.15777,20.0,3.0
3184,2024-03-04,2.0,3.0,39.94573,-75.19551,22.0,1.0
3346,2024-06-25,27.0,29.0,39.94883,-75.15097,17.0,2.0
3375,2025-05-04,18.0,14.0,39.96036,-75.1402,22.0,-4.0
3294,2024-03-10,14.0,14.0,39.95174,-75.17063,21.0,0.0
3382,2024-11-09,12.0,13.0,39.95038,-75.17309,11.0,1.0
3373,2025-02-23,10.0,14.0,39.95817,-75.15668,15.0,4.0
3359,2026-01-11,21.0,17.0,39.94888,-75.16978,29.0,-4.0
3298,2023-02-22,1.0,0.0,39.94717,-75.20691,15.0,-1.0
3203,2024-06-29,29.0,26.0,39.94077,-75.17227,20.0,-3.0
3010,2025-04-01,62.0,59.0,39.94711,-75.16618,22.0,-3.0
3354,2023-12-26,1.0,1.0,39.95628,-75.2387,18.0,0.0
3158,2023-02-16,9.0,13.0,39.92552,-75.16904,15.0,4.0
3407,2025-10-20,4.0,8.0,39.9785,-75.13911,15.0,4.0
3422,2025-07-13,5.0,4.0,39.95619,-75.18647,10.0,-1.0
3106,2024-01-08,1.0,1.0,39.99179,-75.18637,17.0,0.0
3158,2023-06-07,11.0,5.0,39.92552,-75.16904,15.0,-6.0
3096,2026-02-17,1.0,1.0,39.99119,-75.17975,14.0,0.0
3325,2025-07-12,12.0,10.0,39.9768,-75.12764,22.0,-2.0
3295,2023-10-27,76.0,88.0,39.95028,-75.16027,21.0,12.0
3035,2023-06-22,23.0,11.0,39.96271,-75.19419,20.0,-12.0
3315,2024-08-16,3.0,0.0,39.94235,-75.21138,13.0,-3.0
3373,2025-04-04,16.0,18.0,39.95817,-75.15668,15.0,2.0
3098,2023-12-22,4.0,9.0,39.93431,-75.16042,19.0,5.0
3159,2025-12-12,15.0,14.0,39.95121,-75.19962,23.0,-1.0
3204,2023-12-11,15.0,13.0,39.96437,-75.16582,22.0,-2.0
3272,2023-02-16,0.0,2.0,39.96405,-75.22048,13.0,2.0
3034,2023-03-21,20.0,20.0,39.93315,-75.16248,16.0,0.0
3331,2026-03-29,6.0,6.0,39.97116,-75.12813,20.0,0.0
3318,2025-08-19,35.0,38.0,39.95182,-75.16395,20.0,3.0
3294,2024-10-01,33.0,36.0,39.95174,-75.17063,21.0,3.0
3211,2023-02-07,6.0,5.0,39.97172,-75.1706,22.0,-1.0
3226,2025-08-31,0.0,2.0,39.98101,-75.13721,18.0,2.0
3283,2023-01-20,1.0,1.0,,,,0.0
3308,2023-12-18,2.0,6.0,,,,4.0
3107,2023-04-01,2.0,6.0,39.98203,-75.18866,18.0,4.0
3347,2025-04-13,11.0,11.0,,,,0.0
3113,2024-10-17,1.0,1.0,39.97472,-75.19781,12.0,0.0
3006,2023-03-15,14.0,16.0,39.9522,-75.20311,17.0,2.0
3253,2025-06-05,4.0,4.0,39.93074,-75.18924,21.0,0.0
3120,2024-01-05,6.0,6.0,39.97522,-75.18669,19.0,0.0
3241,2024-01-01,3.0,1.0,39.95225,-75.22637,20.0,-2.0
3368,2026-03-08,3.0,5.0,39.97647,-75.17362,17.0,2.0
3101,2025-11-29,20.0,20.0,39.94295,-75.15955,18.0,0.0
3360,2024-10-08,21.0,15.0,39.93304,-75.16822,22.0,-6.0
3431,2025-11-27,1.0,2.0,39.96239,-75.24522,15.0,1.0
3268,2024-07-15,5.0,4.0,39.97633,-75.15101,22.0,-1.0
3376,2025-09-15,7.0,8.0,39.97183,-75.14878,8.0,1.0
3299,2023-08-25,16.0,10.0,39.94332,-75.15698,22.0,-6.0
3038,2023-12-12,32.0,22.0,39.94781,-75.19409,28.0,-10.0
3187,2026-03-15,3.0,4.0,39.95725,-75.17232,19.0,1.0
3258,2024-04-06,2.0,5.0,39.95828,-75.22424,20.0,3.0
3235,2024-04-11,16.0,19.0,39.96,-75.1651,15.0,3.0
3164,2025-04-21,22.0,22.0,39.92814,-75.16515,18.0,0.0
3168,2023-10-25,47.0,59.0,,,,12.0
3165,2025-03-19,19.0,21.0,39.95819,-75.1782,22.0,2.0
3344,2023-12-20,1.0,0.0,39.95961,-75.23354,23.0,-1.0
3201,2026-01-19,3.0,3.0,39.95523,-75.1662,20.0,0.0
3029,2026-01-27,3.0,2.0,39.9538,-75.19479,17.0,-1.0
3381,2024-10-16,4.0,8.0,39.94845,-75.21807,13.0,4.0
3051,2023-08-24,26.0,30.0,39.96744,-75.17507,37.0,4.0
3152,2025-06-13,13.0,14.0,39.94993,-75.20286,17.0,1.0
3279,2024-06-06,12.0,16.0,39.9265,-75.1668,18.0,4.0
3005,2025-08-12,29.0,27.0,39.94733,-75.14403,13.0,-2.0
3007,2024-07-03,18.0,13.0,39.94517,-75.15993,20.0,-5.0
3059,2025-10-23,47.0,49.0,39.96244,-75.16121,21.0,2.0
3319,2025-12-31,5.0,8.0,39.96672,-75.12964,16.0,3.0
3165,2025-09-27,25.0,32.0,39.95819,-75.1782,22.0,7.0
3125,2024-01-18,14.0,9.0,39.94391,-75.16735,16.0,-5.0
3261,2023-09-10,10.0,12.0,39.96304,-75.14099,17.0,2.0
3272,2023-07-19,5.0,5.0,39.96405,-75.22048,13.0,0.0
3256,2025-12-28,6.0,8.0,39.95269,-75.17779,23.0,2.0
3297,2023-05-24,7.0,6.0,39.95821,-75.16901,19.0,-1.0
3247,2023-01-28,0.0,1.0,39.96538,-75.21514,16.0,1.0
3359,2026-02-24,20.0,19.0,39.94888,-75.16978,29.0,-1.0
3022,2023-04-13,39.0,47.0,39.95472,-75.18323,21.0,8.0
3035,2023-09-10,10.0,9.0,39.96271,-75.19419,20.0,-1.0
3259,2025-08-02,12.0,12.0,39.95998,-75.19883,17.0,0.0
3157,2023-04-21,20.0,25.0,39.92545,-75.15954,18.0,5.0
3395,2026-01-17,5.0,1.0,39.93866,-75.16351,13.0,-4.0
3022,2024-05-28,65.0,73.0,39.95472,-75.18323,21.0,8.0
3435,2025-10-01,11.0,12.0,39.98451,-75.12348,13.0,1.0
3062,2025-11-02,8.0,8.0,,,,0.0
3052,2026-02-06,10.0,14.0,39.94732,-75.15695,25.0,4.0
3211,2024-08-14,9.0,9.0,39.97172,-75.1706,22.0,0.0
3381,2024-09-16,4.0,8.0,39.94845,-75.21807,13.0,4.0
3414,2026-03-06,0.0,4.0,39.93922,-75.22347,13.0,4.0
3030,2023-05-13,14.0,23.0,,,,9.0
3211,2024-06-19,5.0,7.0,39.97172,-75.1706,22.0,2.0
3102,2026-03-30,29.0,27.0,39.96759,-75.17952,26.0,-2.0
3251,2026-03-28,1.0,4.0,39.93366,-75.19319,16.0,3.0
3182,2025-06-25,21.0,28.0,,,,7.0
3337,2025-11-28,3.0,4.0,39.97318,-75.14612,15.0,1.0
3329,2023-11-24,6.0,3.0,40.02651,-75.22445,15.0,-3.0
3328,2024-07-16,4.0,5.0,39.98798,-75.1995,23.0,1.0
3100,2025-11-07,22.0,30.0,39.92777,-75.15103,38.0,8.0
3362,2024-08-28,36.0,37.0,39.94816,-75.16226,19.0,1.0
3203,2025-03-21,26.0,21.0,39.94077,-75.17227,20.0,-5.0
3395,2026-02-07,0.0,1.0,39.93866,-75.16351,13.0,1.0
3236,2023-08-07,16.0,21.0,39.96566,-75.17765,18.0,5.0
3112,2024-06-26,16.0,17.0,39.95373,-75.21825,18.0,1.0
3371,2025-10-01,24.0,25.0,39.9534,-75.1543,19.0,1.0
3234,2023-02-08,6.0,10.0,,,,4.0
3107,2025-10-16,9.0,7.0,39.98203,-75.18866,18.0,-2.0
3120,2023-11-20,11.0,12.0,39.97522,-75.18669,19.0,1.0
3032,2026-01-30,5.0,6.0,39.94527,-75.17971,20.0,1.0
3041,2025-05-26,26.0,26.0,39.96849,-75.13546,26.0,0.0
3271,2024-11-22,2.0,3.0,39.9476,-75.22946,18.0,1.0
3397,2026-02-20,10.0,12.0,39.93906,-75.17824,15.0,2.0
3019,2025-05-30,5.0,5.0,39.95403,-75.14983,15.0,0.0
3261,2024-08-08,11.0,15.0,39.96304,-75.14099,17.0,4.0
3052,2024-06-08,27.0,25.0,39.94732,-75.15695,25.0,-2.0
3077,2023-05-07,9.0,8.0,39.97207,-75.16351,19.0,-1.0
3035,2025-08-10,19.0,22.0,39.96271,-75.19419,20.0,3.0
3304,2024-08-27,37.0,30.0,39.94234,-75.15399,21.0,-7.0
3168,2025-03-27,37.0,30.0,,,,-7.0
3400,2025-06-02,31.0,22.0,39.949,-75.16081,18.0,-9.0
3119,2026-01-07,2.0,2.0,39.96674,-75.20799,17.0,0.0
3322,2025-02-28,19.0,17.0,39.93638,-75.15526,13.0,-2.0
3441,2025-12-01,13.0,10.0,39.96305,-75.17454,5.0,-3.0
3029,2025-08-09,30.0,36.0,39.9538,-75.19479,17.0,6.0
3325,2024-05-03,4.0,2.0,39.9768,-75.12764,22.0,-2.0
3210,2023-11-08,3.0,5.0,39.98492,-75.15668,18.0,2.0
3056,2023-03-12,3.0,7.0,39.97669,-75.15813,22.0,4.0
3295,2023-11-13,49.0,54.0,39.95028,-75.16027,21.0,5.0
3053,2024-05-14,33.0,24.0,39.93231,-75.18154,19.0,-9.0
3200,2025-02-19,4.0,4.0,39.97583,-75.16846,17.0,0.0
3324,2026-03-29,11.0,16.0,39.99484,-75.19242,23.0,5.0
3060,2023-04-17,6.0,6.0,39.95923,-75.17036,19.0,0.0
3010,2024-06-07,71.0,86.0,39.94711,-75.16618,22.0,15.0
3115,2026-01-08,6.0,5.0,39.97263,-75.16757,18.0,-1.0
3277,2024-03-11,1.0,2.0,39.98306,-75.16738,20.0,1.0
3268,2023-10-13,1.0,1.0,39.97633,-75.15101,22.0,0.0
3267,2024-05-19,8.0,5.0,39.918,-75.1796,12.0,-3.0
3342,2026-01-25,3.0,3.0,39.9639,-75.17385,20.0,0.0
3116,2024-12-20,5.0,8.0,39.96006,-75.17198,21.0,3.0
3061,2023-09-21,45.0,40.0,,,,-5.0
3168,2023-12-28,18.0,21.0,,,,3.0
3292,2025-07-23,13.0,12.0,39.92,-75.1562,17.0,-1.0
3026,2025-09-26,35.0,36.0,39.94182,-75.1455,17.0,1.0
3299,2023-01-28,11.0,9.0,39.94332,-75.15698,22.0,-2.0
3300,2026-01-01,2.0,1.0,39.95511,-75.16287,13.0,-1.0
3165,2025-12-17,11.0,12.0,39.95819,-75.1782,22.0,1.0
3287,2025-05-17,4.0,7.0,39.94367,-75.21606,16.0,3.0
3280,2023-06-06,2.0,3.0,39.93968,-75.21362,18.0,1.0
3354,2024-05-22,3.0,3.0,39.95628,-75.2387,18.0,0.0
3017,2024-01-25,8.0,9.0,39.98003,-75.14371,15.0,1.0
3347,2024-03-12,13.0,18.0,,,,5.0
3304,2025-08-04,32.0,28.0,39.94234,-75.15399,21.0,-4.0
3321,2025-12-01,13.0,14.0,39.95485,-75.17298,21.0,1.0
3168,2024-02-24,18.0,24.0,,,,6.0
3320,2024-06-20,15.0,17.0,39.9746,-75.15917,17.0,2.0
3342,2023-11-19,20.0,26.0,39.9639,-75.17385,20.0,6.0
3064,2023-05-23,23.0,29.0,39.9384,-75.17327,22.0,6.0
3246,2023-03-23,6.0,5.0,39.94782,-75.22301,17.0,-1.0
3017,2025-04-13,7.0,7.0,39.98003,-75.14371,15.0,0.0
3073,2024-04-08,8.0,10.0,39.96143,-75.15242,15.0,2.0
3022,2025-02-03,32.0,28.0,39.95472,-75.18323,21.0,-4.0
3261,2023-12-11,9.0,10.0,39.96304,-75.14099,17.0,1.0
3187,2024-02-07,10.0,10.0,39.95725,-75.17232,19.0,0.0
3301,2025-10-01,46.0,45.0,39.95029,-75.17126,15.0,-1.0
3322,2024-01-20,3.0,6.0,39.93638,-75.15526,13.0,3.0
3099,2023-05-03,6.0,4.0,39.93401,-75.15094,19.0,-2.0
3028,2023-10-29,32.0,30.0,39.94061,-75.14958,15.0,-2.0
3265,2023-03-25,4.0,0.0,39.95957,-75.19633,13.0,-4.0
3183,2025-12-17,3.0,5.0,39.88994,-75.17679,20.0,2.0
3275,2026-02-12,5.0,7.0,39.97576,-75.12157,22.0,2.0
3162,2024-12-19,14.0,18.0,39.94595,-75.18475,34.0,4.0
3007,2026-02-06,7.0,6.0,39.94517,-75.15993,20.0,-1.0
3344,2024-01-26,2.0,1.0,39.95961,-75.23354,23.0,-1.0
3204,2023-06-17,17.0,12.0,39.96437,-75.16582,22.0,-5.0
3303,2024-09-30,18.0,14.0,39.9559,-75.2053,20.0,-4.0
3060,2024-04-23,11.0,8.0,39.95923,-75.17036,19.0,-3.0
3156,2024-12-23,3.0,8.0,39.95381,-75.17407,22.0,5.0
3249,2025-05-13,8.0,9.0,39.95784,-75.19079,22.0,1.0
3067,2023-05-27,7.0,6.0,39.96411,-75.19973,17.0,-1.0
3292,2024-09-23,9.0,10.0,39.92,-75.1562,17.0,1.0
3252,2023-03-26,4.0,6.0,39.93882,-75.19324,14.0,2.0
3375,2025-12-17,7.0,6.0,39.96036,-75.1402,22.0,-1.0
3208,2025-12-01,49.0,40.0,39.95048,-75.19324,28.0,-9.0
3337,2023-07-13,13.0,16.0,39.97318,-75.14612,15.0,3.0
3096,2025-09-26,2.0,3.0,39.99119,-75.17975,14.0,1.0
3287,2026-02-03,4.0,1.0,39.94367,-75.21606,16.0,-3.0
3162,2024-07-07,8.0,12.0,39.94595,-75.18475,34.0,4.0
3249,2024-10-25,21.0,21.0,39.95784,-75.19079,22.0,0.0
3314,2025-03-17,11.0,8.0,39.93682,-75.14492,17.0,-3.0
3155,2023-08-26,21.0,25.0,39.94018,-75.15442,18.0,4.0
3324,2024-04-27,16.0,11.0,39.99484,-75.19242,23.0,-5.0
3372,2025-04-21,3.0,4.0,39.92528,-75.18672,15.0,1.0
3357,2025-09-03,1.0,1.0,39.9104,-75.16588,27.0,0.0
3325,2024-09-01,9.0,6.0,39.9768,-75.12764,22.0,-3.0
3361,2025-08-08,35.0,36.0,39.93082,-75.17474,21.0,1.0
3168,2025-12-05,29.0,19.0,,,,-10.0
3303,2023-10-01,8.0,11.0,39.9559,-75.2053,20.0,3.0
3301,2025-10-06,48.0,48.0,39.95029,-75.17126,15.0,0.0
3377,2024-02-21,2.0,1.0,,,,-1.0
3056,2024-06-30,9.0,13.0,39.97669,-75.15813,22.0,4.0
3333,2025-08-04,32.0,32.0,39.9541,-75.16965,25.0,0.0
3268,2025-03-02,0.0,1.0,39.97633,-75.15101,22.0,1.0
3434,2025-09-20,18.0,21.0,39.97487,-75.13286,15.0,3.0
3440,2025-12-04,1.0,3.0,39.98306,-75.10836,13.0,2.0
3235,2024-09-02,12.0,13.0,39.96,-75.1651,15.0,1.0
3049,2025-06-23,26.0,19.0,39.94509,-75.1425,29.0,-7.0
3285,2023-05-05,8.0,8.0,39.95946,-75.14745,19.0,0.0
3005,2024-03-17,14.0,14.0,39.94733,-75.14403,13.0,0.0
3056,2026-03-21,10.0,16.0,39.97669,-75.15813,22.0,6.0
3388,2025-08-19,4.0,2.0,39.96634,-75.15097,19.0,-2.0
3008,2023-06-20,11.0,14.0,39.98081,-75.15067,17.0,3.0
3200,2025-02-20,2.0,4.0,39.97583,-75.16846,17.0,2.0
3057,2024-04-01,10.0,10.0,39.96439,-75.17987,26.0,0.0
3116,2024-10-25,11.0,8.0,39.96006,-75.17198,21.0,-3.0
3308,2023-10-16,14.0,14.0,,,,0.0
3347,2023-10-26,12.0,13.0,,,,1.0
3015,2025-07-19,11.0,10.0,39.94735,-75.14886,11.0,-1.0
3054,2023-01-19,14.0,13.0,39.9625,-75.1742,35.0,-1.0
3363,2025-06-17,31.0,32.0,39.94655,-75.16263,17.0,1.0
3292,2024-05-17,7.0,8.0,39.92,-75.1562,17.0,1.0
3236,2023-05-30,13.0,10.0,39.96566,-75.17765,18.0,-3.0
3254,2025-06-23,10.0,8.0,39.98091,-75.16065,18.0,-2.0
3369,2026-03-18,1.0,0.0,40.00772,-75.19194,16.0,-1.0
3211,2025-12-22,8.0,6.0,39.97172,-75.1706,22.0,-2.0
3049,2025-06-20,33.0,40.0,39.94509,-75.1425,29.0,7.0
3032,2025-02-21,34.0,38.0,39.94527,-75.17971,20.0,4.0
3043,2023-02-01,12.0,13.0,,,,1.0
3018,2025-01-30,17.0,19.0,39.95273,-75.15979,18.0,2.0
3007,2025-08-05,36.0,31.0,39.94517,-75.15993,20.0,-5.0
3334,2025-03-12,15.0,17.0,39.9302,-75.15636,19.0,2.0
3207,2024-10-24,39.0,38.0,39.95441,-75.192,20.0,-1.0
3307,2025-10-13,1.0,0.0,40.0028,-75.174,11.0,-1.0
3300,2024-12-08,19.0,11.0,39.95511,-75.16287,13.0,-8.0
3339,2023-10-28,8.0,8.0,,,,0.0
3356,2025-11-18,1.0,0.0,39.89322,-75.17187,19.0,-1.0
3200,2024-04-22,4.0,3.0,39.97583,-75.16846,17.0,-1.0
3388,2025-05-28,2.0,2.0,39.96634,-75.15097,19.0,0.0
3006,2026-01-04,2.0,2.0,39.9522,-75.20311,17.0,0.0
3337,2026-01-20,9.0,6.0,39.97318,-75.14612,15.0,-3.0
3212,2025-08-21,9.0,10.0,39.96383,-75.18177,32.0,1.0
3410,2025-08-05,6.0,6.0,39.94201,-75.21838,11.0,0.0
3055,2025-07-07,11.0,12.0,39.95112,-75.15457,15.0,1.0
3077,2025-05-09,9.0,1.0,39.97207,-75.16351,19.0,-8.0
3244,2023-10-06,54.0,52.0,,,,-2.0
3196,2024-03-29,1.0,3.0,39.98717,-75.17477,17.0,2.0
3093,2024-06-06,7.0,8.0,39.98837,-75.18701,16.0,1.0
3018,2023-05-06,28.0,20.0,39.95273,-75.15979,18.0,-8.0
3062,2024-09-02,5.0,5.0,,,,0.0
3241,2026-02-27,8.0,5.0,39.95225,-75.22637,20.0,-3.0
3021,2024-02-04,8.0,8.0,39.9539,-75.16902,34.0,0.0
3101,2026-03-13,32.0,21.0,39.94295,-75.15955,18.0,-11.0
3336,2024-09-16,19.0,21.0,39.95719,-75.19388,20.0,2.0
3041,2024-11-19,15.0,14.0,39.96849,-75.13546,26.0,-1.0
3157,2023-08-18,23.0,23.0,39.92545,-75.15954,18.0,0.0
3088,2023-09-08,8.0,16.0,39.96984,-75.1418,35.0,8.0
3342,2025-01-04,6.0,1.0,39.9639,-75.17385,20.0,-5.0
3246,2024-09-16,8.0,5.0,39.94782,-75.22301,17.0,-3.0
3235,2024-09-22,19.0,23.0,39.96,-75.1651,15.0,4.0
3029,2023-11-20,34.0,27.0,39.9538,-75.19479,17.0,-7.0
3093,2026-03-31,3.0,3.0,39.98837,-75.18701,16.0,0.0
3399,2025-05-05,9.0,11.0,39.97502,-75.14006,15.0,2.0
3292,2025-05-12,14.0,18.0,39.92,-75.1562,17.0,4.0
3061,2023-10-27,27.0,24.0,,,,-3.0
3348,2024-08-06,9.0,8.0,,,,-1.0
3152,2023-12-23,3.0,2.0,39.94993,-75.20286,17.0,-1.0
3015,2024-08-10,13.0,10.0,39.94735,-75.14886,11.0,-3.0
3018,2024-07-08,24.0,24.0,39.95273,-75.15979,18.0,0.0
3031,2023-02-17,5.0,3.0,39.98005,-75.15522,21.0,-2.0
3166,2025-12-12,8.0,10.0,39.97195,-75.13445,22.0,2.0
3374,2024-12-25,2.0,6.0,39.9728,-75.17971,18.0,4.0
3350,2024-08-28,1.0,5.0,39.99415,-75.15527,20.0,4.0
3099,2026-01-07,11.0,10.0,39.93401,-75.15094,19.0,-1.0
3066,2023-12-05,45.0,38.0,39.94561,-75.17348,29.0,-7.0
3104,2025-06-21,13.0,10.0,39.96664,-75.19209,13.0,-3.0
3349,2025-11-03,13.0,12.0,39.93651,-75.18621,17.0,-1.0
3019,2025-10-12,1.0,1.0,39.95403,-75.14983,15.0,0.0
3008,2025-11-07,9.0,11.0,39.98081,-75.15067,17.0,2.0
3361,2025-11-02,23.0,26.0,39.93082,-75.17474,21.0,3.0
3378,2024-03-22,6.0,7.0,39.95238,-75.14728,18.0,1.0
3005,2023-08-02,15.0,14.0,39.94733,-75.14403,13.0,-1.0
3316,2024-04-23,12.0,14.0,39.92255,-75.17337,19.0,2.0
3056,2024-10-31,10.0,8.0,39.97669,-75.15813,22.0,-2.0
3029,2024-11-17,20.0,18.0,39.9538,-75.19479,17.0,-2.0
3340,2026-03-08,12.0,16.0,39.96906,-75.18169,17.0,4.0
3296,2024-09-25,56.0,60.0,39.95134,-75.16758,21.0,4.0
3354,2024-10-18,4.0,4.0,39.95628,-75.2387,18.0,0.0
3313,2025-04-08,3.0,1.0,39.9158,-75.1643,9.0,-2.0
3347,2025-11-03,10.0,14.0,,,,4.0
3308,2023-12-08,8.0,9.0,,,,1.0
3072,2023-10-11,14.0,22.0,39.93445,-75.14541,25.0,8.0
3365,2024-09-29,19.0,18.0,39.96173,-75.18788,17.0,-1.0
3357,2024-08-15,20.0,21.0,39.9104,-75.16588,27.0,1.0
3182,2024-08-28,27.0,29.0,,,,2.0
3077,2023-03-15,2.0,2.0,39.97207,-75.16351,19.0,0.0
3272,2024-04-08,2.0,1.0,39.96405,-75.22048,13.0,-1.0
3181,2026-03-18,1.0,1.0,39.89629,-75.17514,20.0,0.0
3152,2023-01-15,0.0,1.0,39.94993,-75.20286,17.0,1.0
3304,2024-01-08,24.0,27.0,39.94234,-75.15399,21.0,3.0
3064,2024-02-11,10.0,14.0,39.9384,-75.17327,22.0,4.0
3286,2025-12-18,7.0,7.0,39.96409,-75.14769,22.0,0.0
3273,2023-08-11,12.0,12.0,,,,0.0
3072,2024-08-19,15.0,25.0,39.93445,-75.14541,25.0,10.0
3418,2025-12-21,1.0,2.0,40.00924,-75.15198,17.0,1.0
3398,2025-03-05,3.0,4.0,39.91551,-75.15474,15.0,1.0
3074,2025-06-22,16.0,14.0,39.95511,-75.20987,15.0,-2.0
3248,2024-11-19,12.0,16.0,39.94213,-75.18335,22.0,4.0
3278,2025-04-30,0.0,2.0,39.99301,-75.1681,11.0,2.0
3266,2024-09-19,19.0,19.0,39.9237,-75.14701,22.0,0.0
3316,2024-05-08,9.0,15.0,39.92255,-75.17337,19.0,6.0
3124,2026-01-01,3.0,5.0,39.95367,-75.13956,17.0,2.0
3049,2023-07-28,15.0,21.0,39.94509,-75.1425,29.0,6.0
3264,2023-03-04,7.0,2.0,39.94571,-75.15508,23.0,-5.0
3252,2024-08-16,8.0,9.0,39.93882,-75.19324,14.0,1.0
3346,2024-07-13,31.0,30.0,39.94883,-75.15097,17.0,-1.0
3392,2025-07-17,7.0,7.0,39.93633,-75.19447,13.0,0.0
3275,2026-01-03,1.0,3.0,39.97576,-75.12157,22.0,2.0
3284,2023-12-01,1.0,1.0,40.01112,-75.19287,14.0,0.0
3294,2023-10-27,23.0,31.0,39.95174,-75.17063,21.0,8.0
3049,2023-08-07,24.0,20.0,39.94509,-75.1425,29.0,-4.0
3252,2023-12-17,3.0,0.0,39.93882,-75.19324,14.0,-3.0
3298,2023-12-11,1.0,0.0,39.94717,-75.20691,15.0,-1.0
3361,2025-07-08,24.0,20.0,39.93082,-75.17474,21.0,-4.0
3273,2023-07-16,3.0,3.0,,,,0.0
3354,2024-06-13,11.0,14.0,39.95628,-75.2387,18.0,3.0
3060,2023-04-30,3.0,1.0,39.95923,-75.17036,19.0,-2.0
3261,2023-01-23,7.0,6.0,39.96304,-75.14099,17.0,-1.0
3038,2024-01-12,31.0,32.0,39.94781,-75.19409,28.0,1.0
3303,2024-04-11,14.0,8.0,39.9559,-75.2053,20.0,-6.0
3162,2026-02-18,16.0,10.0,39.94595,-75.18475,34.0,-6.0
3054,2025-06-21,41.0,40.0,39.9625,-75.1742,35.0,-1.0
3291,2023-06-02,1.0,1.0,40.01022,-75.197,15.0,0.0
3399,2025-06-19,12.0,9.0,39.97502,-75.14006,15.0,-3.0
3345,2026-03-31,20.0,23.0,39.9617,-75.14667,19.0,3.0
3373,2024-09-19,29.0,27.0,39.95817,-75.15668,15.0,-2.0
3250,2023-09-22,8.0,6.0,39.95673,-75.14575,17.0,-2.0
3390,2024-12-27,2.0,2.0,39.96,-75.2244,18.0,0.0
3249,2023-08-04,7.0,8.0,39.95784,-75.19079,22.0,1.0
3356,2024-06-13,7.0,5.0,39.89322,-75.17187,19.0,-2.0
3258,2023-02-07,4.0,4.0,39.95828,-75.22424,20.0,0.0
3114,2023-09-02,18.0,16.0,39.93775,-75.18012,17.0,-2.0
3236,2026-02-01,1.0,0.0,39.96566,-75.17765,18.0,-1.0
3187,2025-11-17,7.0,12.0,39.95725,-75.17232,19.0,5.0
3317,2023-06-30,2.0,3.0,,,,1.0
3012,2025-08-11,48.0,42.0,39.94218,-75.17747,27.0,-6.0
3054,2023-08-09,34.0,38.0,39.9625,-75.1742,35.0,4.0
3203,2025-08-31,18.0,13.0,39.94077,-75.17227,20.0,-5.0
3201,2025-12-26,7.0,5.0,39.95523,-75.1662,20.0,-2.0
3237,2023-05-10,5.0,5.0,39.91717,-75.17096,21.0,0.0
3261,2024-08-22,26.0,29.0,39.96304,-75.14099,17.0,3.0
3125,2025-08-10,23.0,31.0,39.94391,-75.16735,16.0,8.0
3212,2024-11-28,7.0,2.0,39.96383,-75.18177,32.0,-5.0
3016,2024-04-16,5.0,4.0,39.96892,-75.1547,15.0,-1.0
3243,2023-08-08,2.0,2.0,39.9835,-75.14743,12.0,0.0
3357,2024-03-14,0.0,1.0,39.9104,-75.16588,27.0,1.0
3336,2026-02-17,10.0,16.0,39.95719,-75.19388,20.0,6.0
3119,2026-01-15,2.0,1.0,39.96674,-75.20799,17.0,-1.0
3376,2024-12-14,4.0,0.0,39.97183,-75.14878,8.0,-4.0
3068,2026-03-20,11.0,11.0,39.93549,-75.16711,18.0,0.0
3113,2026-02-06,0.0,1.0,39.97472,-75.19781,12.0,1.0
3190,2023-02-10,37.0,40.0,,,,3.0
3104,2025-09-13,12.0,17.0,39.96664,-75.19209,13.0,5.0
3020,2023-05-04,35.0,25.0,39.94855,-75.19007,36.0,-10.0
3344,2023-12-26,2.0,2.0,39.95961,-75.23354,23.0,0.0
3047,2025-06-17,22.0,26.0,39.95073,-75.14947,20.0,4.0
3352,2025-12-16,2.0,1.0,40.00143,-75.15256,11.0,-1.0
3295,2025-03-21,35.0,30.0,39.95028,-75.16027,21.0,-5.0
3310,2026-03-01,1.0,2.0,39.98024,-75.18651,15.0,1.0
3256,2024-01-05,16.0,15.0,39.95269,-75.17779,23.0,-1.0
3439,2026-01-22,2.0,1.0,39.99033,-75.12759,15.0,-1.0
3062,2025-01-31,3.0,5.0,,,,2.0
3182,2023-03-18,15.0,22.0,,,,7.0
3437,2026-02-28,5.0,6.0,39.93931,-75.20336,15.0,1.0
3019,2024-03-18,4.0,4.0,39.95403,-75.14983,15.0,0.0
3093,2024-11-11,4.0,3.0,39.98837,-75.18701,16.0,-1.0
3342,2024-11-08,9.0,14.0,39.9639,-75.17385,20.0,5.0
3037,2024-05-28,25.0,29.0,39.95424,-75.16138,21.0,4.0
3365,2025-04-15,10.0,8.0,39.96173,-75.18788,17.0,-2.0
3035,2025-12-10,16.0,13.0,39.96271,-75.19419,20.0,-3.0
3301,2025-03-17,20.0,18.0,39.95029,-75.17126,15.0,-2.0
3115,2025-03-05,6.0,5.0,39.97263,-75.16757,18.0,-1.0
3116,2023-12-25,2.0,3.0,39.96006,-75.17198,21.0,1.0
3255,2024-09-06,31.0,31.0,39.95095,-75.16438,15.0,0.0
3294,2024-07-27,28.0,24.0,39.95174,-75.17063,21.0,-4.0
3161,2025-12-23,11.0,19.0,39.95486,-75.18091,23.0,8.0
3365,2025-03-11,8.0,6.0,39.96173,-75.18788,17.0,-2.0
3418,2025-10-03,3.0,2.0,40.00924,-75.15198,17.0,-1.0
3018,2023-07-26,26.0,26.0,39.95273,-75.15979,18.0,0.0
3032,2023-06-12,28.0,32.0,39.94527,-75.17971,20.0,4.0
3055,2023-01-14,11.0,2.0,39.95112,-75.15457,15.0,-9.0
3034,2025-07-30,40.0,40.0,39.93315,-75.16248,16.0,0.0
3026,2023-07-16,19.0,18.0,39.94182,-75.1455,17.0,-1.0
3361,2025-12-20,19.0,20.0,39.93082,-75.17474,21.0,1.0
3237,2026-02-13,6.0,5.0,39.91717,-75.17096,21.0,-1.0
3256,2026-01-29,15.0,11.0,39.95269,-75.17779,23.0,-4.0
3052,2024-10-07,40.0,37.0,39.94732,-75.15695,25.0,-3.0
3337,2025-05-20,15.0,13.0,39.97318,-75.14612,15.0,-2.0
3203,2025-09-07,20.0,22.0,39.94077,-75.17227,20.0,2.0
3235,2024-06-06,21.0,20.0,39.96,-75.1651,15.0,-1.0
3261,2024-09-20,27.0,18.0,39.96304,-75.14099,17.0,-9.0
3196,2025-01-03,1.0,1.0,39.98717,-75.17477,17.0,0.0
3107,2024-05-15,3.0,1.0,39.98203,-75.18866,18.0,-2.0
3259,2026-02-28,5.0,4.0,39.95998,-75.19883,17.0,-1.0
3394,2025-03-18,9.0,9.0,39.924,-75.16959,14.0,0.0
3120,2023-11-27,4.0,9.0,39.97522,-75.18669,19.0,5.0
3365,2024-11-11,12.0,12.0,39.96173,-75.18788,17.0,0.0
3382,2025-12-07,10.0,10.0,39.95038,-75.17309,11.0,0.0
3106,2024-07-15,3.0,2.0,39.99179,-75.18637,17.0,-1.0
3019,2025-12-18,10.0,6.0,39.95403,-75.14983,15.0,-4.0
3034,2024-07-23,31.0,30.0,39.93315,-75.16248,16.0,-1.0
3088,2023-02-08,8.0,10.0,39.96984,-75.1418,35.0,2.0
3356,2023-11-29,1.0,0.0,39.89322,-75.17187,19.0,-1.0
3241,2024-06-05,9.0,3.0,39.95225,-75.22637,20.0,-6.0
3033,2024-01-17,6.0,6.0,39.95005,-75.15672,20.0,0.0
3334,2024-07-12,17.0,23.0,39.9302,-75.15636,19.0,6.0
3275,2025-10-22,9.0,7.0,39.97576,-75.12157,22.0,-2.0
3012,2024-08-11,19.0,18.0,39.94218,-75.17747,27.0,-1.0
3183,2026-01-12,4.0,3.0,39.88994,-75.17679,20.0,-1.0
3097,2025-05-10,13.0,10.0,39.97888,-75.13339,18.0,-3.0
3110,2026-03-05,6.0,5.0,39.96175,-75.13641,19.0,-1.0
3196,2025-05-28,1.0,1.0,39.98717,-75.17477,17.0,0.0
3212,2023-11-04,22.0,31.0,39.96383,-75.18177,32.0,9.0
3054,2025-06-07,34.0,23.0,39.9625,-75.1742,35.0,-11.0
3038,2024-08-31,11.0,12.0,39.94781,-75.19409,28.0,1.0
3329,2023-05-11,4.0,3.0,40.02651,-75.22445,15.0,-1.0
3267,2023-10-19,6.0,9.0,39.918,-75.1796,12.0,3.0
3015,2024-09-16,14.0,15.0,39.94735,-75.14886,11.0,1.0
3166,2023-09-25,3.0,4.0,39.97195,-75.13445,22.0,1.0
3067,2024-03-11,2.0,1.0,39.96411,-75.19973,17.0,-1.0
3371,2024-02-05,6.0,9.0,39.9534,-75.1543,19.0,3.0
3160,2025-12-09,9.0,8.0,39.95662,-75.19862,41.0,-1.0
3207,2025-11-21,32.0,27.0,39.95441,-75.192,20.0,-5.0
3007,2025-06-23,23.0,25.0,39.94517,-75.15993,20.0,2.0
3370,2025-07-05,10.0,10.0,40.0163,-75.21241,16.0,0.0
3016,2023-12-17,0.0,1.0,39.96892,-75.1547,15.0,1.0
3024,2025-01-25,1.0,0.0,39.94822,-75.20908,19.0,-1.0
3392,2025-08-10,0.0,2.0,39.93633,-75.19447,13.0,2.0
3267,2023-12-16,2.0,3.0,39.918,-75.1796,12.0,1.0
3014,2024-12-28,6.0,2.0,39.95886,-75.17369,25.0,-4.0
3257,2024-08-27,9.0,13.0,,,,4.0
3200,2025-05-11,3.0,0.0,39.97583,-75.16846,17.0,-3.0
3075,2025-11-24,15.0,19.0,39.96718,-75.16125,12.0,4.0
3116,2026-01-01,4.0,4.0,39.96006,-75.17198,21.0,0.0
3057,2025-03-04,6.0,4.0,39.96439,-75.17987,26.0,-2.0
3409,2025-04-07,2.0,2.0,39.95508,-75.15128,20.0,0.0
3022,2024-03-08,19.0,31.0,39.95472,-75.18323,21.0,12.0
3021,2025-04-06,12.0,9.0,39.9539,-75.16902,34.0,-3.0
3211,2025-01-14,7.0,5.0,39.97172,-75.1706,22.0,-2.0
3255,2025-08-24,32.0,39.0,39.95095,-75.16438,15.0,7.0
3169,2023-07-05,22.0,17.0,39.95382,-75.14263,17.0,-5.0
3251,2024-06-26,3.0,3.0,39.93366,-75.19319,16.0,0.0
3049,2025-12-26,2.0,1.0,39.94509,-75.1425,29.0,-1.0
3272,2023-05-21,2.0,1.0,39.96405,-75.22048,13.0,-1.0
3009,2023-08-09,36.0,36.0,39.95576,-75.18982,14.0,0.0
3067,2025-09-19,11.0,8.0,39.96411,-75.19973,17.0,-3.0
3287,2024-08-23,6.0,3.0,39.94367,-75.21606,16.0,-3.0
3343,2024-09-01,7.0,8.0,,,,1.0
3291,2023-11-15,2.0,1.0,40.01022,-75.197,15.0,-1.0
3028,2024-10-12,48.0,48.0,39.94061,-75.14958,15.0,0.0
3236,2023-05-23,21.0,17.0,39.96566,-75.17765,18.0,-4.0
3063,2024-12-05,32.0,25.0,39.94633,-75.1698,25.0,-7.0
3299,2024-08-15,23.0,22.0,39.94332,-75.15698,22.0,-1.0
3373,2024-02-08,4.0,7.0,39.95817,-75.15668,15.0,3.0
3285,2023-06-30,14.0,11.0,39.95946,-75.14745,19.0,-3.0
3021,2025-06-04,33.0,33.0,39.9539,-75.16902,34.0,0.0
3296,2024-02-24,24.0,25.0,39.95134,-75.16758,21.0,1.0
3434,2025-12-07,1.0,2.0,39.97487,-75.13286,15.0,1.0
3041,2025-04-20,10.0,11.0,39.96849,-75.13546,26.0,1.0
3062,2024-01-25,7.0,3.0,,,,-4.0
3100,2024-03-01,22.0,21.0,39.92777,-75.15103,38.0,-1.0
3051,2023-07-16,7.0,10.0,39.96744,-75.17507,37.0,3.0
3378,2024-10-17,12.0,12.0,39.95238,-75.14728,18.0,0.0
3041,2026-03-28,33.0,18.0,39.96849,-75.13546,26.0,-15.0
3256,2025-02-02,12.0,12.0,39.95269,-75.17779,23.0,0.0
3267,2023-07-31,5.0,5.0,39.918,-75.1796,12.0,0.0
3363,2025-11-29,17.0,22.0,39.94655,-75.16263,17.0,5.0
3155,2024-03-24,14.0,10.0,39.94018,-75.15442,18.0,-4.0
3382,2025-06-24,24.0,20.0,39.95038,-75.17309,11.0,-4.0
3069,2026-02-18,20.0,16.0,39.93704,-75.15038,23.0,-4.0
3311,2024-05-19,5.0,7.0,,,,2.0
3154,2023-07-21,37.0,35.0,39.95924,-75.15821,16.0,-2.0
3097,2025-09-21,19.0,21.0,39.97888,-75.13339,18.0,2.0
3099,2025-05-27,13.0,19.0,39.93401,-75.15094,19.0,6.0
3052,2025-05-28,11.0,12.0,39.94732,-75.15695,25.0,1.0
3017,2025-04-23,13.0,12.0,39.98003,-75.14371,15.0,-1.0
3381,2025-05-08,9.0,6.0,39.94845,-75.21807,13.0,-3.0
3417,2026-03-31,4.0,4.0,39.99146,-75.14808,15.0,0.0
3161,2024-05-22,39.0,39.0,39.95486,-75.18091,23.0,0.0
3097,2024-03-15,10.0,5.0,39.97888,-75.13339,18.0,-5.0
3123,2025-07-22,7.0,6.0,39.98004,-75.17088,16.0,-1.0
3197,2026-01-17,4.0,4.0,39.92083,-75.17033,23.0,0.0
3259,2025-12-12,13.0,8.0,39.95998,-75.19883,17.0,-5.0
3324,2024-08-08,1.0,0.0,39.99484,-75.19242,23.0,-1.0
3233,2024-10-20,2.0,5.0,,,,3.0
3049,2024-08-03,24.0,31.0,39.94509,-75.1425,29.0,7.0
3382,2025-08-25,39.0,39.0,39.95038,-75.17309,11.0,0.0
3237,2023-11-17,7.0,3.0,39.91717,-75.17096,21.0,-4.0
3250,2024-09-05,9.0,7.0,39.95673,-75.14575,17.0,-2.0
3388,2024-07-22,2.0,2.0,39.96634,-75.15097,19.0,0.0
3208,2024-11-01,55.0,56.0,39.95048,-75.19324,28.0,1.0
3205,2023-04-22,10.0,9.0,39.95405,-75.16783,22.0,-1.0
3328,2024-03-05,1.0,0.0,39.98798,-75.1995,23.0,-1.0
3063,2024-09-07,31.0,27.0,39.94633,-75.1698,25.0,-4.0
3162,2024-10-30,25.0,23.0,39.94595,-75.18475,34.0,-2.0
3154,2025-10-03,23.0,24.0,39.95924,-75.15821,16.0,1.0
3280,2024-07-15,1.0,0.0,39.93968,-75.21362,18.0,-1.0
3365,2026-03-03,8.0,8.0,39.96173,-75.18788,17.0,0.0
3210,2025-05-05,12.0,12.0,39.98492,-75.15668,18.0,0.0
3070,2023-07-19,7.0,12.0,,,,5.0
3393,2025-11-11,11.0,8.0,39.96727,-75.13999,18.0,-3.0
3280,2024-06-22,1.0,2.0,39.93968,-75.21362,18.0,1.0
3073,2026-03-24,22.0,11.0,39.96143,-75.15242,15.0,-11.0
3296,2024-03-07,42.0,46.0,39.95134,-75.16758,21.0,4.0
3307,2025-08-19,1.0,1.0,40.0028,-75.174,11.0,0.0
3347,2025-11-30,6.0,3.0,,,,-3.0
3336,2025-03-02,3.0,6.0,39.95719,-75.19388,20.0,3.0
3057,2023-03-19,11.0,8.0,39.96439,-75.17987,26.0,-3.0
3181,2025-11-11,1.0,0.0,39.89629,-75.17514,20.0,-1.0
3267,2025-04-16,6.0,8.0,39.918,-75.1796,12.0,2.0
3314,2026-03-07,7.0,5.0,39.93682,-75.14492,17.0,-2.0
3322,2024-08-22,17.0,18.0,39.93638,-75.15526,13.0,1.0
3010,2024-01-28,21.0,17.0,39.94711,-75.16618,22.0,-4.0
3245,2024-04-16,25.0,19.0,39.97887,-75.15777,20.0,-6.0
3154,2025-10-15,23.0,23.0,39.95924,-75.15821,16.0,0.0
3069,2025-05-23,25.0,18.0,39.93704,-75.15038,23.0,-7.0
3261,2025-12-22,6.0,6.0,39.96304,-75.14099,17.0,0.0
3123,2024-06-11,3.0,4.0,39.98004,-75.17088,16.0,1.0
3249,2025-03-21,5.0,8.0,39.95784,-75.19079,22.0,3.0
3294,2023-10-25,26.0,32.0,39.95174,-75.17063,21.0,6.0
3434,2026-03-14,7.0,6.0,39.97487,-75.13286,15.0,-1.0
3258,2023-02-03,3.0,2.0,39.95828,-75.22424,20.0,-1.0
3156,2025-11-13,27.0,33.0,39.95381,-75.17407,22.0,6.0
3264,2025-12-28,7.0,5.0,39.94571,-75.15508,23.0,-2.0
3020,2023-01-20,26.0,25.0,39.94855,-75.19007,36.0,-1.0
3255,2024-03-22,18.0,20.0,39.95095,-75.16438,15.0,2.0
3185,2023-08-01,45.0,49.0,39.95169,-75.15888,21.0,4.0
3057,2024-03-24,29.0,26.0,39.96439,-75.17987,26.0,-3.0
3249,2024-09-01,13.0,13.0,39.95784,-75.19079,22.0,0.0
3244,2024-12-31,36.0,34.0,,,,-2.0
3205,2025-10-02,35.0,36.0,39.95405,-75.16783,22.0,1.0
3075,2023-08-10,22.0,21.0,39.96718,-75.16125,12.0,-1.0
3204,2024-03-26,15.0,14.0,39.96437,-75.16582,22.0,-1.0
3423,2025-09-08,1.0,0.0,40.02826,-75.21106,15.0,-1.0
3304,2024-11-25,21.0,22.0,39.94234,-75.15399,21.0,1.0
3166,2024-01-16,0.0,2.0,39.97195,-75.13445,22.0,2.0
3032,2026-01-09,33.0,46.0,39.94527,-75.17971,20.0,13.0
3246,2024-07-16,8.0,13.0,39.94782,-75.22301,17.0,5.0
3377,2024-09-07,8.0,11.0,,,,3.0
3039,2025-02-02,2.0,2.0,39.97157,-75.15993,17.0,0.0
3347,2024-03-05,10.0,6.0,,,,-4.0
3104,2025-01-03,6.0,5.0,39.96664,-75.19209,13.0,-1.0
3063,2023-12-24,6.0,6.0,39.94633,-75.1698,25.0,0.0
3321,2024-06-17,15.0,12.0,39.95485,-75.17298,21.0,-3.0
3307,2024-12-02,0.0,1.0,40.0028,-75.174,11.0,1.0
3244,2023-01-27,19.0,16.0,,,,-3.0
3008,2024-07-07,3.0,5.0,39.98081,-75.15067,17.0,2.0
3357,2024-12-09,1.0,3.0,39.9104,-75.16588,27.0,2.0
3267,2023-09-08,9.0,8.0,39.918,-75.1796,12.0,-1.0
3331,2025-03-31,7.0,6.0,39.97116,-75.12813,20.0,-1.0
3238,2024-04-12,19.0,19.0,39.97674,-75.11995,11.0,0.0
3314,2025-04-27,10.0,7.0,39.93682,-75.14492,17.0,-3.0
3012,2024-04-15,33.0,32.0,39.94218,-75.17747,27.0,-1.0
3088,2024-01-28,2.0,3.0,39.96984,-75.1418,35.0,1.0
3296,2026-03-18,20.0,35.0,39.95134,-75.16758,21.0,15.0
3181,2023-06-28,2.0,2.0,39.89629,-75.17514,20.0,0.0
3060,2024-07-18,14.0,11.0,39.95923,-75.17036,19.0,-3.0
3236,2024-08-02,14.0,12.0,39.96566,-75.17765,18.0,-2.0
3052,2023-09-06,61.0,61.0,39.94732,-75.15695,25.0,0.0
3012,2023-03-18,23.0,23.0,39.94218,-75.17747,27.0,0.0
3168,2025-01-19,2.0,6.0,,,,4.0
3208,2024-05-26,18.0,19.0,39.95048,-75.19324,28.0,1.0
3303,2026-01-18,2.0,2.0,39.9559,-75.2053,20.0,0.0
3060,2025-03-13,7.0,9.0,39.95923,-75.17036,19.0,2.0
3241,2024-07-18,5.0,6.0,39.95225,-75.22637,20.0,1.0
3035,2024-05-19,23.0,20.0,39.96271,-75.19419,20.0,-3.0
3161,2024-12-19,36.0,30.0,39.95486,-75.18091,23.0,-6.0
3286,2024-05-27,11.0,10.0,39.96409,-75.14769,22.0,-1.0
3165,2024-05-21,33.0,34.0,39.95819,-75.1782,22.0,1.0
3392,2024-10-23,6.0,6.0,39.93633,-75.19447,13.0,0.0
3061,2025-08-15,30.0,28.0,,,,-2.0
3393,2026-01-19,7.0,8.0,39.96727,-75.13999,18.0,1.0
3261,2025-07-12,13.0,17.0,39.96304,-75.14099,17.0,4.0
3051,2023-03-06,16.0,13.0,39.96744,-75.17507,37.0,-3.0
3300,2023-04-04,8.0,7.0,39.95511,-75.16287,13.0,-1.0
3271,2024-04-19,5.0,5.0,39.9476,-75.22946,18.0,0.0
3236,2025-07-16,14.0,11.0,39.96566,-75.17765,18.0,-3.0
3045,2023-03-10,23.0,24.0,,,,1.0
3304,2025-06-26,34.0,34.0,39.94234,-75.15399,21.0,0.0
3344,2025-06-05,2.0,2.0,39.95961,-75.23354,23.0,0.0
3319,2025-09-01,23.0,20.0,39.96672,-75.12964,16.0,-3.0
3210,2023-07-06,13.0,8.0,39.98492,-75.15668,18.0,-5.0
3321,2023-12-12,9.0,9.0,39.95485,-75.17298,21.0,0.0
3184,2026-03-30,15.0,13.0,39.94573,-75.19551,22.0,-2.0
3395,2025-07-30,23.0,18.0,39.93866,-75.16351,13.0,-5.0
3115,2026-01-12,5.0,7.0,39.97263,-75.16757,18.0,2.0
3150,2023-08-16,18.0,26.0,39.92884,-75.17021,17.0,8.0
3112,2025-02-20,6.0,6.0,39.95373,-75.21825,18.0,0.0
3275,2025-06-16,6.0,8.0,39.97576,-75.12157,22.0,2.0
3247,2025-11-29,1.0,1.0,39.96538,-75.21514,16.0,0.0
3381,2025-08-12,12.0,6.0,39.94845,-75.21807,13.0,-6.0
3033,2023-02-27,18.0,27.0,39.95005,-75.15672,20.0,9.0
3040,2023-04-06,16.0,13.0,39.96289,-75.16606,21.0,-3.0
3052,2024-04-08,36.0,38.0,39.94732,-75.15695,25.0,2.0
3026,2024-08-16,31.0,32.0,39.94182,-75.1455,17.0,1.0
3097,2023-10-23,9.0,7.0,39.97888,-75.13339,18.0,-2.0
3355,2023-12-31,5.0,4.0,,,,-1.0
3362,2026-03-25,35.0,33.0,39.94816,-75.16226,19.0,-2.0
3318,2025-07-11,35.0,36.0,39.95182,-75.16395,20.0,1.0
3325,2025-06-28,20.0,16.0,39.9768,-75.12764,22.0,-4.0
3346,2023-08-15,16.0,15.0,39.94883,-75.15097,17.0,-1.0
3032,2023-05-07,43.0,38.0,39.94527,-75.17971,20.0,-5.0
3306,2024-06-30,1.0,1.0,39.99683,-75.17761,11.0,0.0
3334,2023-07-26,16.0,23.0,39.9302,-75.15636,19.0,7.0
3256,2025-11-27,4.0,8.0,39.95269,-75.17779,23.0,4.0
3414,2025-11-06,2.0,3.0,39.93922,-75.22347,13.0,1.0
3292,2023-01-29,3.0,3.0,39.92,-75.1562,17.0,0.0
3061,2025-12-15,14.0,10.0,,,,-4.0
3107,2024-10-21,6.0,6.0,39.98203,-75.18866,18.0,0.0
3054,2024-05-02,44.0,40.0,39.9625,-75.1742,35.0,-4.0
3319,2026-01-05,4.0,4.0,39.96672,-75.12964,16.0,0.0
3250,2024-08-09,2.0,2.0,39.95673,-75.14575,17.0,0.0
3154,2023-02-22,22.0,20.0,39.95924,-75.15821,16.0,-2.0
3062,2025-03-02,2.0,1.0,,,,-1.0
3022,2023-07-11,41.0,47.0,39.95472,-75.18323,21.0,6.0
3361,2026-02-28,20.0,23.0,39.93082,-75.17474,21.0,3.0
3240,2026-03-25,1.0,0.0,39.96277,-75.21185,12.0,-1.0
3208,2023-09-10,15.0,21.0,39.95048,-75.19324,28.0,6.0
3096,2023-08-05,2.0,2.0,39.99119,-75.17975,14.0,0.0
3006,2024-05-10,7.0,5.0,39.9522,-75.20311,17.0,-2.0
3187,2024-07-12,5.0,9.0,39.95725,-75.17232,19.0,4.0
3093,2026-03-30,1.0,2.0,39.98837,-75.18701,16.0,1.0
3237,2024-11-22,4.0,2.0,39.91717,-75.17096,21.0,-2.0
3033,2024-12-15,7.0,16.0,39.95005,-75.15672,20.0,9.0
3257,2024-06-28,7.0,15.0,,,,8.0
3156,2024-05-23,32.0,11.0,39.95381,-75.17407,22.0,-21.0
3264,2025-07-31,24.0,28.0,39.94571,-75.15508,23.0,4.0
3244,2023-05-16,44.0,51.0,,,,7.0
3322,2025-02-03,8.0,5.0,39.93638,-75.15526,13.0,-3.0
3204,2024-03-13,26.0,22.0,39.96437,-75.16582,22.0,-4.0
3339,2023-11-03,1.0,3.0,,,,2.0
3043,2023-08-31,26.0,28.0,,,,2.0
3061,2024-05-13,41.0,37.0,,,,-4.0
3029,2023-06-25,15.0,18.0,39.9538,-75.19479,17.0,3.0
3152,2025-05-12,7.0,4.0,39.94993,-75.20286,17.0,-3.0
3303,2024-09-22,11.0,11.0,39.9559,-75.2053,20.0,0.0
3315,2024-02-22,1.0,0.0,39.94235,-75.21138,13.0,-1.0
3183,2024-09-26,1.0,4.0,39.88994,-75.17679,20.0,3.0
3058,2023-04-03,28.0,31.0,,,,3.0
3185,2025-10-13,32.0,34.0,39.95169,-75.15888,21.0,2.0
3283,2023-12-10,0.0,1.0,,,,1.0
3327,2025-10-31,3.0,3.0,39.97759,-75.12442,17.0,0.0
3118,2023-10-02,7.0,5.0,39.95866,-75.21323,20.0,-2.0
3062,2023-05-31,11.0,13.0,,,,2.0
3037,2025-03-19,25.0,27.0,39.95424,-75.16138,21.0,2.0
3316,2024-05-15,8.0,7.0,39.92255,-75.17337,19.0,-1.0
3207,2024-12-25,0.0,4.0,39.95441,-75.192,20.0,4.0
3059,2026-02-05,19.0,20.0,39.96244,-75.16121,21.0,1.0
3124,2025-01-03,1.0,2.0,39.95367,-75.13956,17.0,1.0
3271,2023-06-15,6.0,3.0,39.9476,-75.22946,18.0,-3.0
3063,2024-06-16,42.0,39.0,39.94633,-75.1698,25.0,-3.0
3005,2025-11-12,21.0,21.0,39.94733,-75.14403,13.0,0.0
3241,2023-10-06,11.0,8.0,39.95225,-75.22637,20.0,-3.0
3338,2024-10-02,5.0,4.0,39.95098,-75.23035,21.0,-1.0
3059,2025-02-28,28.0,28.0,39.96244,-75.16121,21.0,0.0
3070,2023-02-02,1.0,2.0,,,,1.0
3102,2025-06-03,42.0,39.0,39.96759,-75.17952,26.0,-3.0
3113,2025-06-29,6.0,7.0,39.97472,-75.19781,12.0,1.0
3069,2025-10-16,32.0,25.0,39.93704,-75.15038,23.0,-7.0
3088,2023-01-24,6.0,12.0,39.96984,-75.1418,35.0,6.0
3077,2023-06-14,13.0,8.0,39.97207,-75.16351,19.0,-5.0
3156,2024-11-26,16.0,15.0,39.95381,-75.17407,22.0,-1.0
3341,2025-01-14,5.0,6.0,39.98131,-75.12732,20.0,1.0
3243,2024-01-13,1.0,0.0,39.9835,-75.14743,12.0,-1.0
3101,2025-05-10,25.0,22.0,39.94295,-75.15955,18.0,-3.0
3098,2023-11-07,21.0,17.0,39.93431,-75.16042,19.0,-4.0
3261,2024-03-27,5.0,10.0,39.96304,-75.14099,17.0,5.0
3417,2025-06-14,0.0,2.0,39.99146,-75.14808,15.0,2.0
3029,2024-05-19,21.0,17.0,39.9538,-75.19479,17.0,-4.0
3308,2024-06-06,15.0,19.0,,,,4.0
3024,2024-01-21,0.0,1.0,39.94822,-75.20908,19.0,1.0
3323,2023-07-03,1.0,0.0,40.02796,-75.2277,18.0,-1.0
3114,2023-10-24,35.0,27.0,39.93775,-75.18012,17.0,-8.0
3321,2023-05-07,6.0,8.0,39.95485,-75.17298,21.0,2.0
3078,2024-09-18,44.0,45.0,39.95355,-75.17192,18.0,1.0
3170,2023-10-05,9.0,15.0,,,,6.0
3313,2023-10-03,6.0,8.0,39.9158,-75.1643,9.0,2.0
3162,2024-12-18,14.0,13.0,39.94595,-75.18475,34.0,-1.0
3026,2023-12-28,9.0,8.0,39.94182,-75.1455,17.0,-1.0
3400,2025-04-02,15.0,11.0,39.949,-75.16081,18.0,-4.0
3059,2023-07-09,12.0,12.0,39.96244,-75.16121,21.0,0.0
3200,2025-08-21,8.0,8.0,39.97583,-75.16846,17.0,0.0
3099,2024-06-23,11.0,14.0,39.93401,-75.15094,19.0,3.0
3259,2025-05-15,4.0,3.0,39.95998,-75.19883,17.0,-1.0
3078,2023-12-15,10.0,21.0,39.95355,-75.17192,18.0,11.0
3038,2025-01-24,25.0,20.0,39.94781,-75.19409,28.0,-5.0
3113,2024-12-21,1.0,2.0,39.97472,-75.19781,12.0,1.0
3058,2025-12-31,10.0,13.0,,,,3.0
3102,2024-07-08,35.0,32.0,39.96759,-75.17952,26.0,-3.0
3058,2026-01-11,9.0,10.0,,,,1.0
3208,2023-04-13,60.0,57.0,39.95048,-75.19324,28.0,-3.0
3245,2025-10-30,10.0,7.0,39.97887,-75.15777,20.0,-3.0
3041,2024-11-18,15.0,14.0,39.96849,-75.13546,26.0,-1.0
3035,2024-12-14,10.0,6.0,39.96271,-75.19419,20.0,-4.0
3209,2024-08-15,19.0,13.0,39.949,-75.21278,14.0,-6.0
3326,2026-03-21,9.0,9.0,39.99198,-75.19944,17.0,0.0
3291,2025-09-27,11.0,12.0,40.01022,-75.197,15.0,1.0
3279,2025-03-17,6.0,0.0,39.9265,-75.1668,18.0,-6.0
3016,2023-07-23,6.0,3.0,39.96892,-75.1547,15.0,-3.0
3075,2025-09-09,36.0,32.0,39.96718,-75.16125,12.0,-4.0
3316,2025-06-17,10.0,13.0,39.92255,-75.17337,19.0,3.0
3320,2025-11-01,8.0,4.0,39.9746,-75.15917,17.0,-4.0
3238,2024-03-12,28.0,24.0,39.97674,-75.11995,11.0,-4.0
3035,2024-09-22,16.0,15.0,39.96271,-75.19419,20.0,-1.0
3396,2026-02-10,2.0,2.0,39.92327,-75.1821,16.0,0.0
3304,2025-07-27,19.0,17.0,39.94234,-75.15399,21.0,-2.0
3005,2025-06-13,31.0,27.0,39.94733,-75.14403,13.0,-4.0
3210,2024-09-25,16.0,15.0,39.98492,-75.15668,18.0,-1.0
3340,2023-11-23,8.0,5.0,39.96906,-75.18169,17.0,-3.0
3294,2023-06-01,28.0,31.0,39.95174,-75.17063,21.0,3.0
3353,2025-09-12,3.0,2.0,40.00496,-75.15233,22.0,-1.0
3299,2023-08-08,20.0,20.0,39.94332,-75.15698,22.0,0.0
3257,2023-12-13,6.0,6.0,,,,0.0
3313,2025-08-07,3.0,5.0,39.9158,-75.1643,9.0,2.0
3033,2023-12-02,13.0,6.0,39.95005,-75.15672,20.0,-7.0
3304,2025-09-29,27.0,40.0,39.94234,-75.15399,21.0,13.0
3097,2024-02-08,4.0,4.0,39.97888,-75.13339,18.0,0.0
3348,2024-05-21,15.0,10.0,,,,-5.0
3037,2023-02-26,15.0,12.0,39.95424,-75.16138,21.0,-3.0
3264,2025-11-04,38.0,35.0,39.94571,-75.15508,23.0,-3.0
3017,2025-02-15,4.0,7.0,39.98003,-75.14371,15.0,3.0
3445,2026-03-30,5.0,5.0,39.97235,-75.13426,3.0,0.0
3425,2025-06-23,7.0,7.0,39.9849,-75.13255,15.0,0.0
3244,2025-03-04,28.0,33.0,,,,5.0
3251,2024-03-01,3.0,4.0,39.93366,-75.19319,16.0,1.0
3005,2025-10-20,35.0,28.0,39.94733,-75.14403,13.0,-7.0
3364,2024-02-07,20.0,15.0,,,,-5.0
3039,2023-01-19,2.0,1.0,39.97157,-75.15993,17.0,-1.0
3093,2023-09-17,4.0,6.0,39.98837,-75.18701,16.0,2.0
3345,2023-11-05,10.0,20.0,39.9617,-75.14667,19.0,10.0
3031,2023-11-24,3.0,4.0,39.98005,-75.15522,21.0,1.0
3038,2026-01-04,6.0,6.0,39.94781,-75.19409,28.0,0.0
3265,2025-03-16,4.0,2.0,39.95957,-75.19633,13.0,-2.0
3065,2023-09-22,10.0,9.0,39.9707,-75.15171,15.0,-1.0
3125,2026-03-29,24.0,27.0,39.94391,-75.16735,16.0,3.0
3387,2025-06-02,5.0,6.0,39.97012,-75.14666,19.0,1.0
3056,2023-09-05,21.0,17.0,39.97669,-75.15813,22.0,-4.0
3278,2025-10-24,3.0,3.0,39.99301,-75.1681,11.0,0.0
3301,2024-10-15,40.0,41.0,39.95029,-75.17126,15.0,1.0
3325,2025-05-04,3.0,5.0,39.9768,-75.12764,22.0,2.0
3210,2023-07-03,7.0,7.0,39.98492,-75.15668,18.0,0.0
3014,2023-11-21,5.0,5.0,39.95886,-75.17369,25.0,0.0
3061,2023-12-11,19.0,22.0,,,,3.0
3276,2024-08-08,5.0,2.0,39.96569,-75.15679,18.0,-3.0
3019,2023-02-12,1.0,3.0,39.95403,-75.14983,15.0,2.0
3038,2023-11-08,39.0,38.0,39.94781,-75.19409,28.0,-1.0
3212,2025-12-15,1.0,0.0,39.96383,-75.18177,32.0,-1.0
3040,2025-05-12,22.0,23.0,39.96289,-75.16606,21.0,1.0
3387,2024-12-29,6.0,8.0,39.97012,-75.14666,19.0,2.0
3248,2025-07-31,14.0,11.0,39.94213,-75.18335,22.0,-3.0
3393,2024-12-04,10.0,9.0,39.96727,-75.13999,18.0,-1.0
3062,2024-05-16,17.0,15.0,,,,-2.0
3368,2024-07-27,1.0,1.0,39.97647,-75.17362,17.0,0.0
3369,2025-09-15,6.0,9.0,40.00772,-75.19194,16.0,3.0
3286,2024-08-24,9.0,8.0,39.96409,-75.14769,22.0,-1.0
3200,2023-10-10,5.0,8.0,39.97583,-75.16846,17.0,3.0
3340,2026-02-17,11.0,10.0,39.96906,-75.18169,17.0,-1.0
3055,2026-01-29,5.0,3.0,39.95112,-75.15457,15.0,-2.0
3009,2024-02-27,23.0,21.0,39.95576,-75.18982,14.0,-2.0
3123,2024-06-10,4.0,5.0,39.98004,-75.17088,16.0,1.0
3378,2026-02-10,4.0,3.0,39.95238,-75.14728,18.0,-1.0
3107,2024-01-29,3.0,1.0,39.98203,-75.18866,18.0,-2.0
3061,2023-08-10,24.0,27.0,,,,3.0
3086,2025-06-03,20.0,14.0,39.94019,-75.16691,21.0,-6.0
3118,2025-09-28,7.0,11.0,39.95866,-75.21323,20.0,4.0
3100,2024-04-20,19.0,20.0,39.92777,-75.15103,38.0,1.0
3282,2023-05-28,1.0,2.0,39.98628,-75.14925,15.0,1.0
3056,2025-04-03,7.0,8.0,39.97669,-75.15813,22.0,1.0
3318,2024-10-04,40.0,40.0,39.95182,-75.16395,20.0,0.0
3096,2023-04-20,1.0,1.0,39.99119,-75.17975,14.0,0.0
3237,2023-04-02,2.0,3.0,39.91717,-75.17096,21.0,1.0
3427,2025-12-10,1.0,0.0,39.97961,-75.11844,14.0,-1.0
3246,2023-11-13,6.0,9.0,39.94782,-75.22301,17.0,3.0
3158,2025-10-16,14.0,17.0,39.92552,-75.16904,15.0,3.0
3327,2024-07-30,2.0,3.0,39.97759,-75.12442,17.0,1.0
3182,2026-03-21,18.0,25.0,,,,7.0
3060,2026-01-02,5.0,5.0,39.95923,-75.17036,19.0,0.0
3405,2025-12-21,6.0,1.0,39.94167,-75.16502,16.0,-5.0
3258,2025-08-02,4.0,2.0,39.95828,-75.22424,20.0,-2.0
3019,2023-03-23,2.0,1.0,39.95403,-75.14983,15.0,-1.0
3018,2025-06-01,40.0,37.0,39.95273,-75.15979,18.0,-3.0
3052,2026-01-04,9.0,8.0,39.94732,-75.15695,25.0,-1.0
3016,2023-06-15,6.0,5.0,39.96892,-75.1547,15.0,-1.0
3325,2025-05-23,7.0,6.0,39.9768,-75.12764,22.0,-1.0
3030,2023-04-08,17.0,14.0,,,,-3.0
3005,2025-11-07,36.0,41.0,39.94733,-75.14403,13.0,5.0
3339,2023-07-16,1.0,4.0,,,,3.0
3308,2023-10-23,11.0,9.0,,,,-2.0
3240,2023-10-25,3.0,3.0,39.96277,-75.21185,12.0,0.0
3093,2024-06-04,6.0,6.0,39.98837,-75.18701,16.0,0.0
3196,2026-03-31,1.0,2.0,39.98717,-75.17477,17.0,1.0
3277,2025-06-02,8.0,9.0,39.98306,-75.16738,20.0,1.0
3207,2024-09-24,39.0,38.0,39.95441,-75.192,20.0,-1.0
3040,2025-10-08,32.0,33.0,39.96289,-75.16606,21.0,1.0
3244,2024-10-01,42.0,49.0,,,,7.0
3265,2025-07-16,10.0,8.0,39.95957,-75.19633,13.0,-2.0
3069,2025-02-06,11.0,13.0,39.93704,-75.15038,23.0,2.0
3258,2025-04-23,8.0,9.0,39.95828,-75.22424,20.0,1.0
3069,2024-05-06,15.0,17.0,39.93704,-75.15038,23.0,2.0
3124,2023-04-18,5.0,9.0,39.95367,-75.13956,17.0,4.0
3282,2025-06-28,1.0,1.0,39.98628,-75.14925,15.0,0.0
3124,2025-03-24,4.0,3.0,39.95367,-75.13956,17.0,-1.0
3347,2025-06-01,10.0,7.0,,,,-3.0
3213,2026-03-26,65.0,60.0,39.93887,-75.16663,25.0,-5.0
3304,2024-07-14,35.0,27.0,39.94234,-75.15399,21.0,-8.0
3331,2024-07-12,7.0,10.0,39.97116,-75.12813,20.0,3.0
3322,2024-07-19,19.0,18.0,39.93638,-75.15526,13.0,-1.0
3150,2025-05-31,20.0,17.0,39.92884,-75.17021,17.0,-3.0
3077,2023-11-28,6.0,7.0,39.97207,-75.16351,19.0,1.0
3099,2023-04-03,9.0,12.0,39.93401,-75.15094,19.0,3.0
3005,2025-03-07,8.0,9.0,39.94733,-75.14403,13.0,1.0
3298,2023-07-09,2.0,1.0,39.94717,-75.20691,15.0,-1.0
3287,2024-07-09,4.0,5.0,39.94367,-75.21606,16.0,1.0
3266,2025-07-26,8.0,12.0,39.9237,-75.14701,22.0,4.0
3357,2025-01-07,1.0,0.0,39.9104,-75.16588,27.0,-1.0
3117,2023-05-20,1.0,0.0,39.97841,-75.22399,14.0,-1.0
3292,2023-04-11,4.0,4.0,39.92,-75.1562,17.0,0.0
3368,2024-10-23,5.0,4.0,39.97647,-75.17362,17.0,-1.0
3159,2023-07-07,23.0,28.0,39.95121,-75.19962,23.0,5.0
3019,2023-03-04,6.0,4.0,39.95403,-75.14983,15.0,-2.0
3030,2023-12-05,18.0,13.0,,,,-5.0
3340,2025-02-14,40.0,38.0,39.96906,-75.18169,17.0,-2.0
3282,2023-08-15,2.0,3.0,39.98628,-75.14925,15.0,1.0
3208,2025-10-15,60.0,51.0,39.95048,-75.19324,28.0,-9.0
3351,2024-05-20,0.0,1.0,39.99655,-75.14991,18.0,1.0
3158,2025-11-27,4.0,6.0,39.92552,-75.16904,15.0,2.0
3052,2023-04-27,41.0,40.0,39.94732,-75.15695,25.0,-1.0
3267,2025-01-02,2.0,1.0,39.918,-75.1796,12.0,-1.0
3054,2024-04-21,31.0,30.0,39.9625,-75.1742,35.0,-1.0
3303,2023-07-17,11.0,7.0,39.9559,-75.2053,20.0,-4.0
3009,2025-08-03,22.0,22.0,39.95576,-75.18982,14.0,0.0
3166,2026-03-14,9.0,15.0,39.97195,-75.13445,22.0,6.0
3327,2024-07-19,2.0,6.0,39.97759,-75.12442,17.0,4.0
3251,2025-01-14,1.0,1.0,39.93366,-75.19319,16.0,0.0
3256,2025-07-21,54.0,43.0,39.95269,-75.17779,23.0,-11.0
3209,2024-01-27,13.0,10.0,39.949,-75.21278,14.0,-3.0
3326,2023-09-01,1.0,1.0,39.99198,-75.19944,17.0,0.0
3435,2025-07-31,1.0,2.0,39.98451,-75.12348,13.0,1.0
3017,2025-04-12,7.0,9.0,39.98003,-75.14371,15.0,2.0
3184,2023-02-11,1.0,1.0,39.94573,-75.19551,22.0,0.0
3350,2025-11-06,3.0,5.0,39.99415,-75.15527,20.0,2.0
3337,2023-08-07,17.0,15.0,39.97318,-75.14612,15.0,-2.0
3014,2023-08-09,9.0,6.0,39.95886,-75.17369,25.0,-3.0
3098,2025-05-10,28.0,25.0,39.93431,-75.16042,19.0,-3.0
3031,2025-07-19,10.0,10.0,39.98005,-75.15522,21.0,0.0
3393,2026-02-01,4.0,1.0,39.96727,-75.13999,18.0,-3.0
3343,2024-03-29,10.0,16.0,,,,6.0
3325,2023-12-13,2.0,1.0,39.9768,-75.12764,22.0,-1.0
3040,2025-05-11,10.0,10.0,39.96289,-75.16606,21.0,0.0
3111,2026-03-15,0.0,1.0,39.97779,-75.21323,14.0,1.0
3235,2025-02-25,10.0,10.0,39.96,-75.1651,15.0,0.0
3378,2024-07-21,12.0,17.0,39.95238,-75.14728,18.0,5.0
3368,2025-10-07,10.0,10.0,39.97647,-75.17362,17.0,0.0
3263,2026-01-07,7.0,5.0,39.9586,-75.2081,18.0,-2.0
3156,2023-08-11,20.0,25.0,39.95381,-75.17407,22.0,5.0
3277,2025-03-02,1.0,1.0,39.98306,-75.16738,20.0,0.0
3030,2024-03-25,26.0,22.0,,,,-4.0
3157,2024-09-12,23.0,33.0,39.92545,-75.15954,18.0,10.0
3310,2025-12-12,4.0,5.0,39.98024,-75.18651,15.0,1.0
3254,2024-03-06,1.0,0.0,39.98091,-75.16065,18.0,-1.0
3337,2024-12-06,7.0,7.0,39.97318,-75.14612,15.0,0.0
3052,2024-03-05,29.0,32.0,39.94732,-75.15695,25.0,3.0
3073,2026-03-11,23.0,26.0,39.96143,-75.15242,15.0,3.0
3332,2023-08-23,2.0,0.0,40.00537,-75.18143,12.0,-2.0
3116,2025-03-27,12.0,9.0,39.96006,-75.17198,21.0,-3.0
3074,2026-02-16,8.0,8.0,39.95511,-75.20987,15.0,0.0
3072,2024-12-20,10.0,8.0,39.93445,-75.14541,25.0,-2.0
3169,2025-02-12,6.0,4.0,39.95382,-75.14263,17.0,-2.0
3320,2025-07-12,8.0,5.0,39.9746,-75.15917,17.0,-3.0
3040,2024-10-15,29.0,27.0,39.96289,-75.16606,21.0,-2.0
3292,2026-03-27,6.0,6.0,39.92,-75.1562,17.0,0.0
3164,2025-10-31,28.0,19.0,39.92814,-75.16515,18.0,-9.0
3015,2025-01-21,3.0,3.0,39.94735,-75.14886,11.0,0.0
3313,2025-07-27,2.0,3.0,39.9158,-75.1643,9.0,1.0
3075,2024-03-26,17.0,15.0,39.96718,-75.16125,12.0,-2.0
3338,2024-12-11,1.0,2.0,39.95098,-75.23035,21.0,1.0
3315,2023-09-06,1.0,2.0,39.94235,-75.21138,13.0,1.0
3183,2024-05-03,3.0,4.0,39.88994,-75.17679,20.0,1.0
3016,2023-09-17,3.0,5.0,39.96892,-75.1547,15.0,2.0
3156,2023-11-16,35.0,30.0,39.95381,-75.17407,22.0,-5.0
3067,2023-06-15,5.0,3.0,39.96411,-75.19973,17.0,-2.0
3271,2023-07-10,7.0,3.0,39.9476,-75.22946,18.0,-4.0
3243,2026-01-03,1.0,0.0,39.9835,-75.14743,12.0,-1.0
3311,2024-05-05,5.0,5.0,,,,0.0
3284,2023-07-12,3.0,2.0,40.01112,-75.19287,14.0,-1.0
3212,2024-04-27,30.0,30.0,39.96383,-75.18177,32.0,0.0
3188,2024-09-28,8.0,5.0,39.90471,-75.1734,56.0,-3.0
3235,2025-10-06,33.0,28.0,39.96,-75.1651,15.0,-5.0
3246,2025-10-23,6.0,7.0,39.94782,-75.22301,17.0,1.0
3250,2025-08-09,7.0,8.0,39.95673,-75.14575,17.0,1.0
3159,2024-11-08,22.0,22.0,39.95121,-75.19962,23.0,0.0
3112,2024-10-21,3.0,8.0,39.95373,-75.21825,18.0,5.0
3039,2025-03-18,8.0,4.0,39.97157,-75.15993,17.0,-4.0
3061,2026-01-21,25.0,25.0,,,,0.0
3320,2026-01-27,2.0,1.0,39.9746,-75.15917,17.0,-1.0
3049,2025-10-22,18.0,15.0,39.94509,-75.1425,29.0,-3.0
3441,2026-03-24,14.0,13.0,39.96305,-75.17454,5.0,-1.0
3323,2024-09-29,2.0,3.0,40.02796,-75.2277,18.0,1.0
3200,2026-01-23,7.0,5.0,39.97583,-75.16846,17.0,-2.0
3157,2025-07-31,17.0,16.0,39.92545,-75.15954,18.0,-1.0
3028,2024-07-14,31.0,34.0,39.94061,-75.14958,15.0,3.0
3381,2024-06-16,8.0,8.0,39.94845,-75.21807,13.0,0.0
3055,2024-06-14,29.0,33.0,39.95112,-75.15457,15.0,4.0
3263,2024-03-30,2.0,1.0,39.9586,-75.2081,18.0,-1.0
3318,2024-10-30,35.0,47.0,39.95182,-75.16395,20.0,12.0
3021,2026-02-23,2.0,1.0,39.9539,-75.16902,34.0,-1.0
3378,2025-06-28,26.0,28.0,39.95238,-75.14728,18.0,2.0
3311,2024-08-26,8.0,8.0,,,,0.0
3316,2023-12-20,3.0,4.0,39.92255,-75.17337,19.0,1.0
3018,2026-03-31,36.0,36.0,39.95273,-75.15979,18.0,0.0
3319,2024-03-13,3.0,5.0,39.96672,-75.12964,16.0,2.0
3417,2025-08-20,1.0,2.0,39.99146,-75.14808,15.0,1.0
3024,2024-10-22,12.0,10.0,39.94822,-75.20908,19.0,-2.0
3030,2025-03-20,22.0,17.0,,,,-5.0
3320,2025-10-22,6.0,6.0,39.9746,-75.15917,17.0,0.0
3157,2023-06-30,18.0,16.0,39.92545,-75.15954,18.0,-2.0
3346,2026-01-30,2.0,2.0,39.94883,-75.15097,17.0,0.0
3360,2024-04-24,23.0,26.0,39.93304,-75.16822,22.0,3.0
3047,2023-04-07,13.0,11.0,39.95073,-75.14947,20.0,-2.0
3413,2026-03-19,2.0,1.0,39.97115,-75.21596,15.0,-1.0
3019,2023-05-17,10.0,13.0,39.95403,-75.14983,15.0,3.0
3006,2024-05-18,15.0,16.0,39.9522,-75.20311,17.0,1.0
3154,2025-12-05,13.0,13.0,39.95924,-75.15821,16.0,0.0
3320,2023-07-24,11.0,12.0,39.9746,-75.15917,17.0,1.0
3244,2023-09-24,16.0,19.0,,,,3.0
3299,2025-07-14,17.0,17.0,39.94332,-75.15698,22.0,0.0
3184,2023-11-20,3.0,4.0,39.94573,-75.19551,22.0,1.0
3261,2024-03-07,10.0,14.0,39.96304,-75.14099,17.0,4.0
3107,2025-08-06,6.0,5.0,39.98203,-75.18866,18.0,-1.0
3111,2026-03-01,2.0,1.0,39.97779,-75.21323,14.0,-1.0
3037,2024-11-06,21.0,19.0,39.95424,-75.16138,21.0,-2.0
3209,2024-12-23,1.0,0.0,39.949,-75.21278,14.0,-1.0
3286,2023-04-27,15.0,10.0,39.96409,-75.14769,22.0,-5.0
3162,2023-10-11,34.0,23.0,39.94595,-75.18475,34.0,-11.0
3371,2025-05-05,10.0,13.0,39.9534,-75.1543,19.0,3.0
3197,2024-12-01,6.0,6.0,39.92083,-75.17033,23.0,0.0
3340,2024-10-27,15.0,22.0,39.96906,-75.18169,17.0,7.0
3100,2026-01-24,13.0,13.0,39.92777,-75.15103,38.0,0.0
3397,2025-02-23,6.0,5.0,39.93906,-75.17824,15.0,-1.0
3369,2024-03-13,12.0,17.0,40.00772,-75.19194,16.0,5.0
3120,2023-12-11,15.0,8.0,39.97522,-75.18669,19.0,-7.0
3073,2025-05-24,20.0,16.0,39.96143,-75.15242,15.0,-4.0
3304,2024-03-23,8.0,9.0,39.94234,-75.15399,21.0,1.0
3285,2025-06-09,16.0,12.0,39.95946,-75.14745,19.0,-4.0
3157,2024-10-31,24.0,20.0,39.92545,-75.15954,18.0,-4.0
3334,2024-06-29,19.0,20.0,39.9302,-75.15636,19.0,1.0
3337,2023-06-08,7.0,7.0,39.97318,-75.14612,15.0,0.0
3321,2024-08-22,12.0,10.0,39.95485,-75.17298,21.0,-2.0
3155,2024-09-12,27.0,23.0,39.94018,-75.15442,18.0,-4.0
3073,2023-05-24,14.0,13.0,39.96143,-75.15242,15.0,-1.0
3257,2024-02-12,5.0,5.0,,,,0.0
3341,2026-02-10,4.0,4.0,39.98131,-75.12732,20.0,0.0
3067,2025-10-20,7.0,7.0,39.96411,-75.19973,17.0,0.0
3152,2025-11-14,8.0,8.0,39.94993,-75.20286,17.0,0.0
3336,2024-04-07,5.0,3.0,39.95719,-75.19388,20.0,-2.0
3292,2026-02-12,11.0,8.0,39.92,-75.1562,17.0,-3.0
3281,2023-10-16,2.0,2.0,39.9323,-75.2162,15.0,0.0
3245,2024-04-18,17.0,20.0,39.97887,-75.15777,20.0,3.0
3388,2025-10-31,3.0,6.0,39.96634,-75.15097,19.0,3.0
3056,2023-10-11,13.0,15.0,39.97669,-75.15813,22.0,2.0
3099,2023-01-17,7.0,11.0,39.93401,-75.15094,19.0,4.0
3329,2026-03-27,1.0,1.0,40.02651,-75.22445,15.0,0.0
3252,2024-08-20,14.0,17.0,39.93882,-75.19324,14.0,3.0
3062,2023-08-10,12.0,15.0,,,,3.0
3021,2024-02-24,6.0,4.0,39.9539,-75.16902,34.0,-2.0
3357,2025-01-14,2.0,1.0,39.9104,-75.16588,27.0,-1.0
3161,2023-05-25,52.0,56.0,39.95486,-75.18091,23.0,4.0
3361,2024-04-09,30.0,31.0,39.93082,-75.17474,21.0,1.0
3168,2023-05-01,26.0,37.0,,,,11.0
3072,2024-05-25,11.0,18.0,39.93445,-75.14541,25.0,7.0
3196,2023-04-23,2.0,4.0,39.98717,-75.17477,17.0,2.0
3283,2023-12-17,0.0,1.0,,,,1.0
3374,2025-05-27,18.0,19.0,39.9728,-75.17971,18.0,1.0
3414,2025-09-25,1.0,1.0,39.93922,-75.22347,13.0,0.0
3025,2024-06-06,17.0,20.0,39.93724,-75.1612,15.0,3.0
3005,2023-12-23,7.0,5.0,39.94733,-75.14403,13.0,-2.0
3322,2025-06-08,19.0,22.0,39.93638,-75.15526,13.0,3.0
3204,2026-01-15,12.0,7.0,39.96437,-75.16582,22.0,-5.0
3335,2023-09-18,1.0,1.0,40.02237,-75.218,18.0,0.0
3277,2024-12-13,4.0,4.0,39.98306,-75.16738,20.0,0.0
3336,2024-06-12,39.0,43.0,39.95719,-75.19388,20.0,4.0
3333,2025-08-16,16.0,7.0,39.9541,-75.16965,25.0,-9.0
3241,2023-05-11,9.0,7.0,39.95225,-75.22637,20.0,-2.0
3164,2025-09-29,25.0,24.0,39.92814,-75.16515,18.0,-1.0
3010,2023-11-17,86.0,81.0,39.94711,-75.16618,22.0,-5.0
3313,2024-03-18,5.0,5.0,39.9158,-75.1643,9.0,0.0
3019,2024-12-15,2.0,4.0,39.95403,-75.14983,15.0,2.0
3376,2024-12-21,2.0,0.0,39.97183,-75.14878,8.0,-2.0
3335,2024-06-24,9.0,8.0,40.02237,-75.218,18.0,-1.0
3391,2025-02-03,1.0,1.0,39.99667,-75.23482,13.0,0.0
3297,2023-02-14,4.0,5.0,39.95821,-75.16901,19.0,1.0
3324,2023-08-28,15.0,16.0,39.99484,-75.19242,23.0,1.0
3155,2025-03-10,11.0,17.0,39.94018,-75.15442,18.0,6.0
3012,2023-07-26,38.0,38.0,39.94218,-75.17747,27.0,0.0
3354,2024-12-15,0.0,1.0,39.95628,-75.2387,18.0,1.0
3007,2025-06-16,26.0,28.0,39.94517,-75.15993,20.0,2.0
3164,2025-03-16,15.0,14.0,39.92814,-75.16515,18.0,-1.0
3254,2024-11-05,9.0,10.0,39.98091,-75.16065,18.0,1.0
3168,2023-03-18,31.0,28.0,,,,-3.0
3162,2025-11-19,19.0,16.0,39.94595,-75.18475,34.0,-3.0
3201,2024-03-03,15.0,13.0,39.95523,-75.1662,20.0,-2.0
3396,2024-12-01,1.0,4.0,39.92327,-75.1821,16.0,3.0
3266,2024-11-26,8.0,10.0,39.9237,-75.14701,22.0,2.0
3185,2024-09-04,32.0,31.0,39.95169,-75.15888,21.0,-1.0
3299,2025-02-18,11.0,11.0,39.94332,-75.15698,22.0,0.0
3156,2024-08-21,44.0,44.0,39.95381,-75.17407,22.0,0.0
3098,2026-02-23,0.0,1.0,39.93431,-75.16042,19.0,1.0
3318,2025-05-29,31.0,29.0,39.95182,-75.16395,20.0,-2.0
3120,2025-01-15,10.0,11.0,39.97522,-75.18669,19.0,1.0
3244,2024-07-20,53.0,48.0,,,,-5.0
3157,2023-03-06,10.0,13.0,39.92545,-75.15954,18.0,3.0
3168,2025-11-16,24.0,28.0,,,,4.0
3007,2024-12-28,8.0,8.0,39.94517,-75.15993,20.0,0.0
3026,2023-08-21,26.0,29.0,39.94182,-75.1455,17.0,3.0
3073,2025-11-25,15.0,14.0,39.96143,-75.15242,15.0,-1.0
3210,2024-08-26,16.0,15.0,39.98492,-75.15668,18.0,-1.0
3181,2023-07-03,3.0,3.0,39.89629,-75.17514,20.0,0.0
3305,2025-05-08,3.0,1.0,39.99569,-75.1671,11.0,-2.0
3124,2025-06-30,14.0,16.0,39.95367,-75.13956,17.0,2.0
3197,2024-11-26,13.0,11.0,39.92083,-75.17033,23.0,-2.0
3295,2025-02-11,7.0,16.0,39.95028,-75.16027,21.0,9.0
3430,2025-07-04,13.0,17.0,39.97408,-75.1801,14.0,4.0
3256,2025-07-30,49.0,49.0,39.95269,-75.17779,23.0,0.0
3117,2025-01-27,1.0,2.0,39.97841,-75.22399,14.0,1.0
3398,2025-10-15,5.0,3.0,39.91551,-75.15474,15.0,-2.0
3325,2026-02-20,3.0,3.0,39.9768,-75.12764,22.0,0.0
3241,2023-06-22,8.0,7.0,39.95225,-75.22637,20.0,-1.0
3378,2024-12-09,8.0,9.0,39.95238,-75.14728,18.0,1.0
3026,2024-08-24,26.0,29.0,39.94182,-75.1455,17.0,3.0
3012,2023-11-22,31.0,30.0,39.94218,-75.17747,27.0,-1.0
3261,2025-12-31,5.0,6.0,39.96304,-75.14099,17.0,1.0
3203,2026-01-17,15.0,13.0,39.94077,-75.17227,20.0,-2.0
3439,2025-09-20,3.0,3.0,39.99033,-75.12759,15.0,0.0
3032,2024-11-02,41.0,35.0,39.94527,-75.17971,20.0,-6.0
3184,2024-03-08,4.0,0.0,39.94573,-75.19551,22.0,-4.0
3070,2023-07-02,5.0,7.0,,,,2.0
3249,2024-06-10,16.0,15.0,39.95784,-75.19079,22.0,-1.0
3060,2024-02-29,9.0,6.0,39.95923,-75.17036,19.0,-3.0
3291,2024-01-02,2.0,3.0,40.01022,-75.197,15.0,1.0
3281,2024-07-29,3.0,2.0,39.9323,-75.2162,15.0,-1.0
3255,2026-03-06,17.0,21.0,39.95095,-75.16438,15.0,4.0
3029,2024-07-24,30.0,30.0,39.9538,-75.19479,17.0,0.0
3074,2023-05-06,13.0,15.0,39.95511,-75.20987,15.0,2.0
3093,2024-12-02,1.0,2.0,39.98837,-75.18701,16.0,1.0
3038,2023-04-22,7.0,7.0,39.94781,-75.19409,28.0,0.0
3397,2024-12-04,8.0,11.0,39.93906,-75.17824,15.0,3.0
3249,2026-01-16,8.0,11.0,39.95784,-75.19079,22.0,3.0
3060,2025-07-05,11.0,10.0,39.95923,-75.17036,19.0,-1.0
3015,2025-12-15,1.0,5.0,39.94735,-75.14886,11.0,4.0
3264,2023-02-10,9.0,13.0,39.94571,-75.15508,23.0,4.0
3253,2026-01-25,0.0,1.0,39.93074,-75.18924,21.0,1.0
3058,2023-10-21,28.0,30.0,,,,2.0
3240,2025-06-15,1.0,1.0,39.96277,-75.21185,12.0,0.0
3373,2025-05-30,20.0,21.0,39.95817,-75.15668,15.0,1.0
3041,2024-04-04,9.0,8.0,39.96849,-75.13546,26.0,-1.0
3285,2024-10-07,11.0,7.0,39.95946,-75.14745,19.0,-4.0
3119,2025-09-14,3.0,4.0,39.96674,-75.20799,17.0,1.0
3272,2025-05-27,2.0,3.0,39.96405,-75.22048,13.0,1.0
3077,2023-09-16,12.0,12.0,39.97207,-75.16351,19.0,0.0
3072,2023-01-18,8.0,9.0,39.93445,-75.14541,25.0,1.0
3243,2025-06-03,4.0,4.0,39.9835,-75.14743,12.0,0.0
3075,2025-10-19,21.0,17.0,39.96718,-75.16125,12.0,-4.0
3327,2023-12-31,2.0,4.0,39.97759,-75.12442,17.0,2.0
3437,2026-02-19,2.0,0.0,39.93931,-75.20336,15.0,-2.0
3093,2025-09-04,4.0,1.0,39.98837,-75.18701,16.0,-3.0
3359,2025-02-15,13.0,15.0,39.94888,-75.16978,29.0,2.0
3284,2023-10-20,1.0,1.0,40.01112,-75.19287,14.0,0.0
3118,2026-03-04,8.0,3.0,39.95866,-75.21323,20.0,-5.0
3264,2025-01-20,3.0,3.0,39.94571,-75.15508,23.0,0.0
3039,2025-04-21,4.0,3.0,39.97157,-75.15993,17.0,-1.0
3161,2025-09-13,41.0,36.0,39.95486,-75.18091,23.0,-5.0
3201,2025-03-16,9.0,15.0,39.95523,-75.1662,20.0,6.0
3182,2023-03-02,25.0,27.0,,,,2.0
3371,2024-10-06,12.0,14.0,39.9534,-75.1543,19.0,2.0
3114,2026-01-29,3.0,3.0,39.93775,-75.18012,17.0,0.0
3099,2025-02-14,14.0,11.0,39.93401,-75.15094,19.0,-3.0
3253,2023-10-20,7.0,6.0,39.93074,-75.18924,21.0,-1.0
3068,2023-11-29,15.0,17.0,39.93549,-75.16711,18.0,2.0
3150,2023-08-22,15.0,14.0,39.92884,-75.17021,17.0,-1.0
3447,2025-12-12,10.0,14.0,39.95009,-75.14467,25.0,4.0
3347,2025-04-28,10.0,10.0,,,,0.0
3184,2026-01-05,9.0,8.0,39.94573,-75.19551,22.0,-1.0
3032,2024-01-08,27.0,40.0,39.94527,-75.17971,20.0,13.0
3264,2023-10-24,38.0,36.0,39.94571,-75.15508,23.0,-2.0
3185,2023-12-02,26.0,39.0,39.95169,-75.15888,21.0,13.0
3265,2023-09-16,21.0,18.0,39.95957,-75.19633,13.0,-3.0
3303,2025-09-01,22.0,23.0,39.9559,-75.2053,20.0,1.0
3057,2024-11-12,2.0,2.0,39.96439,-75.17987,26.0,0.0
3200,2024-10-09,4.0,4.0,39.97583,-75.16846,17.0,0.0
3295,2024-01-07,27.0,30.0,39.95028,-75.16027,21.0,3.0
3104,2026-02-11,3.0,4.0,39.96664,-75.19209,13.0,1.0
3024,2024-09-18,5.0,8.0,39.94822,-75.20908,19.0,3.0
3032,2025-07-14,59.0,64.0,39.94527,-75.17971,20.0,5.0
3280,2023-08-03,1.0,0.0,39.93968,-75.21362,18.0,-1.0
3116,2025-01-01,6.0,2.0,39.96006,-75.17198,21.0,-4.0
3377,2024-08-07,8.0,9.0,,,,1.0
3164,2026-03-28,19.0,19.0,39.92814,-75.16515,18.0,0.0
3161,2025-04-24,48.0,50.0,39.95486,-75.18091,23.0,2.0
3185,2023-07-27,31.0,32.0,39.95169,-75.15888,21.0,1.0
3033,2025-03-02,8.0,5.0,39.95005,-75.15672,20.0,-3.0
3275,2025-09-12,10.0,8.0,39.97576,-75.12157,22.0,-2.0
3117,2025-05-04,3.0,2.0,39.97841,-75.22399,14.0,-1.0
3052,2024-09-19,45.0,45.0,39.94732,-75.15695,25.0,0.0
3022,2024-11-19,48.0,62.0,39.95472,-75.18323,21.0,14.0
3041,2023-03-20,8.0,11.0,39.96849,-75.13546,26.0,3.0
3158,2023-08-27,11.0,14.0,39.92552,-75.16904,15.0,3.0
3374,2026-03-22,10.0,11.0,39.9728,-75.17971,18.0,1.0
3106,2024-04-09,3.0,1.0,39.99179,-75.18637,17.0,-2.0
3226,2023-09-21,5.0,8.0,39.98101,-75.13721,18.0,3.0
3119,2023-02-17,2.0,2.0,39.96674,-75.20799,17.0,0.0
3104,2026-03-15,6.0,9.0,39.96664,-75.19209,13.0,3.0
3021,2024-09-08,9.0,5.0,39.9539,-75.16902,34.0,-4.0
3405,2025-10-10,10.0,12.0,39.94167,-75.16502,16.0,2.0
3012,2023-01-18,31.0,24.0,39.94218,-75.17747,27.0,-7.0
3062,2026-01-23,7.0,7.0,,,,0.0
3245,2023-10-20,6.0,8.0,39.97887,-75.15777,20.0,2.0
3321,2026-01-23,10.0,14.0,39.95485,-75.17298,21.0,4.0
3150,2024-04-27,14.0,12.0,39.92884,-75.17021,17.0,-2.0
3321,2025-08-31,4.0,3.0,39.95485,-75.17298,21.0,-1.0
3117,2025-03-04,3.0,2.0,39.97841,-75.22399,14.0,-1.0
3304,2025-10-11,32.0,26.0,39.94234,-75.15399,21.0,-6.0
3183,2023-09-09,1.0,3.0,39.88994,-75.17679,20.0,2.0
3233,2023-11-27,3.0,0.0,,,,-3.0
3349,2023-10-18,5.0,7.0,39.93651,-75.18621,17.0,2.0
3183,2025-04-12,1.0,1.0,39.88994,-75.17679,20.0,0.0
3073,2025-09-20,44.0,48.0,39.96143,-75.15242,15.0,4.0
3238,2024-04-17,22.0,20.0,39.97674,-75.11995,11.0,-2.0
3382,2025-02-12,8.0,7.0,39.95038,-75.17309,11.0,-1.0
3062,2026-01-17,7.0,7.0,,,,0.0
3073,2024-09-07,16.0,14.0,39.96143,-75.15242,15.0,-2.0
3005,2025-08-17,35.0,34.0,39.94733,-75.14403,13.0,-1.0
3034,2026-03-01,15.0,15.0,39.93315,-75.16248,16.0,0.0
3052,2026-02-08,6.0,5.0,39.94732,-75.15695,25.0,-1.0
3018,2025-05-24,17.0,24.0,39.95273,-75.15979,18.0,7.0
3086,2024-05-15,14.0,11.0,39.94019,-75.16691,21.0,-3.0
3236,2024-07-02,17.0,17.0,39.96566,-75.17765,18.0,0.0
3157,2023-03-23,8.0,7.0,39.92545,-75.15954,18.0,-1.0
3381,2026-01-20,3.0,4.0,39.94845,-75.21807,13.0,1.0
3331,2025-11-22,11.0,11.0,39.97116,-75.12813,20.0,0.0
3333,2025-11-27,8.0,9.0,39.9541,-75.16965,25.0,1.0
3028,2025-12-01,28.0,27.0,39.94061,-75.14958,15.0,-1.0
3445,2026-03-20,1.0,0.0,39.97235,-75.13426,3.0,-1.0
3240,2023-10-17,1.0,2.0,39.96277,-75.21185,12.0,1.0
3060,2023-05-11,12.0,12.0,39.95923,-75.17036,19.0,0.0
3205,2025-09-06,19.0,20.0,39.95405,-75.16783,22.0,1.0
3039,2023-03-03,8.0,5.0,39.97157,-75.15993,17.0,-3.0
3026,2026-02-18,14.0,15.0,39.94182,-75.1455,17.0,1.0
3190,2023-02-11,33.0,29.0,,,,-4.0
3347,2024-10-23,9.0,11.0,,,,2.0
3205,2023-04-13,27.0,24.0,39.95405,-75.16783,22.0,-3.0
3029,2023-12-23,7.0,8.0,39.9538,-75.19479,17.0,1.0
3360,2025-07-14,24.0,23.0,39.93304,-75.16822,22.0,-1.0
3057,2024-03-30,44.0,32.0,39.96439,-75.17987,26.0,-12.0
3314,2024-11-07,19.0,17.0,39.93682,-75.14492,17.0,-2.0
3154,2024-01-02,22.0,22.0,39.95924,-75.15821,16.0,0.0
3246,2024-03-29,5.0,5.0,39.94782,-75.22301,17.0,0.0
3311,2023-02-15,0.0,2.0,,,,2.0
3333,2025-11-29,5.0,6.0,39.9541,-75.16965,25.0,1.0
3014,2024-05-30,15.0,7.0,39.95886,-75.17369,25.0,-8.0
3123,2024-05-13,3.0,6.0,39.98004,-75.17088,16.0,3.0
3038,2024-11-01,44.0,41.0,39.94781,-75.19409,28.0,-3.0
3369,2024-06-28,10.0,10.0,40.00772,-75.19194,16.0,0.0
3057,2025-02-06,1.0,3.0,39.96439,-75.17987,26.0,2.0
3357,2025-09-17,1.0,1.0,39.9104,-75.16588,27.0,0.0
3168,2025-12-07,25.0,25.0,,,,0.0
3021,2023-10-24,36.0,31.0,39.9539,-75.16902,34.0,-5.0
3107,2023-06-15,2.0,1.0,39.98203,-75.18866,18.0,-1.0
3113,2024-03-05,1.0,1.0,39.97472,-75.19781,12.0,0.0
3366,2023-12-19,1.0,1.0,,,,0.0
3278,2023-09-21,5.0,5.0,39.99301,-75.1681,11.0,0.0
3020,2025-07-02,38.0,43.0,39.94855,-75.19007,36.0,5.0
3159,2025-08-04,26.0,23.0,39.95121,-75.19962,23.0,-3.0
3280,2023-06-02,1.0,2.0,39.93968,-75.21362,18.0,1.0
3067,2023-08-30,8.0,8.0,39.96411,-75.19973,17.0,0.0
3032,2024-11-21,50.0,44.0,39.94527,-75.17971,20.0,-6.0
3055,2023-07-06,19.0,18.0,39.95112,-75.15457,15.0,-1.0
3287,2025-07-21,1.0,2.0,39.94367,-75.21606,16.0,1.0
3261,2023-02-13,14.0,14.0,39.96304,-75.14099,17.0,0.0
3310,2023-05-07,3.0,4.0,39.98024,-75.18651,15.0,1.0
3329,2023-05-06,8.0,11.0,40.02651,-75.22445,15.0,3.0
3256,2024-04-28,22.0,29.0,39.95269,-75.17779,23.0,7.0
3051,2024-11-12,23.0,24.0,39.96744,-75.17507,37.0,1.0
3058,2024-09-03,36.0,36.0,,,,0.0
3324,2024-03-11,1.0,1.0,39.99484,-75.19242,23.0,0.0
3093,2023-11-02,0.0,1.0,39.98837,-75.18701,16.0,1.0
3331,2023-07-26,7.0,6.0,39.97116,-75.12813,20.0,-1.0
3324,2024-11-16,3.0,2.0,39.99484,-75.19242,23.0,-1.0
3360,2026-03-03,17.0,14.0,39.93304,-75.16822,22.0,-3.0
3054,2024-03-31,31.0,31.0,39.9625,-75.1742,35.0,0.0
3033,2024-08-24,17.0,10.0,39.95005,-75.15672,20.0,-7.0
3163,2023-01-18,20.0,22.0,39.94974,-75.18097,22.0,2.0
3278,2025-08-20,1.0,0.0,39.99301,-75.1681,11.0,-1.0
3049,2026-03-24,4.0,4.0,39.94509,-75.1425,29.0,0.0
3392,2025-06-25,4.0,5.0,39.93633,-75.19447,13.0,1.0
3162,2023-08-22,23.0,26.0,39.94595,-75.18475,34.0,3.0
3311,2024-05-11,8.0,10.0,,,,2.0
3190,2023-02-04,11.0,16.0,,,,5.0
3294,2025-02-15,6.0,5.0,39.95174,-75.17063,21.0,-1.0
3342,2024-08-05,10.0,9.0,39.9639,-75.17385,20.0,-1.0
3101,2024-02-12,24.0,26.0,39.94295,-75.15955,18.0,2.0
3361,2025-02-19,9.0,10.0,39.93082,-75.17474,21.0,1.0
3100,2023-09-01,24.0,16.0,39.92777,-75.15103,38.0,-8.0
3257,2024-09-15,14.0,12.0,,,,-2.0
3071,2023-04-21,19.0,20.0,,,,1.0
3350,2024-11-16,2.0,3.0,39.99415,-75.15527,20.0,1.0
3287,2024-07-13,5.0,4.0,39.94367,-75.21606,16.0,-1.0
3058,2024-08-17,22.0,13.0,,,,-9.0
3343,2024-05-09,14.0,12.0,,,,-2.0
3254,2024-10-26,9.0,9.0,39.98091,-75.16065,18.0,0.0
3265,2025-05-27,10.0,9.0,39.95957,-75.19633,13.0,-1.0
3316,2026-01-30,1.0,0.0,39.92255,-75.17337,19.0,-1.0
3017,2024-08-13,13.0,12.0,39.98003,-75.14371,15.0,-1.0
3359,2025-03-08,31.0,38.0,39.94888,-75.16978,29.0,7.0
3336,2023-06-09,17.0,12.0,39.95719,-75.19388,20.0,-5.0
3226,2024-12-20,2.0,4.0,39.98101,-75.13721,18.0,2.0
3385,2026-01-02,6.0,5.0,39.94974,-75.15424,15.0,-1.0
3365,2025-07-25,13.0,18.0,39.96173,-75.18788,17.0,5.0
3210,2024-11-15,9.0,7.0,39.98492,-75.15668,18.0,-2.0
3414,2025-12-05,2.0,2.0,39.93922,-75.22347,13.0,0.0
3164,2023-04-13,19.0,28.0,39.92814,-75.16515,18.0,9.0
3116,2023-02-07,14.0,16.0,39.96006,-75.17198,21.0,2.0
3398,2025-04-19,9.0,8.0,39.91551,-75.15474,15.0,-1.0
3338,2025-07-24,0.0,1.0,39.95098,-75.23035,21.0,1.0
3166,2023-02-04,1.0,2.0,39.97195,-75.13445,22.0,1.0
3197,2025-04-26,8.0,7.0,39.92083,-75.17033,23.0,-1.0
3259,2025-05-19,14.0,11.0,39.95998,-75.19883,17.0,-3.0
3310,2024-03-24,1.0,2.0,39.98024,-75.18651,15.0,1.0
3075,2025-04-25,25.0,23.0,39.96718,-75.16125,12.0,-2.0
3256,2023-02-10,15.0,23.0,39.95269,-75.17779,23.0,8.0
3238,2025-11-14,25.0,27.0,39.97674,-75.11995,11.0,2.0
3203,2024-11-16,21.0,25.0,39.94077,-75.17227,20.0,4.0
3157,2023-11-03,18.0,15.0,39.92545,-75.15954,18.0,-3.0
3339,2023-11-20,1.0,2.0,,,,1.0
3208,2023-03-09,30.0,32.0,39.95048,-75.19324,28.0,2.0
3125,2023-11-03,26.0,21.0,39.94391,-75.16735,16.0,-5.0
3361,2024-12-13,24.0,17.0,39.93082,-75.17474,21.0,-7.0
3265,2023-10-18,23.0,22.0,39.95957,-75.19633,13.0,-1.0
3361,2025-03-05,9.0,7.0,39.93082,-75.17474,21.0,-2.0
3075,2024-06-16,28.0,27.0,39.96718,-75.16125,12.0,-1.0
3099,2023-02-28,3.0,4.0,39.93401,-75.15094,19.0,1.0
3352,2024-03-06,0.0,1.0,40.00143,-75.15256,11.0,1.0
3117,2025-04-27,2.0,1.0,39.97841,-75.22399,14.0,-1.0
3300,2023-09-28,13.0,12.0,39.95511,-75.16287,13.0,-1.0
3375,2024-06-13,20.0,12.0,39.96036,-75.1402,22.0,-8.0
3056,2023-04-13,13.0,9.0,39.97669,-75.15813,22.0,-4.0
3040,2025-03-30,10.0,9.0,39.96289,-75.16606,21.0,-1.0
3007,2025-06-01,57.0,59.0,39.94517,-75.15993,20.0,2.0
3056,2024-09-01,20.0,15.0,39.97669,-75.15813,22.0,-5.0
3246,2023-07-18,14.0,12.0,39.94782,-75.22301,17.0,-2.0
3115,2024-06-30,2.0,4.0,39.97263,-75.16757,18.0,2.0
3338,2023-11-18,2.0,2.0,39.95098,-75.23035,21.0,0.0
3300,2025-04-07,5.0,4.0,39.95511,-75.16287,13.0,-1.0
3115,2023-06-24,6.0,7.0,39.97263,-75.16757,18.0,1.0
3432,2025-10-20,0.0,1.0,40.03055,-75.21983,11.0,1.0
3266,2024-03-08,9.0,7.0,39.9237,-75.14701,22.0,-2.0
3068,2023-12-28,12.0,5.0,39.93549,-75.16711,18.0,-7.0
3336,2023-10-18,30.0,30.0,39.95719,-75.19388,20.0,0.0
3031,2024-09-09,26.0,24.0,39.98005,-75.15522,21.0,-2.0
3034,2025-12-30,17.0,21.0,39.93315,-75.16248,16.0,4.0
3068,2024-09-01,22.0,24.0,39.93549,-75.16711,18.0,2.0
3258,2025-05-27,7.0,6.0,39.95828,-75.22424,20.0,-1.0
3378,2025-07-31,14.0,11.0,39.95238,-75.14728,18.0,-3.0
3299,2025-01-03,8.0,8.0,39.94332,-75.15698,22.0,0.0
3093,2025-05-11,2.0,3.0,39.98837,-75.18701,16.0,1.0
3352,2025-04-29,2.0,0.0,40.00143,-75.15256,11.0,-2.0
3251,2023-06-19,5.0,4.0,39.93366,-75.19319,16.0,-1.0
3275,2024-09-29,8.0,7.0,39.97576,-75.12157,22.0,-1.0
3370,2024-12-16,4.0,2.0,40.0163,-75.21241,16.0,-2.0
3256,2025-06-03,46.0,43.0,39.95269,-75.17779,23.0,-3.0
3265,2025-03-22,10.0,8.0,39.95957,-75.19633,13.0,-2.0
3320,2024-06-22,13.0,17.0,39.9746,-75.15917,17.0,4.0
3016,2023-02-18,5.0,5.0,39.96892,-75.1547,15.0,0.0
3292,2023-10-13,8.0,10.0,39.92,-75.1562,17.0,2.0
3026,2023-02-13,13.0,20.0,39.94182,-75.1455,17.0,7.0
3120,2024-02-15,10.0,6.0,39.97522,-75.18669,19.0,-4.0
3055,2023-12-31,9.0,13.0,39.95112,-75.15457,15.0,4.0
3115,2025-07-06,3.0,3.0,39.97263,-75.16757,18.0,0.0
3040,2025-09-14,12.0,11.0,39.96289,-75.16606,21.0,-1.0
3204,2024-07-05,14.0,12.0,39.96437,-75.16582,22.0,-2.0
3257,2023-04-08,3.0,6.0,,,,3.0
3116,2023-11-28,10.0,9.0,39.96006,-75.17198,21.0,-1.0
3052,2024-09-21,22.0,23.0,39.94732,-75.15695,25.0,1.0
3422,2025-08-16,8.0,6.0,39.95619,-75.18647,10.0,-2.0
3304,2023-12-16,23.0,22.0,39.94234,-75.15399,21.0,-1.0
3381,2025-10-16,4.0,9.0,39.94845,-75.21807,13.0,5.0
3064,2025-04-21,23.0,23.0,39.9384,-75.17327,22.0,0.0
3385,2025-04-01,10.0,7.0,39.94974,-75.15424,15.0,-3.0
3205,2024-04-06,11.0,11.0,39.95405,-75.16783,22.0,0.0
3061,2023-06-03,23.0,35.0,,,,12.0
3159,2025-11-01,15.0,14.0,39.95121,-75.19962,23.0,-1.0
3251,2024-02-04,4.0,8.0,39.93366,-75.19319,16.0,4.0
3203,2023-07-08,24.0,14.0,39.94077,-75.17227,20.0,-10.0
3018,2023-06-29,24.0,25.0,39.95273,-75.15979,18.0,1.0
3107,2023-02-20,2.0,1.0,39.98203,-75.18866,18.0,-1.0
3279,2023-01-02,4.0,2.0,39.9265,-75.1668,18.0,-2.0
3101,2023-09-10,30.0,25.0,39.94295,-75.15955,18.0,-5.0
3117,2025-04-24,3.0,6.0,39.97841,-75.22399,14.0,3.0
3208,2023-01-19,26.0,24.0,39.95048,-75.19324,28.0,-2.0
3125,2023-10-25,31.0,24.0,39.94391,-75.16735,16.0,-7.0
3165,2025-01-01,4.0,7.0,39.95819,-75.1782,22.0,3.0
3251,2023-10-04,5.0,7.0,39.93366,-75.19319,16.0,2.0
3032,2023-06-19,36.0,46.0,39.94527,-75.17971,20.0,10.0
3169,2024-07-12,13.0,10.0,39.95382,-75.14263,17.0,-3.0
3110,2024-02-07,9.0,7.0,39.96175,-75.13641,19.0,-2.0
3285,2025-04-22,9.0,7.0,39.95946,-75.14745,19.0,-2.0
3114,2023-10-31,24.0,26.0,39.93775,-75.18012,17.0,2.0
3025,2025-01-24,4.0,5.0,39.93724,-75.1612,15.0,1.0
3072,2023-05-29,9.0,6.0,39.93445,-75.14541,25.0,-3.0
3049,2025-06-17,38.0,32.0,39.94509,-75.1425,29.0,-6.0
3204,2026-03-16,14.0,9.0,39.96437,-75.16582,22.0,-5.0
3358,2023-12-07,2.0,4.0,,,,2.0
3309,2024-03-31,5.0,5.0,,,,0.0
3059,2024-09-08,55.0,51.0,39.96244,-75.16121,21.0,-4.0
3073,2023-12-08,8.0,10.0,39.96143,-75.15242,15.0,2.0
3392,2026-01-05,3.0,1.0,39.93633,-75.19447,13.0,-2.0
3438,2025-12-11,1.0,0.0,39.98421,-75.11304,13.0,-1.0
3061,2026-03-26,37.0,36.0,,,,-1.0
3340,2023-09-17,9.0,8.0,39.96906,-75.18169,17.0,-1.0
3207,2024-03-12,34.0,31.0,39.95441,-75.192,20.0,-3.0
3394,2024-09-15,4.0,5.0,39.924,-75.16959,14.0,1.0
3285,2025-05-03,14.0,13.0,39.95946,-75.14745,19.0,-1.0
3275,2025-08-11,11.0,7.0,39.97576,-75.12157,22.0,-4.0
3328,2025-09-30,8.0,7.0,39.98798,-75.1995,23.0,-1.0
3292,2023-01-31,3.0,2.0,39.92,-75.1562,17.0,-1.0
3055,2025-10-06,13.0,14.0,39.95112,-75.15457,15.0,1.0
3365,2025-05-07,20.0,20.0,39.96173,-75.18788,17.0,0.0
3246,2023-03-02,3.0,2.0,39.94782,-75.22301,17.0,-1.0
3337,2023-11-15,13.0,16.0,39.97318,-75.14612,15.0,3.0
3425,2025-07-03,12.0,15.0,39.9849,-75.13255,15.0,3.0
3038,2024-04-12,38.0,23.0,39.94781,-75.19409,28.0,-15.0
3342,2025-08-02,13.0,12.0,39.9639,-75.17385,20.0,-1.0
3322,2023-11-19,14.0,15.0,39.93638,-75.15526,13.0,1.0
3400,2025-09-27,18.0,21.0,39.949,-75.16081,18.0,3.0
3363,2024-06-09,32.0,28.0,39.94655,-75.16263,17.0,-4.0
3329,2023-06-11,3.0,1.0,40.02651,-75.22445,15.0,-2.0
3345,2026-01-05,9.0,13.0,39.9617,-75.14667,19.0,4.0
3256,2024-12-14,12.0,7.0,39.95269,-75.17779,23.0,-5.0
3259,2025-10-23,9.0,13.0,39.95998,-75.19883,17.0,4.0
3387,2024-12-02,3.0,8.0,39.97012,-75.14666,19.0,5.0
3389,2025-10-28,16.0,21.0,39.94431,-75.18128,16.0,5.0
3418,2025-08-08,3.0,3.0,40.00924,-75.15198,17.0,0.0
3240,2025-10-17,1.0,0.0,39.96277,-75.21185,12.0,-1.0
3075,2026-01-22,17.0,13.0,39.96718,-75.16125,12.0,-4.0
3394,2024-12-05,10.0,8.0,39.924,-75.16959,14.0,-2.0
3253,2025-09-02,5.0,11.0,39.93074,-75.18924,21.0,6.0
3164,2024-12-28,6.0,3.0,39.92814,-75.16515,18.0,-3.0
3100,2026-02-26,21.0,21.0,39.92777,-75.15103,38.0,0.0
3385,2025-03-03,9.0,9.0,39.94974,-75.15424,15.0,0.0
3006,2025-05-10,24.0,26.0,39.9522,-75.20311,17.0,2.0
3240,2025-05-03,3.0,3.0,39.96277,-75.21185,12.0,0.0
3337,2025-03-21,8.0,8.0,39.97318,-75.14612,15.0,0.0
3065,2023-06-29,8.0,7.0,39.9707,-75.15171,15.0,-1.0
3316,2025-10-02,10.0,12.0,39.92255,-75.17337,19.0,2.0
3125,2024-03-27,13.0,11.0,39.94391,-75.16735,16.0,-2.0
3362,2025-05-13,26.0,17.0,39.94816,-75.16226,19.0,-9.0
3332,2024-05-19,1.0,2.0,40.00537,-75.18143,12.0,1.0
3233,2024-01-14,1.0,0.0,,,,-1.0
3050,2023-12-08,13.0,15.0,,,,2.0
3007,2025-03-07,22.0,26.0,39.94517,-75.15993,20.0,4.0
3355,2024-03-10,4.0,4.0,,,,0.0
3295,2024-02-22,26.0,34.0,39.95028,-75.16027,21.0,8.0
3078,2023-02-15,26.0,24.0,39.95355,-75.17192,18.0,-2.0
3160,2025-01-04,7.0,6.0,39.95662,-75.19862,41.0,-1.0
3183,2024-10-16,3.0,2.0,39.88994,-75.17679,20.0,-1.0
3375,2025-01-28,8.0,8.0,39.96036,-75.1402,22.0,0.0
3012,2024-01-25,22.0,22.0,39.94218,-75.17747,27.0,0.0
3308,2024-09-03,14.0,18.0,,,,4.0
3150,2024-11-01,25.0,15.0,39.92884,-75.17021,17.0,-10.0
3357,2025-08-18,23.0,22.0,39.9104,-75.16588,27.0,-1.0
3169,2026-01-01,6.0,7.0,39.95382,-75.14263,17.0,1.0
3371,2025-02-14,12.0,11.0,39.9534,-75.1543,19.0,-1.0
3115,2025-02-08,4.0,3.0,39.97263,-75.16757,18.0,-1.0
3016,2024-06-10,10.0,7.0,39.96892,-75.1547,15.0,-3.0
3393,2025-07-17,22.0,20.0,39.96727,-75.13999,18.0,-2.0
3008,2025-12-22,2.0,5.0,39.98081,-75.15067,17.0,3.0
3328,2025-10-19,27.0,27.0,39.98798,-75.1995,23.0,0.0
3114,2023-10-16,16.0,23.0,39.93775,-75.18012,17.0,7.0
3168,2023-11-30,35.0,38.0,,,,3.0
3347,2024-09-10,17.0,11.0,,,,-6.0
3077,2024-09-30,6.0,10.0,39.97207,-75.16351,19.0,4.0
3370,2025-11-21,2.0,0.0,40.0163,-75.21241,16.0,-2.0
3071,2023-08-23,14.0,19.0,,,,5.0
3310,2025-11-07,5.0,3.0,39.98024,-75.18651,15.0,-2.0
3310,2025-12-06,2.0,3.0,39.98024,-75.18651,15.0,1.0
3311,2024-07-06,5.0,4.0,,,,-1.0
3365,2025-01-23,3.0,3.0,39.96173,-75.18788,17.0,0.0
3158,2026-02-23,0.0,1.0,39.92552,-75.16904,15.0,1.0
3040,2026-01-15,14.0,20.0,39.96289,-75.16606,21.0,6.0
3035,2025-04-20,16.0,12.0,39.96271,-75.19419,20.0,-4.0
3263,2025-04-23,3.0,4.0,39.9586,-75.2081,18.0,1.0
3333,2025-02-06,10.0,17.0,39.9541,-75.16965,25.0,7.0
3034,2026-01-22,22.0,20.0,39.93315,-75.16248,16.0,-2.0
3304,2025-04-12,19.0,16.0,39.94234,-75.15399,21.0,-3.0
3157,2025-06-25,23.0,21.0,39.92545,-75.15954,18.0,-2.0
3226,2025-03-20,4.0,2.0,39.98101,-75.13721,18.0,-2.0
3066,2026-03-21,37.0,30.0,39.94561,-75.17348,29.0,-7.0
3201,2025-07-25,30.0,32.0,39.95523,-75.1662,20.0,2.0
3057,2025-01-13,3.0,2.0,39.96439,-75.17987,26.0,-1.0
3265,2026-01-09,9.0,11.0,39.95957,-75.19633,13.0,2.0
3313,2024-08-26,6.0,4.0,39.9158,-75.1643,9.0,-2.0
3031,2024-02-15,10.0,11.0,39.98005,-75.15522,21.0,1.0
3166,2026-02-25,7.0,1.0,39.97195,-75.13445,22.0,-6.0
3248,2025-06-06,22.0,16.0,39.94213,-75.18335,22.0,-6.0
3159,2025-12-16,12.0,10.0,39.95121,-75.19962,23.0,-2.0
3381,2025-12-21,5.0,6.0,39.94845,-75.21807,13.0,1.0
3067,2025-02-25,3.0,3.0,39.96411,-75.19973,17.0,0.0
3335,2023-07-01,4.0,4.0,40.02237,-75.218,18.0,0.0
3318,2024-03-18,16.0,13.0,39.95182,-75.16395,20.0,-3.0
3038,2025-07-05,13.0,15.0,39.94781,-75.19409,28.0,2.0
3387,2024-07-29,5.0,12.0,39.97012,-75.14666,19.0,7.0
3104,2025-10-08,12.0,11.0,39.96664,-75.19209,13.0,-1.0
3303,2023-02-27,5.0,8.0,39.9559,-75.2053,20.0,3.0
3409,2025-10-23,11.0,10.0,39.95508,-75.15128,20.0,-1.0
3163,2024-03-01,18.0,17.0,39.94974,-75.18097,22.0,-1.0
3238,2024-01-21,3.0,3.0,39.97674,-75.11995,11.0,0.0
3026,2023-07-21,27.0,37.0,39.94182,-75.1455,17.0,10.0
3353,2025-06-04,4.0,5.0,40.00496,-75.15233,22.0,1.0
3026,2025-03-17,16.0,19.0,39.94182,-75.1455,17.0,3.0
3393,2025-10-20,21.0,24.0,39.96727,-75.13999,18.0,3.0
3319,2024-04-07,5.0,7.0,39.96672,-75.12964,16.0,2.0
3266,2023-09-29,4.0,5.0,39.9237,-75.14701,22.0,1.0
3286,2023-03-26,10.0,14.0,39.96409,-75.14769,22.0,4.0
3405,2025-11-11,10.0,11.0,39.94167,-75.16502,16.0,1.0
3204,2023-01-26,15.0,11.0,39.96437,-75.16582,22.0,-4.0
3287,2026-03-07,3.0,2.0,39.94367,-75.21606,16.0,-1.0
3248,2024-11-01,16.0,18.0,39.94213,-75.18335,22.0,2.0
3251,2025-10-16,7.0,5.0,39.93366,-75.19319,16.0,-2.0
3203,2023-06-10,30.0,30.0,39.94077,-75.17227,20.0,0.0
3041,2023-11-06,13.0,12.0,39.96849,-75.13546,26.0,-1.0
3318,2025-04-16,17.0,17.0,39.95182,-75.16395,20.0,0.0
3344,2024-02-19,2.0,1.0,39.95961,-75.23354,23.0,-1.0
3197,2026-01-25,1.0,0.0,39.92083,-75.17033,23.0,-1.0
3301,2025-05-01,34.0,31.0,39.95029,-75.17126,15.0,-3.0
3381,2024-11-14,6.0,5.0,39.94845,-75.21807,13.0,-1.0
3041,2023-06-17,22.0,20.0,39.96849,-75.13546,26.0,-2.0
3097,2025-09-14,18.0,20.0,39.97888,-75.13339,18.0,2.0
3056,2024-07-09,12.0,10.0,39.97669,-75.15813,22.0,-2.0
3033,2024-11-08,35.0,34.0,39.95005,-75.15672,20.0,-1.0
3368,2025-01-11,1.0,1.0,39.97647,-75.17362,17.0,0.0
3251,2023-12-20,2.0,1.0,39.93366,-75.19319,16.0,-1.0
3413,2025-12-01,1.0,1.0,39.97115,-75.21596,15.0,0.0
3422,2025-09-10,12.0,13.0,39.95619,-75.18647,10.0,1.0
3182,2024-06-25,26.0,34.0,,,,8.0
3201,2023-05-29,6.0,10.0,39.95523,-75.1662,20.0,4.0
3309,2023-04-16,3.0,3.0,,,,0.0
3056,2024-12-28,2.0,3.0,39.97669,-75.15813,22.0,1.0
3344,2024-04-17,2.0,0.0,39.95961,-75.23354,23.0,-2.0
3254,2024-05-15,6.0,7.0,39.98091,-75.16065,18.0,1.0
3163,2024-07-28,38.0,36.0,39.94974,-75.18097,22.0,-2.0
3295,2025-12-22,28.0,33.0,39.95028,-75.16027,21.0,5.0
3279,2025-10-17,15.0,15.0,39.9265,-75.1668,18.0,0.0
3160,2023-11-17,25.0,12.0,39.95662,-75.19862,41.0,-13.0
3182,2025-08-04,25.0,25.0,,,,0.0
3375,2026-03-13,9.0,11.0,39.96036,-75.1402,22.0,2.0
3025,2024-09-12,33.0,30.0,39.93724,-75.1612,15.0,-3.0
3335,2024-10-23,7.0,5.0,40.02237,-75.218,18.0,-2.0
3356,2024-07-01,3.0,2.0,39.89322,-75.17187,19.0,-1.0
3165,2024-11-22,4.0,5.0,39.95819,-75.1782,22.0,1.0
3407,2026-03-08,5.0,9.0,39.9785,-75.13911,15.0,4.0
3244,2024-11-19,32.0,33.0,,,,1.0
3292,2023-09-01,7.0,6.0,39.92,-75.1562,17.0,-1.0
3337,2023-11-14,16.0,6.0,39.97318,-75.14612,15.0,-10.0
3203,2023-04-13,33.0,26.0,39.94077,-75.17227,20.0,-7.0
3152,2025-03-19,11.0,7.0,39.94993,-75.20286,17.0,-4.0
3101,2023-02-02,14.0,16.0,39.94295,-75.15955,18.0,2.0
3256,2025-04-04,41.0,32.0,39.95269,-75.17779,23.0,-9.0
3113,2024-05-04,3.0,4.0,39.97472,-75.19781,12.0,1.0
3028,2024-03-18,46.0,46.0,39.94061,-75.14958,15.0,0.0
3316,2024-05-28,10.0,10.0,39.92255,-75.17337,19.0,0.0
3369,2025-08-08,7.0,8.0,40.00772,-75.19194,16.0,1.0
3258,2026-03-21,7.0,5.0,39.95828,-75.22424,20.0,-2.0
3301,2023-07-01,52.0,59.0,39.95029,-75.17126,15.0,7.0
3295,2023-08-20,65.0,63.0,39.95028,-75.16027,21.0,-2.0
3168,2023-02-14,31.0,31.0,,,,0.0
3258,2023-01-17,3.0,3.0,39.95828,-75.22424,20.0,0.0
3037,2023-06-12,14.0,11.0,39.95424,-75.16138,21.0,-3.0
3278,2024-06-27,1.0,1.0,39.99301,-75.1681,11.0,0.0
3067,2023-10-17,14.0,13.0,39.96411,-75.19973,17.0,-1.0
3336,2025-11-18,27.0,19.0,39.95719,-75.19388,20.0,-8.0
3187,2025-05-05,9.0,9.0,39.95725,-75.17232,19.0,0.0
3064,2023-04-10,29.0,25.0,39.9384,-75.17327,22.0,-4.0
3382,2025-01-04,8.0,6.0,39.95038,-75.17309,11.0,-2.0
3314,2025-04-15,11.0,6.0,39.93682,-75.14492,17.0,-5.0
3022,2025-03-16,7.0,15.0,39.95472,-75.18323,21.0,8.0
3238,2024-06-07,32.0,35.0,39.97674,-75.11995,11.0,3.0
3053,2024-04-30,32.0,38.0,39.93231,-75.18154,19.0,6.0
3029,2024-10-02,45.0,46.0,39.9538,-75.19479,17.0,1.0
3333,2025-05-13,23.0,26.0,39.9541,-75.16965,25.0,3.0
3115,2024-01-30,6.0,4.0,39.97263,-75.16757,18.0,-2.0
3306,2024-08-01,1.0,1.0,39.99683,-75.17761,11.0,0.0
3405,2026-02-17,6.0,6.0,39.94167,-75.16502,16.0,0.0
3115,2023-01-28,3.0,2.0,39.97263,-75.16757,18.0,-1.0
3101,2023-10-28,35.0,25.0,39.94295,-75.15955,18.0,-10.0
3056,2023-12-01,6.0,5.0,39.97669,-75.15813,22.0,-1.0
3035,2024-07-12,20.0,16.0,39.96271,-75.19419,20.0,-4.0
3166,2025-05-18,28.0,24.0,39.97195,-75.13445,22.0,-4.0
3369,2025-05-29,2.0,6.0,40.00772,-75.19194,16.0,4.0
3116,2023-10-25,16.0,19.0,39.96006,-75.17198,21.0,3.0
3359,2024-11-21,40.0,37.0,39.94888,-75.16978,29.0,-3.0
3237,2023-06-11,8.0,5.0,39.91717,-75.17096,21.0,-3.0
3163,2025-11-24,21.0,20.0,39.94974,-75.18097,22.0,-1.0
3004,2023-01-25,3.0,7.0,39.95371,-75.16423,23.0,4.0
3102,2026-03-20,40.0,23.0,39.96759,-75.17952,26.0,-17.0
3017,2025-10-23,10.0,11.0,39.98003,-75.14371,15.0,1.0
3303,2023-10-28,6.0,7.0,39.9559,-75.2053,20.0,1.0
3088,2025-02-06,7.0,8.0,39.96984,-75.1418,35.0,1.0
3299,2023-01-10,19.0,17.0,39.94332,-75.15698,22.0,-2.0
3355,2024-01-06,0.0,1.0,,,,1.0
3252,2025-09-17,11.0,10.0,39.93882,-75.19324,14.0,-1.0
3265,2025-12-08,8.0,4.0,39.95957,-75.19633,13.0,-4.0
3022,2023-01-15,8.0,9.0,39.95472,-75.18323,21.0,1.0
3020,2025-02-14,40.0,45.0,39.94855,-75.19007,36.0,5.0
3190,2023-06-21,35.0,35.0,,,,0.0
3256,2025-12-31,21.0,13.0,39.95269,-75.17779,23.0,-8.0
3104,2025-11-03,11.0,12.0,39.96664,-75.19209,13.0,1.0
3112,2024-06-10,10.0,6.0,39.95373,-75.21825,18.0,-4.0
3154,2025-01-22,4.0,5.0,39.95924,-75.15821,16.0,1.0
3125,2025-07-04,25.0,26.0,39.94391,-75.16735,16.0,1.0
3069,2024-07-30,11.0,24.0,39.93704,-75.15038,23.0,13.0
3029,2023-05-02,12.0,15.0,39.9538,-75.19479,17.0,3.0
3017,2024-04-04,4.0,6.0,39.98003,-75.14371,15.0,2.0
3120,2025-12-31,7.0,7.0,39.97522,-75.18669,19.0,0.0
3213,2025-09-18,74.0,79.0,39.93887,-75.16663,25.0,5.0
3373,2026-01-05,11.0,13.0,39.95817,-75.15668,15.0,2.0
3208,2024-02-22,31.0,34.0,39.95048,-75.19324,28.0,3.0
3295,2025-01-05,21.0,14.0,39.95028,-75.16027,21.0,-7.0
3323,2025-10-25,4.0,2.0,40.02796,-75.2277,18.0,-2.0
3115,2023-11-27,3.0,1.0,39.97263,-75.16757,18.0,-2.0
3280,2023-06-13,2.0,1.0,39.93968,-75.21362,18.0,-1.0
3319,2023-11-27,0.0,1.0,39.96672,-75.12964,16.0,1.0
3184,2024-07-06,1.0,1.0,39.94573,-75.19551,22.0,0.0
3039,2025-04-07,4.0,3.0,39.97157,-75.15993,17.0,-1.0
3019,2024-02-07,4.0,1.0,39.95403,-75.14983,15.0,-3.0
3256,2024-07-07,11.0,20.0,39.95269,-75.17779,23.0,9.0
3055,2024-01-25,19.0,16.0,39.95112,-75.15457,15.0,-3.0
3410,2025-04-15,1.0,0.0,39.94201,-75.21838,11.0,-1.0
3064,2023-08-25,27.0,30.0,39.9384,-75.17327,22.0,3.0
3425,2025-08-15,6.0,8.0,39.9849,-75.13255,15.0,2.0
3059,2025-10-01,49.0,47.0,39.96244,-75.16121,21.0,-2.0
3021,2023-07-23,10.0,13.0,39.9539,-75.16902,34.0,3.0
3382,2024-10-20,37.0,34.0,39.95038,-75.17309,11.0,-3.0
3150,2025-04-13,11.0,11.0,39.92884,-75.17021,17.0,0.0
3069,2023-05-14,11.0,12.0,39.93704,-75.15038,23.0,1.0
3033,2024-02-01,15.0,16.0,39.95005,-75.15672,20.0,1.0
3059,2025-12-07,17.0,25.0,39.96244,-75.16121,21.0,8.0
3052,2023-03-03,15.0,17.0,39.94732,-75.15695,25.0,2.0
3005,2025-02-08,2.0,5.0,39.94733,-75.14403,13.0,3.0
3160,2024-03-12,16.0,11.0,39.95662,-75.19862,41.0,-5.0
3078,2025-12-01,25.0,26.0,39.95355,-75.17192,18.0,1.0
3255,2023-07-11,27.0,23.0,39.95095,-75.16438,15.0,-4.0
3308,2024-01-14,3.0,2.0,,,,-1.0
3361,2026-03-08,27.0,21.0,39.93082,-75.17474,21.0,-6.0
3408,2025-10-31,7.0,6.0,39.9216,-75.15,17.0,-1.0
3049,2023-11-22,11.0,9.0,39.94509,-75.1425,29.0,-2.0
3113,2023-09-04,1.0,4.0,39.97472,-75.19781,12.0,3.0
3017,2025-05-06,11.0,14.0,39.98003,-75.14371,15.0,3.0
3032,2023-10-11,53.0,63.0,39.94527,-75.17971,20.0,10.0
3327,2024-03-18,0.0,1.0,39.97759,-75.12442,17.0,1.0
3099,2023-11-20,12.0,10.0,39.93401,-75.15094,19.0,-2.0
3437,2025-07-26,6.0,6.0,39.93931,-75.20336,15.0,0.0
3204,2023-09-06,17.0,17.0,39.96437,-75.16582,22.0,0.0
3271,2026-02-03,0.0,1.0,39.9476,-75.22946,18.0,1.0
3281,2023-10-07,5.0,4.0,39.9323,-75.2162,15.0,-1.0
3021,2026-01-07,28.0,28.0,39.9539,-75.16902,34.0,0.0
3272,2025-07-31,1.0,2.0,39.96405,-75.22048,13.0,1.0
3033,2023-12-12,29.0,29.0,39.95005,-75.15672,20.0,0.0
3074,2023-10-24,19.0,18.0,39.95511,-75.20987,15.0,-1.0
3347,2025-04-10,6.0,10.0,,,,4.0
3226,2024-04-07,0.0,2.0,39.98101,-75.13721,18.0,2.0
3316,2025-07-19,6.0,8.0,39.92255,-75.17337,19.0,2.0
3018,2025-06-29,37.0,42.0,39.95273,-75.15979,18.0,5.0
3188,2024-02-22,5.0,2.0,39.90471,-75.1734,56.0,-3.0
3030,2025-01-02,17.0,21.0,,,,4.0
3021,2024-04-30,30.0,27.0,39.9539,-75.16902,34.0,-3.0
3056,2023-12-19,6.0,6.0,39.97669,-75.15813,22.0,0.0
3281,2025-06-27,0.0,3.0,39.9323,-75.2162,15.0,3.0
3162,2023-09-13,34.0,29.0,39.94595,-75.18475,34.0,-5.0
3349,2025-08-30,12.0,22.0,39.93651,-75.18621,17.0,10.0
3212,2024-09-01,44.0,52.0,39.96383,-75.18177,32.0,8.0
3114,2025-08-05,27.0,28.0,39.93775,-75.18012,17.0,1.0
3310,2025-11-04,8.0,6.0,39.98024,-75.18651,15.0,-2.0
3005,2024-08-20,13.0,19.0,39.94733,-75.14403,13.0,6.0
3107,2023-04-08,3.0,3.0,39.98203,-75.18866,18.0,0.0
3286,2023-04-16,9.0,9.0,39.96409,-75.14769,22.0,0.0
3208,2023-12-15,38.0,32.0,39.95048,-75.19324,28.0,-6.0
3245,2025-03-27,20.0,20.0,39.97887,-75.15777,20.0,0.0
3116,2024-08-11,13.0,13.0,39.96006,-75.17198,21.0,0.0
3284,2023-04-19,2.0,1.0,40.01112,-75.19287,14.0,-1.0
3286,2024-02-23,9.0,6.0,39.96409,-75.14769,22.0,-3.0
3332,2025-12-12,1.0,0.0,40.00537,-75.18143,12.0,-1.0
3099,2024-06-25,22.0,23.0,39.93401,-75.15094,19.0,1.0
3333,2025-10-28,30.0,30.0,39.9541,-75.16965,25.0,0.0
3246,2025-09-07,6.0,5.0,39.94782,-75.22301,17.0,-1.0
3024,2023-05-16,11.0,18.0,39.94822,-75.20908,19.0,7.0
3032,2025-12-10,41.0,43.0,39.94527,-75.17971,20.0,2.0
3019,2023-02-13,8.0,7.0,39.95403,-75.14983,15.0,-1.0
3164,2024-03-11,10.0,18.0,39.92814,-75.16515,18.0,8.0
3187,2026-02-25,8.0,5.0,39.95725,-75.17232,19.0,-3.0
3308,2024-05-30,15.0,12.0,,,,-3.0
3124,2024-11-11,11.0,17.0,39.95367,-75.13956,17.0,6.0
3381,2025-03-18,2.0,3.0,39.94845,-75.21807,13.0,1.0
3086,2025-07-20,6.0,11.0,39.94019,-75.16691,21.0,5.0
3210,2025-06-30,10.0,13.0,39.98492,-75.15668,18.0,3.0
3439,2025-08-24,3.0,3.0,39.99033,-75.12759,15.0,0.0
3365,2025-09-14,12.0,19.0,39.96173,-75.18788,17.0,7.0
3272,2024-08-15,4.0,6.0,39.96405,-75.22048,13.0,2.0
3153,2023-03-16,5.0,5.0,,,,0.0
3385,2026-02-07,1.0,2.0,39.94974,-75.15424,15.0,1.0
3018,2026-01-08,16.0,20.0,39.95273,-75.15979,18.0,4.0
3040,2026-02-19,15.0,20.0,39.96289,-75.16606,21.0,5.0
3366,2024-04-24,1.0,1.0,,,,0.0
3254,2024-07-11,9.0,6.0,39.98091,-75.16065,18.0,-3.0
3102,2025-08-27,36.0,40.0,39.96759,-75.17952,26.0,4.0
3365,2025-02-25,9.0,10.0,39.96173,-75.18788,17.0,1.0
3029,2023-11-26,10.0,9.0,39.9538,-75.19479,17.0,-1.0
3349,2025-10-20,11.0,10.0,39.93651,-75.18621,17.0,-1.0
3107,2023-03-31,3.0,0.0,39.98203,-75.18866,18.0,-3.0
3370,2024-04-26,23.0,22.0,40.0163,-75.21241,16.0,-1.0
3166,2023-02-02,3.0,3.0,39.97195,-75.13445,22.0,0.0
3074,2024-01-16,4.0,1.0,39.95511,-75.20987,15.0,-3.0
3251,2025-08-07,10.0,4.0,39.93366,-75.19319,16.0,-6.0
3152,2024-09-06,3.0,3.0,39.94993,-75.20286,17.0,0.0
3184,2023-11-09,8.0,3.0,39.94573,-75.19551,22.0,-5.0
3074,2023-05-02,9.0,11.0,39.95511,-75.20987,15.0,2.0
3377,2024-05-13,4.0,4.0,,,,0.0
3282,2023-12-01,2.0,1.0,39.98628,-75.14925,15.0,-1.0
3305,2025-04-07,0.0,1.0,39.99569,-75.1671,11.0,1.0
3236,2023-04-19,16.0,21.0,39.96566,-75.17765,18.0,5.0
3078,2025-11-04,29.0,33.0,39.95355,-75.17192,18.0,4.0
3106,2023-04-26,1.0,1.0,39.99179,-75.18637,17.0,0.0
3025,2025-09-09,35.0,35.0,39.93724,-75.1612,15.0,0.0
3008,2025-06-25,11.0,5.0,39.98081,-75.15067,17.0,-6.0
3251,2023-12-06,2.0,2.0,39.93366,-75.19319,16.0,0.0
3378,2025-05-09,9.0,6.0,39.95238,-75.14728,18.0,-3.0
3267,2023-06-17,6.0,7.0,39.918,-75.1796,12.0,1.0
3278,2023-07-23,2.0,2.0,39.99301,-75.1681,11.0,0.0
3267,2025-05-25,7.0,10.0,39.918,-75.1796,12.0,3.0
3252,2026-01-08,11.0,7.0,39.93882,-75.19324,14.0,-4.0
3055,2026-03-07,7.0,6.0,39.95112,-75.15457,15.0,-1.0
3238,2023-08-11,36.0,33.0,39.97674,-75.11995,11.0,-3.0
3301,2023-04-14,28.0,28.0,39.95029,-75.17126,15.0,0.0
3276,2023-03-24,3.0,2.0,39.96569,-75.15679,18.0,-1.0
3251,2024-07-03,5.0,3.0,39.93366,-75.19319,16.0,-2.0
3061,2025-10-09,30.0,32.0,,,,2.0
3248,2024-03-10,7.0,5.0,39.94213,-75.18335,22.0,-2.0
3066,2024-05-23,58.0,42.0,39.94561,-75.17348,29.0,-16.0
3155,2023-08-14,12.0,11.0,39.94018,-75.15442,18.0,-1.0
3248,2025-03-04,10.0,11.0,39.94213,-75.18335,22.0,1.0
3075,2024-08-11,26.0,19.0,39.96718,-75.16125,12.0,-7.0
3381,2025-07-22,4.0,9.0,39.94845,-75.21807,13.0,5.0
3251,2023-11-30,4.0,4.0,39.93366,-75.19319,16.0,0.0
3326,2024-09-10,6.0,8.0,39.99198,-75.19944,17.0,2.0
3252,2025-09-29,15.0,15.0,39.93882,-75.19324,14.0,0.0
3276,2024-07-24,8.0,9.0,39.96569,-75.15679,18.0,1.0
3279,2023-07-29,9.0,8.0,39.9265,-75.1668,18.0,-1.0
3295,2024-05-02,55.0,52.0,39.95028,-75.16027,21.0,-3.0
3165,2024-04-13,18.0,18.0,39.95819,-75.1782,22.0,0.0
3201,2024-07-17,36.0,42.0,39.95523,-75.1662,20.0,6.0
3201,2025-08-21,34.0,36.0,39.95523,-75.1662,20.0,2.0
3018,2024-09-18,32.0,34.0,39.95273,-75.15979,18.0,2.0
3247,2023-05-01,3.0,4.0,39.96538,-75.21514,16.0,1.0
3201,2024-11-27,12.0,20.0,39.95523,-75.1662,20.0,8.0
3112,2025-10-11,15.0,16.0,39.95373,-75.21825,18.0,1.0
3115,2023-08-10,5.0,7.0,39.97263,-75.16757,18.0,2.0
3393,2026-02-06,4.0,7.0,39.96727,-75.13999,18.0,3.0
3097,2025-02-22,8.0,7.0,39.97888,-75.13339,18.0,-1.0
3196,2025-05-10,1.0,2.0,39.98717,-75.17477,17.0,1.0
3086,2024-09-03,19.0,17.0,39.94019,-75.16691,21.0,-2.0
3115,2025-05-14,2.0,2.0,39.97263,-75.16757,18.0,0.0
3333,2025-03-31,24.0,22.0,39.9541,-75.16965,25.0,-2.0
3074,2025-04-07,12.0,10.0,39.95511,-75.20987,15.0,-2.0
3381,2024-08-05,6.0,4.0,39.94845,-75.21807,13.0,-2.0
3060,2025-10-31,9.0,9.0,39.95923,-75.17036,19.0,0.0
3208,2024-05-13,43.0,55.0,39.95048,-75.19324,28.0,12.0
3067,2024-08-10,10.0,9.0,39.96411,-75.19973,17.0,-1.0
3307,2026-02-09,1.0,0.0,40.0028,-75.174,11.0,-1.0
3047,2023-10-08,36.0,22.0,39.95073,-75.14947,20.0,-14.0
3321,2025-06-27,17.0,15.0,39.95485,-75.17298,21.0,-2.0
3118,2024-10-23,7.0,9.0,39.95866,-75.21323,20.0,2.0
3064,2024-06-30,14.0,14.0,39.9384,-75.17327,22.0,0.0
3125,2026-02-09,8.0,9.0,39.94391,-75.16735,16.0,1.0
3034,2024-07-03,35.0,39.0,39.93315,-75.16248,16.0,4.0
3250,2026-03-14,7.0,5.0,39.95673,-75.14575,17.0,-2.0
3394,2026-03-22,10.0,10.0,39.924,-75.16959,14.0,0.0
3169,2025-12-29,5.0,6.0,39.95382,-75.14263,17.0,1.0
3267,2025-04-09,4.0,2.0,39.918,-75.1796,12.0,-2.0
3154,2023-11-29,39.0,28.0,39.95924,-75.15821,16.0,-11.0
3099,2025-10-05,16.0,21.0,39.93401,-75.15094,19.0,5.0
3333,2024-04-05,16.0,13.0,39.9541,-75.16965,25.0,-3.0
3280,2024-07-20,1.0,1.0,39.93968,-75.21362,18.0,0.0
3158,2023-04-14,22.0,20.0,39.92552,-75.16904,15.0,-2.0
3157,2023-08-21,13.0,11.0,39.92545,-75.15954,18.0,-2.0
3038,2024-04-25,41.0,33.0,39.94781,-75.19409,28.0,-8.0
3291,2024-08-28,6.0,6.0,40.01022,-75.197,15.0,0.0
3052,2025-01-06,4.0,7.0,39.94732,-75.15695,25.0,3.0
3295,2023-04-30,19.0,23.0,39.95028,-75.16027,21.0,4.0
3060,2023-04-22,3.0,8.0,39.95923,-75.17036,19.0,5.0
3107,2026-01-17,2.0,1.0,39.98203,-75.18866,18.0,-1.0
3114,2024-11-27,26.0,15.0,39.93775,-75.18012,17.0,-11.0
3037,2025-05-12,26.0,28.0,39.95424,-75.16138,21.0,2.0
3405,2026-01-26,0.0,1.0,39.94167,-75.16502,16.0,1.0
3292,2024-01-07,4.0,6.0,39.92,-75.1562,17.0,2.0
3257,2024-05-23,4.0,7.0,,,,3.0
3047,2023-06-15,36.0,34.0,39.95073,-75.14947,20.0,-2.0
3314,2024-06-16,10.0,9.0,39.93682,-75.14492,17.0,-1.0
3261,2025-06-02,19.0,19.0,39.96304,-75.14099,17.0,0.0
3337,2024-01-31,11.0,12.0,39.97318,-75.14612,15.0,1.0
3266,2024-03-26,11.0,14.0,39.9237,-75.14701,22.0,3.0
3235,2025-01-30,5.0,10.0,39.96,-75.1651,15.0,5.0
3049,2023-07-19,21.0,31.0,39.94509,-75.1425,29.0,10.0
3005,2023-10-29,9.0,7.0,39.94733,-75.14403,13.0,-2.0
3123,2025-10-29,5.0,3.0,39.98004,-75.17088,16.0,-2.0
3323,2023-06-06,7.0,7.0,40.02796,-75.2277,18.0,0.0
3008,2025-09-05,12.0,11.0,39.98081,-75.15067,17.0,-1.0
3356,2024-12-18,2.0,1.0,39.89322,-75.17187,19.0,-1.0
3323,2024-10-18,1.0,2.0,40.02796,-75.2277,18.0,1.0
3413,2026-03-28,4.0,5.0,39.97115,-75.21596,15.0,1.0
3381,2025-05-06,5.0,5.0,39.94845,-75.21807,13.0,0.0
3249,2025-01-27,4.0,7.0,39.95784,-75.19079,22.0,3.0
3320,2025-12-10,5.0,8.0,39.9746,-75.15917,17.0,3.0
3058,2026-02-12,13.0,13.0,,,,0.0
3031,2024-11-09,6.0,6.0,39.98005,-75.15522,21.0,0.0
3078,2025-07-14,34.0,33.0,39.95355,-75.17192,18.0,-1.0
3398,2024-12-29,6.0,5.0,39.91551,-75.15474,15.0,-1.0
3308,2023-06-05,5.0,5.0,,,,0.0
3258,2024-07-03,5.0,5.0,39.95828,-75.22424,20.0,0.0
3072,2025-07-22,24.0,22.0,39.93445,-75.14541,25.0,-2.0
3154,2025-06-29,18.0,15.0,39.95924,-75.15821,16.0,-3.0
3299,2024-12-05,17.0,19.0,39.94332,-75.15698,22.0,2.0
3063,2023-07-23,35.0,40.0,39.94633,-75.1698,25.0,5.0
3033,2025-06-05,32.0,33.0,39.95005,-75.15672,20.0,1.0
3370,2025-01-13,1.0,1.0,40.0163,-75.21241,16.0,0.0
3240,2023-03-23,1.0,1.0,39.96277,-75.21185,12.0,0.0
3298,2025-03-24,1.0,0.0,39.94717,-75.20691,15.0,-1.0
3263,2024-03-17,8.0,6.0,39.9586,-75.2081,18.0,-2.0
3184,2025-03-17,13.0,6.0,39.94573,-75.19551,22.0,-7.0
3053,2026-02-01,4.0,2.0,39.93231,-75.18154,19.0,-2.0
3308,2024-03-06,3.0,0.0,,,,-3.0
3074,2025-11-30,7.0,7.0,39.95511,-75.20987,15.0,0.0
3150,2023-05-19,19.0,15.0,39.92884,-75.17021,17.0,-4.0
3057,2024-04-20,66.0,65.0,39.96439,-75.17987,26.0,-1.0
3399,2026-03-19,9.0,9.0,39.97502,-75.14006,15.0,0.0
3282,2024-01-17,0.0,1.0,39.98628,-75.14925,15.0,1.0
3074,2023-01-18,9.0,7.0,39.95511,-75.20987,15.0,-2.0
3049,2025-12-09,5.0,5.0,39.94509,-75.1425,29.0,0.0
3166,2026-03-08,8.0,7.0,39.97195,-75.13445,22.0,-1.0
3072,2023-03-16,9.0,5.0,39.93445,-75.14541,25.0,-4.0
3285,2023-11-03,12.0,9.0,39.95946,-75.14745,19.0,-3.0
3412,2025-09-29,1.0,1.0,39.93771,-75.23373,15.0,0.0
3123,2024-07-21,1.0,2.0,39.98004,-75.17088,16.0,1.0
3038,2025-07-07,42.0,26.0,39.94781,-75.19409,28.0,-16.0
3243,2025-07-22,3.0,4.0,39.9835,-75.14743,12.0,1.0
3249,2024-11-14,11.0,14.0,39.95784,-75.19079,22.0,3.0
3208,2025-05-21,33.0,36.0,39.95048,-75.19324,28.0,3.0
3304,2026-03-08,14.0,17.0,39.94234,-75.15399,21.0,3.0
3014,2023-10-09,18.0,9.0,39.95886,-75.17369,25.0,-9.0
3325,2026-01-13,3.0,3.0,39.9768,-75.12764,22.0,0.0
3275,2024-08-09,9.0,11.0,39.97576,-75.12157,22.0,2.0
3212,2024-02-21,7.0,6.0,39.96383,-75.18177,32.0,-1.0
3119,2023-11-17,7.0,5.0,39.96674,-75.20799,17.0,-2.0
3296,2024-10-16,54.0,66.0,39.95134,-75.16758,21.0,12.0
3152,2026-03-07,1.0,2.0,39.94993,-75.20286,17.0,1.0
3017,2026-02-02,3.0,2.0,39.98003,-75.14371,15.0,-1.0
3158,2025-11-04,12.0,12.0,39.92552,-75.16904,15.0,0.0
3164,2026-02-24,8.0,11.0,39.92814,-75.16515,18.0,3.0
3115,2025-07-28,9.0,6.0,39.97263,-75.16757,18.0,-3.0
3061,2025-11-21,51.0,49.0,,,,-2.0
3111,2023-10-18,2.0,2.0,39.97779,-75.21323,14.0,0.0
3150,2023-07-10,16.0,13.0,39.92884,-75.17021,17.0,-3.0
3344,2023-10-20,5.0,4.0,39.95961,-75.23354,23.0,-1.0
3359,2024-11-28,5.0,8.0,39.94888,-75.16978,29.0,3.0
3308,2023-04-03,3.0,5.0,,,,2.0
3241,2023-06-10,5.0,6.0,39.95225,-75.22637,20.0,1.0
3252,2024-11-18,14.0,11.0,39.93882,-75.19324,14.0,-3.0
3123,2024-04-10,3.0,4.0,39.98004,-75.17088,16.0,1.0
3306,2025-07-15,0.0,1.0,39.99683,-75.17761,11.0,1.0
3207,2024-09-07,11.0,10.0,39.95441,-75.192,20.0,-1.0
3112,2024-04-11,10.0,10.0,39.95373,-75.21825,18.0,0.0
3399,2025-09-26,19.0,23.0,39.97502,-75.14006,15.0,4.0
3335,2024-06-30,6.0,0.0,40.02237,-75.218,18.0,-6.0
3120,2023-05-30,20.0,22.0,39.97522,-75.18669,19.0,2.0
3064,2024-08-27,31.0,30.0,39.9384,-75.17327,22.0,-1.0
3207,2024-09-01,9.0,8.0,39.95441,-75.192,20.0,-1.0
3039,2023-10-27,7.0,8.0,39.97157,-75.15993,17.0,1.0
3052,2024-06-30,20.0,20.0,39.94732,-75.15695,25.0,0.0
3435,2025-10-05,10.0,11.0,39.98451,-75.12348,13.0,1.0
3007,2023-10-27,49.0,47.0,39.94517,-75.15993,20.0,-2.0
3165,2026-03-02,8.0,9.0,39.95819,-75.1782,22.0,1.0
3210,2025-12-18,11.0,8.0,39.98492,-75.15668,18.0,-3.0
3272,2025-08-03,5.0,4.0,39.96405,-75.22048,13.0,-1.0
3154,2023-03-23,15.0,21.0,39.95924,-75.15821,16.0,6.0
3201,2025-12-22,15.0,18.0,39.95523,-75.1662,20.0,3.0
3354,2026-03-18,2.0,3.0,39.95628,-75.2387,18.0,1.0
3201,2024-08-02,21.0,21.0,39.95523,-75.1662,20.0,0.0
3300,2024-09-05,15.0,15.0,39.95511,-75.16287,13.0,0.0
3064,2026-01-30,7.0,6.0,39.9384,-75.17327,22.0,-1.0
3125,2025-02-27,26.0,22.0,39.94391,-75.16735,16.0,-4.0
3161,2024-10-29,44.0,46.0,39.95486,-75.18091,23.0,2.0
3097,2026-03-09,9.0,11.0,39.97888,-75.13339,18.0,2.0
3163,2024-08-05,37.0,38.0,39.94974,-75.18097,22.0,1.0
3310,2025-06-27,6.0,3.0,39.98024,-75.18651,15.0,-3.0
3099,2024-01-29,8.0,7.0,39.93401,-75.15094,19.0,-1.0
3020,2024-04-28,19.0,20.0,39.94855,-75.19007,36.0,1.0
3259,2025-01-27,6.0,6.0,39.95998,-75.19883,17.0,0.0
3344,2025-07-26,3.0,4.0,39.95961,-75.23354,23.0,1.0
3340,2025-12-01,9.0,9.0,39.96906,-75.18169,17.0,0.0
3265,2023-04-28,5.0,1.0,39.95957,-75.19633,13.0,-4.0
3360,2024-01-10,19.0,17.0,39.93304,-75.16822,22.0,-2.0
3032,2024-02-27,36.0,37.0,39.94527,-75.17971,20.0,1.0
3072,2025-06-20,16.0,20.0,39.93445,-75.14541,25.0,4.0
3205,2026-03-21,15.0,9.0,39.95405,-75.16783,22.0,-6.0
3321,2025-04-21,13.0,14.0,39.95485,-75.17298,21.0,1.0
3029,2023-09-30,20.0,14.0,39.9538,-75.19479,17.0,-6.0
3253,2026-03-22,1.0,1.0,39.93074,-75.18924,21.0,0.0
3370,2024-08-06,1.0,2.0,40.0163,-75.21241,16.0,1.0
3020,2023-11-14,52.0,66.0,39.94855,-75.19007,36.0,14.0
3017,2025-05-18,11.0,13.0,39.98003,-75.14371,15.0,2.0
3159,2023-07-25,19.0,16.0,39.95121,-75.19962,23.0,-3.0
3197,2024-06-07,7.0,7.0,39.92083,-75.17033,23.0,0.0
3039,2025-07-27,5.0,6.0,39.97157,-75.15993,17.0,1.0
3320,2023-12-26,1.0,1.0,39.9746,-75.15917,17.0,0.0
3060,2025-06-21,13.0,13.0,39.95923,-75.17036,19.0,0.0
3047,2023-07-22,36.0,36.0,39.95073,-75.14947,20.0,0.0
3041,2024-08-08,9.0,11.0,39.96849,-75.13546,26.0,2.0
3102,2025-02-07,21.0,14.0,39.96759,-75.17952,26.0,-7.0
3056,2025-10-02,6.0,8.0,39.97669,-75.15813,22.0,2.0
3266,2023-11-30,4.0,5.0,39.9237,-75.14701,22.0,1.0
3268,2025-06-05,3.0,2.0,39.97633,-75.15101,22.0,-1.0
3061,2024-11-25,36.0,30.0,,,,-6.0
3158,2024-09-04,23.0,23.0,39.92552,-75.16904,15.0,0.0
3319,2023-12-25,2.0,2.0,39.96672,-75.12964,16.0,0.0
3181,2023-06-26,3.0,3.0,39.89629,-75.17514,20.0,0.0
3251,2025-08-15,7.0,4.0,39.93366,-75.19319,16.0,-3.0
3252,2024-01-04,4.0,6.0,39.93882,-75.19324,14.0,2.0
3197,2024-01-13,0.0,1.0,39.92083,-75.17033,23.0,1.0
3236,2023-01-04,13.0,14.0,39.96566,-75.17765,18.0,1.0
3321,2023-07-10,13.0,16.0,39.95485,-75.17298,21.0,3.0
3284,2023-06-20,0.0,5.0,40.01112,-75.19287,14.0,5.0
3348,2024-01-27,7.0,4.0,,,,-3.0
3196,2025-10-21,1.0,1.0,39.98717,-75.17477,17.0,0.0
3210,2024-10-05,13.0,24.0,39.98492,-75.15668,18.0,11.0
3305,2023-03-06,3.0,3.0,39.99569,-75.1671,11.0,0.0
3039,2025-01-09,3.0,2.0,39.97157,-75.15993,17.0,-1.0
3356,2024-11-23,4.0,4.0,39.89322,-75.17187,19.0,0.0
3159,2026-02-06,13.0,7.0,39.95121,-75.19962,23.0,-6.0
3166,2023-01-01,6.0,1.0,39.97195,-75.13445,22.0,-5.0
3125,2026-02-04,9.0,10.0,39.94391,-75.16735,16.0,1.0
3441,2025-11-13,8.0,7.0,39.96305,-75.17454,5.0,-1.0
3368,2025-06-16,6.0,7.0,39.97647,-75.17362,17.0,1.0
3069,2024-09-09,20.0,27.0,39.93704,-75.15038,23.0,7.0
3296,2023-09-28,57.0,65.0,39.95134,-75.16758,21.0,8.0
3285,2024-09-03,12.0,10.0,39.95946,-75.14745,19.0,-2.0
3182,2026-03-28,23.0,23.0,,,,0.0
3166,2023-05-21,5.0,7.0,39.97195,-75.13445,22.0,2.0
3032,2025-05-02,74.0,72.0,39.94527,-75.17971,20.0,-2.0
3212,2023-11-29,5.0,2.0,39.96383,-75.18177,32.0,-3.0
3053,2025-09-27,38.0,29.0,39.93231,-75.18154,19.0,-9.0
3188,2024-09-02,12.0,11.0,39.90471,-75.1734,56.0,-1.0
3010,2025-12-18,49.0,55.0,39.94711,-75.16618,22.0,6.0
3200,2023-07-29,3.0,2.0,39.97583,-75.16846,17.0,-1.0
3233,2024-08-17,2.0,4.0,,,,2.0
3238,2023-10-10,17.0,30.0,39.97674,-75.11995,11.0,13.0
3018,2026-03-09,16.0,16.0,39.95273,-75.15979,18.0,0.0
3300,2024-04-13,9.0,14.0,39.95511,-75.16287,13.0,5.0
3249,2023-02-04,1.0,3.0,39.95784,-75.19079,22.0,2.0
3181,2023-08-16,3.0,2.0,39.89629,-75.17514,20.0,-1.0
3054,2024-05-20,55.0,44.0,39.9625,-75.1742,35.0,-11.0
3234,2023-02-05,7.0,3.0,,,,-4.0
3373,2024-05-14,17.0,14.0,39.95817,-75.15668,15.0,-3.0
3032,2023-08-10,50.0,52.0,39.94527,-75.17971,20.0,2.0
3024,2025-04-18,13.0,16.0,39.94822,-75.20908,19.0,3.0
3320,2024-04-14,11.0,12.0,39.9746,-75.15917,17.0,1.0
3096,2025-01-30,0.0,1.0,39.99119,-75.17975,14.0,1.0
3287,2023-09-27,3.0,3.0,39.94367,-75.21606,16.0,0.0
3250,2024-07-02,3.0,8.0,39.95673,-75.14575,17.0,5.0
3077,2024-04-13,5.0,5.0,39.97207,-75.16351,19.0,0.0
3038,2023-05-23,31.0,38.0,39.94781,-75.19409,28.0,7.0
3061,2023-03-03,9.0,10.0,,,,1.0
3088,2026-02-04,3.0,3.0,39.96984,-75.1418,35.0,0.0
3331,2025-06-18,8.0,8.0,39.97116,-75.12813,20.0,0.0
3417,2025-12-02,0.0,1.0,39.99146,-75.14808,15.0,1.0
3256,2024-09-26,40.0,47.0,39.95269,-75.17779,23.0,7.0
3271,2026-02-12,1.0,2.0,39.9476,-75.22946,18.0,1.0
3197,2024-10-29,11.0,12.0,39.92083,-75.17033,23.0,1.0
3301,2023-10-04,41.0,38.0,39.95029,-75.17126,15.0,-3.0
3099,2023-11-16,17.0,14.0,39.93401,-75.15094,19.0,-3.0
3267,2023-12-03,2.0,1.0,39.918,-75.1796,12.0,-1.0
3374,2024-06-13,23.0,29.0,39.9728,-75.17971,18.0,6.0
3006,2025-12-27,2.0,2.0,39.9522,-75.20311,17.0,0.0
3185,2025-08-27,58.0,60.0,39.95169,-75.15888,21.0,2.0
3115,2025-07-16,8.0,8.0,39.97263,-75.16757,18.0,0.0
3279,2023-04-18,2.0,2.0,39.9265,-75.1668,18.0,0.0
3258,2023-06-23,2.0,3.0,39.95828,-75.22424,20.0,1.0
3019,2023-07-11,13.0,10.0,39.95403,-75.14983,15.0,-3.0
3383,2025-06-30,8.0,15.0,39.96634,-75.14222,19.0,7.0
3392,2025-02-23,2.0,2.0,39.93633,-75.19447,13.0,0.0
3197,2024-03-14,12.0,21.0,39.92083,-75.17033,23.0,9.0
3313,2024-07-10,5.0,3.0,39.9158,-75.1643,9.0,-2.0
3104,2023-06-27,11.0,9.0,39.96664,-75.19209,13.0,-2.0
3040,2024-02-18,10.0,3.0,39.96289,-75.16606,21.0,-7.0
3208,2023-06-25,8.0,8.0,39.95048,-75.19324,28.0,0.0
3021,2023-04-21,33.0,36.0,39.9539,-75.16902,34.0,3.0
3040,2024-07-09,16.0,18.0,39.96289,-75.16606,21.0,2.0
3350,2025-11-14,2.0,3.0,39.99415,-75.15527,20.0,1.0
3324,2026-02-28,11.0,9.0,39.99484,-75.19242,23.0,-2.0
3009,2023-04-15,17.0,22.0,39.95576,-75.18982,14.0,5.0
3213,2026-02-02,21.0,18.0,39.93887,-75.16663,25.0,-3.0
3385,2025-11-25,10.0,7.0,39.94974,-75.15424,15.0,-3.0
3250,2023-10-23,6.0,7.0,39.95673,-75.14575,17.0,1.0
3072,2025-08-15,21.0,21.0,39.93445,-75.14541,25.0,0.0
3158,2023-05-24,15.0,13.0,39.92552,-75.16904,15.0,-2.0
3278,2024-06-17,2.0,1.0,39.99301,-75.1681,11.0,-1.0
3370,2026-02-11,3.0,3.0,40.0163,-75.21241,16.0,0.0
3255,2025-10-03,54.0,58.0,39.95095,-75.16438,15.0,4.0
3277,2026-01-20,0.0,1.0,39.98306,-75.16738,20.0,1.0
3200,2025-10-11,2.0,2.0,39.97583,-75.16846,17.0,0.0
3182,2024-08-31,28.0,27.0,,,,-1.0
3421,2025-09-11,15.0,13.0,39.91972,-75.16408,13.0,-2.0
3184,2023-07-01,1.0,1.0,39.94573,-75.19551,22.0,0.0
3012,2025-10-11,17.0,15.0,39.94218,-75.17747,27.0,-2.0
3114,2026-01-02,16.0,10.0,39.93775,-75.18012,17.0,-6.0
3063,2024-08-28,57.0,51.0,39.94633,-75.1698,25.0,-6.0
3315,2025-12-03,6.0,7.0,39.94235,-75.21138,13.0,1.0
3181,2024-08-05,1.0,1.0,39.89629,-75.17514,20.0,0.0
3020,2025-07-13,19.0,23.0,39.94855,-75.19007,36.0,4.0
3017,2023-01-21,5.0,4.0,39.98003,-75.14371,15.0,-1.0
3278,2025-09-12,0.0,1.0,39.99301,-75.1681,11.0,1.0
3326,2025-12-20,2.0,0.0,39.99198,-75.19944,17.0,-2.0
3156,2024-10-03,43.0,42.0,39.95381,-75.17407,22.0,-1.0
3043,2023-06-29,21.0,23.0,,,,2.0
3100,2025-11-15,24.0,20.0,39.92777,-75.15103,38.0,-4.0
3369,2024-08-22,9.0,8.0,40.00772,-75.19194,16.0,-1.0
3047,2025-08-28,27.0,27.0,39.95073,-75.14947,20.0,0.0
3271,2024-12-02,1.0,2.0,39.9476,-75.22946,18.0,1.0
3187,2024-03-03,9.0,9.0,39.95725,-75.17232,19.0,0.0
3292,2026-03-08,10.0,9.0,39.92,-75.1562,17.0,-1.0
3347,2024-10-01,14.0,19.0,,,,5.0
3015,2024-06-05,13.0,15.0,39.94735,-75.14886,11.0,2.0
3017,2026-03-28,9.0,7.0,39.98003,-75.14371,15.0,-2.0
3093,2025-05-05,3.0,2.0,39.98837,-75.18701,16.0,-1.0
3053,2024-09-17,29.0,35.0,39.93231,-75.18154,19.0,6.0
3168,2025-04-03,13.0,17.0,,,,4.0
3006,2024-06-01,11.0,9.0,39.9522,-75.20311,17.0,-2.0
3088,2025-03-04,13.0,11.0,39.96984,-75.1418,35.0,-2.0
3343,2024-05-01,20.0,21.0,,,,1.0
3052,2024-12-11,16.0,17.0,39.94732,-75.15695,25.0,1.0
3205,2023-03-21,21.0,19.0,39.95405,-75.16783,22.0,-2.0
3099,2026-01-19,4.0,6.0,39.93401,-75.15094,19.0,2.0
3249,2023-05-23,19.0,18.0,39.95784,-75.19079,22.0,-1.0
3277,2025-08-15,3.0,1.0,39.98306,-75.16738,20.0,-2.0
3434,2025-09-03,13.0,9.0,39.97487,-75.13286,15.0,-4.0
3183,2024-04-28,6.0,8.0,39.88994,-75.17679,20.0,2.0
3368,2024-04-23,4.0,2.0,39.97647,-75.17362,17.0,-2.0
3115,2025-08-15,7.0,5.0,39.97263,-75.16757,18.0,-2.0
3196,2025-05-15,0.0,1.0,39.98717,-75.17477,17.0,1.0
3324,2025-11-18,1.0,1.0,39.99484,-75.19242,23.0,0.0
3385,2025-02-21,5.0,4.0,39.94974,-75.15424,15.0,-1.0
3266,2025-01-27,13.0,11.0,39.9237,-75.14701,22.0,-2.0
3342,2023-10-21,6.0,5.0,39.9639,-75.17385,20.0,-1.0
3292,2024-09-19,9.0,8.0,39.92,-75.1562,17.0,-1.0
3353,2024-11-28,1.0,1.0,40.00496,-75.15233,22.0,0.0
3009,2024-04-28,30.0,22.0,39.95576,-75.18982,14.0,-8.0
3279,2025-02-26,9.0,8.0,39.9265,-75.1668,18.0,-1.0
3053,2023-09-04,19.0,16.0,39.93231,-75.18154,19.0,-3.0
3404,2026-03-29,1.0,1.0,39.97347,-75.23491,15.0,0.0
3207,2024-01-14,4.0,6.0,39.95441,-75.192,20.0,2.0
3170,2023-08-17,11.0,15.0,,,,4.0
3319,2026-02-17,3.0,5.0,39.96672,-75.12964,16.0,2.0
3275,2026-03-08,9.0,7.0,39.97576,-75.12157,22.0,-2.0
3340,2025-06-27,29.0,26.0,39.96906,-75.18169,17.0,-3.0
3317,2023-09-12,4.0,3.0,,,,-1.0
3025,2024-03-27,10.0,13.0,39.93724,-75.1612,15.0,3.0
3033,2023-06-04,32.0,34.0,39.95005,-75.15672,20.0,2.0
3024,2025-04-14,7.0,8.0,39.94822,-75.20908,19.0,1.0
3267,2025-04-01,6.0,5.0,39.918,-75.1796,12.0,-1.0
3154,2024-09-14,26.0,22.0,39.95924,-75.15821,16.0,-4.0
3212,2023-11-16,14.0,9.0,39.96383,-75.18177,32.0,-5.0
3070,2023-10-25,10.0,8.0,,,,-2.0
3376,2024-05-16,4.0,4.0,39.97183,-75.14878,8.0,0.0
3298,2024-04-22,1.0,1.0,39.94717,-75.20691,15.0,0.0
3054,2025-10-17,36.0,38.0,39.9625,-75.1742,35.0,2.0
3253,2024-01-10,3.0,3.0,39.93074,-75.18924,21.0,0.0
3166,2023-11-06,9.0,14.0,39.97195,-75.13445,22.0,5.0
3310,2025-11-09,1.0,2.0,39.98024,-75.18651,15.0,1.0
3251,2024-05-17,4.0,3.0,39.93366,-75.19319,16.0,-1.0
3277,2024-11-03,4.0,4.0,39.98306,-75.16738,20.0,0.0
3341,2024-03-05,1.0,2.0,39.98131,-75.12732,20.0,1.0
3019,2025-12-17,9.0,7.0,39.95403,-75.14983,15.0,-2.0
3277,2025-09-13,6.0,4.0,39.98306,-75.16738,20.0,-2.0
3015,2025-12-30,4.0,1.0,39.94735,-75.14886,11.0,-3.0
3378,2024-10-20,8.0,9.0,39.95238,-75.14728,18.0,1.0
3236,2025-04-17,11.0,8.0,39.96566,-75.17765,18.0,-3.0
3197,2023-03-09,11.0,7.0,39.92083,-75.17033,23.0,-4.0
3291,2025-11-14,2.0,3.0,40.01022,-75.197,15.0,1.0
3345,2023-12-26,1.0,0.0,39.9617,-75.14667,19.0,-1.0
3282,2023-07-12,0.0,1.0,39.98628,-75.14925,15.0,1.0
3014,2023-04-30,2.0,4.0,39.95886,-75.17369,25.0,2.0
3104,2025-12-03,11.0,8.0,39.96664,-75.19209,13.0,-3.0
3047,2025-12-23,6.0,8.0,39.95073,-75.14947,20.0,2.0
3034,2025-06-12,42.0,40.0,39.93315,-75.16248,16.0,-2.0
3340,2023-06-21,14.0,15.0,39.96906,-75.18169,17.0,1.0
3163,2025-12-14,5.0,0.0,39.94974,-75.18097,22.0,-5.0
3188,2024-02-24,1.0,0.0,39.90471,-75.1734,56.0,-1.0
3381,2026-01-12,4.0,4.0,39.94845,-75.21807,13.0,0.0
3276,2023-04-08,8.0,3.0,39.96569,-75.15679,18.0,-5.0
3031,2023-09-20,24.0,24.0,39.98005,-75.15522,21.0,0.0
3026,2023-04-13,36.0,33.0,39.94182,-75.1455,17.0,-3.0
3329,2024-09-08,6.0,3.0,40.02651,-75.22445,15.0,-3.0
3026,2024-12-09,19.0,21.0,39.94182,-75.1455,17.0,2.0
3039,2024-10-19,7.0,9.0,39.97157,-75.15993,17.0,2.0
3035,2025-12-20,16.0,12.0,39.96271,-75.19419,20.0,-4.0
3162,2023-07-23,22.0,17.0,39.94595,-75.18475,34.0,-5.0
3238,2023-12-07,16.0,17.0,39.97674,-75.11995,11.0,1.0
3370,2024-06-23,4.0,3.0,40.0163,-75.21241,16.0,-1.0
3100,2025-06-30,22.0,21.0,39.92777,-75.15103,38.0,-1.0
3024,2025-05-26,10.0,12.0,39.94822,-75.20908,19.0,2.0
3276,2023-04-19,6.0,10.0,39.96569,-75.15679,18.0,4.0
3281,2024-03-21,1.0,1.0,39.9323,-75.2162,15.0,0.0
3010,2024-04-11,80.0,78.0,39.94711,-75.16618,22.0,-2.0
3020,2024-12-26,17.0,17.0,39.94855,-75.19007,36.0,0.0
3393,2025-08-09,34.0,21.0,39.96727,-75.13999,18.0,-13.0
3360,2025-10-27,18.0,18.0,39.93304,-75.16822,22.0,0.0
3017,2024-07-11,11.0,11.0,39.98003,-75.14371,15.0,0.0
3164,2023-03-16,22.0,19.0,39.92814,-75.16515,18.0,-3.0
3291,2024-07-03,5.0,4.0,40.01022,-75.197,15.0,-1.0
3278,2023-05-23,1.0,0.0,39.99301,-75.1681,11.0,-1.0
3323,2025-08-16,4.0,3.0,40.02796,-75.2277,18.0,-1.0
3034,2024-10-31,42.0,42.0,39.93315,-75.16248,16.0,0.0
3039,2025-05-19,16.0,14.0,39.97157,-75.15993,17.0,-2.0
3164,2026-02-05,11.0,8.0,39.92814,-75.16515,18.0,-3.0
3107,2025-02-10,1.0,2.0,39.98203,-75.18866,18.0,1.0
3209,2024-06-12,14.0,16.0,39.949,-75.21278,14.0,2.0
3019,2025-05-26,5.0,4.0,39.95403,-75.14983,15.0,-1.0
3340,2023-10-03,24.0,29.0,39.96906,-75.18169,17.0,5.0
3009,2024-08-02,21.0,25.0,39.95576,-75.18982,14.0,4.0
3164,2023-01-11,7.0,6.0,39.92814,-75.16515,18.0,-1.0
3200,2023-05-18,9.0,4.0,39.97583,-75.16846,17.0,-5.0
3361,2024-10-22,40.0,35.0,39.93082,-75.17474,21.0,-5.0
3398,2025-10-13,3.0,2.0,39.91551,-75.15474,15.0,-1.0
3210,2024-04-19,8.0,12.0,39.98492,-75.15668,18.0,4.0
3323,2023-05-02,4.0,4.0,40.02796,-75.2277,18.0,0.0
3430,2025-06-20,5.0,4.0,39.97408,-75.1801,14.0,-1.0
3410,2025-09-24,3.0,3.0,39.94201,-75.21838,11.0,0.0
3033,2023-12-07,22.0,22.0,39.95005,-75.15672,20.0,0.0
3346,2024-08-15,17.0,13.0,39.94883,-75.15097,17.0,-4.0
3294,2026-03-25,13.0,15.0,39.95174,-75.17063,21.0,2.0
3207,2026-01-01,1.0,2.0,39.95441,-75.192,20.0,1.0
3362,2025-05-17,34.0,40.0,39.94816,-75.16226,19.0,6.0
3259,2023-07-21,15.0,8.0,39.95998,-75.19883,17.0,-7.0
3163,2024-11-15,26.0,26.0,39.94974,-75.18097,22.0,0.0
3264,2025-04-19,11.0,10.0,39.94571,-75.15508,23.0,-1.0
3007,2023-12-03,18.0,21.0,39.94517,-75.15993,20.0,3.0
3234,2023-01-02,3.0,4.0,,,,1.0
3005,2025-10-12,31.0,30.0,39.94733,-75.14403,13.0,-1.0
3120,2024-11-19,17.0,13.0,39.97522,-75.18669,19.0,-4.0
3031,2024-08-21,14.0,19.0,39.98005,-75.15522,21.0,5.0
3125,2024-11-14,28.0,24.0,39.94391,-75.16735,16.0,-4.0
3299,2024-01-24,15.0,11.0,39.94332,-75.15698,22.0,-4.0
3157,2025-01-06,1.0,1.0,39.92545,-75.15954,18.0,0.0
3363,2026-03-05,7.0,7.0,39.94655,-75.16263,17.0,0.0
3034,2023-06-29,26.0,28.0,39.93315,-75.16248,16.0,2.0
3160,2023-07-15,13.0,19.0,39.95662,-75.19862,41.0,6.0
3187,2023-07-22,14.0,16.0,39.95725,-75.17232,19.0,2.0
3296,2025-11-13,35.0,39.0,39.95134,-75.16758,21.0,4.0
3313,2023-07-31,3.0,3.0,39.9158,-75.1643,9.0,0.0
3256,2025-01-17,12.0,16.0,39.95269,-75.17779,23.0,4.0
3030,2023-05-07,26.0,26.0,,,,0.0
3332,2023-10-17,1.0,1.0,40.00537,-75.18143,12.0,0.0
3051,2025-06-17,23.0,25.0,39.96744,-75.17507,37.0,2.0
3026,2024-03-26,20.0,21.0,39.94182,-75.1455,17.0,1.0
3078,2023-09-09,22.0,20.0,39.95355,-75.17192,18.0,-2.0
3265,2024-07-01,17.0,18.0,39.95957,-75.19633,13.0,1.0
3392,2024-10-12,4.0,4.0,39.93633,-75.19447,13.0,0.0
3341,2025-11-02,8.0,9.0,39.98131,-75.12732,20.0,1.0
3165,2024-04-26,28.0,24.0,39.95819,-75.1782,22.0,-4.0
3258,2024-01-31,3.0,5.0,39.95828,-75.22424,20.0,2.0
3300,2023-04-29,5.0,7.0,39.95511,-75.16287,13.0,2.0
3250,2023-08-11,3.0,6.0,39.95673,-75.14575,17.0,3.0
3265,2024-04-03,2.0,1.0,39.95957,-75.19633,13.0,-1.0
3359,2023-12-28,18.0,18.0,39.94888,-75.16978,29.0,0.0
3055,2024-10-23,21.0,25.0,39.95112,-75.15457,15.0,4.0
3065,2023-04-18,6.0,3.0,39.9707,-75.15171,15.0,-3.0
3261,2025-01-08,2.0,2.0,39.96304,-75.14099,17.0,0.0
3101,2023-07-18,37.0,37.0,39.94295,-75.15955,18.0,0.0
3162,2025-04-14,18.0,12.0,39.94595,-75.18475,34.0,-6.0
3409,2026-03-02,1.0,2.0,39.95508,-75.15128,20.0,1.0
3161,2025-08-09,22.0,25.0,39.95486,-75.18091,23.0,3.0
3008,2026-01-07,10.0,9.0,39.98081,-75.15067,17.0,-1.0
3111,2024-07-19,0.0,1.0,39.97779,-75.21323,14.0,1.0
3201,2025-11-24,25.0,21.0,39.95523,-75.1662,20.0,-4.0
3304,2025-07-28,20.0,26.0,39.94234,-75.15399,21.0,6.0
3353,2024-05-07,5.0,5.0,40.00496,-75.15233,22.0,0.0
3286,2025-08-22,10.0,12.0,39.96409,-75.14769,22.0,2.0
3297,2025-06-25,10.0,11.0,39.95821,-75.16901,19.0,1.0
3287,2024-04-17,2.0,3.0,39.94367,-75.21606,16.0,1.0
3389,2025-03-07,3.0,3.0,39.94431,-75.18128,16.0,0.0
3276,2023-02-09,4.0,5.0,39.96569,-75.15679,18.0,1.0
3304,2025-04-10,31.0,34.0,39.94234,-75.15399,21.0,3.0
3282,2023-04-07,0.0,1.0,39.98628,-75.14925,15.0,1.0
3341,2024-08-22,13.0,14.0,39.98131,-75.12732,20.0,1.0
3355,2024-06-03,10.0,11.0,,,,1.0
3278,2023-06-05,2.0,2.0,39.99301,-75.1681,11.0,0.0
3158,2025-02-05,10.0,10.0,39.92552,-75.16904,15.0,0.0
3352,2024-06-29,1.0,4.0,40.00143,-75.15256,11.0,3.0
3060,2024-10-01,10.0,9.0,39.95923,-75.17036,19.0,-1.0
3168,2023-06-06,41.0,33.0,,,,-8.0
3119,2024-10-12,5.0,3.0,39.96674,-75.20799,17.0,-2.0
3061,2024-07-08,27.0,32.0,,,,5.0
3409,2025-11-02,1.0,2.0,39.95508,-75.15128,20.0,1.0
3363,2024-02-27,10.0,10.0,39.94655,-75.16263,17.0,0.0
3077,2024-07-18,17.0,10.0,39.97207,-75.16351,19.0,-7.0
3032,2024-12-17,39.0,44.0,39.94527,-75.17971,20.0,5.0
3150,2025-05-30,18.0,16.0,39.92884,-75.17021,17.0,-2.0
3311,2024-03-04,3.0,2.0,,,,-1.0
3303,2026-03-08,8.0,4.0,39.9559,-75.2053,20.0,-4.0
3268,2025-07-13,1.0,2.0,39.97633,-75.15101,22.0,1.0
3159,2025-09-24,31.0,33.0,39.95121,-75.19962,23.0,2.0
3226,2024-11-13,4.0,6.0,39.98101,-75.13721,18.0,2.0
3055,2026-03-09,15.0,13.0,39.95112,-75.15457,15.0,-2.0
3100,2024-02-13,11.0,9.0,39.92777,-75.15103,38.0,-2.0
3018,2025-05-10,48.0,53.0,39.95273,-75.15979,18.0,5.0
3281,2023-09-04,4.0,5.0,39.9323,-75.2162,15.0,1.0
3335,2024-06-06,3.0,7.0,40.02237,-75.218,18.0,4.0
3370,2025-03-07,4.0,3.0,40.0163,-75.21241,16.0,-1.0
3200,2025-08-06,14.0,11.0,39.97583,-75.16846,17.0,-3.0
3073,2023-01-21,9.0,10.0,39.96143,-75.15242,15.0,1.0
3035,2024-09-06,11.0,12.0,39.96271,-75.19419,20.0,1.0
3361,2026-01-05,17.0,14.0,39.93082,-75.17474,21.0,-3.0
3040,2025-10-04,16.0,9.0,39.96289,-75.16606,21.0,-7.0
3005,2025-09-07,22.0,26.0,39.94733,-75.14403,13.0,4.0
3063,2023-01-01,13.0,20.0,39.94633,-75.1698,25.0,7.0
3336,2025-10-31,18.0,19.0,39.95719,-75.19388,20.0,1.0
3005,2024-12-06,9.0,9.0,39.94733,-75.14403,13.0,0.0
3318,2025-12-25,13.0,8.0,39.95182,-75.16395,20.0,-5.0
3099,2023-08-17,16.0,19.0,39.93401,-75.15094,19.0,3.0
3208,2023-10-03,41.0,42.0,39.95048,-75.19324,28.0,1.0
3201,2026-01-28,8.0,7.0,39.95523,-75.1662,20.0,-1.0
3396,2025-08-12,13.0,11.0,39.92327,-75.1821,16.0,-2.0
3116,2024-05-01,20.0,21.0,39.96006,-75.17198,21.0,1.0
3119,2024-08-07,7.0,7.0,39.96674,-75.20799,17.0,0.0
3200,2024-08-14,7.0,5.0,39.97583,-75.16846,17.0,-2.0
3236,2023-03-05,17.0,11.0,39.96566,-75.17765,18.0,-6.0
3124,2023-08-22,22.0,25.0,39.95367,-75.13956,17.0,3.0
3278,2024-12-03,1.0,2.0,39.99301,-75.1681,11.0,1.0
3005,2025-10-29,23.0,25.0,39.94733,-75.14403,13.0,2.0
3253,2023-06-30,9.0,9.0,39.93074,-75.18924,21.0,0.0
3063,2023-12-13,28.0,25.0,39.94633,-75.1698,25.0,-3.0
3152,2026-01-24,2.0,2.0,39.94993,-75.20286,17.0,0.0
3257,2023-10-07,10.0,16.0,,,,6.0
3327,2023-10-23,3.0,3.0,39.97759,-75.12442,17.0,0.0
3096,2023-04-27,1.0,1.0,39.99119,-75.17975,14.0,0.0
3321,2024-06-25,17.0,22.0,39.95485,-75.17298,21.0,5.0
3236,2025-07-25,7.0,9.0,39.96566,-75.17765,18.0,2.0
3304,2025-11-15,47.0,50.0,39.94234,-75.15399,21.0,3.0
3181,2024-11-06,2.0,2.0,39.89629,-75.17514,20.0,0.0
3301,2023-09-28,41.0,43.0,39.95029,-75.17126,15.0,2.0
3030,2025-01-08,16.0,15.0,,,,-1.0
3259,2023-05-01,5.0,9.0,39.95998,-75.19883,17.0,4.0
3387,2024-12-08,3.0,3.0,39.97012,-75.14666,19.0,0.0
3038,2023-09-18,42.0,33.0,39.94781,-75.19409,28.0,-9.0
3369,2024-06-06,7.0,8.0,40.00772,-75.19194,16.0,1.0
3332,2025-06-14,1.0,1.0,40.00537,-75.18143,12.0,0.0
3077,2023-10-20,10.0,7.0,39.97207,-75.16351,19.0,-3.0
3124,2024-06-11,12.0,16.0,39.95367,-75.13956,17.0,4.0
3025,2023-04-24,16.0,13.0,39.93724,-75.1612,15.0,-3.0
3117,2026-02-06,0.0,1.0,39.97841,-75.22399,14.0,1.0
3157,2024-10-11,21.0,22.0,39.92545,-75.15954,18.0,1.0
3243,2024-08-25,4.0,4.0,39.9835,-75.14743,12.0,0.0
3097,2025-05-23,8.0,9.0,39.97888,-75.13339,18.0,1.0
3318,2023-10-27,28.0,32.0,39.95182,-75.16395,20.0,4.0
3394,2026-01-19,4.0,6.0,39.924,-75.16959,14.0,2.0
3181,2024-07-02,2.0,0.0,39.89629,-75.17514,20.0,-2.0
3158,2024-11-15,16.0,16.0,39.92552,-75.16904,15.0,0.0
3360,2023-11-28,13.0,11.0,39.93304,-75.16822,22.0,-2.0
3200,2026-03-02,8.0,3.0,39.97583,-75.16846,17.0,-5.0
3201,2024-07-08,31.0,30.0,39.95523,-75.1662,20.0,-1.0
3118,2023-07-17,9.0,7.0,39.95866,-75.21323,20.0,-2.0
3285,2024-11-14,7.0,6.0,39.95946,-75.14745,19.0,-1.0
3211,2023-02-11,6.0,4.0,39.97172,-75.1706,22.0,-2.0
3031,2026-02-21,8.0,5.0,39.98005,-75.15522,21.0,-3.0
3182,2025-02-14,17.0,11.0,,,,-6.0
3259,2025-06-21,13.0,16.0,39.95998,-75.19883,17.0,3.0
3008,2025-04-09,13.0,8.0,39.98081,-75.15067,17.0,-5.0
3390,2025-11-06,1.0,4.0,39.96,-75.2244,18.0,3.0
3313,2023-12-20,3.0,3.0,39.9158,-75.1643,9.0,0.0
3324,2024-02-23,0.0,2.0,39.99484,-75.19242,23.0,2.0
3187,2025-02-21,6.0,6.0,39.95725,-75.17232,19.0,0.0
3152,2023-12-24,3.0,0.0,39.94993,-75.20286,17.0,-3.0
3120,2023-09-15,25.0,22.0,39.97522,-75.18669,19.0,-3.0
3078,2023-09-04,9.0,13.0,39.95355,-75.17192,18.0,4.0
3378,2024-09-22,7.0,5.0,39.95238,-75.14728,18.0,-2.0
3285,2023-06-26,7.0,7.0,39.95946,-75.14745,19.0,0.0
3284,2025-04-23,1.0,0.0,40.01112,-75.19287,14.0,-1.0
3041,2023-03-18,13.0,11.0,39.96849,-75.13546,26.0,-2.0
3099,2024-06-18,21.0,22.0,39.93401,-75.15094,19.0,1.0
3016,2026-02-10,3.0,3.0,39.96892,-75.1547,15.0,0.0
3097,2024-03-03,6.0,6.0,39.97888,-75.13339,18.0,0.0
3120,2025-02-08,10.0,11.0,39.97522,-75.18669,19.0,1.0
3335,2025-05-22,1.0,1.0,40.02237,-75.218,18.0,0.0
3201,2023-03-03,13.0,14.0,39.95523,-75.1662,20.0,1.0
3062,2024-02-15,11.0,12.0,,,,1.0
3068,2023-11-14,22.0,25.0,39.93549,-75.16711,18.0,3.0
3038,2025-10-03,33.0,32.0,39.94781,-75.19409,28.0,-1.0
3100,2025-07-18,34.0,39.0,39.92777,-75.15103,38.0,5.0
3100,2025-06-18,33.0,36.0,39.92777,-75.15103,38.0,3.0
3322,2024-01-22,2.0,1.0,39.93638,-75.15526,13.0,-1.0
3021,2023-04-06,39.0,41.0,39.9539,-75.16902,34.0,2.0
3068,2025-06-25,19.0,19.0,39.93549,-75.16711,18.0,0.0
3356,2025-07-11,5.0,3.0,39.89322,-75.17187,19.0,-2.0
3328,2025-07-30,10.0,7.0,39.98798,-75.1995,23.0,-3.0
3026,2025-12-15,7.0,8.0,39.94182,-75.1455,17.0,1.0
3276,2024-09-24,14.0,17.0,39.96569,-75.15679,18.0,3.0
3033,2024-11-28,4.0,2.0,39.95005,-75.15672,20.0,-2.0
3163,2024-05-15,13.0,23.0,39.94974,-75.18097,22.0,10.0
3168,2023-02-05,18.0,17.0,,,,-1.0
3361,2025-04-20,9.0,20.0,39.93082,-75.17474,21.0,11.0
3252,2024-05-23,11.0,7.0,39.93882,-75.19324,14.0,-4.0
3263,2023-09-09,8.0,8.0,39.9586,-75.2081,18.0,0.0
3035,2025-05-04,18.0,18.0,39.96271,-75.19419,20.0,0.0
3116,2025-11-03,9.0,9.0,39.96006,-75.17198,21.0,0.0
3264,2023-04-29,9.0,7.0,39.94571,-75.15508,23.0,-2.0
3350,2024-10-11,0.0,2.0,39.99415,-75.15527,20.0,2.0
3264,2023-10-05,36.0,37.0,39.94571,-75.15508,23.0,1.0
3158,2024-03-25,7.0,10.0,39.92552,-75.16904,15.0,3.0
3097,2024-02-25,5.0,2.0,39.97888,-75.13339,18.0,-3.0
3396,2025-01-09,0.0,3.0,39.92327,-75.1821,16.0,3.0
3378,2025-03-06,4.0,5.0,39.95238,-75.14728,18.0,1.0
3028,2025-04-03,35.0,34.0,39.94061,-75.14958,15.0,-1.0
3253,2024-03-30,6.0,7.0,39.93074,-75.18924,21.0,1.0
3286,2025-09-02,15.0,14.0,39.96409,-75.14769,22.0,-1.0
3268,2025-05-21,4.0,6.0,39.97633,-75.15101,22.0,2.0
3026,2025-10-24,33.0,28.0,39.94182,-75.1455,17.0,-5.0
3065,2023-01-28,2.0,1.0,39.9707,-75.15171,15.0,-1.0
3060,2024-04-11,10.0,7.0,39.95923,-75.17036,19.0,-3.0
3425,2026-03-31,6.0,6.0,39.9849,-75.13255,15.0,0.0
3255,2024-09-19,29.0,31.0,39.95095,-75.16438,15.0,2.0
3299,2025-03-24,6.0,10.0,39.94332,-75.15698,22.0,4.0
3370,2024-05-16,4.0,8.0,40.0163,-75.21241,16.0,4.0
3116,2026-01-05,5.0,4.0,39.96006,-75.17198,21.0,-1.0
3182,2025-12-28,12.0,13.0,,,,1.0
3118,2025-07-25,10.0,13.0,39.95866,-75.21323,20.0,3.0
3164,2024-06-22,24.0,23.0,39.92814,-75.16515,18.0,-1.0
3350,2023-09-06,4.0,1.0,39.99415,-75.15527,20.0,-3.0
3236,2026-01-02,5.0,2.0,39.96566,-75.17765,18.0,-3.0
3253,2023-01-23,1.0,3.0,39.93074,-75.18924,21.0,2.0
3355,2024-08-16,7.0,8.0,,,,1.0
3258,2023-09-14,2.0,3.0,39.95828,-75.22424,20.0,1.0
3333,2025-04-25,15.0,17.0,39.9541,-75.16965,25.0,2.0
3118,2023-05-28,10.0,9.0,39.95866,-75.21323,20.0,-1.0
3163,2024-01-11,14.0,16.0,39.94974,-75.18097,22.0,2.0
3388,2024-10-01,7.0,5.0,39.96634,-75.15097,19.0,-2.0
3156,2024-01-18,12.0,10.0,39.95381,-75.17407,22.0,-2.0
3337,2025-05-19,13.0,13.0,39.97318,-75.14612,15.0,0.0
3310,2026-01-07,2.0,2.0,39.98024,-75.18651,15.0,0.0
3298,2023-04-24,0.0,1.0,39.94717,-75.20691,15.0,1.0
3434,2026-02-04,1.0,1.0,39.97487,-75.13286,15.0,0.0
3410,2025-11-14,3.0,0.0,39.94201,-75.21838,11.0,-3.0
3243,2026-02-24,1.0,0.0,39.9835,-75.14743,12.0,-1.0
3097,2023-12-06,3.0,6.0,39.97888,-75.13339,18.0,3.0
3038,2023-10-16,50.0,38.0,39.94781,-75.19409,28.0,-12.0
3056,2023-10-21,18.0,16.0,39.97669,-75.15813,22.0,-2.0
3029,2024-01-12,10.0,10.0,39.9538,-75.19479,17.0,0.0
3101,2023-04-25,32.0,26.0,39.94295,-75.15955,18.0,-6.0
3028,2023-04-21,29.0,35.0,39.94061,-75.14958,15.0,6.0
3371,2025-02-17,3.0,1.0,39.9534,-75.1543,19.0,-2.0
3022,2023-09-11,41.0,42.0,39.95472,-75.18323,21.0,1.0
3123,2025-10-13,2.0,2.0,39.98004,-75.17088,16.0,0.0
3031,2024-11-05,21.0,20.0,39.98005,-75.15522,21.0,-1.0
3028,2025-12-15,10.0,12.0,39.94061,-75.14958,15.0,2.0
3102,2023-08-16,46.0,39.0,39.96759,-75.17952,26.0,-7.0
3207,2024-10-18,29.0,28.0,39.95441,-75.192,20.0,-1.0
3389,2026-02-17,9.0,6.0,39.94431,-75.18128,16.0,-3.0
3073,2023-04-12,15.0,14.0,39.96143,-75.15242,15.0,-1.0
3337,2025-02-13,4.0,2.0,39.97318,-75.14612,15.0,-2.0
3348,2024-02-23,6.0,4.0,,,,-2.0
3299,2025-03-16,12.0,13.0,39.94332,-75.15698,22.0,1.0
3024,2023-05-23,7.0,10.0,39.94822,-75.20908,19.0,3.0
3047,2023-02-22,12.0,13.0,39.95073,-75.14947,20.0,1.0
3201,2025-03-13,23.0,22.0,39.95523,-75.1662,20.0,-1.0
3329,2024-10-14,1.0,2.0,40.02651,-75.22445,15.0,1.0
3070,2023-10-02,7.0,10.0,,,,3.0
3271,2024-05-20,2.0,3.0,39.9476,-75.22946,18.0,1.0
3336,2025-01-31,5.0,6.0,39.95719,-75.19388,20.0,1.0
3068,2025-08-27,31.0,22.0,39.93549,-75.16711,18.0,-9.0
3043,2023-01-14,8.0,6.0,,,,-2.0
3275,2023-08-06,8.0,6.0,39.97576,-75.12157,22.0,-2.0
3328,2023-06-10,26.0,25.0,39.98798,-75.1995,23.0,-1.0
3056,2024-03-31,12.0,12.0,39.97669,-75.15813,22.0,0.0
3097,2023-03-04,9.0,4.0,39.97888,-75.13339,18.0,-5.0
3034,2025-02-20,15.0,16.0,39.93315,-75.16248,16.0,1.0
3161,2024-05-05,18.0,12.0,39.95486,-75.18091,23.0,-6.0
3157,2026-03-31,18.0,11.0,39.92545,-75.15954,18.0,-7.0
3249,2023-09-21,28.0,27.0,39.95784,-75.19079,22.0,-1.0
3184,2025-04-03,12.0,6.0,39.94573,-75.19551,22.0,-6.0
3099,2024-07-16,19.0,17.0,39.93401,-75.15094,19.0,-2.0
3364,2024-02-15,14.0,21.0,,,,7.0
3286,2025-04-25,8.0,8.0,39.96409,-75.14769,22.0,0.0
3251,2024-01-25,2.0,4.0,39.93366,-75.19319,16.0,2.0
3330,2023-10-30,12.0,16.0,,,,4.0
3093,2025-08-25,3.0,2.0,39.98837,-75.18701,16.0,-1.0
3120,2024-07-15,13.0,12.0,39.97522,-75.18669,19.0,-1.0
3286,2025-02-05,13.0,11.0,39.96409,-75.14769,22.0,-2.0
3150,2024-07-23,17.0,20.0,39.92884,-75.17021,17.0,3.0
3035,2025-03-10,13.0,7.0,39.96271,-75.19419,20.0,-6.0
3029,2024-07-03,22.0,23.0,39.9538,-75.19479,17.0,1.0
3059,2025-01-14,24.0,25.0,39.96244,-75.16121,21.0,1.0
3015,2025-02-10,9.0,6.0,39.94735,-75.14886,11.0,-3.0
3268,2024-10-22,8.0,3.0,39.97633,-75.15101,22.0,-5.0
3245,2024-10-12,15.0,13.0,39.97887,-75.15777,20.0,-2.0
3282,2025-02-19,1.0,1.0,39.98628,-75.14925,15.0,0.0
3157,2025-05-17,25.0,23.0,39.92545,-75.15954,18.0,-2.0
3096,2023-08-04,2.0,3.0,39.99119,-75.17975,14.0,1.0
3249,2023-04-07,11.0,7.0,39.95784,-75.19079,22.0,-4.0
3203,2024-07-15,34.0,38.0,39.94077,-75.17227,20.0,4.0
3041,2024-09-01,24.0,33.0,39.96849,-75.13546,26.0,9.0
3300,2024-07-11,17.0,19.0,39.95511,-75.16287,13.0,2.0
3006,2025-09-29,33.0,25.0,39.9522,-75.20311,17.0,-8.0
3321,2024-06-03,13.0,15.0,39.95485,-75.17298,21.0,2.0
3150,2025-10-04,23.0,27.0,39.92884,-75.17021,17.0,4.0
3341,2025-12-23,1.0,1.0,39.98131,-75.12732,20.0,0.0
3336,2024-10-16,19.0,23.0,39.95719,-75.19388,20.0,4.0
3370,2024-06-19,15.0,15.0,40.0163,-75.21241,16.0,0.0
3345,2023-12-10,2.0,1.0,39.9617,-75.14667,19.0,-1.0
3281,2024-03-31,2.0,1.0,39.9323,-75.2162,15.0,-1.0
3166,2025-02-09,12.0,8.0,39.97195,-75.13445,22.0,-4.0
3267,2023-07-27,6.0,5.0,39.918,-75.1796,12.0,-1.0
3284,2024-10-12,7.0,5.0,40.01112,-75.19287,14.0,-2.0
3226,2025-11-20,3.0,7.0,39.98101,-75.13721,18.0,4.0
3104,2024-05-29,8.0,10.0,39.96664,-75.19209,13.0,2.0
3316,2024-08-12,8.0,10.0,39.92255,-75.17337,19.0,2.0
3271,2023-12-25,1.0,1.0,39.9476,-75.22946,18.0,0.0
3114,2024-11-15,25.0,25.0,39.93775,-75.18012,17.0,0.0
3117,2025-03-16,1.0,2.0,39.97841,-75.22399,14.0,1.0
3072,2024-11-04,19.0,14.0,39.93445,-75.14541,25.0,-5.0
3275,2023-08-30,10.0,11.0,39.97576,-75.12157,22.0,1.0
3411,2025-09-12,0.0,2.0,39.96693,-75.23359,15.0,2.0
3304,2023-06-28,21.0,28.0,39.94234,-75.15399,21.0,7.0
3110,2025-01-04,2.0,4.0,39.96175,-75.13641,19.0,2.0
3061,2023-12-10,6.0,5.0,,,,-1.0
3236,2023-09-10,5.0,3.0,39.96566,-75.17765,18.0,-2.0
3037,2023-03-22,12.0,13.0,39.95424,-75.16138,21.0,1.0
3376,2025-06-23,2.0,2.0,39.97183,-75.14878,8.0,0.0
3266,2026-02-08,1.0,2.0,39.9237,-75.14701,22.0,1.0
3066,2023-01-08,13.0,15.0,39.94561,-75.17348,29.0,2.0
3331,2024-08-06,6.0,4.0,39.97116,-75.12813,20.0,-2.0
3256,2023-06-08,28.0,27.0,39.95269,-75.17779,23.0,-1.0
3304,2023-10-27,33.0,31.0,39.94234,-75.15399,21.0,-2.0
3064,2023-06-30,27.0,22.0,39.9384,-75.17327,22.0,-5.0
3101,2024-10-20,34.0,32.0,39.94295,-75.15955,18.0,-2.0
3268,2025-02-09,1.0,3.0,39.97633,-75.15101,22.0,2.0
3329,2025-06-02,2.0,0.0,40.02651,-75.22445,15.0,-2.0
3236,2023-10-05,10.0,15.0,39.96566,-75.17765,18.0,5.0
3060,2024-09-08,4.0,3.0,39.95923,-75.17036,19.0,-1.0
3236,2024-01-30,8.0,3.0,39.96566,-75.17765,18.0,-5.0
3075,2024-02-12,14.0,11.0,39.96718,-75.16125,12.0,-3.0
3050,2023-10-19,20.0,18.0,,,,-2.0
3016,2025-06-16,6.0,6.0,39.96892,-75.1547,15.0,0.0
3374,2025-01-07,5.0,7.0,39.9728,-75.17971,18.0,2.0
3047,2023-07-08,21.0,13.0,39.95073,-75.14947,20.0,-8.0
3261,2023-07-20,13.0,23.0,39.96304,-75.14099,17.0,10.0
3170,2023-03-18,4.0,2.0,,,,-2.0
3164,2024-05-29,35.0,36.0,39.92814,-75.16515,18.0,1.0
3119,2025-08-19,5.0,7.0,39.96674,-75.20799,17.0,2.0
3047,2025-08-16,27.0,29.0,39.95073,-75.14947,20.0,2.0
3022,2024-12-20,15.0,20.0,39.95472,-75.18323,21.0,5.0
3100,2023-09-25,10.0,16.0,39.92777,-75.15103,38.0,6.0
3296,2025-09-10,52.0,52.0,39.95134,-75.16758,21.0,0.0
3381,2026-03-21,12.0,10.0,39.94845,-75.21807,13.0,-2.0
3034,2024-05-14,28.0,32.0,39.93315,-75.16248,16.0,4.0
3159,2025-09-17,32.0,31.0,39.95121,-75.19962,23.0,-1.0
3201,2024-03-24,10.0,7.0,39.95523,-75.1662,20.0,-3.0
3201,2024-04-29,24.0,22.0,39.95523,-75.1662,20.0,-2.0
3123,2025-02-10,3.0,4.0,39.98004,-75.17088,16.0,1.0
3397,2025-06-20,16.0,10.0,39.93906,-75.17824,15.0,-6.0
3318,2024-08-18,13.0,13.0,39.95182,-75.16395,20.0,0.0
3118,2024-11-09,5.0,5.0,39.95866,-75.21323,20.0,0.0
3397,2025-09-06,28.0,30.0,39.93906,-75.17824,15.0,2.0
3118,2023-11-09,6.0,5.0,39.95866,-75.21323,20.0,-1.0
3116,2024-09-11,14.0,17.0,39.96006,-75.17198,21.0,3.0
3237,2025-09-08,19.0,16.0,39.91717,-75.17096,21.0,-3.0
3310,2026-02-04,0.0,1.0,39.98024,-75.18651,15.0,1.0
3304,2023-07-10,23.0,18.0,39.94234,-75.15399,21.0,-5.0
3028,2024-05-07,47.0,46.0,39.94061,-75.14958,15.0,-1.0
3086,2023-09-10,10.0,4.0,39.94019,-75.16691,21.0,-6.0
3030,2023-01-12,14.0,19.0,,,,5.0
3201,2024-09-30,28.0,23.0,39.95523,-75.1662,20.0,-5.0
3283,2023-09-14,3.0,6.0,,,,3.0
3336,2025-06-17,12.0,12.0,39.95719,-75.19388,20.0,0.0
3124,2023-04-04,19.0,17.0,39.95367,-75.13956,17.0,-2.0
3187,2023-08-03,15.0,14.0,39.95725,-75.17232,19.0,-1.0
3093,2024-08-24,6.0,5.0,39.98837,-75.18701,16.0,-1.0
3368,2025-02-01,2.0,1.0,39.97647,-75.17362,17.0,-1.0
3233,2024-08-01,9.0,3.0,,,,-6.0
3325,2024-12-27,1.0,2.0,39.9768,-75.12764,22.0,1.0
3356,2024-06-29,13.0,13.0,39.89322,-75.17187,19.0,0.0
3268,2026-01-17,0.0,1.0,39.97633,-75.15101,22.0,1.0
3275,2024-03-26,6.0,9.0,39.97576,-75.12157,22.0,3.0
3031,2024-02-27,14.0,12.0,39.98005,-75.15522,21.0,-2.0
3015,2024-02-20,5.0,8.0,39.94735,-75.14886,11.0,3.0
3226,2024-02-03,2.0,2.0,39.98101,-75.13721,18.0,0.0
3319,2025-12-03,3.0,5.0,39.96672,-75.12964,16.0,2.0
3016,2024-03-12,1.0,3.0,39.96892,-75.1547,15.0,2.0
3372,2025-07-11,5.0,8.0,39.92528,-75.18672,15.0,3.0
3300,2024-03-04,8.0,6.0,39.95511,-75.16287,13.0,-2.0
3187,2023-10-21,6.0,5.0,39.95725,-75.17232,19.0,-1.0
3285,2023-08-05,16.0,11.0,39.95946,-75.14745,19.0,-5.0
3236,2023-09-24,2.0,3.0,39.96566,-75.17765,18.0,1.0
3418,2025-09-05,5.0,4.0,40.00924,-75.15198,17.0,-1.0
3404,2025-08-31,1.0,0.0,39.97347,-75.23491,15.0,-1.0
3152,2023-11-03,2.0,2.0,39.94993,-75.20286,17.0,0.0
3381,2025-12-25,4.0,4.0,39.94845,-75.21807,13.0,0.0
3294,2023-04-29,14.0,19.0,39.95174,-75.17063,21.0,5.0
3019,2025-04-04,2.0,2.0,39.95403,-75.14983,15.0,0.0
3201,2023-11-05,13.0,10.0,39.95523,-75.1662,20.0,-3.0
3365,2025-10-10,22.0,18.0,39.96173,-75.18788,17.0,-4.0
3390,2024-09-27,1.0,3.0,39.96,-75.2244,18.0,2.0
3086,2024-05-25,11.0,18.0,39.94019,-75.16691,21.0,7.0
3321,2023-06-22,14.0,11.0,39.95485,-75.17298,21.0,-3.0
3155,2025-11-21,16.0,14.0,39.94018,-75.15442,18.0,-2.0
3005,2025-06-21,43.0,44.0,39.94733,-75.14403,13.0,1.0
3243,2023-02-23,3.0,1.0,39.9835,-75.14743,12.0,-2.0
3250,2023-05-23,4.0,7.0,39.95673,-75.14575,17.0,3.0
3154,2026-02-06,4.0,4.0,39.95924,-75.15821,16.0,0.0
3243,2023-06-07,0.0,2.0,39.9835,-75.14743,12.0,2.0
3298,2025-06-23,3.0,1.0,39.94717,-75.20691,15.0,-2.0
3104,2024-01-22,3.0,3.0,39.96664,-75.19209,13.0,0.0
3294,2024-05-06,20.0,19.0,39.95174,-75.17063,21.0,-1.0
3047,2024-02-13,8.0,4.0,39.95073,-75.14947,20.0,-4.0
3154,2025-05-20,32.0,33.0,39.95924,-75.15821,16.0,1.0
3390,2025-07-19,1.0,4.0,39.96,-75.2244,18.0,3.0
3078,2023-02-20,14.0,11.0,39.95355,-75.17192,18.0,-3.0
3165,2025-06-04,40.0,46.0,39.95819,-75.1782,22.0,6.0
3017,2023-09-07,15.0,13.0,39.98003,-75.14371,15.0,-2.0
3319,2025-01-01,3.0,3.0,39.96672,-75.12964,16.0,0.0
3113,2023-07-23,5.0,6.0,39.97472,-75.19781,12.0,1.0
3396,2024-10-14,7.0,10.0,39.92327,-75.1821,16.0,3.0
3181,2025-10-06,6.0,3.0,39.89629,-75.17514,20.0,-3.0
3008,2026-02-25,8.0,4.0,39.98081,-75.15067,17.0,-4.0
3007,2024-08-20,55.0,47.0,39.94517,-75.15993,20.0,-8.0
3150,2023-07-20,23.0,16.0,39.92884,-75.17021,17.0,-7.0
3156,2023-07-27,36.0,39.0,39.95381,-75.17407,22.0,3.0
3077,2023-11-22,9.0,4.0,39.97207,-75.16351,19.0,-5.0
3421,2025-05-25,3.0,1.0,39.91972,-75.16408,13.0,-2.0
3028,2023-10-20,57.0,55.0,39.94061,-75.14958,15.0,-2.0
3326,2024-05-20,7.0,6.0,39.99198,-75.19944,17.0,-1.0
3333,2025-09-16,37.0,49.0,39.9541,-75.16965,25.0,12.0
3385,2025-10-22,14.0,15.0,39.94974,-75.15424,15.0,1.0
3034,2025-05-30,41.0,40.0,39.93315,-75.16248,16.0,-1.0
3371,2026-01-31,2.0,2.0,39.9534,-75.1543,19.0,0.0
3106,2024-10-05,10.0,6.0,39.99179,-75.18637,17.0,-4.0
3422,2025-09-24,11.0,12.0,39.95619,-75.18647,10.0,1.0
3075,2024-01-07,9.0,4.0,39.96718,-75.16125,12.0,-5.0
3093,2023-12-16,3.0,1.0,39.98837,-75.18701,16.0,-2.0
3182,2025-05-31,22.0,24.0,,,,2.0
3251,2024-08-17,2.0,4.0,39.93366,-75.19319,16.0,2.0
3056,2024-07-04,5.0,7.0,39.97669,-75.15813,22.0,2.0
3395,2025-11-11,5.0,2.0,39.93866,-75.16351,13.0,-3.0
3409,2025-09-21,2.0,1.0,39.95508,-75.15128,20.0,-1.0
3204,2024-04-20,10.0,11.0,39.96437,-75.16582,22.0,1.0
3078,2023-09-17,13.0,11.0,39.95355,-75.17192,18.0,-2.0
3368,2025-08-10,6.0,3.0,39.97647,-75.17362,17.0,-3.0
3161,2026-01-10,5.0,7.0,39.95486,-75.18091,23.0,2.0
3327,2024-08-25,4.0,2.0,39.97759,-75.12442,17.0,-2.0
3378,2025-10-12,15.0,11.0,39.95238,-75.14728,18.0,-4.0
3343,2023-10-13,20.0,16.0,,,,-4.0
3107,2025-04-04,5.0,6.0,39.98203,-75.18866,18.0,1.0
3279,2024-06-12,12.0,16.0,39.9265,-75.1668,18.0,4.0
3299,2023-01-27,11.0,7.0,39.94332,-75.15698,22.0,-4.0
3067,2024-12-17,3.0,3.0,39.96411,-75.19973,17.0,0.0
3245,2026-03-08,6.0,4.0,39.97887,-75.15777,20.0,-2.0
3181,2023-01-24,1.0,2.0,39.89629,-75.17514,20.0,1.0
3150,2025-05-24,13.0,18.0,39.92884,-75.17021,17.0,5.0
3097,2023-12-16,5.0,5.0,39.97888,-75.13339,18.0,0.0
3067,2024-10-14,6.0,8.0,39.96411,-75.19973,17.0,2.0
3281,2024-05-29,2.0,3.0,39.9323,-75.2162,15.0,1.0
3169,2023-09-13,22.0,17.0,39.95382,-75.14263,17.0,-5.0
3049,2025-09-14,26.0,29.0,39.94509,-75.1425,29.0,3.0
3226,2024-05-24,10.0,8.0,39.98101,-75.13721,18.0,-2.0
3268,2024-06-17,1.0,2.0,39.97633,-75.15101,22.0,1.0
3212,2025-04-29,18.0,17.0,39.96383,-75.18177,32.0,-1.0
3205,2024-01-23,12.0,17.0,39.95405,-75.16783,22.0,5.0
3114,2023-03-09,10.0,18.0,39.93775,-75.18012,17.0,8.0
3209,2025-11-29,3.0,4.0,39.949,-75.21278,14.0,1.0
3061,2025-05-31,33.0,33.0,,,,0.0
3068,2023-07-10,21.0,23.0,39.93549,-75.16711,18.0,2.0
3115,2025-03-29,11.0,6.0,39.97263,-75.16757,18.0,-5.0
3068,2023-06-20,34.0,34.0,39.93549,-75.16711,18.0,0.0
3334,2025-05-15,18.0,16.0,39.9302,-75.15636,19.0,-2.0
3024,2023-02-09,5.0,10.0,39.94822,-75.20908,19.0,5.0
3030,2025-06-30,20.0,14.0,,,,-6.0
3340,2025-12-17,8.0,11.0,39.96906,-75.18169,17.0,3.0
3197,2025-03-13,5.0,5.0,39.92083,-75.17033,23.0,0.0
3267,2024-05-10,6.0,6.0,39.918,-75.1796,12.0,0.0
3345,2025-10-15,26.0,22.0,39.9617,-75.14667,19.0,-4.0
3362,2025-01-08,23.0,23.0,39.94816,-75.16226,19.0,0.0
3382,2025-08-30,40.0,39.0,39.95038,-75.17309,11.0,-1.0
3164,2024-07-19,15.0,30.0,39.92814,-75.16515,18.0,15.0
3250,2025-01-12,1.0,0.0,39.95673,-75.14575,17.0,-1.0
3125,2024-06-07,45.0,45.0,39.94391,-75.16735,16.0,0.0
3388,2025-11-27,0.0,1.0,39.96634,-75.15097,19.0,1.0
3205,2023-07-06,22.0,28.0,39.95405,-75.16783,22.0,6.0
3333,2024-07-09,39.0,42.0,39.9541,-75.16965,25.0,3.0
3390,2025-04-20,2.0,6.0,39.96,-75.2244,18.0,4.0
3014,2023-08-16,13.0,11.0,39.95886,-75.17369,25.0,-2.0
3253,2023-01-31,2.0,1.0,39.93074,-75.18924,21.0,-1.0
3252,2023-12-15,8.0,9.0,39.93882,-75.19324,14.0,1.0
3110,2026-03-14,10.0,8.0,39.96175,-75.13641,19.0,-2.0
3010,2023-05-30,77.0,71.0,39.94711,-75.16618,22.0,-6.0
3169,2025-02-27,8.0,12.0,39.95382,-75.14263,17.0,4.0
3197,2023-12-05,7.0,9.0,39.92083,-75.17033,23.0,2.0
3347,2026-01-07,10.0,14.0,,,,4.0
3272,2024-12-18,1.0,1.0,39.96405,-75.22048,13.0,0.0
3119,2024-04-05,6.0,5.0,39.96674,-75.20799,17.0,-1.0
3342,2025-05-06,17.0,17.0,39.9639,-75.17385,20.0,0.0
3315,2024-11-30,2.0,3.0,39.94235,-75.21138,13.0,1.0
3258,2024-12-14,2.0,3.0,39.95828,-75.22424,20.0,1.0
3187,2023-08-20,12.0,11.0,39.95725,-75.17232,19.0,-1.0
3388,2024-10-22,5.0,6.0,39.96634,-75.15097,19.0,1.0
3120,2023-07-27,16.0,21.0,39.97522,-75.18669,19.0,5.0
3184,2025-09-01,3.0,4.0,39.94573,-75.19551,22.0,1.0
3372,2026-01-19,2.0,4.0,39.92528,-75.18672,15.0,2.0
3031,2025-03-31,16.0,13.0,39.98005,-75.15522,21.0,-3.0
3088,2023-05-06,24.0,21.0,39.96984,-75.1418,35.0,-3.0
3056,2023-07-20,16.0,12.0,39.97669,-75.15813,22.0,-4.0
3200,2024-07-04,2.0,1.0,39.97583,-75.16846,17.0,-1.0
3016,2024-12-18,5.0,1.0,39.96892,-75.1547,15.0,-4.0
3268,2025-01-16,0.0,1.0,39.97633,-75.15101,22.0,1.0
3029,2023-10-01,21.0,25.0,39.9538,-75.19479,17.0,4.0
3207,2026-03-20,13.0,16.0,39.95441,-75.192,20.0,3.0
3334,2023-10-21,10.0,7.0,39.9302,-75.15636,19.0,-3.0
3361,2024-02-13,6.0,9.0,39.93082,-75.17474,21.0,3.0
3163,2025-12-21,9.0,11.0,39.94974,-75.18097,22.0,2.0
3335,2025-06-10,6.0,5.0,40.02237,-75.218,18.0,-1.0
3277,2025-04-05,3.0,0.0,39.98306,-75.16738,20.0,-3.0
3017,2025-05-24,7.0,7.0,39.98003,-75.14371,15.0,0.0
3055,2024-07-01,27.0,28.0,39.95112,-75.15457,15.0,1.0
3309,2023-03-21,1.0,0.0,,,,-1.0
3382,2024-12-01,10.0,10.0,39.95038,-75.17309,11.0,0.0
3390,2025-06-11,3.0,3.0,39.96,-75.2244,18.0,0.0
3237,2023-04-28,3.0,2.0,39.91717,-75.17096,21.0,-1.0
3096,2023-07-05,2.0,0.0,39.99119,-75.17975,14.0,-2.0
3022,2023-06-15,44.0,44.0,39.95472,-75.18323,21.0,0.0
3052,2024-01-10,36.0,29.0,39.94732,-75.15695,25.0,-7.0
3165,2023-01-02,14.0,13.0,39.95819,-75.1782,22.0,-1.0
3246,2023-04-11,8.0,13.0,39.94782,-75.22301,17.0,5.0
3112,2024-07-20,8.0,9.0,39.95373,-75.21825,18.0,1.0
3298,2025-09-23,1.0,1.0,39.94717,-75.20691,15.0,0.0
3425,2026-02-16,2.0,1.0,39.9849,-75.13255,15.0,-1.0
3295,2024-05-31,47.0,52.0,39.95028,-75.16027,21.0,5.0
3347,2024-04-12,9.0,19.0,,,,10.0
3066,2024-08-13,55.0,42.0,39.94561,-75.17348,29.0,-13.0
3102,2024-03-26,30.0,20.0,39.96759,-75.17952,26.0,-10.0
3308,2024-08-30,14.0,14.0,,,,0.0
3246,2023-02-04,3.0,3.0,39.94782,-75.22301,17.0,0.0
3159,2024-04-26,22.0,22.0,39.95121,-75.19962,23.0,0.0
3061,2023-11-02,20.0,30.0,,,,10.0
3267,2024-01-08,5.0,8.0,39.918,-75.1796,12.0,3.0
3243,2025-09-10,0.0,1.0,39.9835,-75.14743,12.0,1.0
3016,2023-11-19,2.0,3.0,39.96892,-75.1547,15.0,1.0
3058,2024-08-11,22.0,18.0,,,,-4.0
3016,2024-05-21,11.0,7.0,39.96892,-75.1547,15.0,-4.0
3068,2026-01-05,17.0,12.0,39.93549,-75.16711,18.0,-5.0
3047,2025-11-04,12.0,14.0,39.95073,-75.14947,20.0,2.0
3102,2023-06-26,20.0,17.0,39.96759,-75.17952,26.0,-3.0
3350,2024-10-23,3.0,9.0,39.99415,-75.15527,20.0,6.0
3072,2023-06-13,14.0,14.0,39.93445,-75.14541,25.0,0.0
3061,2023-12-27,4.0,9.0,,,,5.0
3098,2023-01-06,9.0,12.0,39.93431,-75.16042,19.0,3.0
3334,2024-08-20,22.0,22.0,39.9302,-75.15636,19.0,0.0
3104,2023-09-15,16.0,14.0,39.96664,-75.19209,13.0,-2.0
3205,2025-03-04,25.0,24.0,39.95405,-75.16783,22.0,-1.0
3207,2025-02-16,2.0,0.0,39.95441,-75.192,20.0,-2.0
3254,2024-03-28,6.0,3.0,39.98091,-75.16065,18.0,-3.0
3244,2023-11-24,17.0,16.0,,,,-1.0
3197,2023-01-31,4.0,6.0,39.92083,-75.17033,23.0,2.0
3110,2024-03-03,16.0,15.0,39.96175,-75.13641,19.0,-1.0
3346,2025-01-18,8.0,5.0,39.94883,-75.15097,17.0,-3.0
3019,2024-10-05,9.0,7.0,39.95403,-75.14983,15.0,-2.0
3330,2023-07-06,14.0,11.0,,,,-3.0
3160,2025-04-18,30.0,25.0,39.95662,-75.19862,41.0,-5.0
3263,2023-02-06,2.0,2.0,39.9586,-75.2081,18.0,0.0
3342,2025-11-13,21.0,17.0,39.9639,-75.17385,20.0,-4.0
3291,2024-10-06,13.0,14.0,40.01022,-75.197,15.0,1.0
3325,2024-02-23,1.0,0.0,39.9768,-75.12764,22.0,-1.0
3350,2025-07-12,4.0,4.0,39.99415,-75.15527,20.0,0.0
3370,2024-12-04,2.0,3.0,40.0163,-75.21241,16.0,1.0
3315,2024-10-22,1.0,2.0,39.94235,-75.21138,13.0,1.0
3361,2025-07-02,32.0,27.0,39.93082,-75.17474,21.0,-5.0
3052,2025-10-21,37.0,44.0,39.94732,-75.15695,25.0,7.0
3342,2026-02-18,16.0,12.0,39.9639,-75.17385,20.0,-4.0
3100,2026-01-26,2.0,1.0,39.92777,-75.15103,38.0,-1.0
3435,2025-08-14,6.0,7.0,39.98451,-75.12348,13.0,1.0
3378,2025-11-30,3.0,4.0,39.95238,-75.14728,18.0,1.0
3203,2023-07-12,34.0,37.0,39.94077,-75.17227,20.0,3.0
3086,2024-03-19,18.0,17.0,39.94019,-75.16691,21.0,-1.0
3397,2025-03-12,10.0,16.0,39.93906,-75.17824,15.0,6.0
3097,2025-12-01,5.0,3.0,39.97888,-75.13339,18.0,-2.0
3282,2024-03-27,2.0,1.0,39.98628,-75.14925,15.0,-1.0
3212,2025-06-20,45.0,41.0,39.96383,-75.18177,32.0,-4.0
3188,2023-01-07,1.0,0.0,39.90471,-75.1734,56.0,-1.0
3249,2024-04-19,21.0,13.0,39.95784,-75.19079,22.0,-8.0
3332,2024-06-18,1.0,3.0,40.00537,-75.18143,12.0,2.0
3170,2023-12-27,5.0,4.0,,,,-1.0
3346,2024-04-24,15.0,21.0,39.94883,-75.15097,17.0,6.0
3165,2025-10-28,16.0,13.0,39.95819,-75.1782,22.0,-3.0
3169,2024-09-20,21.0,20.0,39.95382,-75.14263,17.0,-1.0
3323,2024-04-06,3.0,3.0,40.02796,-75.2277,18.0,0.0
3369,2025-11-19,2.0,3.0,40.00772,-75.19194,16.0,1.0
3267,2025-12-15,1.0,3.0,39.918,-75.1796,12.0,2.0
3349,2024-10-21,14.0,14.0,39.93651,-75.18621,17.0,0.0
3204,2025-06-19,20.0,16.0,39.96437,-75.16582,22.0,-4.0
3200,2025-05-21,5.0,5.0,39.97583,-75.16846,17.0,0.0
3007,2024-12-01,11.0,11.0,39.94517,-75.15993,20.0,0.0
3033,2023-05-30,28.0,30.0,39.95005,-75.15672,20.0,2.0
3021,2023-03-25,5.0,6.0,39.9539,-75.16902,34.0,1.0
3125,2023-07-19,35.0,30.0,39.94391,-75.16735,16.0,-5.0
3075,2023-03-28,11.0,10.0,39.96718,-75.16125,12.0,-1.0
3020,2023-10-09,64.0,50.0,39.94855,-75.19007,36.0,-14.0
3241,2024-07-14,2.0,6.0,39.95225,-75.22637,20.0,4.0
3040,2026-02-12,15.0,17.0,39.96289,-75.16606,21.0,2.0
3209,2026-02-19,12.0,13.0,39.949,-75.21278,14.0,1.0
3056,2024-12-27,5.0,5.0,39.97669,-75.15813,22.0,0.0
3388,2026-02-02,0.0,1.0,39.96634,-75.15097,19.0,1.0
3006,2023-03-05,15.0,9.0,39.9522,-75.20311,17.0,-6.0
3337,2024-08-02,4.0,8.0,39.97318,-75.14612,15.0,4.0
3336,2023-08-11,15.0,10.0,39.95719,-75.19388,20.0,-5.0
3282,2023-02-22,1.0,1.0,39.98628,-75.14925,15.0,0.0
3335,2024-09-04,2.0,4.0,40.02237,-75.218,18.0,2.0
3321,2025-06-08,14.0,8.0,39.95485,-75.17298,21.0,-6.0
3418,2025-05-21,3.0,2.0,40.00924,-75.15198,17.0,-1.0
3342,2025-01-30,11.0,11.0,39.9639,-75.17385,20.0,0.0
3210,2024-02-26,10.0,7.0,39.98492,-75.15668,18.0,-3.0
3365,2025-07-24,26.0,20.0,39.96173,-75.18788,17.0,-6.0
3338,2026-03-29,0.0,1.0,39.95098,-75.23035,21.0,1.0
3243,2023-11-17,2.0,4.0,39.9835,-75.14743,12.0,2.0
3181,2026-02-19,3.0,2.0,39.89629,-75.17514,20.0,-1.0
3249,2024-08-12,8.0,9.0,39.95784,-75.19079,22.0,1.0
3150,2025-01-19,3.0,2.0,39.92884,-75.17021,17.0,-1.0
3077,2026-03-17,5.0,5.0,39.97207,-75.16351,19.0,0.0
3065,2023-10-02,3.0,4.0,39.9707,-75.15171,15.0,1.0
3061,2023-03-15,9.0,14.0,,,,5.0
3343,2024-04-18,10.0,8.0,,,,-2.0
3246,2026-01-09,4.0,4.0,39.94782,-75.22301,17.0,0.0
3168,2023-12-06,34.0,39.0,,,,5.0
3341,2025-01-02,6.0,3.0,39.98131,-75.12732,20.0,-3.0
3188,2025-10-17,17.0,15.0,39.90471,-75.1734,56.0,-2.0
3301,2025-06-04,35.0,35.0,39.95029,-75.17126,15.0,0.0
3030,2023-10-19,25.0,27.0,,,,2.0
3287,2025-10-04,4.0,5.0,39.94367,-75.21606,16.0,1.0
3049,2023-01-22,3.0,3.0,39.94509,-75.1425,29.0,0.0
3119,2023-01-14,3.0,3.0,39.96674,-75.20799,17.0,0.0
3348,2024-02-21,5.0,6.0,,,,1.0
3183,2024-01-11,3.0,0.0,39.88994,-75.17679,20.0,-3.0
3307,2026-02-13,1.0,0.0,40.0028,-75.174,11.0,-1.0
3272,2023-12-04,2.0,2.0,39.96405,-75.22048,13.0,0.0
3253,2025-12-05,2.0,5.0,39.93074,-75.18924,21.0,3.0
3313,2024-03-12,3.0,5.0,39.9158,-75.1643,9.0,2.0
3352,2025-02-03,0.0,1.0,40.00143,-75.15256,11.0,1.0
3030,2023-03-30,22.0,18.0,,,,-4.0
3287,2023-12-19,2.0,0.0,39.94367,-75.21606,16.0,-2.0
3396,2025-01-03,6.0,4.0,39.92327,-75.1821,16.0,-2.0
3077,2024-03-16,4.0,6.0,39.97207,-75.16351,19.0,2.0
3115,2025-12-28,3.0,1.0,39.97263,-75.16757,18.0,-2.0
3395,2025-06-13,19.0,21.0,39.93866,-75.16351,13.0,2.0
3166,2024-08-31,17.0,17.0,39.97195,-75.13445,22.0,0.0
3276,2023-06-09,6.0,6.0,39.96569,-75.15679,18.0,0.0
3291,2023-07-22,13.0,11.0,40.01022,-75.197,15.0,-2.0
3049,2024-09-02,47.0,38.0,39.94509,-75.1425,29.0,-9.0
3397,2025-07-19,19.0,21.0,39.93906,-75.17824,15.0,2.0
3207,2023-09-23,14.0,11.0,39.95441,-75.192,20.0,-3.0
3156,2023-01-10,15.0,15.0,39.95381,-75.17407,22.0,0.0
3086,2024-12-26,7.0,4.0,39.94019,-75.16691,21.0,-3.0
3342,2025-03-23,2.0,4.0,39.9639,-75.17385,20.0,2.0
3208,2023-09-09,18.0,20.0,39.95048,-75.19324,28.0,2.0
3064,2025-02-07,20.0,13.0,39.9384,-75.17327,22.0,-7.0
3411,2025-12-24,4.0,3.0,39.96693,-75.23359,15.0,-1.0
3321,2025-02-07,9.0,9.0,39.95485,-75.17298,21.0,0.0
3255,2024-11-25,2.0,7.0,39.95095,-75.16438,15.0,5.0
3339,2023-11-15,5.0,4.0,,,,-1.0
3075,2023-07-17,20.0,19.0,39.96718,-75.16125,12.0,-1.0
3017,2024-03-04,4.0,4.0,39.98003,-75.14371,15.0,0.0
3037,2023-01-25,6.0,3.0,39.95424,-75.16138,21.0,-3.0
3251,2025-02-15,2.0,1.0,39.93366,-75.19319,16.0,-1.0
3067,2025-07-24,9.0,9.0,39.96411,-75.19973,17.0,0.0
3033,2024-05-26,24.0,21.0,39.95005,-75.15672,20.0,-3.0
3383,2024-06-28,27.0,21.0,39.96634,-75.14222,19.0,-6.0
3115,2024-11-28,2.0,3.0,39.97263,-75.16757,18.0,1.0
3107,2023-11-23,2.0,2.0,39.98203,-75.18866,18.0,0.0
3357,2025-10-26,32.0,28.0,39.9104,-75.16588,27.0,-4.0
3264,2026-03-03,21.0,21.0,39.94571,-75.15508,23.0,0.0
3321,2023-08-02,20.0,13.0,39.95485,-75.17298,21.0,-7.0
3165,2025-11-12,18.0,21.0,39.95819,-75.1782,22.0,3.0
3118,2026-03-18,8.0,3.0,39.95866,-75.21323,20.0,-5.0
3009,2023-09-05,26.0,24.0,39.95576,-75.18982,14.0,-2.0
3292,2023-08-17,7.0,7.0,39.92,-75.1562,17.0,0.0
3261,2024-04-30,12.0,13.0,39.96304,-75.14099,17.0,1.0
3316,2025-05-26,5.0,4.0,39.92255,-75.17337,19.0,-1.0
3029,2024-02-15,25.0,23.0,39.9538,-75.19479,17.0,-2.0
3006,2023-07-27,29.0,25.0,39.9522,-75.20311,17.0,-4.0
3055,2024-02-06,14.0,9.0,39.95112,-75.15457,15.0,-5.0
3020,2025-07-18,41.0,40.0,39.94855,-75.19007,36.0,-1.0
3006,2024-12-13,13.0,16.0,39.9522,-75.20311,17.0,3.0
3261,2024-03-23,3.0,5.0,39.96304,-75.14099,17.0,2.0
3200,2025-12-23,10.0,2.0,39.97583,-75.16846,17.0,-8.0
3407,2025-04-27,6.0,4.0,39.9785,-75.13911,15.0,-2.0
3040,2023-11-02,34.0,21.0,39.96289,-75.16606,21.0,-13.0
3297,2025-10-04,10.0,17.0,39.95821,-75.16901,19.0,7.0
3203,2026-03-19,26.0,26.0,39.94077,-75.17227,20.0,0.0
3014,2023-06-22,9.0,8.0,39.95886,-75.17369,25.0,-1.0
3098,2026-01-21,9.0,10.0,39.93431,-75.16042,19.0,1.0
3201,2024-08-20,31.0,42.0,39.95523,-75.1662,20.0,11.0
3022,2023-03-14,22.0,23.0,39.95472,-75.18323,21.0,1.0
3075,2023-10-21,28.0,29.0,39.96718,-75.16125,12.0,1.0
3268,2025-03-07,2.0,3.0,39.97633,-75.15101,22.0,1.0
3182,2025-12-14,5.0,5.0,,,,0.0
3017,2025-04-30,15.0,14.0,39.98003,-75.14371,15.0,-1.0
3265,2024-04-28,12.0,16.0,39.95957,-75.19633,13.0,4.0
3012,2024-05-03,47.0,41.0,39.94218,-75.17747,27.0,-6.0
3356,2024-11-21,1.0,2.0,39.89322,-75.17187,19.0,1.0
3078,2026-03-13,12.0,8.0,39.95355,-75.17192,18.0,-4.0
3326,2024-09-02,8.0,7.0,39.99198,-75.19944,17.0,-1.0
3112,2026-02-06,6.0,3.0,39.95373,-75.21825,18.0,-3.0
3026,2023-07-05,13.0,29.0,39.94182,-75.1455,17.0,16.0
3377,2024-06-15,4.0,11.0,,,,7.0
3204,2025-01-22,6.0,6.0,39.96437,-75.16582,22.0,0.0
3395,2026-01-09,15.0,15.0,39.93866,-75.16351,13.0,0.0
3060,2024-12-29,1.0,1.0,39.95923,-75.17036,19.0,0.0
3158,2023-12-04,9.0,9.0,39.92552,-75.16904,15.0,0.0
3050,2023-05-09,17.0,16.0,,,,-1.0
3209,2024-10-28,10.0,8.0,39.949,-75.21278,14.0,-2.0
3030,2024-07-17,32.0,35.0,,,,3.0
3066,2023-11-14,31.0,30.0,39.94561,-75.17348,29.0,-1.0
3212,2025-07-17,27.0,23.0,39.96383,-75.18177,32.0,-4.0
3381,2025-03-22,4.0,3.0,39.94845,-75.21807,13.0,-1.0
3212,2026-03-19,10.0,6.0,39.96383,-75.18177,32.0,-4.0
3334,2023-09-30,9.0,10.0,39.9302,-75.15636,19.0,1.0
3015,2024-09-12,19.0,21.0,39.94735,-75.14886,11.0,2.0
3389,2025-03-20,5.0,4.0,39.94431,-75.18128,16.0,-1.0
3249,2023-06-26,7.0,7.0,39.95784,-75.19079,22.0,0.0
3277,2024-11-21,3.0,3.0,39.98306,-75.16738,20.0,0.0
3235,2024-08-17,13.0,14.0,39.96,-75.1651,15.0,1.0
3196,2024-08-25,1.0,1.0,39.98717,-75.17477,17.0,0.0
3253,2024-07-11,3.0,2.0,39.93074,-75.18924,21.0,-1.0
3307,2024-05-22,0.0,1.0,40.0028,-75.174,11.0,1.0
3030,2025-03-25,33.0,30.0,,,,-3.0
3150,2025-03-22,13.0,17.0,39.92884,-75.17021,17.0,4.0
3058,2023-03-27,13.0,11.0,,,,-2.0
3052,2023-05-20,20.0,22.0,39.94732,-75.15695,25.0,2.0
3296,2024-01-24,22.0,26.0,39.95134,-75.16758,21.0,4.0
3336,2023-12-02,7.0,6.0,39.95719,-75.19388,20.0,-1.0
3005,2024-12-22,1.0,0.0,39.94733,-75.14403,13.0,-1.0
3328,2024-07-17,17.0,18.0,39.98798,-75.1995,23.0,1.0
3370,2024-08-29,6.0,4.0,40.0163,-75.21241,16.0,-2.0
3353,2024-08-12,2.0,2.0,40.00496,-75.15233,22.0,0.0
3322,2023-12-23,10.0,10.0,39.93638,-75.15526,13.0,0.0
3150,2023-12-12,10.0,10.0,39.92884,-75.17021,17.0,0.0
3008,2024-01-25,13.0,14.0,39.98081,-75.15067,17.0,1.0
3033,2025-08-28,30.0,31.0,39.95005,-75.15672,20.0,1.0
3047,2024-07-21,14.0,9.0,39.95073,-75.14947,20.0,-5.0
3164,2024-09-13,30.0,37.0,39.92814,-75.16515,18.0,7.0
3337,2024-02-17,6.0,8.0,39.97318,-75.14612,15.0,2.0
3102,2023-02-21,27.0,27.0,39.96759,-75.17952,26.0,0.0
3161,2025-10-29,53.0,62.0,39.95486,-75.18091,23.0,9.0
3285,2024-11-22,1.0,1.0,39.95946,-75.14745,19.0,0.0
3241,2024-06-23,2.0,4.0,39.95225,-75.22637,20.0,2.0
3029,2025-03-04,30.0,22.0,39.9538,-75.19479,17.0,-8.0
3326,2025-04-30,6.0,6.0,39.99198,-75.19944,17.0,0.0
3325,2024-07-25,5.0,5.0,39.9768,-75.12764,22.0,0.0
3033,2025-05-06,29.0,28.0,39.95005,-75.15672,20.0,-1.0
3267,2025-02-27,2.0,5.0,39.918,-75.1796,12.0,3.0
3101,2024-07-04,40.0,47.0,39.94295,-75.15955,18.0,7.0
3421,2025-12-11,3.0,3.0,39.91972,-75.16408,13.0,0.0
3163,2026-03-12,22.0,16.0,39.94974,-75.18097,22.0,-6.0
3155,2023-03-25,9.0,8.0,39.94018,-75.15442,18.0,-1.0
3200,2025-03-24,0.0,3.0,39.97583,-75.16846,17.0,3.0
3256,2023-11-26,3.0,7.0,39.95269,-75.17779,23.0,4.0
3187,2024-01-28,3.0,4.0,39.95725,-75.17232,19.0,1.0
3110,2024-07-13,20.0,21.0,39.96175,-75.13641,19.0,1.0
3207,2024-05-24,28.0,26.0,39.95441,-75.192,20.0,-2.0
3345,2025-10-12,16.0,24.0,39.9617,-75.14667,19.0,8.0
3016,2025-06-28,5.0,5.0,39.96892,-75.1547,15.0,0.0
3266,2024-06-16,9.0,11.0,39.9237,-75.14701,22.0,2.0
3017,2024-01-31,7.0,8.0,39.98003,-75.14371,15.0,1.0
3353,2024-08-14,6.0,5.0,40.00496,-75.15233,22.0,-1.0
3303,2025-03-24,2.0,2.0,39.9559,-75.2053,20.0,0.0
3276,2024-09-12,17.0,14.0,39.96569,-75.15679,18.0,-3.0
3025,2025-08-06,35.0,31.0,39.93724,-75.1612,15.0,-4.0
3119,2023-02-24,2.0,2.0,39.96674,-75.20799,17.0,0.0
3336,2024-05-21,14.0,11.0,39.95719,-75.19388,20.0,-3.0
3266,2023-07-28,11.0,15.0,39.9237,-75.14701,22.0,4.0
3074,2024-06-20,18.0,18.0,39.95511,-75.20987,15.0,0.0
3376,2025-04-17,4.0,3.0,39.97183,-75.14878,8.0,-1.0
3088,2024-03-16,24.0,13.0,39.96984,-75.1418,35.0,-11.0
3208,2023-10-01,26.0,25.0,39.95048,-75.19324,28.0,-1.0
3068,2025-02-28,14.0,12.0,39.93549,-75.16711,18.0,-2.0
3102,2024-01-14,8.0,11.0,39.96759,-75.17952,26.0,3.0
3028,2023-11-30,37.0,40.0,39.94061,-75.14958,15.0,3.0
3058,2024-10-30,40.0,38.0,,,,-2.0
3017,2024-06-30,7.0,5.0,39.98003,-75.14371,15.0,-2.0
3235,2026-03-22,9.0,9.0,39.96,-75.1651,15.0,0.0
3005,2024-01-26,11.0,8.0,39.94733,-75.14403,13.0,-3.0
3113,2025-06-14,2.0,1.0,39.97472,-75.19781,12.0,-1.0
3203,2024-12-12,38.0,32.0,39.94077,-75.17227,20.0,-6.0
3256,2025-10-18,36.0,34.0,39.95269,-75.17779,23.0,-2.0
3168,2024-09-01,33.0,27.0,,,,-6.0
3279,2024-07-25,16.0,11.0,39.9265,-75.1668,18.0,-5.0
3187,2025-09-14,17.0,15.0,39.95725,-75.17232,19.0,-2.0
3072,2023-11-06,12.0,14.0,39.93445,-75.14541,25.0,2.0
3291,2023-07-30,2.0,3.0,40.01022,-75.197,15.0,1.0
3275,2025-08-19,14.0,14.0,39.97576,-75.12157,22.0,0.0
3331,2025-03-15,3.0,4.0,39.97116,-75.12813,20.0,1.0
3188,2025-01-08,2.0,1.0,39.90471,-75.1734,56.0,-1.0
3277,2025-04-27,5.0,5.0,39.98306,-75.16738,20.0,0.0
3150,2025-11-24,22.0,20.0,39.92884,-75.17021,17.0,-2.0
3159,2024-10-06,13.0,15.0,39.95121,-75.19962,23.0,2.0
3448,2026-01-02,5.0,4.0,39.93995,-75.16604,5.0,-1.0
3156,2023-01-30,6.0,7.0,39.95381,-75.17407,22.0,1.0
3099,2024-08-03,8.0,13.0,39.93401,-75.15094,19.0,5.0
3361,2023-12-16,19.0,17.0,39.93082,-75.17474,21.0,-2.0
3037,2024-09-19,19.0,20.0,39.95424,-75.16138,21.0,1.0
3190,2023-07-09,18.0,26.0,,,,8.0
3165,2023-07-18,23.0,24.0,39.95819,-75.1782,22.0,1.0
3046,2024-01-14,19.0,21.0,,,,2.0
3114,2024-08-25,15.0,18.0,39.93775,-75.18012,17.0,3.0
3340,2024-10-12,13.0,13.0,39.96906,-75.18169,17.0,0.0
3208,2025-10-02,53.0,60.0,39.95048,-75.19324,28.0,7.0
3328,2025-03-09,20.0,16.0,39.98798,-75.1995,23.0,-4.0
3261,2023-11-22,9.0,12.0,39.96304,-75.14099,17.0,3.0
3028,2023-05-16,28.0,35.0,39.94061,-75.14958,15.0,7.0
3017,2023-06-20,9.0,8.0,39.98003,-75.14371,15.0,-1.0
3168,2026-02-18,23.0,24.0,,,,1.0
3317,2024-01-31,3.0,1.0,,,,-2.0
3066,2024-01-02,22.0,25.0,39.94561,-75.17348,29.0,3.0
3065,2024-11-21,2.0,1.0,39.9707,-75.15171,15.0,-1.0
3237,2023-06-15,4.0,8.0,39.91717,-75.17096,21.0,4.0
3119,2023-04-15,4.0,3.0,39.96674,-75.20799,17.0,-1.0
3340,2025-11-12,20.0,22.0,39.96906,-75.18169,17.0,2.0
3069,2025-03-10,24.0,20.0,39.93704,-75.15038,23.0,-4.0
3020,2024-11-16,16.0,17.0,39.94855,-75.19007,36.0,1.0
3241,2025-10-06,5.0,6.0,39.95225,-75.22637,20.0,1.0
3154,2023-06-07,35.0,33.0,39.95924,-75.15821,16.0,-2.0
3078,2023-06-09,20.0,19.0,39.95355,-75.17192,18.0,-1.0
3111,2024-06-18,2.0,3.0,39.97779,-75.21323,14.0,1.0
3298,2023-06-01,2.0,1.0,39.94717,-75.20691,15.0,-1.0
3093,2025-12-17,2.0,0.0,39.98837,-75.18701,16.0,-2.0
3211,2025-01-10,5.0,2.0,39.97172,-75.1706,22.0,-3.0
3168,2024-03-01,33.0,30.0,,,,-3.0
3061,2025-02-16,7.0,3.0,,,,-4.0
3340,2024-05-16,22.0,19.0,39.96906,-75.18169,17.0,-3.0
3209,2025-10-21,10.0,5.0,39.949,-75.21278,14.0,-5.0
3188,2023-02-04,1.0,0.0,39.90471,-75.1734,56.0,-1.0
3356,2024-09-24,6.0,9.0,39.89322,-75.17187,19.0,3.0
3053,2024-03-30,14.0,16.0,39.93231,-75.18154,19.0,2.0
3162,2025-11-26,9.0,7.0,39.94595,-75.18475,34.0,-2.0
3313,2025-06-06,1.0,0.0,39.9158,-75.1643,9.0,-1.0
3111,2025-10-08,4.0,6.0,39.97779,-75.21323,14.0,2.0
3323,2024-06-19,3.0,3.0,40.02796,-75.2277,18.0,0.0
3120,2025-04-08,9.0,10.0,39.97522,-75.18669,19.0,1.0
3285,2024-08-16,4.0,5.0,39.95946,-75.14745,19.0,1.0
3021,2024-07-30,47.0,44.0,39.9539,-75.16902,34.0,-3.0
3390,2025-09-20,6.0,4.0,39.96,-75.2244,18.0,-2.0
3158,2023-10-18,20.0,17.0,39.92552,-75.16904,15.0,-3.0
3010,2023-02-08,44.0,47.0,39.94711,-75.16618,22.0,3.0
3266,2025-11-22,10.0,8.0,39.9237,-75.14701,22.0,-2.0
3349,2024-01-22,2.0,1.0,39.93651,-75.18621,17.0,-1.0
3165,2024-11-12,15.0,20.0,39.95819,-75.1782,22.0,5.0
3323,2023-05-22,10.0,10.0,40.02796,-75.2277,18.0,0.0
3359,2024-08-02,48.0,48.0,39.94888,-75.16978,29.0,0.0
3338,2024-08-08,5.0,4.0,39.95098,-75.23035,21.0,-1.0
3307,2025-09-27,2.0,2.0,40.0028,-75.174,11.0,0.0
3183,2025-05-02,5.0,6.0,39.88994,-75.17679,20.0,1.0
3226,2024-12-07,4.0,4.0,39.98101,-75.13721,18.0,0.0
3323,2025-04-29,4.0,4.0,40.02796,-75.2277,18.0,0.0
3263,2026-03-21,3.0,1.0,39.9586,-75.2081,18.0,-2.0
3248,2025-12-03,14.0,12.0,39.94213,-75.18335,22.0,-2.0
3157,2023-01-08,12.0,12.0,39.92545,-75.15954,18.0,0.0
3376,2025-03-08,4.0,4.0,39.97183,-75.14878,8.0,0.0
3029,2023-04-08,14.0,19.0,39.9538,-75.19479,17.0,5.0
3055,2025-02-07,10.0,13.0,39.95112,-75.15457,15.0,3.0
3268,2024-12-01,1.0,1.0,39.97633,-75.15101,22.0,0.0
3056,2025-09-28,15.0,17.0,39.97669,-75.15813,22.0,2.0
3060,2026-01-03,4.0,3.0,39.95923,-75.17036,19.0,-1.0
3344,2025-08-21,0.0,2.0,39.95961,-75.23354,23.0,2.0
3053,2025-11-25,20.0,21.0,39.93231,-75.18154,19.0,1.0
3197,2025-09-15,17.0,18.0,39.92083,-75.17033,23.0,1.0
3352,2024-05-24,5.0,3.0,40.00143,-75.15256,11.0,-2.0
3152,2025-11-05,4.0,4.0,39.94993,-75.20286,17.0,0.0
3285,2025-10-07,13.0,11.0,39.95946,-75.14745,19.0,-2.0
3258,2025-01-10,3.0,4.0,39.95828,-75.22424,20.0,1.0
3018,2023-06-12,14.0,22.0,39.95273,-75.15979,18.0,8.0
3188,2024-09-29,4.0,1.0,39.90471,-75.1734,56.0,-3.0
3285,2025-09-20,16.0,12.0,39.95946,-75.14745,19.0,-4.0
3259,2024-10-20,6.0,4.0,39.95998,-75.19883,17.0,-2.0
3212,2024-05-06,34.0,28.0,39.96383,-75.18177,32.0,-6.0
3060,2025-08-09,20.0,10.0,39.95923,-75.17036,19.0,-10.0
3265,2023-05-19,19.0,7.0,39.95957,-75.19633,13.0,-12.0
3362,2024-12-05,29.0,34.0,39.94816,-75.16226,19.0,5.0
3074,2025-11-22,14.0,9.0,39.95511,-75.20987,15.0,-5.0
3187,2023-06-21,9.0,10.0,39.95725,-75.17232,19.0,1.0
3029,2024-05-25,22.0,23.0,39.9538,-75.19479,17.0,1.0
3021,2024-10-29,33.0,32.0,39.9539,-75.16902,34.0,-1.0
3315,2026-03-25,4.0,4.0,39.94235,-75.21138,13.0,0.0
3181,2024-04-19,2.0,3.0,39.89629,-75.17514,20.0,1.0
3357,2024-11-19,1.0,0.0,39.9104,-75.16588,27.0,-1.0
3055,2025-08-08,20.0,20.0,39.95112,-75.15457,15.0,0.0
3088,2025-11-05,10.0,16.0,39.96984,-75.1418,35.0,6.0
3049,2025-11-14,12.0,10.0,39.94509,-75.1425,29.0,-2.0
3337,2026-01-05,8.0,7.0,39.97318,-75.14612,15.0,-1.0
3342,2024-08-08,11.0,10.0,39.9639,-75.17385,20.0,-1.0
3370,2025-08-09,23.0,22.0,40.0163,-75.21241,16.0,-1.0
3323,2025-05-18,3.0,2.0,40.02796,-75.2277,18.0,-1.0
3358,2023-11-02,5.0,1.0,,,,-4.0
3336,2024-07-18,30.0,25.0,39.95719,-75.19388,20.0,-5.0
3388,2025-02-24,1.0,0.0,39.96634,-75.15097,19.0,-1.0
3306,2026-01-21,2.0,1.0,39.99683,-75.17761,11.0,-1.0
3210,2025-08-23,17.0,22.0,39.98492,-75.15668,18.0,5.0
3361,2025-03-17,12.0,8.0,39.93082,-75.17474,21.0,-4.0
3273,2023-03-14,1.0,0.0,,,,-1.0
3251,2023-02-16,0.0,1.0,39.93366,-75.19319,16.0,1.0
3371,2025-05-04,9.0,9.0,39.9534,-75.1543,19.0,0.0
3237,2023-04-18,3.0,4.0,39.91717,-75.17096,21.0,1.0
3258,2026-03-14,3.0,2.0,39.95828,-75.22424,20.0,-1.0
3073,2024-06-17,18.0,14.0,39.96143,-75.15242,15.0,-4.0
3210,2025-10-10,15.0,23.0,39.98492,-75.15668,18.0,8.0
3025,2023-01-24,17.0,15.0,39.93724,-75.1612,15.0,-2.0
3303,2025-10-28,12.0,11.0,39.9559,-75.2053,20.0,-1.0
3252,2023-01-18,7.0,7.0,39.93882,-75.19324,14.0,0.0
3057,2023-02-19,27.0,26.0,39.96439,-75.17987,26.0,-1.0
3329,2025-03-07,0.0,1.0,40.02651,-75.22445,15.0,1.0
3106,2023-08-10,1.0,1.0,39.99179,-75.18637,17.0,0.0
3245,2024-04-03,6.0,5.0,39.97887,-75.15777,20.0,-1.0
3068,2023-12-09,20.0,15.0,39.93549,-75.16711,18.0,-5.0
3115,2023-07-25,7.0,7.0,39.97263,-75.16757,18.0,0.0
3245,2023-02-10,10.0,12.0,39.97887,-75.15777,20.0,2.0
3099,2023-09-15,10.0,11.0,39.93401,-75.15094,19.0,1.0
3256,2024-11-30,17.0,12.0,39.95269,-75.17779,23.0,-5.0
3322,2024-11-24,14.0,24.0,39.93638,-75.15526,13.0,10.0
3159,2024-03-10,5.0,6.0,39.95121,-75.19962,23.0,1.0
3018,2025-03-06,18.0,9.0,39.95273,-75.15979,18.0,-9.0
3101,2024-09-03,55.0,51.0,39.94295,-75.15955,18.0,-4.0
3291,2025-02-10,0.0,1.0,40.01022,-75.197,15.0,1.0
3378,2024-03-09,2.0,2.0,39.95238,-75.14728,18.0,0.0
3245,2024-07-07,5.0,3.0,39.97887,-75.15777,20.0,-2.0
3388,2025-03-09,2.0,2.0,39.96634,-75.15097,19.0,0.0
3212,2025-06-14,34.0,29.0,39.96383,-75.18177,32.0,-5.0
3212,2026-02-09,1.0,2.0,39.96383,-75.18177,32.0,1.0
3211,2026-02-26,16.0,10.0,39.97172,-75.1706,22.0,-6.0
3295,2023-09-08,73.0,72.0,39.95028,-75.16027,21.0,-1.0
3301,2024-09-27,29.0,34.0,39.95029,-75.17126,15.0,5.0
3154,2024-03-25,13.0,8.0,39.95924,-75.15821,16.0,-5.0
3421,2026-01-22,5.0,4.0,39.91972,-75.16408,13.0,-1.0
3159,2026-02-13,14.0,17.0,39.95121,-75.19962,23.0,3.0
3267,2023-06-14,7.0,11.0,39.918,-75.1796,12.0,4.0
3123,2025-10-17,5.0,5.0,39.98004,-75.17088,16.0,0.0
3328,2025-11-13,6.0,7.0,39.98798,-75.1995,23.0,1.0
3369,2024-09-03,9.0,9.0,40.00772,-75.19194,16.0,0.0
3250,2025-11-24,3.0,5.0,39.95673,-75.14575,17.0,2.0
3383,2025-07-02,15.0,23.0,39.96634,-75.14222,19.0,8.0
3156,2024-04-19,34.0,29.0,39.95381,-75.17407,22.0,-5.0
3287,2025-03-05,1.0,2.0,39.94367,-75.21606,16.0,1.0
3049,2025-03-24,7.0,6.0,39.94509,-75.1425,29.0,-1.0
3093,2025-04-23,8.0,8.0,39.98837,-75.18701,16.0,0.0
3317,2024-02-25,2.0,1.0,,,,-1.0
3280,2024-12-26,2.0,1.0,39.93968,-75.21362,18.0,-1.0
3329,2025-04-13,0.0,2.0,40.02651,-75.22445,15.0,2.0
3309,2024-01-18,0.0,2.0,,,,2.0
3120,2023-03-10,7.0,4.0,39.97522,-75.18669,19.0,-3.0
3056,2025-08-17,6.0,6.0,39.97669,-75.15813,22.0,0.0
3236,2023-10-06,20.0,16.0,39.96566,-75.17765,18.0,-4.0
3115,2024-09-28,3.0,3.0,39.97263,-75.16757,18.0,0.0
3368,2024-01-02,1.0,1.0,39.97647,-75.17362,17.0,0.0
3348,2023-10-08,5.0,3.0,,,,-2.0
3408,2026-03-24,6.0,7.0,39.9216,-75.15,17.0,1.0
3344,2025-05-09,1.0,2.0,39.95961,-75.23354,23.0,1.0
3154,2025-07-06,27.0,29.0,39.95924,-75.15821,16.0,2.0
3069,2024-08-24,26.0,26.0,39.93704,-75.15038,23.0,0.0
3088,2024-02-26,13.0,16.0,39.96984,-75.1418,35.0,3.0
3183,2023-05-08,2.0,0.0,39.88994,-75.17679,20.0,-2.0
3208,2024-07-04,28.0,28.0,39.95048,-75.19324,28.0,0.0
3285,2023-05-13,1.0,5.0,39.95946,-75.14745,19.0,4.0
3398,2025-10-17,4.0,5.0,39.91551,-75.15474,15.0,1.0
3159,2025-03-29,17.0,15.0,39.95121,-75.19962,23.0,-2.0
3158,2023-11-04,15.0,10.0,39.92552,-75.16904,15.0,-5.0
3373,2024-06-02,13.0,10.0,39.95817,-75.15668,15.0,-3.0
3150,2023-05-23,18.0,16.0,39.92884,-75.17021,17.0,-2.0
3203,2023-04-27,25.0,30.0,39.94077,-75.17227,20.0,5.0
3114,2023-05-19,27.0,20.0,39.93775,-75.18012,17.0,-7.0
3203,2026-02-07,5.0,5.0,39.94077,-75.17227,20.0,0.0
3281,2023-01-21,0.0,1.0,39.9323,-75.2162,15.0,1.0
3116,2025-01-02,1.0,5.0,39.96006,-75.17198,21.0,4.0
3277,2024-06-24,3.0,2.0,39.98306,-75.16738,20.0,-1.0
3035,2024-01-14,8.0,8.0,39.96271,-75.19419,20.0,0.0
3159,2023-01-20,13.0,16.0,39.95121,-75.19962,23.0,3.0
3351,2024-12-23,0.0,1.0,39.99655,-75.14991,18.0,1.0
3375,2025-12-31,1.0,5.0,39.96036,-75.1402,22.0,4.0
3058,2023-12-13,19.0,20.0,,,,1.0
3256,2023-10-04,54.0,54.0,39.95269,-75.17779,23.0,0.0
3033,2024-10-13,22.0,23.0,39.95005,-75.15672,20.0,1.0
3285,2025-05-18,12.0,9.0,39.95946,-75.14745,19.0,-3.0
3337,2025-08-19,8.0,12.0,39.97318,-75.14612,15.0,4.0
3063,2024-04-15,35.0,34.0,39.94633,-75.1698,25.0,-1.0
3211,2023-05-18,7.0,11.0,39.97172,-75.1706,22.0,4.0
3204,2025-09-25,27.0,21.0,39.96437,-75.16582,22.0,-6.0
3296,2025-10-23,43.0,48.0,39.95134,-75.16758,21.0,5.0
3298,2025-02-10,0.0,1.0,39.94717,-75.20691,15.0,1.0
3157,2025-10-28,27.0,29.0,39.92545,-75.15954,18.0,2.0
3449,2026-03-23,10.0,12.0,39.94628,-75.15138,21.0,2.0
3235,2024-12-17,10.0,8.0,39.96,-75.1651,15.0,-2.0
3347,2024-10-21,17.0,18.0,,,,1.0
3069,2024-03-18,18.0,18.0,39.93704,-75.15038,23.0,0.0
3211,2024-03-06,5.0,3.0,39.97172,-75.1706,22.0,-2.0
3291,2023-08-23,3.0,5.0,40.01022,-75.197,15.0,2.0
3250,2024-02-17,1.0,1.0,39.95673,-75.14575,17.0,0.0
3362,2024-05-15,39.0,33.0,39.94816,-75.16226,19.0,-6.0
3209,2025-12-04,11.0,9.0,39.949,-75.21278,14.0,-2.0
3272,2023-09-30,1.0,1.0,39.96405,-75.22048,13.0,0.0
3061,2023-11-21,11.0,16.0,,,,5.0
3018,2025-07-27,22.0,31.0,39.95273,-75.15979,18.0,9.0
3261,2024-07-04,24.0,22.0,39.96304,-75.14099,17.0,-2.0
3203,2023-06-04,23.0,21.0,39.94077,-75.17227,20.0,-2.0
3265,2023-06-12,8.0,7.0,39.95957,-75.19633,13.0,-1.0
3258,2024-09-07,4.0,4.0,39.95828,-75.22424,20.0,0.0
3077,2025-11-20,9.0,12.0,39.97207,-75.16351,19.0,3.0
3253,2024-05-28,3.0,3.0,39.93074,-75.18924,21.0,0.0
3074,2025-09-13,30.0,27.0,39.95511,-75.20987,15.0,-3.0
3185,2023-12-26,15.0,16.0,39.95169,-75.15888,21.0,1.0
3388,2025-03-19,8.0,10.0,39.96634,-75.15097,19.0,2.0
3431,2025-08-01,5.0,8.0,39.96239,-75.24522,15.0,3.0
3078,2024-02-14,16.0,15.0,39.95355,-75.17192,18.0,-1.0
3287,2023-01-30,0.0,2.0,39.94367,-75.21606,16.0,2.0
3226,2026-02-22,0.0,1.0,39.98101,-75.13721,18.0,1.0
3119,2025-05-29,2.0,2.0,39.96674,-75.20799,17.0,0.0
3267,2024-04-24,3.0,5.0,39.918,-75.1796,12.0,2.0
3114,2025-11-05,23.0,25.0,39.93775,-75.18012,17.0,2.0
3398,2025-05-23,4.0,1.0,39.91551,-75.15474,15.0,-3.0
3158,2026-03-27,8.0,8.0,39.92552,-75.16904,15.0,0.0
3060,2023-10-27,12.0,10.0,39.95923,-75.17036,19.0,-2.0
3246,2026-03-06,3.0,1.0,39.94782,-75.22301,17.0,-2.0
3014,2024-06-27,12.0,9.0,39.95886,-75.17369,25.0,-3.0
3075,2023-03-02,10.0,12.0,39.96718,-75.16125,12.0,2.0
3162,2025-11-03,27.0,24.0,39.94595,-75.18475,34.0,-3.0
3297,2025-05-29,18.0,19.0,39.95821,-75.16901,19.0,1.0
3211,2025-07-16,13.0,11.0,39.97172,-75.1706,22.0,-2.0
3350,2024-12-23,1.0,0.0,39.99415,-75.15527,20.0,-1.0
3200,2023-10-04,15.0,13.0,39.97583,-75.16846,17.0,-2.0
3025,2023-01-29,7.0,7.0,39.93724,-75.1612,15.0,0.0
3321,2023-06-15,13.0,14.0,39.95485,-75.17298,21.0,1.0
3430,2025-07-01,4.0,2.0,39.97408,-75.1801,14.0,-2.0
3331,2025-04-07,1.0,1.0,39.97116,-75.12813,20.0,0.0
3018,2026-03-02,10.0,12.0,39.95273,-75.15979,18.0,2.0
3021,2024-07-28,5.0,5.0,39.9539,-75.16902,34.0,0.0
3012,2024-03-20,40.0,29.0,39.94218,-75.17747,27.0,-11.0
3158,2023-08-12,12.0,20.0,39.92552,-75.16904,15.0,8.0
3304,2023-12-31,20.0,16.0,39.94234,-75.15399,21.0,-4.0
3047,2024-02-22,7.0,8.0,39.95073,-75.14947,20.0,1.0
3058,2025-12-20,21.0,17.0,,,,-4.0
3400,2025-10-25,13.0,17.0,39.949,-75.16081,18.0,4.0
3259,2023-07-08,12.0,12.0,39.95998,-75.19883,17.0,0.0
3346,2024-09-05,26.0,28.0,39.94883,-75.15097,17.0,2.0
3311,2024-09-10,4.0,9.0,,,,5.0
3201,2025-03-31,22.0,14.0,39.95523,-75.1662,20.0,-8.0
3123,2026-03-11,4.0,6.0,39.98004,-75.17088,16.0,2.0
3157,2024-11-09,22.0,12.0,39.92545,-75.15954,18.0,-10.0
3101,2026-02-08,9.0,10.0,39.94295,-75.15955,18.0,1.0
3062,2025-06-12,19.0,19.0,,,,0.0
3097,2026-02-03,5.0,8.0,39.97888,-75.13339,18.0,3.0
3334,2024-06-08,23.0,21.0,39.9302,-75.15636,19.0,-2.0
3161,2024-11-17,29.0,27.0,39.95486,-75.18091,23.0,-2.0
3336,2024-06-22,2.0,2.0,39.95719,-75.19388,20.0,0.0
3058,2025-06-17,29.0,29.0,,,,0.0
3251,2025-09-08,12.0,13.0,39.93366,-75.19319,16.0,1.0
3074,2024-12-06,13.0,12.0,39.95511,-75.20987,15.0,-1.0
3161,2023-12-17,9.0,10.0,39.95486,-75.18091,23.0,1.0
3034,2025-07-05,27.0,26.0,39.93315,-75.16248,16.0,-1.0
3050,2023-08-18,19.0,19.0,,,,0.0
3014,2025-07-25,8.0,11.0,39.95886,-75.17369,25.0,3.0
3187,2024-04-12,10.0,15.0,39.95725,-75.17232,19.0,5.0
3323,2023-06-15,3.0,3.0,40.02796,-75.2277,18.0,0.0
3369,2025-11-17,1.0,2.0,40.00772,-75.19194,16.0,1.0
3017,2025-07-11,9.0,12.0,39.98003,-75.14371,15.0,3.0
3031,2025-09-26,25.0,25.0,39.98005,-75.15522,21.0,0.0
3292,2024-05-08,5.0,8.0,39.92,-75.1562,17.0,3.0
3162,2024-01-12,6.0,4.0,39.94595,-75.18475,34.0,-2.0
3261,2025-09-08,17.0,17.0,39.96304,-75.14099,17.0,0.0
3261,2025-01-17,7.0,7.0,39.96304,-75.14099,17.0,0.0
3033,2024-12-12,16.0,16.0,39.95005,-75.15672,20.0,0.0
3104,2024-02-10,4.0,3.0,39.96664,-75.19209,13.0,-1.0
3211,2025-01-01,4.0,3.0,39.97172,-75.1706,22.0,-1.0
3051,2026-01-22,25.0,18.0,39.96744,-75.17507,37.0,-7.0
3376,2026-03-01,4.0,4.0,39.97183,-75.14878,8.0,0.0
3266,2025-05-22,5.0,5.0,39.9237,-75.14701,22.0,0.0
3265,2024-05-08,17.0,10.0,39.95957,-75.19633,13.0,-7.0
3096,2024-01-17,0.0,1.0,39.99119,-75.17975,14.0,1.0
3124,2025-03-29,34.0,40.0,39.95367,-75.13956,17.0,6.0
3421,2025-05-14,2.0,3.0,39.91972,-75.16408,13.0,1.0
3152,2025-03-16,1.0,2.0,39.94993,-75.20286,17.0,1.0
3053,2023-01-26,7.0,6.0,39.93231,-75.18154,19.0,-1.0
3093,2025-08-06,7.0,6.0,39.98837,-75.18701,16.0,-1.0
3115,2024-07-31,11.0,9.0,39.97263,-75.16757,18.0,-2.0
3410,2025-04-30,7.0,6.0,39.94201,-75.21838,11.0,-1.0
3154,2023-04-05,27.0,20.0,39.95924,-75.15821,16.0,-7.0
3343,2023-12-26,6.0,7.0,,,,1.0
3183,2025-09-28,2.0,0.0,39.88994,-75.17679,20.0,-2.0
3052,2025-03-19,49.0,35.0,39.94732,-75.15695,25.0,-14.0
3115,2025-04-29,7.0,7.0,39.97263,-75.16757,18.0,0.0
3200,2026-03-28,5.0,4.0,39.97583,-75.16846,17.0,-1.0
3342,2025-05-26,13.0,11.0,39.9639,-75.17385,20.0,-2.0
3247,2023-05-24,3.0,3.0,39.96538,-75.21514,16.0,0.0
3365,2024-04-30,22.0,20.0,39.96173,-75.18788,17.0,-2.0
3124,2024-12-09,3.0,5.0,39.95367,-75.13956,17.0,2.0
3356,2024-09-01,4.0,4.0,39.89322,-75.17187,19.0,0.0
3102,2025-10-03,45.0,32.0,39.96759,-75.17952,26.0,-13.0
3363,2024-08-01,20.0,23.0,39.94655,-75.16263,17.0,3.0
3113,2023-03-16,3.0,3.0,39.97472,-75.19781,12.0,0.0
3237,2026-03-17,4.0,1.0,39.91717,-75.17096,21.0,-3.0
3086,2025-11-20,12.0,9.0,39.94019,-75.16691,21.0,-3.0
3037,2025-12-01,17.0,17.0,39.95424,-75.16138,21.0,0.0
3038,2024-02-08,34.0,32.0,39.94781,-75.19409,28.0,-2.0
3295,2023-02-28,21.0,28.0,39.95028,-75.16027,21.0,7.0
3157,2024-09-11,32.0,30.0,39.92545,-75.15954,18.0,-2.0
3059,2025-01-27,21.0,21.0,39.96244,-75.16121,21.0,0.0
3421,2025-11-07,8.0,9.0,39.91972,-75.16408,13.0,1.0
3257,2024-08-18,5.0,8.0,,,,3.0
3066,2023-05-27,26.0,25.0,39.94561,-75.17348,29.0,-1.0
3378,2024-11-04,8.0,7.0,39.95238,-75.14728,18.0,-1.0
3332,2023-11-21,0.0,1.0,40.00537,-75.18143,12.0,1.0
3330,2023-11-04,19.0,16.0,,,,-3.0
3236,2025-05-20,7.0,6.0,39.96566,-75.17765,18.0,-1.0
3072,2025-08-24,12.0,16.0,39.93445,-75.14541,25.0,4.0
3160,2024-06-22,13.0,7.0,39.95662,-75.19862,41.0,-6.0
3038,2025-06-01,23.0,26.0,39.94781,-75.19409,28.0,3.0
3345,2024-06-27,19.0,13.0,39.9617,-75.14667,19.0,-6.0
3345,2025-07-27,13.0,18.0,39.9617,-75.14667,19.0,5.0
3066,2025-11-11,30.0,26.0,39.94561,-75.17348,29.0,-4.0
3382,2025-03-21,21.0,28.0,39.95038,-75.17309,11.0,7.0
3062,2024-11-28,0.0,4.0,,,,4.0
3251,2024-08-10,2.0,2.0,39.93366,-75.19319,16.0,0.0
3018,2024-06-02,35.0,41.0,39.95273,-75.15979,18.0,6.0
3102,2024-03-07,28.0,22.0,39.96759,-75.17952,26.0,-6.0
3110,2025-08-13,11.0,15.0,39.96175,-75.13641,19.0,4.0
3160,2026-01-23,14.0,15.0,39.95662,-75.19862,41.0,1.0
3062,2025-10-04,17.0,15.0,,,,-2.0
3245,2026-02-09,4.0,4.0,39.97887,-75.15777,20.0,0.0
3032,2023-11-13,47.0,53.0,39.94527,-75.17971,20.0,6.0
3335,2023-06-14,2.0,4.0,40.02237,-75.218,18.0,2.0
3188,2023-03-31,4.0,4.0,39.90471,-75.1734,56.0,0.0
3025,2023-10-21,25.0,18.0,39.93724,-75.1612,15.0,-7.0
3054,2025-04-22,35.0,34.0,39.9625,-75.1742,35.0,-1.0
3007,2024-01-08,27.0,27.0,39.94517,-75.15993,20.0,0.0
3346,2025-01-19,5.0,7.0,39.94883,-75.15097,17.0,2.0
3395,2025-04-19,14.0,19.0,39.93866,-75.16351,13.0,5.0
3431,2025-08-29,3.0,1.0,39.96239,-75.24522,15.0,-2.0
3182,2025-05-18,30.0,25.0,,,,-5.0
3033,2025-11-27,2.0,4.0,39.95005,-75.15672,20.0,2.0
3284,2023-04-18,1.0,2.0,40.01112,-75.19287,14.0,1.0
3340,2025-01-14,18.0,10.0,39.96906,-75.18169,17.0,-8.0
3119,2023-11-29,6.0,3.0,39.96674,-75.20799,17.0,-3.0
3157,2024-08-12,21.0,23.0,39.92545,-75.15954,18.0,2.0
3250,2025-05-03,10.0,9.0,39.95673,-75.14575,17.0,-1.0
3113,2024-07-11,3.0,4.0,39.97472,-75.19781,12.0,1.0
3208,2024-11-05,70.0,59.0,39.95048,-75.19324,28.0,-11.0
3261,2025-12-21,5.0,4.0,39.96304,-75.14099,17.0,-1.0
3110,2024-11-18,9.0,7.0,39.96175,-75.13641,19.0,-2.0
3272,2024-05-11,0.0,1.0,39.96405,-75.22048,13.0,1.0
3277,2024-11-25,1.0,1.0,39.98306,-75.16738,20.0,0.0
3168,2024-06-19,33.0,41.0,,,,8.0
3266,2023-07-17,6.0,7.0,39.9237,-75.14701,22.0,1.0
3009,2025-12-05,20.0,20.0,39.95576,-75.18982,14.0,0.0
3158,2025-07-25,14.0,11.0,39.92552,-75.16904,15.0,-3.0
3382,2024-07-15,19.0,21.0,39.95038,-75.17309,11.0,2.0
3254,2023-05-28,4.0,3.0,39.98091,-75.16065,18.0,-1.0
3057,2023-10-28,42.0,37.0,39.96439,-75.17987,26.0,-5.0
3086,2024-09-02,10.0,5.0,39.94019,-75.16691,21.0,-5.0
3329,2024-09-16,4.0,3.0,40.02651,-75.22445,15.0,-1.0
3015,2025-03-09,4.0,4.0,39.94735,-75.14886,11.0,0.0
3165,2025-04-20,24.0,27.0,39.95819,-75.1782,22.0,3.0
3277,2025-11-15,8.0,7.0,39.98306,-75.16738,20.0,-1.0
3110,2024-05-01,18.0,12.0,39.96175,-75.13641,19.0,-6.0
3258,2026-03-05,3.0,2.0,39.95828,-75.22424,20.0,-1.0
3055,2024-05-03,28.0,25.0,39.95112,-75.15457,15.0,-3.0
3267,2023-09-12,5.0,7.0,39.918,-75.1796,12.0,2.0
3104,2024-09-10,10.0,11.0,39.96664,-75.19209,13.0,1.0
3353,2025-06-08,1.0,1.0,40.00496,-75.15233,22.0,0.0
3069,2025-02-21,9.0,11.0,39.93704,-75.15038,23.0,2.0
3281,2023-01-08,2.0,1.0,39.9323,-75.2162,15.0,-1.0
3280,2023-07-25,1.0,5.0,39.93968,-75.21362,18.0,4.0
3278,2023-12-12,1.0,0.0,39.99301,-75.1681,11.0,-1.0
3405,2025-11-04,17.0,14.0,39.94167,-75.16502,16.0,-3.0
3104,2024-09-06,16.0,16.0,39.96664,-75.19209,13.0,0.0
3300,2025-06-01,9.0,12.0,39.95511,-75.16287,13.0,3.0
3051,2024-10-27,29.0,28.0,39.96744,-75.17507,37.0,-1.0
3258,2025-04-19,4.0,2.0,39.95828,-75.22424,20.0,-2.0
3112,2024-01-23,6.0,7.0,39.95373,-75.21825,18.0,1.0
3236,2023-07-13,7.0,8.0,39.96566,-75.17765,18.0,1.0
3203,2024-07-24,40.0,40.0,39.94077,-75.17227,20.0,0.0
3152,2024-02-29,7.0,5.0,39.94993,-75.20286,17.0,-2.0
3185,2025-11-04,60.0,54.0,39.95169,-75.15888,21.0,-6.0
3111,2025-01-26,1.0,0.0,39.97779,-75.21323,14.0,-1.0
3398,2025-04-24,3.0,2.0,39.91551,-75.15474,15.0,-1.0
3251,2024-05-25,6.0,6.0,39.93366,-75.19319,16.0,0.0
3066,2024-07-02,49.0,46.0,39.94561,-75.17348,29.0,-3.0
3241,2023-12-08,5.0,3.0,39.95225,-75.22637,20.0,-2.0
3253,2023-12-23,4.0,2.0,39.93074,-75.18924,21.0,-2.0
3061,2025-02-25,33.0,24.0,,,,-9.0
3213,2025-09-21,75.0,64.0,39.93887,-75.16663,25.0,-11.0
3162,2024-12-14,7.0,6.0,39.94595,-75.18475,34.0,-1.0
3118,2023-04-25,9.0,8.0,39.95866,-75.21323,20.0,-1.0
3303,2024-09-13,17.0,20.0,39.9559,-75.2053,20.0,3.0
3115,2024-10-08,8.0,5.0,39.97263,-75.16757,18.0,-3.0
3197,2024-05-16,9.0,6.0,39.92083,-75.17033,23.0,-3.0
3104,2024-10-04,14.0,15.0,39.96664,-75.19209,13.0,1.0
3323,2024-08-18,4.0,5.0,40.02796,-75.2277,18.0,1.0
3152,2025-10-09,7.0,5.0,39.94993,-75.20286,17.0,-2.0
3241,2023-01-08,3.0,5.0,39.95225,-75.22637,20.0,2.0
3005,2023-04-13,8.0,11.0,39.94733,-75.14403,13.0,3.0
3238,2023-06-06,45.0,35.0,39.97674,-75.11995,11.0,-10.0
3021,2023-10-30,17.0,16.0,39.9539,-75.16902,34.0,-1.0
3378,2025-04-25,14.0,16.0,39.95238,-75.14728,18.0,2.0
3021,2026-01-30,7.0,4.0,39.9539,-75.16902,34.0,-3.0
3335,2025-02-03,1.0,1.0,40.02237,-75.218,18.0,0.0
3376,2024-03-28,3.0,2.0,39.97183,-75.14878,8.0,-1.0
3201,2023-08-21,27.0,23.0,39.95523,-75.1662,20.0,-4.0
3100,2025-10-05,32.0,33.0,39.92777,-75.15103,38.0,1.0
3245,2025-02-22,10.0,14.0,39.97887,-75.15777,20.0,4.0
3021,2024-06-19,28.0,22.0,39.9539,-75.16902,34.0,-6.0
3183,2025-03-18,2.0,4.0,39.88994,-75.17679,20.0,2.0
3116,2025-07-23,30.0,29.0,39.96006,-75.17198,21.0,-1.0
3310,2024-10-21,6.0,7.0,39.98024,-75.18651,15.0,1.0
3325,2025-09-30,9.0,5.0,39.9768,-75.12764,22.0,-4.0
3009,2024-03-01,22.0,21.0,39.95576,-75.18982,14.0,-1.0
3168,2024-11-16,21.0,23.0,,,,2.0
3093,2026-03-08,1.0,0.0,39.98837,-75.18701,16.0,-1.0
3421,2025-12-03,7.0,8.0,39.91972,-75.16408,13.0,1.0
3427,2025-09-25,1.0,3.0,39.97961,-75.11844,14.0,2.0
3226,2023-07-04,6.0,4.0,39.98101,-75.13721,18.0,-2.0
3213,2025-08-01,68.0,68.0,39.93887,-75.16663,25.0,0.0
3334,2024-07-15,10.0,11.0,39.9302,-75.15636,19.0,1.0
3075,2023-02-24,17.0,16.0,39.96718,-75.16125,12.0,-1.0
3207,2025-06-29,13.0,13.0,39.95441,-75.192,20.0,0.0
3237,2026-01-06,3.0,6.0,39.91717,-75.17096,21.0,3.0
3093,2025-01-05,1.0,2.0,39.98837,-75.18701,16.0,1.0
3019,2025-09-06,4.0,3.0,39.95403,-75.14983,15.0,-1.0
3049,2024-11-08,20.0,13.0,39.94509,-75.1425,29.0,-7.0
3020,2025-10-16,59.0,57.0,39.94855,-75.19007,36.0,-2.0
3088,2025-05-29,15.0,14.0,39.96984,-75.1418,35.0,-1.0
3015,2023-03-25,1.0,5.0,39.94735,-75.14886,11.0,4.0
3158,2024-04-10,12.0,15.0,39.92552,-75.16904,15.0,3.0
3021,2023-02-24,20.0,24.0,39.9539,-75.16902,34.0,4.0
3209,2023-07-23,10.0,14.0,39.949,-75.21278,14.0,4.0
3281,2025-08-27,3.0,3.0,39.9323,-75.2162,15.0,0.0
3073,2023-04-11,14.0,14.0,39.96143,-75.15242,15.0,0.0
3049,2023-05-05,14.0,17.0,39.94509,-75.1425,29.0,3.0
3031,2025-03-27,21.0,23.0,39.98005,-75.15522,21.0,2.0
3352,2023-12-28,1.0,1.0,40.00143,-75.15256,11.0,0.0
3382,2025-01-22,7.0,7.0,39.95038,-75.17309,11.0,0.0
3265,2025-09-09,9.0,6.0,39.95957,-75.19633,13.0,-3.0
3327,2025-09-12,7.0,6.0,39.97759,-75.12442,17.0,-1.0
3300,2025-08-01,22.0,17.0,39.95511,-75.16287,13.0,-5.0
3124,2023-04-08,15.0,12.0,39.95367,-75.13956,17.0,-3.0
3124,2024-05-11,41.0,44.0,39.95367,-75.13956,17.0,3.0
3051,2025-11-16,27.0,17.0,39.96744,-75.17507,37.0,-10.0
3266,2024-01-11,6.0,8.0,39.9237,-75.14701,22.0,2.0
3106,2025-06-16,1.0,2.0,39.99179,-75.18637,17.0,1.0
3008,2024-12-26,6.0,2.0,39.98081,-75.15067,17.0,-4.0
3387,2024-09-30,10.0,10.0,39.97012,-75.14666,19.0,0.0
3303,2024-09-21,16.0,9.0,39.9559,-75.2053,20.0,-7.0
3286,2024-08-14,8.0,9.0,39.96409,-75.14769,22.0,1.0
3381,2024-12-26,1.0,1.0,39.94845,-75.21807,13.0,0.0
3397,2026-02-27,21.0,15.0,39.93906,-75.17824,15.0,-6.0
3332,2024-04-08,2.0,2.0,40.00537,-75.18143,12.0,0.0
3298,2026-03-02,2.0,2.0,39.94717,-75.20691,15.0,0.0
3253,2025-01-10,7.0,6.0,39.93074,-75.18924,21.0,-1.0
3015,2025-12-03,10.0,13.0,39.94735,-75.14886,11.0,3.0
3046,2024-04-07,23.0,27.0,,,,4.0
3275,2023-08-25,4.0,9.0,39.97576,-75.12157,22.0,5.0
3383,2025-04-17,12.0,13.0,39.96634,-75.14222,19.0,1.0
3237,2023-10-14,2.0,2.0,39.91717,-75.17096,21.0,0.0
3111,2023-03-22,6.0,5.0,39.97779,-75.21323,14.0,-1.0
3152,2024-07-25,13.0,8.0,39.94993,-75.20286,17.0,-5.0
3021,2026-03-06,12.0,27.0,39.9539,-75.16902,34.0,15.0
3088,2024-07-29,15.0,15.0,39.96984,-75.1418,35.0,0.0
3099,2025-10-21,19.0,16.0,39.93401,-75.15094,19.0,-3.0
3422,2025-06-17,3.0,1.0,39.95619,-75.18647,10.0,-2.0
3019,2025-05-27,8.0,7.0,39.95403,-75.14983,15.0,-1.0
3247,2024-11-21,1.0,0.0,39.96538,-75.21514,16.0,-1.0
3166,2026-02-21,5.0,6.0,39.97195,-75.13445,22.0,1.0
3038,2026-03-18,34.0,34.0,39.94781,-75.19409,28.0,0.0
3271,2024-08-13,5.0,5.0,39.9476,-75.22946,18.0,0.0
3278,2024-09-25,0.0,1.0,39.99301,-75.1681,11.0,1.0
3251,2023-06-25,4.0,4.0,39.93366,-75.19319,16.0,0.0
3022,2025-06-11,42.0,38.0,39.95472,-75.18323,21.0,-4.0
3053,2025-08-06,32.0,30.0,39.93231,-75.18154,19.0,-2.0
3152,2023-07-18,10.0,7.0,39.94993,-75.20286,17.0,-3.0
3099,2023-10-05,14.0,13.0,39.93401,-75.15094,19.0,-1.0
3363,2025-07-24,30.0,33.0,39.94655,-75.16263,17.0,3.0
3111,2024-04-07,6.0,5.0,39.97779,-75.21323,14.0,-1.0
3211,2024-10-25,2.0,3.0,39.97172,-75.1706,22.0,1.0
3397,2025-02-17,11.0,6.0,39.93906,-75.17824,15.0,-5.0
3201,2024-05-07,36.0,30.0,39.95523,-75.1662,20.0,-6.0
3423,2026-03-04,1.0,1.0,40.02826,-75.21106,15.0,0.0
3182,2023-02-13,26.0,28.0,,,,2.0
3196,2024-07-25,1.0,1.0,39.98717,-75.17477,17.0,0.0
3200,2023-07-18,14.0,6.0,39.97583,-75.16846,17.0,-8.0
3409,2025-10-11,3.0,4.0,39.95508,-75.15128,20.0,1.0
3055,2025-08-07,20.0,21.0,39.95112,-75.15457,15.0,1.0
3272,2024-02-28,0.0,1.0,39.96405,-75.22048,13.0,1.0
3390,2025-07-29,7.0,5.0,39.96,-75.2244,18.0,-2.0
3316,2023-09-01,7.0,5.0,39.92255,-75.17337,19.0,-2.0
3323,2025-07-05,5.0,6.0,40.02796,-75.2277,18.0,1.0
3371,2025-11-28,7.0,8.0,39.9534,-75.1543,19.0,1.0
3244,2023-01-05,30.0,24.0,,,,-6.0
3041,2023-05-03,9.0,8.0,39.96849,-75.13546,26.0,-1.0
3033,2024-04-30,24.0,25.0,39.95005,-75.15672,20.0,1.0
3159,2023-07-13,27.0,31.0,39.95121,-75.19962,23.0,4.0
3392,2025-06-12,6.0,6.0,39.93633,-75.19447,13.0,0.0
3031,2026-02-25,7.0,7.0,39.98005,-75.15522,21.0,0.0
3254,2026-03-30,16.0,10.0,39.98091,-75.16065,18.0,-6.0
3034,2023-03-27,23.0,13.0,39.93315,-75.16248,16.0,-10.0
3322,2024-10-09,25.0,24.0,39.93638,-75.15526,13.0,-1.0
3071,2023-08-17,15.0,16.0,,,,1.0
3285,2023-07-03,9.0,6.0,39.95946,-75.14745,19.0,-3.0
3164,2026-03-20,17.0,22.0,39.92814,-75.16515,18.0,5.0
3395,2024-10-06,9.0,15.0,39.93866,-75.16351,13.0,6.0
3026,2025-04-10,24.0,25.0,39.94182,-75.1455,17.0,1.0
3026,2025-04-23,26.0,22.0,39.94182,-75.1455,17.0,-4.0
3077,2024-04-15,15.0,13.0,39.97207,-75.16351,19.0,-2.0
3344,2025-10-10,2.0,2.0,39.95961,-75.23354,23.0,0.0
3317,2023-07-12,4.0,5.0,,,,1.0
3244,2024-01-11,34.0,35.0,,,,1.0
3024,2023-01-28,2.0,1.0,39.94822,-75.20908,19.0,-1.0
3362,2025-04-14,33.0,33.0,39.94816,-75.16226,19.0,0.0
3212,2025-01-06,1.0,0.0,39.96383,-75.18177,32.0,-1.0
3297,2025-05-24,12.0,7.0,39.95821,-75.16901,19.0,-5.0
3252,2023-12-08,8.0,7.0,39.93882,-75.19324,14.0,-1.0
3278,2023-06-16,0.0,1.0,39.99301,-75.1681,11.0,1.0
3060,2025-12-01,6.0,7.0,39.95923,-75.17036,19.0,1.0
3341,2025-01-28,6.0,2.0,39.98131,-75.12732,20.0,-4.0
3068,2025-02-26,14.0,12.0,39.93549,-75.16711,18.0,-2.0
3022,2024-02-09,21.0,33.0,39.95472,-75.18323,21.0,12.0
3300,2025-09-11,17.0,19.0,39.95511,-75.16287,13.0,2.0
3329,2024-01-24,1.0,1.0,40.02651,-75.22445,15.0,0.0
3334,2024-05-13,14.0,10.0,39.9302,-75.15636,19.0,-4.0
3286,2023-11-25,4.0,7.0,39.96409,-75.14769,22.0,3.0
3238,2023-11-04,16.0,18.0,39.97674,-75.11995,11.0,2.0
3060,2023-08-08,11.0,12.0,39.95923,-75.17036,19.0,1.0
3292,2024-05-10,1.0,2.0,39.92,-75.1562,17.0,1.0
3263,2024-12-08,3.0,4.0,39.9586,-75.2081,18.0,1.0
3185,2024-03-31,24.0,30.0,39.95169,-75.15888,21.0,6.0
3399,2026-03-10,17.0,18.0,39.97502,-75.14006,15.0,1.0
3430,2026-01-15,10.0,8.0,39.97408,-75.1801,14.0,-2.0
3333,2026-01-23,15.0,17.0,39.9541,-75.16965,25.0,2.0
3188,2024-01-02,1.0,4.0,39.90471,-75.1734,56.0,3.0
3009,2023-03-31,19.0,22.0,39.95576,-75.18982,14.0,3.0
3315,2024-01-08,2.0,1.0,39.94235,-75.21138,13.0,-1.0
3308,2023-12-16,6.0,4.0,,,,-2.0
3020,2023-11-19,22.0,21.0,39.94855,-75.19007,36.0,-1.0
3381,2025-12-23,4.0,1.0,39.94845,-75.21807,13.0,-3.0
3394,2025-08-06,11.0,14.0,39.924,-75.16959,14.0,3.0
3387,2025-12-27,5.0,2.0,39.97012,-75.14666,19.0,-3.0
3359,2023-11-28,31.0,28.0,39.94888,-75.16978,29.0,-3.0
3282,2025-11-17,2.0,2.0,39.98628,-75.14925,15.0,0.0
3067,2026-01-06,1.0,2.0,39.96411,-75.19973,17.0,1.0
3211,2025-12-29,6.0,6.0,39.97172,-75.1706,22.0,0.0
3238,2023-01-16,11.0,14.0,39.97674,-75.11995,11.0,3.0
3054,2025-11-03,33.0,30.0,39.9625,-75.1742,35.0,-3.0
3102,2024-01-27,12.0,8.0,39.96759,-75.17952,26.0,-4.0
3037,2025-06-21,25.0,37.0,39.95424,-75.16138,21.0,12.0
3407,2025-08-21,6.0,5.0,39.9785,-75.13911,15.0,-1.0
3019,2024-12-03,7.0,7.0,39.95403,-75.14983,15.0,0.0
3116,2023-04-03,17.0,10.0,39.96006,-75.17198,21.0,-7.0
3387,2025-01-30,3.0,3.0,39.97012,-75.14666,19.0,0.0
3183,2023-06-13,5.0,6.0,39.88994,-75.17679,20.0,1.0
3114,2025-06-08,17.0,17.0,39.93775,-75.18012,17.0,0.0
3263,2023-10-06,6.0,7.0,39.9586,-75.2081,18.0,1.0
3327,2023-12-21,2.0,1.0,39.97759,-75.12442,17.0,-1.0
3329,2023-05-17,5.0,4.0,40.02651,-75.22445,15.0,-1.0
3363,2024-02-12,2.0,2.0,39.94655,-75.16263,17.0,0.0
3086,2024-02-19,8.0,4.0,39.94019,-75.16691,21.0,-4.0
3408,2026-02-11,3.0,3.0,39.9216,-75.15,17.0,0.0
3047,2023-12-15,12.0,10.0,39.95073,-75.14947,20.0,-2.0
3399,2025-04-27,6.0,8.0,39.97502,-75.14006,15.0,2.0
3298,2024-03-15,3.0,4.0,39.94717,-75.20691,15.0,1.0
3297,2026-01-31,1.0,2.0,39.95821,-75.16901,19.0,1.0
3249,2023-01-17,10.0,10.0,39.95784,-75.19079,22.0,0.0
3022,2025-06-20,50.0,46.0,39.95472,-75.18323,21.0,-4.0
3100,2026-01-19,7.0,3.0,39.92777,-75.15103,38.0,-4.0
3026,2024-05-06,31.0,21.0,39.94182,-75.1455,17.0,-10.0
3304,2024-05-22,36.0,33.0,39.94234,-75.15399,21.0,-3.0
3030,2024-07-22,28.0,31.0,,,,3.0
3022,2025-05-13,29.0,32.0,39.95472,-75.18323,21.0,3.0
3088,2024-02-27,7.0,7.0,39.96984,-75.1418,35.0,0.0
3123,2026-02-25,1.0,1.0,39.98004,-75.17088,16.0,0.0
3256,2024-11-11,59.0,49.0,39.95269,-75.17779,23.0,-10.0
3243,2023-03-23,1.0,1.0,39.9835,-75.14743,12.0,0.0
3389,2025-12-28,5.0,3.0,39.94431,-75.18128,16.0,-2.0
3362,2025-04-12,30.0,28.0,39.94816,-75.16226,19.0,-2.0
3014,2025-09-22,13.0,11.0,39.95886,-75.17369,25.0,-2.0
3182,2023-04-28,12.0,10.0,,,,-2.0
3250,2025-02-09,4.0,3.0,39.95673,-75.14575,17.0,-1.0
3204,2025-06-07,19.0,20.0,39.96437,-75.16582,22.0,1.0
3233,2024-03-19,4.0,5.0,,,,1.0
3069,2024-12-12,15.0,17.0,39.93704,-75.15038,23.0,2.0
3032,2024-05-15,44.0,45.0,39.94527,-75.17971,20.0,1.0
3283,2023-09-25,4.0,2.0,,,,-2.0
3049,2023-10-31,5.0,3.0,39.94509,-75.1425,29.0,-2.0
3066,2025-12-26,9.0,14.0,39.94561,-75.17348,29.0,5.0
3150,2026-03-14,13.0,14.0,39.92884,-75.17021,17.0,1.0
3286,2024-06-20,20.0,19.0,39.96409,-75.14769,22.0,-1.0
3350,2024-04-28,3.0,2.0,39.99415,-75.15527,20.0,-1.0
3156,2025-06-13,31.0,27.0,39.95381,-75.17407,22.0,-4.0
3338,2024-08-09,2.0,3.0,39.95098,-75.23035,21.0,1.0
3207,2024-10-10,39.0,40.0,39.95441,-75.192,20.0,1.0
3010,2025-04-04,64.0,67.0,39.94711,-75.16618,22.0,3.0
3016,2025-01-15,2.0,4.0,39.96892,-75.1547,15.0,2.0
3271,2026-01-31,0.0,1.0,39.9476,-75.22946,18.0,1.0
3319,2023-10-16,4.0,8.0,39.96672,-75.12964,16.0,4.0
3086,2025-04-14,10.0,11.0,39.94019,-75.16691,21.0,1.0
3053,2024-08-28,32.0,28.0,39.93231,-75.18154,19.0,-4.0
3203,2024-11-09,20.0,15.0,39.94077,-75.17227,20.0,-5.0
3187,2023-05-17,12.0,15.0,39.95725,-75.17232,19.0,3.0
3162,2023-02-06,8.0,6.0,39.94595,-75.18475,34.0,-2.0
3200,2024-10-30,4.0,4.0,39.97583,-75.16846,17.0,0.0
3250,2023-03-11,1.0,0.0,39.95673,-75.14575,17.0,-1.0
3062,2024-05-03,11.0,11.0,,,,0.0
3033,2023-09-12,34.0,39.0,39.95005,-75.15672,20.0,5.0
3052,2023-06-10,37.0,35.0,39.94732,-75.15695,25.0,-2.0
3300,2023-07-14,9.0,8.0,39.95511,-75.16287,13.0,-1.0
3259,2025-06-09,13.0,12.0,39.95998,-75.19883,17.0,-1.0
3250,2023-02-13,3.0,2.0,39.95673,-75.14575,17.0,-1.0
3098,2023-06-11,16.0,15.0,39.93431,-75.16042,19.0,-1.0
3263,2023-11-22,5.0,7.0,39.9586,-75.2081,18.0,2.0
3053,2025-01-23,7.0,7.0,39.93231,-75.18154,19.0,0.0
3336,2025-12-07,6.0,6.0,39.95719,-75.19388,20.0,0.0
3196,2025-12-12,0.0,1.0,39.98717,-75.17477,17.0,1.0
3102,2025-07-09,23.0,27.0,39.96759,-75.17952,26.0,4.0
3279,2023-06-18,9.0,10.0,39.9265,-75.1668,18.0,1.0
3436,2026-03-18,1.0,1.0,39.98287,-75.10121,13.0,0.0
3324,2023-07-13,13.0,12.0,39.99484,-75.19242,23.0,-1.0
3050,2023-06-05,16.0,15.0,,,,-1.0
3243,2023-10-06,4.0,3.0,39.9835,-75.14743,12.0,-1.0
3020,2024-01-27,11.0,12.0,39.94855,-75.19007,36.0,1.0
3240,2023-08-07,2.0,0.0,39.96277,-75.21185,12.0,-2.0
3238,2025-02-03,19.0,20.0,39.97674,-75.11995,11.0,1.0
3243,2024-08-29,4.0,6.0,39.9835,-75.14743,12.0,2.0
3453,2026-03-28,1.0,1.0,39.98139,-75.24036,15.0,0.0
3254,2023-05-05,8.0,11.0,39.98091,-75.16065,18.0,3.0
3047,2025-09-12,20.0,21.0,39.95073,-75.14947,20.0,1.0
3123,2025-06-08,4.0,3.0,39.98004,-75.17088,16.0,-1.0
3029,2025-11-12,38.0,50.0,39.9538,-75.19479,17.0,12.0
3063,2023-10-25,41.0,36.0,39.94633,-75.1698,25.0,-5.0
3385,2025-07-08,12.0,13.0,39.94974,-75.15424,15.0,1.0
3298,2024-01-24,1.0,1.0,39.94717,-75.20691,15.0,0.0
3336,2024-12-11,8.0,9.0,39.95719,-75.19388,20.0,1.0
3350,2026-01-19,2.0,2.0,39.99415,-75.15527,20.0,0.0
3113,2025-01-07,1.0,0.0,39.97472,-75.19781,12.0,-1.0
3170,2023-09-28,24.0,19.0,,,,-5.0
3284,2023-08-19,1.0,1.0,40.01112,-75.19287,14.0,0.0
3033,2024-02-16,23.0,21.0,39.95005,-75.15672,20.0,-2.0
3354,2026-02-14,1.0,1.0,39.95628,-75.2387,18.0,0.0
3162,2024-08-11,26.0,27.0,39.94595,-75.18475,34.0,1.0
3238,2024-03-03,18.0,17.0,39.97674,-75.11995,11.0,-1.0
3357,2024-07-31,35.0,26.0,39.9104,-75.16588,27.0,-9.0
3196,2025-02-24,2.0,1.0,39.98717,-75.17477,17.0,-1.0
3124,2024-05-03,16.0,22.0,39.95367,-75.13956,17.0,6.0
3295,2025-09-02,45.0,41.0,39.95028,-75.16027,21.0,-4.0
3340,2025-12-31,12.0,9.0,39.96906,-75.18169,17.0,-3.0
3246,2023-08-09,4.0,13.0,39.94782,-75.22301,17.0,9.0
3010,2024-11-03,64.0,62.0,39.94711,-75.16618,22.0,-2.0
3037,2023-09-16,30.0,28.0,39.95424,-75.16138,21.0,-2.0
3114,2024-03-07,21.0,12.0,39.93775,-75.18012,17.0,-9.0
3163,2024-04-09,41.0,47.0,39.94974,-75.18097,22.0,6.0
3047,2023-08-02,46.0,45.0,39.95073,-75.14947,20.0,-1.0
3032,2025-08-01,57.0,50.0,39.94527,-75.17971,20.0,-7.0
3368,2025-02-28,5.0,2.0,39.97647,-75.17362,17.0,-3.0
3295,2026-03-30,33.0,33.0,39.95028,-75.16027,21.0,0.0
3211,2025-06-23,15.0,7.0,39.97172,-75.1706,22.0,-8.0
3259,2025-06-04,16.0,14.0,39.95998,-75.19883,17.0,-2.0
3275,2025-11-11,3.0,7.0,39.97576,-75.12157,22.0,4.0
3075,2025-03-25,11.0,13.0,39.96718,-75.16125,12.0,2.0
3407,2025-10-06,0.0,6.0,39.9785,-75.13911,15.0,6.0
3315,2024-11-15,1.0,1.0,39.94235,-75.21138,13.0,0.0
3102,2024-08-26,31.0,35.0,39.96759,-75.17952,26.0,4.0
3212,2026-02-12,1.0,1.0,39.96383,-75.18177,32.0,0.0
3310,2023-08-15,6.0,6.0,39.98024,-75.18651,15.0,0.0
3340,2026-03-28,14.0,13.0,39.96906,-75.18169,17.0,-1.0
3345,2023-09-02,5.0,11.0,39.9617,-75.14667,19.0,6.0
3010,2025-01-08,35.0,34.0,39.94711,-75.16618,22.0,-1.0
3261,2023-06-22,23.0,24.0,39.96304,-75.14099,17.0,1.0
3021,2025-08-27,54.0,53.0,39.9539,-75.16902,34.0,-1.0
3010,2025-12-14,23.0,12.0,39.94711,-75.16618,22.0,-11.0
3074,2023-01-22,5.0,4.0,39.95511,-75.20987,15.0,-1.0
3264,2025-06-17,28.0,27.0,39.94571,-75.15508,23.0,-1.0
3327,2024-04-11,1.0,1.0,39.97759,-75.12442,17.0,0.0
3250,2025-06-13,4.0,8.0,39.95673,-75.14575,17.0,4.0
3366,2024-06-05,4.0,5.0,,,,1.0
3381,2024-06-20,7.0,5.0,39.94845,-75.21807,13.0,-2.0
3253,2024-07-07,7.0,4.0,39.93074,-75.18924,21.0,-3.0
3067,2025-06-09,8.0,6.0,39.96411,-75.19973,17.0,-2.0
3015,2026-02-26,8.0,4.0,39.94735,-75.14886,11.0,-4.0
3315,2023-08-27,3.0,1.0,39.94235,-75.21138,13.0,-2.0
3073,2025-10-03,40.0,32.0,39.96143,-75.15242,15.0,-8.0
3241,2023-09-22,5.0,4.0,39.95225,-75.22637,20.0,-1.0
3238,2023-07-24,23.0,25.0,39.97674,-75.11995,11.0,2.0
3037,2025-05-27,28.0,32.0,39.95424,-75.16138,21.0,4.0
3280,2023-11-26,6.0,4.0,39.93968,-75.21362,18.0,-2.0
3210,2026-03-07,6.0,8.0,39.98492,-75.15668,18.0,2.0
3046,2023-06-28,42.0,36.0,,,,-6.0
3188,2023-03-05,3.0,7.0,39.90471,-75.1734,56.0,4.0
3037,2024-10-01,22.0,19.0,39.95424,-75.16138,21.0,-3.0
3336,2024-06-19,8.0,8.0,39.95719,-75.19388,20.0,0.0
3327,2024-10-07,2.0,3.0,39.97759,-75.12442,17.0,1.0
3256,2025-01-08,13.0,12.0,39.95269,-75.17779,23.0,-1.0
3097,2025-08-17,11.0,9.0,39.97888,-75.13339,18.0,-2.0
3111,2025-05-01,4.0,8.0,39.97779,-75.21323,14.0,4.0
3078,2024-08-02,22.0,22.0,39.95355,-75.17192,18.0,0.0
3372,2025-10-26,3.0,2.0,39.92528,-75.18672,15.0,-1.0
3093,2025-07-12,2.0,2.0,39.98837,-75.18701,16.0,0.0
3207,2024-03-20,28.0,26.0,39.95441,-75.192,20.0,-2.0
3322,2025-08-10,24.0,24.0,39.93638,-75.15526,13.0,0.0
3320,2024-05-01,12.0,15.0,39.9746,-75.15917,17.0,3.0
3026,2024-11-19,28.0,24.0,39.94182,-75.1455,17.0,-4.0
3298,2025-10-21,3.0,3.0,39.94717,-75.20691,15.0,0.0
3075,2026-02-28,16.0,12.0,39.96718,-75.16125,12.0,-4.0
3010,2023-06-19,64.0,57.0,39.94711,-75.16618,22.0,-7.0
3098,2023-04-24,15.0,14.0,39.93431,-75.16042,19.0,-1.0
3344,2025-06-12,6.0,5.0,39.95961,-75.23354,23.0,-1.0
3285,2023-01-11,4.0,3.0,39.95946,-75.14745,19.0,-1.0
3046,2024-10-25,43.0,42.0,,,,-1.0
3249,2023-11-26,2.0,4.0,39.95784,-75.19079,22.0,2.0
3019,2025-02-17,3.0,1.0,39.95403,-75.14983,15.0,-2.0
3351,2026-02-19,1.0,1.0,39.99655,-75.14991,18.0,0.0
3271,2026-01-12,4.0,2.0,39.9476,-75.22946,18.0,-2.0
3016,2026-01-01,1.0,2.0,39.96892,-75.1547,15.0,1.0
3057,2025-01-10,4.0,2.0,39.96439,-75.17987,26.0,-2.0
3255,2024-06-06,32.0,34.0,39.95095,-75.16438,15.0,2.0
3104,2024-07-29,10.0,9.0,39.96664,-75.19209,13.0,-1.0
3069,2025-12-31,10.0,9.0,39.93704,-75.15038,23.0,-1.0
3319,2026-02-28,15.0,16.0,39.96672,-75.12964,16.0,1.0
3233,2024-02-07,2.0,1.0,,,,-1.0
3016,2025-11-17,3.0,6.0,39.96892,-75.1547,15.0,3.0
3096,2025-11-02,1.0,1.0,39.99119,-75.17975,14.0,0.0
3028,2023-04-19,25.0,27.0,39.94061,-75.14958,15.0,2.0
3272,2026-03-14,1.0,2.0,39.96405,-75.22048,13.0,1.0
3184,2025-08-15,6.0,5.0,39.94573,-75.19551,22.0,-1.0
3315,2025-03-05,1.0,0.0,39.94235,-75.21138,13.0,-1.0
3244,2023-07-06,45.0,34.0,,,,-11.0
3282,2025-12-30,1.0,1.0,39.98628,-75.14925,15.0,0.0
3014,2023-07-19,11.0,8.0,39.95886,-75.17369,25.0,-3.0
3069,2024-08-09,16.0,10.0,39.93704,-75.15038,23.0,-6.0
3304,2023-02-14,13.0,5.0,39.94234,-75.15399,21.0,-8.0
3208,2023-07-05,38.0,48.0,39.95048,-75.19324,28.0,10.0
3035,2025-09-05,16.0,25.0,39.96271,-75.19419,20.0,9.0
3120,2025-02-10,16.0,20.0,39.97522,-75.18669,19.0,4.0
3351,2024-10-08,1.0,1.0,39.99655,-75.14991,18.0,0.0
3072,2025-12-13,9.0,11.0,39.93445,-75.14541,25.0,2.0
3012,2024-03-27,31.0,24.0,39.94218,-75.17747,27.0,-7.0
3125,2025-09-18,52.0,39.0,39.94391,-75.16735,16.0,-13.0
3391,2025-05-19,2.0,3.0,39.99667,-75.23482,13.0,1.0
3203,2023-04-03,16.0,27.0,39.94077,-75.17227,20.0,11.0
3353,2024-11-01,3.0,6.0,40.00496,-75.15233,22.0,3.0
3088,2025-06-06,18.0,21.0,39.96984,-75.1418,35.0,3.0
3251,2025-12-01,6.0,4.0,39.93366,-75.19319,16.0,-2.0
3210,2023-03-28,3.0,5.0,39.98492,-75.15668,18.0,2.0
3361,2024-06-11,37.0,24.0,39.93082,-75.17474,21.0,-13.0
3246,2023-08-20,11.0,16.0,39.94782,-75.22301,17.0,5.0
3334,2024-04-14,14.0,19.0,39.9302,-75.15636,19.0,5.0
3237,2024-10-14,6.0,7.0,39.91717,-75.17096,21.0,1.0
3201,2023-07-12,31.0,30.0,39.95523,-75.1662,20.0,-1.0
3078,2023-12-03,6.0,2.0,39.95355,-75.17192,18.0,-4.0
3012,2023-04-20,39.0,38.0,39.94218,-75.17747,27.0,-1.0
3279,2024-07-06,5.0,13.0,39.9265,-75.1668,18.0,8.0
3359,2024-10-25,42.0,52.0,39.94888,-75.16978,29.0,10.0
3006,2026-01-21,12.0,6.0,39.9522,-75.20311,17.0,-6.0
3244,2024-11-06,47.0,40.0,,,,-7.0
3054,2024-06-03,63.0,45.0,39.9625,-75.1742,35.0,-18.0
3060,2023-02-20,3.0,2.0,39.95923,-75.17036,19.0,-1.0
3387,2025-12-14,0.0,1.0,39.97012,-75.14666,19.0,1.0
3200,2025-12-17,5.0,7.0,39.97583,-75.16846,17.0,2.0
3113,2023-07-01,6.0,6.0,39.97472,-75.19781,12.0,0.0
3164,2023-02-06,14.0,16.0,39.92814,-75.16515,18.0,2.0
3211,2024-04-12,4.0,1.0,39.97172,-75.1706,22.0,-3.0
3362,2025-04-06,22.0,17.0,39.94816,-75.16226,19.0,-5.0
3365,2024-05-29,20.0,18.0,39.96173,-75.18788,17.0,-2.0
3210,2025-09-23,15.0,12.0,39.98492,-75.15668,18.0,-3.0
3032,2023-02-02,31.0,36.0,39.94527,-75.17971,20.0,5.0
3058,2023-07-05,21.0,21.0,,,,0.0
3254,2023-09-02,12.0,7.0,39.98091,-75.16065,18.0,-5.0
3295,2026-01-07,28.0,30.0,39.95028,-75.16027,21.0,2.0
3093,2025-01-30,3.0,2.0,39.98837,-75.18701,16.0,-1.0
3155,2024-12-21,6.0,3.0,39.94018,-75.15442,18.0,-3.0
3263,2024-02-29,4.0,4.0,39.9586,-75.2081,18.0,0.0
3017,2024-10-06,8.0,9.0,39.98003,-75.14371,15.0,1.0
3118,2023-11-04,8.0,6.0,39.95866,-75.21323,20.0,-2.0
3041,2025-09-24,23.0,23.0,39.96849,-75.13546,26.0,0.0
3287,2024-05-13,5.0,5.0,39.94367,-75.21606,16.0,0.0
3328,2024-11-26,1.0,2.0,39.98798,-75.1995,23.0,1.0
3063,2026-03-24,26.0,26.0,39.94633,-75.1698,25.0,0.0
3010,2023-01-26,30.0,34.0,39.94711,-75.16618,22.0,4.0
3310,2026-03-29,3.0,3.0,39.98024,-75.18651,15.0,0.0
3244,2023-03-29,23.0,22.0,,,,-1.0
3305,2025-06-21,3.0,2.0,39.99569,-75.1671,11.0,-1.0
3209,2023-02-25,7.0,5.0,39.949,-75.21278,14.0,-2.0
3154,2025-06-18,27.0,20.0,39.95924,-75.15821,16.0,-7.0
3368,2025-01-01,3.0,3.0,39.97647,-75.17362,17.0,0.0
3349,2026-01-08,6.0,9.0,39.93651,-75.18621,17.0,3.0
3287,2024-03-31,3.0,4.0,39.94367,-75.21606,16.0,1.0
3016,2023-03-14,2.0,4.0,39.96892,-75.1547,15.0,2.0
3063,2024-10-13,34.0,30.0,39.94633,-75.1698,25.0,-4.0
3295,2025-01-19,11.0,11.0,39.95028,-75.16027,21.0,0.0
3039,2024-08-16,9.0,10.0,39.97157,-75.15993,17.0,1.0
3018,2023-08-16,38.0,37.0,39.95273,-75.15979,18.0,-1.0
3097,2024-07-13,18.0,17.0,39.97888,-75.13339,18.0,-1.0
3400,2026-03-15,10.0,12.0,39.949,-75.16081,18.0,2.0
3208,2025-12-25,9.0,8.0,39.95048,-75.19324,28.0,-1.0
3266,2025-06-30,14.0,14.0,39.9237,-75.14701,22.0,0.0
3333,2026-03-06,12.0,22.0,39.9541,-75.16965,25.0,10.0
3261,2023-06-29,28.0,22.0,39.96304,-75.14099,17.0,-6.0
3156,2023-03-09,10.0,14.0,39.95381,-75.17407,22.0,4.0
3212,2025-09-09,32.0,31.0,39.96383,-75.18177,32.0,-1.0
3016,2025-02-02,1.0,1.0,39.96892,-75.1547,15.0,0.0
3254,2023-01-12,3.0,2.0,39.98091,-75.16065,18.0,-1.0
3346,2024-09-09,22.0,29.0,39.94883,-75.15097,17.0,7.0
3251,2024-05-31,2.0,3.0,39.93366,-75.19319,16.0,1.0
3241,2025-10-15,8.0,9.0,39.95225,-75.22637,20.0,1.0
3283,2023-09-15,4.0,4.0,,,,0.0
3060,2023-06-11,11.0,12.0,39.95923,-75.17036,19.0,1.0
3344,2024-07-12,4.0,4.0,39.95961,-75.23354,23.0,0.0
3275,2024-11-15,3.0,7.0,39.97576,-75.12157,22.0,4.0
3240,2025-07-22,2.0,1.0,39.96277,-75.21185,12.0,-1.0
3054,2025-10-28,29.0,36.0,39.9625,-75.1742,35.0,7.0
3057,2024-12-22,0.0,2.0,39.96439,-75.17987,26.0,2.0
3338,2023-06-16,2.0,1.0,39.95098,-75.23035,21.0,-1.0
3101,2025-07-11,48.0,50.0,39.94295,-75.15955,18.0,2.0
3106,2024-08-31,7.0,5.0,39.99179,-75.18637,17.0,-2.0
3250,2023-10-31,2.0,4.0,39.95673,-75.14575,17.0,2.0
3045,2023-04-13,55.0,64.0,,,,9.0
3112,2026-01-23,9.0,5.0,39.95373,-75.21825,18.0,-4.0
3394,2025-04-24,9.0,9.0,39.924,-75.16959,14.0,0.0
3066,2024-03-06,23.0,18.0,39.94561,-75.17348,29.0,-5.0
3207,2024-12-03,23.0,22.0,39.95441,-75.192,20.0,-1.0
3185,2024-09-22,40.0,42.0,39.95169,-75.15888,21.0,2.0
3319,2024-04-08,11.0,11.0,39.96672,-75.12964,16.0,0.0
3292,2024-03-13,2.0,5.0,39.92,-75.1562,17.0,3.0
3156,2023-11-04,15.0,12.0,39.95381,-75.17407,22.0,-3.0
3113,2025-12-27,0.0,1.0,39.97472,-75.19781,12.0,1.0
3061,2023-03-05,21.0,13.0,,,,-8.0
3041,2023-10-09,14.0,16.0,39.96849,-75.13546,26.0,2.0
3032,2023-12-12,47.0,51.0,39.94527,-75.17971,20.0,4.0
3190,2023-04-03,38.0,31.0,,,,-7.0
3074,2024-06-17,13.0,12.0,39.95511,-75.20987,15.0,-1.0
3096,2025-04-24,1.0,0.0,39.99119,-75.17975,14.0,-1.0
3037,2023-05-01,17.0,16.0,39.95424,-75.16138,21.0,-1.0
3124,2023-10-19,10.0,13.0,39.95367,-75.13956,17.0,3.0
3040,2024-09-03,27.0,22.0,39.96289,-75.16606,21.0,-5.0
3097,2023-08-18,17.0,13.0,39.97888,-75.13339,18.0,-4.0
3431,2025-12-01,0.0,1.0,39.96239,-75.24522,15.0,1.0
3299,2024-06-04,23.0,29.0,39.94332,-75.15698,22.0,6.0
3061,2023-06-06,29.0,40.0,,,,11.0
3062,2023-04-19,8.0,7.0,,,,-1.0
3327,2023-07-21,2.0,5.0,39.97759,-75.12442,17.0,3.0
3282,2023-06-21,1.0,3.0,39.98628,-75.14925,15.0,2.0
3069,2024-09-21,25.0,29.0,39.93704,-75.15038,23.0,4.0
3168,2025-01-18,17.0,18.0,,,,1.0
3320,2026-01-21,4.0,2.0,39.9746,-75.15917,17.0,-2.0
3120,2024-10-29,25.0,24.0,39.97522,-75.18669,19.0,-1.0
3382,2025-06-29,24.0,23.0,39.95038,-75.17309,11.0,-1.0
3261,2024-02-20,9.0,10.0,39.96304,-75.14099,17.0,1.0
3346,2024-01-24,8.0,8.0,39.94883,-75.15097,17.0,0.0
3276,2025-05-10,14.0,8.0,39.96569,-75.15679,18.0,-6.0
3069,2025-08-20,20.0,19.0,39.93704,-75.15038,23.0,-1.0
3323,2024-09-02,4.0,7.0,40.02796,-75.2277,18.0,3.0
3301,2024-09-10,43.0,40.0,39.95029,-75.17126,15.0,-3.0
3271,2023-08-01,2.0,2.0,39.9476,-75.22946,18.0,0.0
3304,2026-02-02,9.0,7.0,39.94234,-75.15399,21.0,-2.0
3067,2025-03-28,0.0,2.0,39.96411,-75.19973,17.0,2.0
3150,2024-09-25,12.0,13.0,39.92884,-75.17021,17.0,1.0
3064,2026-02-27,37.0,26.0,39.9384,-75.17327,22.0,-11.0
3113,2025-11-30,2.0,2.0,39.97472,-75.19781,12.0,0.0
3318,2025-10-22,41.0,41.0,39.95182,-75.16395,20.0,0.0
3266,2025-01-14,6.0,9.0,39.9237,-75.14701,22.0,3.0
3344,2024-03-29,3.0,4.0,39.95961,-75.23354,23.0,1.0
3123,2023-01-13,4.0,3.0,39.98004,-75.17088,16.0,-1.0
3371,2025-05-31,13.0,12.0,39.9534,-75.1543,19.0,-1.0
3185,2023-10-16,36.0,39.0,39.95169,-75.15888,21.0,3.0
3236,2023-10-19,17.0,18.0,39.96566,-75.17765,18.0,1.0
3040,2024-02-09,24.0,21.0,39.96289,-75.16606,21.0,-3.0
3201,2024-05-04,8.0,14.0,39.95523,-75.1662,20.0,6.0
3236,2023-02-13,7.0,11.0,39.96566,-75.17765,18.0,4.0
3007,2024-07-02,37.0,34.0,39.94517,-75.15993,20.0,-3.0
3244,2023-09-09,32.0,30.0,,,,-2.0
3363,2024-08-18,26.0,24.0,39.94655,-75.16263,17.0,-2.0
3365,2025-05-06,18.0,17.0,39.96173,-75.18788,17.0,-1.0
3015,2025-03-27,17.0,17.0,39.94735,-75.14886,11.0,0.0
3100,2025-05-27,29.0,30.0,39.92777,-75.15103,38.0,1.0
3208,2023-01-26,33.0,32.0,39.95048,-75.19324,28.0,-1.0
3292,2023-02-27,3.0,3.0,39.92,-75.1562,17.0,0.0
3252,2024-01-25,5.0,4.0,39.93882,-75.19324,14.0,-1.0
3098,2025-01-04,7.0,5.0,39.93431,-75.16042,19.0,-2.0
3366,2024-08-26,3.0,2.0,,,,-1.0
3102,2023-12-20,21.0,21.0,39.96759,-75.17952,26.0,0.0
3291,2025-10-09,5.0,4.0,40.01022,-75.197,15.0,-1.0
3301,2025-11-12,23.0,23.0,39.95029,-75.17126,15.0,0.0
3310,2025-12-09,5.0,4.0,39.98024,-75.18651,15.0,-1.0
3106,2024-09-05,4.0,2.0,39.99179,-75.18637,17.0,-2.0
3022,2023-06-13,35.0,44.0,39.95472,-75.18323,21.0,9.0
3251,2025-01-15,2.0,0.0,39.93366,-75.19319,16.0,-2.0
3235,2024-02-28,7.0,6.0,39.96,-75.1651,15.0,-1.0
3106,2024-09-06,1.0,2.0,39.99179,-75.18637,17.0,1.0
3292,2023-05-26,12.0,10.0,39.92,-75.1562,17.0,-2.0
3322,2024-03-24,12.0,13.0,39.93638,-75.15526,13.0,1.0
3245,2024-09-01,13.0,12.0,39.97887,-75.15777,20.0,-1.0
3226,2025-12-13,0.0,1.0,39.98101,-75.13721,18.0,1.0
3249,2023-10-18,18.0,21.0,39.95784,-75.19079,22.0,3.0
3301,2023-09-21,44.0,46.0,39.95029,-75.17126,15.0,2.0
3183,2024-10-19,4.0,4.0,39.88994,-75.17679,20.0,0.0
3018,2023-04-05,25.0,26.0,39.95273,-75.15979,18.0,1.0
3276,2025-05-26,14.0,11.0,39.96569,-75.15679,18.0,-3.0
3120,2024-09-01,10.0,11.0,39.97522,-75.18669,19.0,1.0
3285,2025-08-24,11.0,11.0,39.95946,-75.14745,19.0,0.0
3038,2026-03-16,25.0,26.0,39.94781,-75.19409,28.0,1.0
3346,2023-12-10,3.0,4.0,39.94883,-75.15097,17.0,1.0
3265,2023-03-02,5.0,4.0,39.95957,-75.19633,13.0,-1.0
3277,2025-06-17,6.0,5.0,39.98306,-75.16738,20.0,-1.0
3328,2026-03-04,1.0,1.0,39.98798,-75.1995,23.0,0.0
3259,2023-05-29,9.0,8.0,39.95998,-75.19883,17.0,-1.0
3059,2023-03-29,17.0,19.0,39.96244,-75.16121,21.0,2.0
3210,2024-05-04,18.0,13.0,39.98492,-75.15668,18.0,-5.0
3046,2024-01-21,7.0,12.0,,,,5.0
3024,2026-03-20,8.0,3.0,39.94822,-75.20908,19.0,-5.0
3267,2023-01-01,0.0,4.0,39.918,-75.1796,12.0,4.0
3317,2023-05-02,1.0,1.0,,,,0.0
3254,2024-05-16,8.0,8.0,39.98091,-75.16065,18.0,0.0
3104,2024-03-10,8.0,9.0,39.96664,-75.19209,13.0,1.0
3078,2026-02-08,6.0,2.0,39.95355,-75.17192,18.0,-4.0
3209,2023-11-11,10.0,9.0,39.949,-75.21278,14.0,-1.0
3086,2024-02-28,5.0,5.0,39.94019,-75.16691,21.0,0.0
3355,2024-03-26,3.0,2.0,,,,-1.0
3279,2023-09-16,10.0,11.0,39.9265,-75.1668,18.0,1.0
3065,2023-03-18,7.0,7.0,39.9707,-75.15171,15.0,0.0
3285,2023-03-26,5.0,8.0,39.95946,-75.14745,19.0,3.0
3165,2025-01-18,7.0,7.0,39.95819,-75.1782,22.0,0.0
3055,2024-08-22,32.0,33.0,39.95112,-75.15457,15.0,1.0
3009,2023-05-07,28.0,34.0,39.95576,-75.18982,14.0,6.0
3314,2025-07-25,20.0,14.0,39.93682,-75.14492,17.0,-6.0
3345,2025-05-09,12.0,11.0,39.9617,-75.14667,19.0,-1.0
3323,2025-10-02,3.0,2.0,40.02796,-75.2277,18.0,-1.0
3368,2024-06-01,6.0,9.0,39.97647,-75.17362,17.0,3.0
3336,2025-09-08,21.0,21.0,39.95719,-75.19388,20.0,0.0
3403,2025-05-05,0.0,2.0,39.99153,-75.22528,15.0,2.0
3046,2023-08-15,40.0,43.0,,,,3.0
3150,2025-08-12,28.0,20.0,39.92884,-75.17021,17.0,-8.0
3021,2023-04-28,15.0,25.0,39.9539,-75.16902,34.0,10.0
3318,2023-07-06,21.0,22.0,39.95182,-75.16395,20.0,1.0
3155,2024-02-23,21.0,24.0,39.94018,-75.15442,18.0,3.0
3052,2025-07-21,38.0,35.0,39.94732,-75.15695,25.0,-3.0
3318,2023-11-20,15.0,17.0,39.95182,-75.16395,20.0,2.0
3339,2023-11-22,8.0,7.0,,,,-1.0
3161,2024-11-26,35.0,38.0,39.95486,-75.18091,23.0,3.0
3055,2024-05-07,28.0,37.0,39.95112,-75.15457,15.0,9.0
3357,2024-12-12,3.0,1.0,39.9104,-75.16588,27.0,-2.0
3376,2025-03-18,5.0,5.0,39.97183,-75.14878,8.0,0.0
3117,2024-07-17,0.0,2.0,39.97841,-75.22399,14.0,2.0
3248,2024-05-21,13.0,16.0,39.94213,-75.18335,22.0,3.0
3031,2023-10-16,17.0,23.0,39.98005,-75.15522,21.0,6.0
3163,2023-09-18,30.0,38.0,39.94974,-75.18097,22.0,8.0
3263,2025-06-04,3.0,3.0,39.9586,-75.2081,18.0,0.0
3398,2025-06-04,9.0,10.0,39.91551,-75.15474,15.0,1.0
3032,2023-07-07,45.0,56.0,39.94527,-75.17971,20.0,11.0
3253,2025-03-26,5.0,7.0,39.93074,-75.18924,21.0,2.0
3337,2025-12-16,3.0,5.0,39.97318,-75.14612,15.0,2.0
3286,2025-05-26,7.0,8.0,39.96409,-75.14769,22.0,1.0
3360,2024-04-21,14.0,9.0,39.93304,-75.16822,22.0,-5.0
3392,2025-10-18,4.0,3.0,39.93633,-75.19447,13.0,-1.0
3018,2026-03-06,21.0,16.0,39.95273,-75.15979,18.0,-5.0
3252,2026-03-28,5.0,10.0,39.93882,-75.19324,14.0,5.0
3286,2025-08-01,16.0,15.0,39.96409,-75.14769,22.0,-1.0
3028,2025-08-21,30.0,29.0,39.94061,-75.14958,15.0,-1.0
3064,2024-09-12,34.0,36.0,39.9384,-75.17327,22.0,2.0
3303,2024-01-02,1.0,1.0,39.9559,-75.2053,20.0,0.0
3371,2025-08-31,26.0,29.0,39.9534,-75.1543,19.0,3.0
3021,2024-04-19,19.0,14.0,39.9539,-75.16902,34.0,-5.0
3313,2024-08-27,2.0,4.0,39.9158,-75.1643,9.0,2.0
3256,2025-03-31,33.0,31.0,39.95269,-75.17779,23.0,-2.0
3211,2023-12-03,3.0,2.0,39.97172,-75.1706,22.0,-1.0
3277,2024-04-25,6.0,7.0,39.98306,-75.16738,20.0,1.0
3385,2025-05-03,17.0,17.0,39.94974,-75.15424,15.0,0.0
3020,2024-05-15,38.0,25.0,39.94855,-75.19007,36.0,-13.0
3051,2024-02-11,20.0,16.0,39.96744,-75.17507,37.0,-4.0
3371,2024-07-14,14.0,16.0,39.9534,-75.1543,19.0,2.0
3016,2026-03-25,4.0,5.0,39.96892,-75.1547,15.0,1.0
3236,2025-02-19,5.0,4.0,39.96566,-75.17765,18.0,-1.0
3125,2023-05-01,12.0,13.0,39.94391,-75.16735,16.0,1.0
3263,2024-04-18,6.0,3.0,39.9586,-75.2081,18.0,-3.0
3102,2023-12-08,22.0,14.0,39.96759,-75.17952,26.0,-8.0
3161,2025-08-14,53.0,49.0,39.95486,-75.18091,23.0,-4.0
3182,2023-04-07,20.0,19.0,,,,-1.0
3296,2023-02-19,38.0,32.0,39.95134,-75.16758,21.0,-6.0
3059,2023-05-22,35.0,30.0,39.96244,-75.16121,21.0,-5.0
3265,2025-07-15,13.0,14.0,39.95957,-75.19633,13.0,1.0
3098,2026-03-17,19.0,19.0,39.93431,-75.16042,19.0,0.0
3098,2024-08-11,7.0,14.0,39.93431,-75.16042,19.0,7.0
3327,2024-03-12,2.0,2.0,39.97759,-75.12442,17.0,0.0
3065,2023-05-17,9.0,7.0,39.9707,-75.15171,15.0,-2.0
3037,2025-04-11,6.0,2.0,39.95424,-75.16138,21.0,-4.0
3018,2024-12-10,12.0,11.0,39.95273,-75.15979,18.0,-1.0
3303,2025-09-03,21.0,17.0,39.9559,-75.2053,20.0,-4.0
3326,2024-01-30,1.0,1.0,39.99198,-75.19944,17.0,0.0
3117,2025-05-12,2.0,2.0,39.97841,-75.22399,14.0,0.0
3207,2025-10-19,15.0,14.0,39.95441,-75.192,20.0,-1.0
3029,2024-05-22,26.0,24.0,39.9538,-75.19479,17.0,-2.0
3032,2024-10-30,77.0,80.0,39.94527,-75.17971,20.0,3.0
3327,2024-12-20,1.0,1.0,39.97759,-75.12442,17.0,0.0
3022,2025-06-05,52.0,52.0,39.95472,-75.18323,21.0,0.0
3104,2025-02-22,3.0,3.0,39.96664,-75.19209,13.0,0.0
3246,2024-08-07,6.0,4.0,39.94782,-75.22301,17.0,-2.0
3068,2023-01-30,11.0,17.0,39.93549,-75.16711,18.0,6.0
3031,2025-04-07,11.0,11.0,39.98005,-75.15522,21.0,0.0
3018,2025-07-01,17.0,21.0,39.95273,-75.15979,18.0,4.0
3308,2023-12-12,4.0,4.0,,,,0.0
3159,2025-04-01,26.0,24.0,39.95121,-75.19962,23.0,-2.0
3007,2023-04-19,38.0,30.0,39.94517,-75.15993,20.0,-8.0
3343,2023-10-21,11.0,14.0,,,,3.0
3361,2025-08-29,39.0,36.0,39.93082,-75.17474,21.0,-3.0
3263,2026-03-27,4.0,2.0,39.9586,-75.2081,18.0,-2.0
3343,2023-09-16,15.0,19.0,,,,4.0
3333,2024-08-15,32.0,34.0,39.9541,-75.16965,25.0,2.0
3350,2025-12-17,1.0,1.0,39.99415,-75.15527,20.0,0.0
3374,2025-01-24,9.0,8.0,39.9728,-75.17971,18.0,-1.0
3006,2023-06-15,30.0,19.0,39.9522,-75.20311,17.0,-11.0
3205,2023-05-31,33.0,34.0,39.95405,-75.16783,22.0,1.0
3307,2025-04-09,0.0,1.0,40.0028,-75.174,11.0,1.0
3120,2024-03-20,15.0,20.0,39.97522,-75.18669,19.0,5.0
3321,2024-03-11,7.0,4.0,39.95485,-75.17298,21.0,-3.0
3055,2023-01-30,9.0,15.0,39.95112,-75.15457,15.0,6.0
3169,2024-12-03,3.0,6.0,39.95382,-75.14263,17.0,3.0
3315,2024-01-10,0.0,1.0,39.94235,-75.21138,13.0,1.0
3049,2025-03-12,7.0,6.0,39.94509,-75.1425,29.0,-1.0
3247,2025-04-14,0.0,2.0,39.96538,-75.21514,16.0,2.0
3125,2025-01-17,16.0,14.0,39.94391,-75.16735,16.0,-2.0
3377,2024-03-25,3.0,2.0,,,,-1.0
3360,2023-12-17,6.0,6.0,39.93304,-75.16822,22.0,0.0
3421,2025-09-13,15.0,16.0,39.91972,-75.16408,13.0,1.0
3159,2026-01-28,7.0,4.0,39.95121,-75.19962,23.0,-3.0
3059,2026-01-03,13.0,9.0,39.96244,-75.16121,21.0,-4.0
3098,2024-09-01,20.0,17.0,39.93431,-75.16042,19.0,-3.0
3297,2024-08-13,15.0,15.0,39.95821,-75.16901,19.0,0.0
3350,2025-08-08,2.0,1.0,39.99415,-75.15527,20.0,-1.0
3124,2023-04-14,14.0,20.0,39.95367,-75.13956,17.0,6.0
3034,2025-03-06,28.0,24.0,39.93315,-75.16248,16.0,-4.0
3212,2023-04-14,50.0,47.0,39.96383,-75.18177,32.0,-3.0
3057,2023-05-24,14.0,13.0,39.96439,-75.17987,26.0,-1.0
3373,2025-07-24,28.0,24.0,39.95817,-75.15668,15.0,-4.0
3248,2023-06-11,21.0,17.0,39.94213,-75.18335,22.0,-4.0
3053,2026-01-21,12.0,15.0,39.93231,-75.18154,19.0,3.0
3347,2025-02-20,3.0,1.0,,,,-2.0
3028,2026-01-09,33.0,29.0,39.94061,-75.14958,15.0,-4.0
3360,2023-12-21,11.0,7.0,39.93304,-75.16822,22.0,-4.0
3313,2026-01-14,0.0,1.0,39.9158,-75.1643,9.0,1.0
3263,2023-07-21,6.0,5.0,39.9586,-75.2081,18.0,-1.0
3099,2023-07-29,15.0,18.0,39.93401,-75.15094,19.0,3.0
3329,2024-06-20,2.0,3.0,40.02651,-75.22445,15.0,1.0
3100,2025-02-01,6.0,13.0,39.92777,-75.15103,38.0,7.0
3308,2023-08-28,4.0,8.0,,,,4.0
3063,2023-11-17,42.0,42.0,39.94633,-75.1698,25.0,0.0
3318,2024-08-09,22.0,21.0,39.95182,-75.16395,20.0,-1.0
3005,2023-05-12,9.0,14.0,39.94733,-75.14403,13.0,5.0
3238,2023-12-20,26.0,26.0,39.97674,-75.11995,11.0,0.0
3396,2025-03-27,7.0,5.0,39.92327,-75.1821,16.0,-2.0
3168,2023-01-04,24.0,23.0,,,,-1.0
3243,2023-07-19,5.0,4.0,39.9835,-75.14743,12.0,-1.0
3388,2025-02-04,2.0,2.0,39.96634,-75.15097,19.0,0.0
3301,2024-07-04,29.0,28.0,39.95029,-75.17126,15.0,-1.0
3117,2023-07-16,1.0,1.0,39.97841,-75.22399,14.0,0.0
3336,2024-07-26,20.0,26.0,39.95719,-75.19388,20.0,6.0
3259,2025-12-26,1.0,0.0,39.95998,-75.19883,17.0,-1.0
3352,2024-05-30,7.0,9.0,40.00143,-75.15256,11.0,2.0
3275,2023-11-27,2.0,2.0,39.97576,-75.12157,22.0,0.0
3204,2025-08-17,18.0,17.0,39.96437,-75.16582,22.0,-1.0
3183,2026-02-04,2.0,2.0,39.88994,-75.17679,20.0,0.0
3319,2023-09-20,6.0,6.0,39.96672,-75.12964,16.0,0.0
3328,2024-10-04,4.0,3.0,39.98798,-75.1995,23.0,-1.0
3257,2023-08-31,6.0,7.0,,,,1.0
3120,2025-04-26,13.0,16.0,39.97522,-75.18669,19.0,3.0
3236,2024-02-28,2.0,3.0,39.96566,-75.17765,18.0,1.0
3331,2025-12-08,7.0,4.0,39.97116,-75.12813,20.0,-3.0
3279,2025-01-04,3.0,3.0,39.9265,-75.1668,18.0,0.0
3334,2026-02-21,9.0,10.0,39.9302,-75.15636,19.0,1.0
3049,2025-10-11,7.0,8.0,39.94509,-75.1425,29.0,1.0
3164,2023-04-17,15.0,11.0,39.92814,-75.16515,18.0,-4.0
3073,2024-05-07,15.0,16.0,39.96143,-75.15242,15.0,1.0
3039,2023-06-14,10.0,11.0,39.97157,-75.15993,17.0,1.0
3345,2023-09-15,10.0,6.0,39.9617,-75.14667,19.0,-4.0
3026,2023-11-13,28.0,29.0,39.94182,-75.1455,17.0,1.0
3342,2025-09-25,20.0,23.0,39.9639,-75.17385,20.0,3.0
3357,2024-06-20,7.0,6.0,39.9104,-75.16588,27.0,-1.0
3125,2023-09-23,17.0,12.0,39.94391,-75.16735,16.0,-5.0
3047,2024-06-14,24.0,21.0,39.95073,-75.14947,20.0,-3.0
3183,2025-04-10,4.0,6.0,39.88994,-75.17679,20.0,2.0
3263,2025-01-15,1.0,3.0,39.9586,-75.2081,18.0,2.0
3056,2024-04-25,7.0,6.0,39.97669,-75.15813,22.0,-1.0
3285,2025-01-16,4.0,2.0,39.95946,-75.14745,19.0,-2.0
3040,2025-06-11,24.0,21.0,39.96289,-75.16606,21.0,-3.0
3281,2024-10-18,1.0,1.0,39.9323,-75.2162,15.0,0.0
3035,2025-12-13,14.0,11.0,39.96271,-75.19419,20.0,-3.0
3280,2025-04-08,1.0,0.0,39.93968,-75.21362,18.0,-1.0
3314,2023-10-08,7.0,5.0,39.93682,-75.14492,17.0,-2.0
3307,2025-09-24,0.0,1.0,40.0028,-75.174,11.0,1.0
3060,2024-05-01,12.0,13.0,39.95923,-75.17036,19.0,1.0
3185,2023-05-07,18.0,14.0,39.95169,-75.15888,21.0,-4.0
3258,2023-11-20,3.0,3.0,39.95828,-75.22424,20.0,0.0
3166,2023-04-10,9.0,17.0,39.97195,-75.13445,22.0,8.0
3074,2025-01-07,0.0,3.0,39.95511,-75.20987,15.0,3.0
3163,2023-02-23,23.0,24.0,39.94974,-75.18097,22.0,1.0
3251,2023-04-28,1.0,1.0,39.93366,-75.19319,16.0,0.0
3207,2023-02-17,11.0,6.0,39.95441,-75.192,20.0,-5.0
3244,2024-04-08,31.0,33.0,,,,2.0
3182,2026-01-02,6.0,4.0,,,,-2.0
3072,2025-09-30,24.0,23.0,39.93445,-75.14541,25.0,-1.0
3240,2024-04-20,2.0,2.0,39.96277,-75.21185,12.0,0.0
3328,2023-04-26,1.0,0.0,39.98798,-75.1995,23.0,-1.0
3336,2023-10-04,36.0,35.0,39.95719,-75.19388,20.0,-1.0
3097,2023-08-14,12.0,12.0,39.97888,-75.13339,18.0,0.0
3068,2025-07-14,21.0,20.0,39.93549,-75.16711,18.0,-1.0
3166,2026-01-14,10.0,7.0,39.97195,-75.13445,22.0,-3.0
3164,2025-08-17,30.0,24.0,39.92814,-75.16515,18.0,-6.0
3106,2024-05-22,4.0,2.0,39.99179,-75.18637,17.0,-2.0
3357,2024-07-05,5.0,5.0,39.9104,-75.16588,27.0,0.0
3010,2025-11-11,52.0,51.0,39.94711,-75.16618,22.0,-1.0
3336,2024-03-28,7.0,16.0,39.95719,-75.19388,20.0,9.0
3113,2024-05-24,3.0,3.0,39.97472,-75.19781,12.0,0.0
3279,2023-08-09,12.0,5.0,39.9265,-75.1668,18.0,-7.0
3272,2025-10-18,2.0,3.0,39.96405,-75.22048,13.0,1.0
3114,2026-02-25,10.0,13.0,39.93775,-75.18012,17.0,3.0
3021,2023-03-20,31.0,23.0,39.9539,-75.16902,34.0,-8.0
3352,2024-07-11,1.0,2.0,40.00143,-75.15256,11.0,1.0
3210,2024-02-12,8.0,7.0,39.98492,-75.15668,18.0,-1.0
3344,2025-09-26,4.0,4.0,39.95961,-75.23354,23.0,0.0
3181,2025-06-29,1.0,1.0,39.89629,-75.17514,20.0,0.0
3009,2023-10-31,41.0,41.0,39.95576,-75.18982,14.0,0.0
3444,2026-03-13,1.0,0.0,40.00959,-75.16596,13.0,-1.0
3307,2025-08-16,3.0,2.0,40.0028,-75.174,11.0,-1.0
3007,2023-11-28,38.0,32.0,39.94517,-75.15993,20.0,-6.0
3020,2024-10-14,48.0,50.0,39.94855,-75.19007,36.0,2.0
3301,2025-03-16,11.0,13.0,39.95029,-75.17126,15.0,2.0
3417,2026-03-03,0.0,2.0,39.99146,-75.14808,15.0,2.0
3356,2026-03-31,1.0,2.0,39.89322,-75.17187,19.0,1.0
3212,2024-06-30,11.0,14.0,39.96383,-75.18177,32.0,3.0
3164,2023-11-01,28.0,24.0,39.92814,-75.16515,18.0,-4.0
3030,2025-10-23,47.0,30.0,,,,-17.0
3111,2024-10-25,2.0,1.0,39.97779,-75.21323,14.0,-1.0
3005,2024-05-13,11.0,13.0,39.94733,-75.14403,13.0,2.0
3303,2025-02-04,4.0,5.0,39.9559,-75.2053,20.0,1.0
3294,2025-10-29,29.0,28.0,39.95174,-75.17063,21.0,-1.0
3160,2024-05-31,37.0,22.0,39.95662,-75.19862,41.0,-15.0
3157,2025-03-18,17.0,18.0,39.92545,-75.15954,18.0,1.0
3020,2023-07-13,53.0,54.0,39.94855,-75.19007,36.0,1.0
3124,2025-09-16,18.0,21.0,39.95367,-75.13956,17.0,3.0
3028,2025-11-04,59.0,50.0,39.94061,-75.14958,15.0,-9.0
3304,2023-04-16,10.0,19.0,39.94234,-75.15399,21.0,9.0
3196,2023-08-19,4.0,6.0,39.98717,-75.17477,17.0,2.0
3409,2025-07-22,6.0,6.0,39.95508,-75.15128,20.0,0.0
3236,2025-04-26,2.0,3.0,39.96566,-75.17765,18.0,1.0
3086,2023-09-27,14.0,11.0,39.94019,-75.16691,21.0,-3.0
3277,2025-04-16,4.0,4.0,39.98306,-75.16738,20.0,0.0
3032,2025-09-06,65.0,69.0,39.94527,-75.17971,20.0,4.0
3203,2023-11-24,9.0,9.0,39.94077,-75.17227,20.0,0.0
3395,2025-02-08,5.0,7.0,39.93866,-75.16351,13.0,2.0
3362,2025-04-07,24.0,23.0,39.94816,-75.16226,19.0,-1.0
3100,2025-05-20,35.0,35.0,39.92777,-75.15103,38.0,0.0
3125,2023-05-23,25.0,26.0,39.94391,-75.16735,16.0,1.0
3264,2023-12-30,8.0,8.0,39.94571,-75.15508,23.0,0.0
3226,2023-01-26,2.0,2.0,39.98101,-75.13721,18.0,0.0
3068,2023-02-01,13.0,12.0,39.93549,-75.16711,18.0,-1.0
3200,2025-04-19,5.0,7.0,39.97583,-75.16846,17.0,2.0
3278,2023-02-08,0.0,1.0,39.99301,-75.1681,11.0,1.0
3251,2024-08-22,4.0,9.0,39.93366,-75.19319,16.0,5.0
3331,2024-10-26,9.0,13.0,39.97116,-75.12813,20.0,4.0
3307,2024-09-14,3.0,3.0,40.0028,-75.174,11.0,0.0
3037,2024-03-11,18.0,14.0,39.95424,-75.16138,21.0,-4.0
3397,2025-01-17,3.0,3.0,39.93906,-75.17824,15.0,0.0
3006,2024-09-29,21.0,14.0,39.9522,-75.20311,17.0,-7.0
3107,2026-01-15,0.0,1.0,39.98203,-75.18866,18.0,1.0
3031,2024-07-05,6.0,7.0,39.98005,-75.15522,21.0,1.0
3152,2025-05-01,3.0,2.0,39.94993,-75.20286,17.0,-1.0
3162,2023-04-07,11.0,11.0,39.94595,-75.18475,34.0,0.0
3164,2024-07-28,20.0,21.0,39.92814,-75.16515,18.0,1.0
3100,2025-02-15,5.0,6.0,39.92777,-75.15103,38.0,1.0
3246,2024-08-03,10.0,11.0,39.94782,-75.22301,17.0,1.0
3319,2023-04-11,6.0,7.0,39.96672,-75.12964,16.0,1.0
3104,2023-07-06,11.0,9.0,39.96664,-75.19209,13.0,-2.0
3275,2023-07-31,14.0,11.0,39.97576,-75.12157,22.0,-3.0
3187,2023-04-16,12.0,9.0,39.95725,-75.17232,19.0,-3.0
3320,2023-09-21,18.0,18.0,39.9746,-75.15917,17.0,0.0
3382,2025-08-31,26.0,27.0,39.95038,-75.17309,11.0,1.0
3440,2025-11-17,1.0,1.0,39.98306,-75.10836,13.0,0.0
3034,2025-03-01,24.0,15.0,39.93315,-75.16248,16.0,-9.0
3020,2024-06-02,13.0,12.0,39.94855,-75.19007,36.0,-1.0
3033,2024-10-10,32.0,37.0,39.95005,-75.15672,20.0,5.0
3016,2023-06-04,4.0,3.0,39.96892,-75.1547,15.0,-1.0
3096,2025-02-20,1.0,1.0,39.99119,-75.17975,14.0,0.0
3271,2025-06-04,4.0,7.0,39.9476,-75.22946,18.0,3.0
3277,2023-07-23,3.0,2.0,39.98306,-75.16738,20.0,-1.0
3337,2025-11-29,3.0,2.0,39.97318,-75.14612,15.0,-1.0
3324,2023-09-12,8.0,8.0,39.99484,-75.19242,23.0,0.0
3017,2025-05-21,5.0,3.0,39.98003,-75.14371,15.0,-2.0
3253,2025-07-31,1.0,2.0,39.93074,-75.18924,21.0,1.0
3057,2025-04-13,18.0,21.0,39.96439,-75.17987,26.0,3.0
3155,2025-01-22,7.0,6.0,39.94018,-75.15442,18.0,-1.0
3200,2024-11-27,3.0,3.0,39.97583,-75.16846,17.0,0.0
3226,2024-11-10,3.0,2.0,39.98101,-75.13721,18.0,-1.0
3343,2023-11-07,9.0,12.0,,,,3.0
3160,2025-09-17,20.0,31.0,39.95662,-75.19862,41.0,11.0
3392,2024-09-30,9.0,8.0,39.93633,-75.19447,13.0,-1.0
3169,2023-10-01,21.0,10.0,39.95382,-75.14263,17.0,-11.0
3236,2025-03-15,7.0,8.0,39.96566,-75.17765,18.0,1.0
3065,2024-05-05,2.0,0.0,39.9707,-75.15171,15.0,-2.0
3277,2024-06-01,2.0,2.0,39.98306,-75.16738,20.0,0.0
3265,2024-07-15,15.0,13.0,39.95957,-75.19633,13.0,-2.0
3279,2024-05-11,9.0,8.0,39.9265,-75.1668,18.0,-1.0
3163,2024-01-17,3.0,3.0,39.94974,-75.18097,22.0,0.0
3012,2023-10-23,34.0,43.0,39.94218,-75.17747,27.0,9.0
3261,2024-03-16,21.0,15.0,39.96304,-75.14099,17.0,-6.0
3287,2024-04-08,5.0,2.0,39.94367,-75.21606,16.0,-3.0
3119,2024-08-09,5.0,3.0,39.96674,-75.20799,17.0,-2.0
3299,2025-04-02,13.0,8.0,39.94332,-75.15698,22.0,-5.0
3357,2024-06-16,5.0,6.0,39.9104,-75.16588,27.0,1.0
3252,2025-05-19,20.0,21.0,39.93882,-75.19324,14.0,1.0
3152,2025-12-21,3.0,2.0,39.94993,-75.20286,17.0,-1.0
3343,2024-07-05,17.0,11.0,,,,-6.0
3207,2024-08-02,17.0,20.0,39.95441,-75.192,20.0,3.0
3240,2025-09-26,2.0,2.0,39.96277,-75.21185,12.0,0.0
3249,2023-07-22,8.0,10.0,39.95784,-75.19079,22.0,2.0
3382,2025-03-31,18.0,20.0,39.95038,-75.17309,11.0,2.0
3308,2023-05-03,1.0,2.0,,,,1.0
3212,2025-08-18,24.0,19.0,39.96383,-75.18177,32.0,-5.0
3093,2024-04-19,3.0,2.0,39.98837,-75.18701,16.0,-1.0
3292,2023-09-27,7.0,10.0,39.92,-75.1562,17.0,3.0
3125,2025-10-01,45.0,47.0,39.94391,-75.16735,16.0,2.0
3240,2023-07-16,2.0,1.0,39.96277,-75.21185,12.0,-1.0
3349,2026-03-02,5.0,5.0,39.93651,-75.18621,17.0,0.0
3097,2023-03-05,6.0,8.0,39.97888,-75.13339,18.0,2.0
3210,2023-11-12,4.0,4.0,39.98492,-75.15668,18.0,0.0
3250,2025-12-03,2.0,4.0,39.95673,-75.14575,17.0,2.0
3344,2023-08-02,2.0,3.0,39.95961,-75.23354,23.0,1.0
3337,2026-03-18,9.0,13.0,39.97318,-75.14612,15.0,4.0
3069,2024-09-18,35.0,25.0,39.93704,-75.15038,23.0,-10.0
3332,2025-11-15,1.0,0.0,40.00537,-75.18143,12.0,-1.0
3159,2023-06-14,19.0,21.0,39.95121,-75.19962,23.0,2.0
3096,2025-05-21,2.0,2.0,39.99119,-75.17975,14.0,0.0
3025,2024-01-26,12.0,14.0,39.93724,-75.1612,15.0,2.0
3187,2024-01-26,6.0,14.0,39.95725,-75.17232,19.0,8.0
3015,2025-03-22,2.0,4.0,39.94735,-75.14886,11.0,2.0
3261,2023-10-07,18.0,20.0,39.96304,-75.14099,17.0,2.0
3056,2024-05-27,5.0,7.0,39.97669,-75.15813,22.0,2.0
3251,2023-07-08,1.0,3.0,39.93366,-75.19319,16.0,2.0
3425,2026-03-07,2.0,2.0,39.9849,-75.13255,15.0,0.0
3049,2023-10-28,26.0,34.0,39.94509,-75.1425,29.0,8.0
3316,2026-03-19,7.0,6.0,39.92255,-75.17337,19.0,-1.0
3213,2025-08-02,62.0,63.0,39.93887,-75.16663,25.0,1.0
3078,2025-06-04,40.0,42.0,39.95355,-75.17192,18.0,2.0
3021,2023-03-28,25.0,33.0,39.9539,-75.16902,34.0,8.0
3058,2025-12-22,12.0,10.0,,,,-2.0
3041,2024-09-21,15.0,16.0,39.96849,-75.13546,26.0,1.0
3240,2023-04-13,1.0,1.0,39.96277,-75.21185,12.0,0.0
3253,2023-08-17,11.0,9.0,39.93074,-75.18924,21.0,-2.0
3303,2023-06-25,8.0,8.0,39.9559,-75.2053,20.0,0.0
3162,2025-12-13,7.0,8.0,39.94595,-75.18475,34.0,1.0
3436,2025-11-02,1.0,4.0,39.98287,-75.10121,13.0,3.0
3263,2023-05-15,5.0,6.0,39.9586,-75.2081,18.0,1.0
3102,2024-07-19,35.0,32.0,39.96759,-75.17952,26.0,-3.0
3323,2026-03-24,0.0,1.0,40.02796,-75.2277,18.0,1.0
3313,2023-03-25,2.0,1.0,39.9158,-75.1643,9.0,-1.0
3066,2024-01-14,13.0,11.0,39.94561,-75.17348,29.0,-2.0
3184,2024-06-13,14.0,14.0,39.94573,-75.19551,22.0,0.0
3371,2025-08-22,27.0,25.0,39.9534,-75.1543,19.0,-2.0
3411,2025-11-13,1.0,2.0,39.96693,-75.23359,15.0,1.0
3393,2025-05-26,12.0,17.0,39.96727,-75.13999,18.0,5.0
3026,2025-10-07,25.0,29.0,39.94182,-75.1455,17.0,4.0
3047,2023-09-20,29.0,28.0,39.95073,-75.14947,20.0,-1.0
3021,2024-02-27,16.0,21.0,39.9539,-75.16902,34.0,5.0
3024,2024-06-17,5.0,8.0,39.94822,-75.20908,19.0,3.0
3006,2025-10-18,20.0,27.0,39.9522,-75.20311,17.0,7.0
3063,2024-12-09,24.0,21.0,39.94633,-75.1698,25.0,-3.0
3116,2024-01-20,2.0,5.0,39.96006,-75.17198,21.0,3.0
3376,2026-01-16,2.0,2.0,39.97183,-75.14878,8.0,0.0
3031,2025-09-27,13.0,12.0,39.98005,-75.15522,21.0,-1.0
3069,2023-01-09,10.0,12.0,39.93704,-75.15038,23.0,2.0
3392,2025-01-04,2.0,2.0,39.93633,-75.19447,13.0,0.0
3253,2025-08-15,10.0,10.0,39.93074,-75.18924,21.0,0.0
3110,2023-09-04,16.0,13.0,39.96175,-75.13641,19.0,-3.0
3275,2025-08-20,9.0,9.0,39.97576,-75.12157,22.0,0.0
3314,2024-01-29,9.0,8.0,39.93682,-75.14492,17.0,-1.0
3361,2026-03-11,34.0,34.0,39.93082,-75.17474,21.0,0.0
3342,2023-08-14,14.0,13.0,39.9639,-75.17385,20.0,-1.0
3063,2023-04-15,33.0,29.0,39.94633,-75.1698,25.0,-4.0
3066,2023-06-01,40.0,33.0,39.94561,-75.17348,29.0,-7.0
3014,2024-12-17,4.0,1.0,39.95886,-75.17369,25.0,-3.0
3009,2024-03-25,14.0,12.0,39.95576,-75.18982,14.0,-2.0
3292,2023-03-03,5.0,7.0,39.92,-75.1562,17.0,2.0
3123,2023-08-05,3.0,2.0,39.98004,-75.17088,16.0,-1.0
3314,2025-06-30,8.0,11.0,39.93682,-75.14492,17.0,3.0
3316,2023-09-25,9.0,8.0,39.92255,-75.17337,19.0,-1.0
3322,2024-08-17,18.0,17.0,39.93638,-75.15526,13.0,-1.0
3243,2023-06-22,3.0,2.0,39.9835,-75.14743,12.0,-1.0
3069,2026-01-20,10.0,6.0,39.93704,-75.15038,23.0,-4.0
3120,2023-11-08,16.0,12.0,39.97522,-75.18669,19.0,-4.0
3112,2023-04-30,4.0,5.0,39.95373,-75.21825,18.0,1.0
3266,2023-04-23,6.0,8.0,39.9237,-75.14701,22.0,2.0
3166,2026-02-02,2.0,2.0,39.97195,-75.13445,22.0,0.0
3063,2023-08-06,34.0,30.0,39.94633,-75.1698,25.0,-4.0
3157,2023-12-13,8.0,14.0,39.92545,-75.15954,18.0,6.0
3150,2025-07-17,17.0,21.0,39.92884,-75.17021,17.0,4.0
3066,2026-02-07,4.0,1.0,39.94561,-75.17348,29.0,-3.0
3058,2025-07-17,31.0,30.0,,,,-1.0
3115,2024-01-05,5.0,1.0,39.97263,-75.16757,18.0,-4.0
3304,2023-10-14,9.0,10.0,39.94234,-75.15399,21.0,1.0
3287,2026-03-17,4.0,3.0,39.94367,-75.21606,16.0,-1.0
3208,2025-02-04,39.0,34.0,39.95048,-75.19324,28.0,-5.0
3374,2025-08-25,13.0,19.0,39.9728,-75.17971,18.0,6.0
3299,2023-11-01,12.0,13.0,39.94332,-75.15698,22.0,1.0
3349,2025-04-07,7.0,8.0,39.93651,-75.18621,17.0,1.0
3264,2024-12-05,20.0,22.0,39.94571,-75.15508,23.0,2.0
3254,2023-04-15,10.0,6.0,39.98091,-75.16065,18.0,-4.0
3041,2025-03-03,4.0,9.0,39.96849,-75.13546,26.0,5.0
3253,2026-02-20,1.0,2.0,39.93074,-75.18924,21.0,1.0
3170,2023-01-21,8.0,10.0,,,,2.0
3272,2025-03-13,3.0,1.0,39.96405,-75.22048,13.0,-2.0
3375,2024-06-25,20.0,16.0,39.96036,-75.1402,22.0,-4.0
3063,2024-01-29,20.0,20.0,39.94633,-75.1698,25.0,0.0
3208,2026-03-10,38.0,42.0,39.95048,-75.19324,28.0,4.0
3226,2024-05-25,4.0,3.0,39.98101,-75.13721,18.0,-1.0
3114,2023-09-21,29.0,24.0,39.93775,-75.18012,17.0,-5.0
3375,2025-09-12,21.0,22.0,39.96036,-75.1402,22.0,1.0
3097,2026-03-13,13.0,9.0,39.97888,-75.13339,18.0,-4.0
3353,2024-04-30,4.0,2.0,40.00496,-75.15233,22.0,-2.0
3313,2024-09-23,3.0,4.0,39.9158,-75.1643,9.0,1.0
3073,2025-06-04,33.0,33.0,39.96143,-75.15242,15.0,0.0
3298,2024-07-16,7.0,4.0,39.94717,-75.20691,15.0,-3.0
3158,2024-08-10,6.0,12.0,39.92552,-75.16904,15.0,6.0
3255,2025-05-31,18.0,24.0,39.95095,-75.16438,15.0,6.0
3300,2026-02-16,4.0,3.0,39.95511,-75.16287,13.0,-1.0
3272,2024-03-15,1.0,2.0,39.96405,-75.22048,13.0,1.0
3267,2024-03-10,3.0,2.0,39.918,-75.1796,12.0,-1.0
3251,2025-08-06,4.0,8.0,39.93366,-75.19319,16.0,4.0
3378,2025-12-17,9.0,8.0,39.95238,-75.14728,18.0,-1.0
3400,2025-03-10,6.0,10.0,39.949,-75.16081,18.0,4.0
3006,2024-02-16,14.0,15.0,39.9522,-75.20311,17.0,1.0
3315,2024-12-24,1.0,1.0,39.94235,-75.21138,13.0,0.0
3370,2026-01-01,1.0,1.0,40.0163,-75.21241,16.0,0.0
3101,2023-05-30,30.0,38.0,39.94295,-75.15955,18.0,8.0
3244,2023-02-03,10.0,9.0,,,,-1.0
3166,2025-08-10,25.0,29.0,39.97195,-75.13445,22.0,4.0
3393,2025-02-21,10.0,9.0,39.96727,-75.13999,18.0,-1.0
3325,2024-09-14,8.0,7.0,39.9768,-75.12764,22.0,-1.0
3204,2024-01-13,8.0,4.0,39.96437,-75.16582,22.0,-4.0
3258,2023-12-15,7.0,7.0,39.95828,-75.22424,20.0,0.0
3114,2024-02-25,6.0,5.0,39.93775,-75.18012,17.0,-1.0
3187,2025-03-27,12.0,11.0,39.95725,-75.17232,19.0,-1.0
3088,2025-12-25,2.0,1.0,39.96984,-75.1418,35.0,-1.0
3329,2024-03-06,1.0,1.0,40.02651,-75.22445,15.0,0.0
3025,2024-12-31,21.0,24.0,39.93724,-75.1612,15.0,3.0
3306,2026-03-24,1.0,0.0,39.99683,-75.17761,11.0,-1.0
3237,2025-02-19,2.0,3.0,39.91717,-75.17096,21.0,1.0
3204,2024-05-06,21.0,17.0,39.96437,-75.16582,22.0,-4.0
3058,2024-02-29,19.0,20.0,,,,1.0
3319,2024-11-25,2.0,5.0,39.96672,-75.12964,16.0,3.0
3154,2023-10-02,41.0,43.0,39.95924,-75.15821,16.0,2.0
3326,2023-08-17,3.0,3.0,39.99198,-75.19944,17.0,0.0
3294,2023-04-02,17.0,17.0,39.95174,-75.17063,21.0,0.0
3296,2023-09-10,28.0,24.0,39.95134,-75.16758,21.0,-4.0
3422,2025-08-01,5.0,7.0,39.95619,-75.18647,10.0,2.0
3336,2026-03-07,3.0,4.0,39.95719,-75.19388,20.0,1.0
3434,2025-09-19,13.0,14.0,39.97487,-75.13286,15.0,1.0
3154,2025-09-10,34.0,28.0,39.95924,-75.15821,16.0,-6.0
3443,2025-11-24,1.0,0.0,40.02155,-75.21339,10.0,-1.0
3181,2026-01-07,1.0,0.0,39.89629,-75.17514,20.0,-1.0
3070,2023-09-05,6.0,5.0,,,,-1.0
3298,2025-06-20,3.0,3.0,39.94717,-75.20691,15.0,0.0
3205,2024-03-19,22.0,22.0,39.95405,-75.16783,22.0,0.0
3021,2024-06-06,7.0,21.0,39.9539,-75.16902,34.0,14.0
3371,2025-06-28,16.0,29.0,39.9534,-75.1543,19.0,13.0
3299,2023-07-31,16.0,17.0,39.94332,-75.15698,22.0,1.0
3251,2024-05-18,3.0,3.0,39.93366,-75.19319,16.0,0.0
3205,2023-09-27,19.0,18.0,39.95405,-75.16783,22.0,-1.0
3061,2026-01-11,24.0,15.0,,,,-9.0
3021,2025-11-22,12.0,15.0,39.9539,-75.16902,34.0,3.0
3251,2024-10-27,1.0,2.0,39.93366,-75.19319,16.0,1.0
3331,2025-09-28,7.0,6.0,39.97116,-75.12813,20.0,-1.0
3068,2026-02-01,3.0,3.0,39.93549,-75.16711,18.0,0.0
3343,2023-12-19,7.0,2.0,,,,-5.0
3070,2023-05-28,11.0,6.0,,,,-5.0
3197,2025-04-02,11.0,8.0,39.92083,-75.17033,23.0,-3.0
3212,2025-01-05,1.0,4.0,39.96383,-75.18177,32.0,3.0
3267,2024-09-02,7.0,6.0,39.918,-75.1796,12.0,-1.0
3118,2023-08-26,6.0,2.0,39.95866,-75.21323,20.0,-4.0
3305,2023-09-10,1.0,1.0,39.99569,-75.1671,11.0,0.0
3157,2026-01-19,7.0,8.0,39.92545,-75.15954,18.0,1.0
3412,2025-11-24,1.0,0.0,39.93771,-75.23373,15.0,-1.0
3287,2026-03-13,2.0,2.0,39.94367,-75.21606,16.0,0.0
3123,2023-06-22,3.0,4.0,39.98004,-75.17088,16.0,1.0
3258,2025-01-06,1.0,1.0,39.95828,-75.22424,20.0,0.0
3047,2023-07-30,17.0,18.0,39.95073,-75.14947,20.0,1.0
3118,2024-04-04,3.0,4.0,39.95866,-75.21323,20.0,1.0
3020,2025-03-15,15.0,7.0,39.94855,-75.19007,36.0,-8.0
3040,2024-01-16,4.0,6.0,39.96289,-75.16606,21.0,2.0
3067,2025-03-20,1.0,3.0,39.96411,-75.19973,17.0,2.0
3261,2025-12-09,4.0,6.0,39.96304,-75.14099,17.0,2.0
3250,2023-01-23,2.0,3.0,39.95673,-75.14575,17.0,1.0
3389,2026-01-17,5.0,3.0,39.94431,-75.18128,16.0,-2.0
3281,2025-04-16,0.0,2.0,39.9323,-75.2162,15.0,2.0
3188,2023-05-14,32.0,31.0,39.90471,-75.1734,56.0,-1.0
3055,2025-09-22,28.0,24.0,39.95112,-75.15457,15.0,-4.0
3007,2024-11-22,23.0,12.0,39.94517,-75.15993,20.0,-11.0
3398,2025-08-26,4.0,13.0,39.91551,-75.15474,15.0,9.0
3073,2024-04-03,5.0,6.0,39.96143,-75.15242,15.0,1.0
3311,2023-11-30,2.0,3.0,,,,1.0
3037,2024-08-23,26.0,27.0,39.95424,-75.16138,21.0,1.0
3295,2023-04-11,58.0,56.0,39.95028,-75.16027,21.0,-2.0
3185,2023-12-29,27.0,31.0,39.95169,-75.15888,21.0,4.0
3317,2024-03-09,0.0,1.0,,,,1.0
3207,2023-04-02,10.0,9.0,39.95441,-75.192,20.0,-1.0
3041,2024-03-04,3.0,3.0,39.96849,-75.13546,26.0,0.0
3373,2024-08-20,27.0,19.0,39.95817,-75.15668,15.0,-8.0
3303,2025-08-21,7.0,4.0,39.9559,-75.2053,20.0,-3.0
3031,2023-04-30,2.0,5.0,39.98005,-75.15522,21.0,3.0
3207,2025-09-18,28.0,28.0,39.95441,-75.192,20.0,0.0
3252,2023-11-15,13.0,8.0,39.93882,-75.19324,14.0,-5.0
3370,2025-11-18,2.0,1.0,40.0163,-75.21241,16.0,-1.0
3159,2025-08-17,20.0,23.0,39.95121,-75.19962,23.0,3.0
3168,2023-02-03,20.0,18.0,,,,-2.0
3077,2025-11-07,9.0,7.0,39.97207,-75.16351,19.0,-2.0
3291,2024-07-30,1.0,1.0,40.01022,-75.197,15.0,0.0
3296,2023-04-02,40.0,33.0,39.95134,-75.16758,21.0,-7.0
3378,2025-01-17,3.0,4.0,39.95238,-75.14728,18.0,1.0
3207,2024-08-06,16.0,17.0,39.95441,-75.192,20.0,1.0
3156,2025-02-03,11.0,13.0,39.95381,-75.17407,22.0,2.0
3344,2025-04-04,9.0,8.0,39.95961,-75.23354,23.0,-1.0
3012,2024-11-02,31.0,22.0,39.94218,-75.17747,27.0,-9.0
3233,2024-12-08,3.0,2.0,,,,-1.0
3440,2026-03-21,5.0,2.0,39.98306,-75.10836,13.0,-3.0
3345,2025-05-22,9.0,5.0,39.9617,-75.14667,19.0,-4.0
3163,2024-10-08,40.0,45.0,39.94974,-75.18097,22.0,5.0
3296,2023-08-20,41.0,39.0,39.95134,-75.16758,21.0,-2.0
3254,2025-07-19,11.0,10.0,39.98091,-75.16065,18.0,-1.0
3336,2025-05-08,24.0,28.0,39.95719,-75.19388,20.0,4.0
3019,2024-02-13,1.0,0.0,39.95403,-75.14983,15.0,-1.0
3107,2024-11-12,1.0,2.0,39.98203,-75.18866,18.0,1.0
3205,2024-02-28,20.0,20.0,39.95405,-75.16783,22.0,0.0
3077,2024-09-01,9.0,8.0,39.97207,-75.16351,19.0,-1.0
3327,2023-11-28,1.0,2.0,39.97759,-75.12442,17.0,1.0
3040,2024-06-01,21.0,11.0,39.96289,-75.16606,21.0,-10.0
3100,2026-03-17,24.0,20.0,39.92777,-75.15103,38.0,-4.0
3252,2023-03-07,6.0,5.0,39.93882,-75.19324,14.0,-1.0
3014,2024-04-21,6.0,5.0,39.95886,-75.17369,25.0,-1.0
3313,2025-11-14,1.0,2.0,39.9158,-75.1643,9.0,1.0
3374,2026-01-31,3.0,4.0,39.9728,-75.17971,18.0,1.0
3120,2023-06-17,23.0,14.0,39.97522,-75.18669,19.0,-9.0
3063,2023-05-16,35.0,34.0,39.94633,-75.1698,25.0,-1.0
3156,2025-09-06,18.0,17.0,39.95381,-75.17407,22.0,-1.0
3053,2025-08-11,28.0,22.0,39.93231,-75.18154,19.0,-6.0
3207,2023-09-27,48.0,48.0,39.95441,-75.192,20.0,0.0
3057,2026-01-18,3.0,1.0,39.96439,-75.17987,26.0,-2.0
3451,2026-03-11,1.0,1.0,39.90505,-75.17585,16.0,0.0
3301,2023-05-18,35.0,36.0,39.95029,-75.17126,15.0,1.0
3374,2025-08-09,21.0,18.0,39.9728,-75.17971,18.0,-3.0
3014,2023-03-23,3.0,2.0,39.95886,-75.17369,25.0,-1.0
3280,2024-05-26,0.0,1.0,39.93968,-75.21362,18.0,1.0
3243,2025-04-21,2.0,1.0,39.9835,-75.14743,12.0,-1.0
3338,2024-09-20,6.0,5.0,39.95098,-75.23035,21.0,-1.0
3271,2025-10-16,4.0,3.0,39.9476,-75.22946,18.0,-1.0
3347,2025-06-25,14.0,13.0,,,,-1.0
3060,2024-07-14,7.0,7.0,39.95923,-75.17036,19.0,0.0
3430,2025-12-13,5.0,3.0,39.97408,-75.1801,14.0,-2.0
3073,2025-07-29,24.0,22.0,39.96143,-75.15242,15.0,-2.0
3050,2023-08-28,22.0,17.0,,,,-5.0
3455,2026-03-25,1.0,1.0,39.91486,-75.17691,5.0,0.0
3060,2024-07-20,8.0,6.0,39.95923,-75.17036,19.0,-2.0
3051,2023-09-03,41.0,28.0,39.96744,-75.17507,37.0,-13.0
3361,2024-03-09,6.0,6.0,39.93082,-75.17474,21.0,0.0
3204,2023-09-19,21.0,19.0,39.96437,-75.16582,22.0,-2.0
3051,2023-07-18,24.0,22.0,39.96744,-75.17507,37.0,-2.0
3024,2023-05-05,7.0,6.0,39.94822,-75.20908,19.0,-1.0
3024,2024-08-11,16.0,12.0,39.94822,-75.20908,19.0,-4.0
3297,2023-08-05,21.0,24.0,39.95821,-75.16901,19.0,3.0
3251,2024-05-08,5.0,8.0,39.93366,-75.19319,16.0,3.0
3321,2025-09-21,14.0,13.0,39.95485,-75.17298,21.0,-1.0
3254,2024-01-27,6.0,3.0,39.98091,-75.16065,18.0,-3.0
3017,2024-10-01,15.0,17.0,39.98003,-75.14371,15.0,2.0
3161,2024-07-02,52.0,64.0,39.95486,-75.18091,23.0,12.0
3282,2025-10-17,1.0,1.0,39.98628,-75.14925,15.0,0.0
3277,2023-05-11,3.0,1.0,39.98306,-75.16738,20.0,-2.0
3336,2024-03-11,10.0,9.0,39.95719,-75.19388,20.0,-1.0
3340,2024-07-27,15.0,14.0,39.96906,-75.18169,17.0,-1.0
3287,2023-11-11,6.0,4.0,39.94367,-75.21606,16.0,-2.0
3308,2024-01-08,3.0,5.0,,,,2.0
3305,2025-12-15,1.0,1.0,39.99569,-75.1671,11.0,0.0
3320,2025-12-01,11.0,7.0,39.9746,-75.15917,17.0,-4.0
3014,2023-10-12,7.0,8.0,39.95886,-75.17369,25.0,1.0
3118,2024-09-01,11.0,14.0,39.95866,-75.21323,20.0,3.0
3337,2024-04-18,14.0,12.0,39.97318,-75.14612,15.0,-2.0
3022,2024-12-01,9.0,7.0,39.95472,-75.18323,21.0,-2.0
3124,2024-02-18,7.0,8.0,39.95367,-75.13956,17.0,1.0
3241,2024-04-07,2.0,2.0,39.95225,-75.22637,20.0,0.0
3252,2023-08-15,14.0,11.0,39.93882,-75.19324,14.0,-3.0
3063,2024-01-02,18.0,25.0,39.94633,-75.1698,25.0,7.0
3249,2023-07-19,5.0,7.0,39.95784,-75.19079,22.0,2.0
3125,2023-01-26,19.0,16.0,39.94391,-75.16735,16.0,-3.0
3037,2024-09-26,18.0,19.0,39.95424,-75.16138,21.0,1.0
3025,2023-08-04,37.0,36.0,39.93724,-75.1612,15.0,-1.0
3363,2025-07-12,33.0,41.0,39.94655,-75.16263,17.0,8.0
3077,2025-04-13,6.0,8.0,39.97207,-75.16351,19.0,2.0
3054,2026-01-18,7.0,6.0,39.9625,-75.1742,35.0,-1.0
3240,2023-06-28,2.0,1.0,39.96277,-75.21185,12.0,-1.0
3241,2025-01-17,3.0,2.0,39.95225,-75.22637,20.0,-1.0
3298,2024-10-04,1.0,2.0,39.94717,-75.20691,15.0,1.0
3038,2023-08-04,46.0,36.0,39.94781,-75.19409,28.0,-10.0
3329,2025-01-16,0.0,1.0,40.02651,-75.22445,15.0,1.0
3030,2025-01-15,20.0,21.0,,,,1.0
3088,2024-10-05,21.0,22.0,39.96984,-75.1418,35.0,1.0
3040,2025-05-27,20.0,27.0,39.96289,-75.16606,21.0,7.0
3258,2024-08-08,6.0,5.0,39.95828,-75.22424,20.0,-1.0
3264,2023-02-26,6.0,8.0,39.94571,-75.15508,23.0,2.0
3259,2023-02-03,7.0,3.0,39.95998,-75.19883,17.0,-4.0
3359,2025-06-25,43.0,41.0,39.94888,-75.16978,29.0,-2.0
3303,2024-02-13,0.0,4.0,39.9559,-75.2053,20.0,4.0
3342,2024-09-09,16.0,23.0,39.9639,-75.17385,20.0,7.0
3397,2025-07-01,20.0,14.0,39.93906,-75.17824,15.0,-6.0
3291,2024-09-12,4.0,2.0,40.01022,-75.197,15.0,-2.0
3342,2024-06-16,18.0,16.0,39.9639,-75.17385,20.0,-2.0
3308,2024-07-06,11.0,10.0,,,,-1.0
3320,2023-08-06,10.0,10.0,39.9746,-75.15917,17.0,0.0
3246,2025-04-08,7.0,3.0,39.94782,-75.22301,17.0,-4.0
3238,2024-12-15,12.0,13.0,39.97674,-75.11995,11.0,1.0
3353,2024-11-07,4.0,3.0,40.00496,-75.15233,22.0,-1.0
3343,2024-05-14,13.0,14.0,,,,1.0
3068,2023-10-28,16.0,25.0,39.93549,-75.16711,18.0,9.0
3316,2025-04-24,9.0,10.0,39.92255,-75.17337,19.0,1.0
3069,2024-09-05,20.0,25.0,39.93704,-75.15038,23.0,5.0
3025,2023-06-11,17.0,15.0,39.93724,-75.1612,15.0,-2.0
3017,2024-10-20,4.0,4.0,39.98003,-75.14371,15.0,0.0
3339,2023-10-03,6.0,8.0,,,,2.0
3056,2026-03-10,16.0,14.0,39.97669,-75.15813,22.0,-2.0
3405,2026-01-30,3.0,2.0,39.94167,-75.16502,16.0,-1.0
3296,2025-08-18,40.0,29.0,39.95134,-75.16758,21.0,-11.0
3295,2023-05-21,51.0,55.0,39.95028,-75.16027,21.0,4.0
3038,2025-10-31,24.0,31.0,39.94781,-75.19409,28.0,7.0
3034,2023-06-11,24.0,23.0,39.93315,-75.16248,16.0,-1.0
3291,2025-03-24,1.0,0.0,40.01022,-75.197,15.0,-1.0
3299,2023-03-11,9.0,4.0,39.94332,-75.15698,22.0,-5.0
3248,2026-01-05,6.0,9.0,39.94213,-75.18335,22.0,3.0
3251,2024-09-17,9.0,8.0,39.93366,-75.19319,16.0,-1.0
3325,2024-09-03,3.0,5.0,39.9768,-75.12764,22.0,2.0
3104,2025-08-30,7.0,8.0,39.96664,-75.19209,13.0,1.0
3238,2025-02-04,31.0,27.0,39.97674,-75.11995,11.0,-4.0
3207,2025-03-31,25.0,25.0,39.95441,-75.192,20.0,0.0
3316,2024-08-05,8.0,10.0,39.92255,-75.17337,19.0,2.0
3183,2025-02-05,1.0,1.0,39.88994,-75.17679,20.0,0.0
3287,2024-03-26,2.0,2.0,39.94367,-75.21606,16.0,0.0
3059,2023-11-02,26.0,26.0,39.96244,-75.16121,21.0,0.0
3184,2024-08-02,12.0,7.0,39.94573,-75.19551,22.0,-5.0
3050,2023-10-17,14.0,13.0,,,,-1.0
3369,2025-10-08,4.0,3.0,40.00772,-75.19194,16.0,-1.0
3292,2023-07-30,6.0,9.0,39.92,-75.1562,17.0,3.0
3158,2026-02-04,8.0,8.0,39.92552,-75.16904,15.0,0.0
3313,2023-08-09,9.0,7.0,39.9158,-75.1643,9.0,-2.0
3035,2023-05-09,15.0,10.0,39.96271,-75.19419,20.0,-5.0
3101,2023-01-05,30.0,28.0,39.94295,-75.15955,18.0,-2.0
3015,2023-04-30,3.0,2.0,39.94735,-75.14886,11.0,-1.0
3340,2025-08-16,22.0,18.0,39.96906,-75.18169,17.0,-4.0
3244,2024-08-25,33.0,31.0,,,,-2.0
3058,2024-04-17,22.0,24.0,,,,2.0
3060,2026-02-07,1.0,1.0,39.95923,-75.17036,19.0,0.0
3362,2025-12-24,15.0,12.0,39.94816,-75.16226,19.0,-3.0
3375,2025-10-25,19.0,16.0,39.96036,-75.1402,22.0,-3.0
3005,2025-11-04,32.0,29.0,39.94733,-75.14403,13.0,-3.0
3311,2024-05-01,5.0,7.0,,,,2.0
3266,2026-03-02,6.0,9.0,39.9237,-75.14701,22.0,3.0
3125,2025-06-01,24.0,24.0,39.94391,-75.16735,16.0,0.0
3066,2025-05-18,22.0,22.0,39.94561,-75.17348,29.0,0.0
3247,2024-03-06,0.0,1.0,39.96538,-75.21514,16.0,1.0
3116,2025-08-19,31.0,33.0,39.96006,-75.17198,21.0,2.0
3320,2025-01-29,8.0,7.0,39.9746,-75.15917,17.0,-1.0
3295,2025-07-09,21.0,20.0,39.95028,-75.16027,21.0,-1.0
3168,2023-11-28,23.0,23.0,,,,0.0
3059,2023-04-11,25.0,23.0,39.96244,-75.16121,21.0,-2.0
3028,2024-03-02,13.0,10.0,39.94061,-75.14958,15.0,-3.0
3086,2024-02-17,4.0,3.0,39.94019,-75.16691,21.0,-1.0
3021,2023-09-05,39.0,36.0,39.9539,-75.16902,34.0,-3.0
3155,2025-12-29,4.0,3.0,39.94018,-75.15442,18.0,-1.0
3368,2026-01-05,6.0,5.0,39.97647,-75.17362,17.0,-1.0
3114,2025-06-24,20.0,17.0,39.93775,-75.18012,17.0,-3.0
3374,2025-10-09,15.0,17.0,39.9728,-75.17971,18.0,2.0
3022,2023-05-14,19.0,21.0,39.95472,-75.18323,21.0,2.0
3393,2026-02-03,7.0,6.0,39.96727,-75.13999,18.0,-1.0
3323,2025-07-19,0.0,4.0,40.02796,-75.2277,18.0,4.0
3341,2025-01-06,4.0,4.0,39.98131,-75.12732,20.0,0.0
3207,2023-02-20,30.0,33.0,39.95441,-75.192,20.0,3.0
3400,2025-10-15,28.0,25.0,39.949,-75.16081,18.0,-3.0
3261,2026-02-04,2.0,6.0,39.96304,-75.14099,17.0,4.0
3318,2025-10-25,21.0,32.0,39.95182,-75.16395,20.0,11.0
3063,2023-05-30,37.0,44.0,39.94633,-75.1698,25.0,7.0
3037,2024-11-13,24.0,21.0,39.95424,-75.16138,21.0,-3.0
3327,2024-02-27,2.0,1.0,39.97759,-75.12442,17.0,-1.0
3071,2023-07-22,17.0,17.0,,,,0.0
3210,2023-09-23,10.0,10.0,39.98492,-75.15668,18.0,0.0
3015,2025-06-12,28.0,25.0,39.94735,-75.14886,11.0,-3.0
3116,2024-09-08,10.0,12.0,39.96006,-75.17198,21.0,2.0
3016,2025-02-14,10.0,7.0,39.96892,-75.1547,15.0,-3.0
3015,2023-07-03,17.0,13.0,39.94735,-75.14886,11.0,-4.0
3078,2024-04-05,13.0,13.0,39.95355,-75.17192,18.0,0.0
3439,2025-11-03,2.0,1.0,39.99033,-75.12759,15.0,-1.0
3068,2024-10-09,19.0,16.0,39.93549,-75.16711,18.0,-3.0
3410,2026-03-30,6.0,9.0,39.94201,-75.21838,11.0,3.0
3182,2025-05-05,14.0,11.0,,,,-3.0
3370,2024-01-06,1.0,0.0,40.0163,-75.21241,16.0,-1.0
3086,2024-10-17,16.0,10.0,39.94019,-75.16691,21.0,-6.0
3154,2023-04-10,27.0,27.0,39.95924,-75.15821,16.0,0.0
3373,2024-09-17,25.0,28.0,39.95817,-75.15668,15.0,3.0
3006,2025-10-05,25.0,20.0,39.9522,-75.20311,17.0,-5.0
3332,2025-09-27,1.0,1.0,40.00537,-75.18143,12.0,0.0
3399,2025-08-04,15.0,15.0,39.97502,-75.14006,15.0,0.0
3265,2023-09-21,20.0,20.0,39.95957,-75.19633,13.0,0.0
3062,2024-05-08,22.0,22.0,,,,0.0
3385,2026-03-15,9.0,6.0,39.94974,-75.15424,15.0,-3.0
3301,2023-07-06,39.0,39.0,39.95029,-75.17126,15.0,0.0
3014,2025-04-01,7.0,8.0,39.95886,-75.17369,25.0,1.0
3240,2026-03-21,1.0,1.0,39.96277,-75.21185,12.0,0.0
3325,2024-04-20,8.0,8.0,39.9768,-75.12764,22.0,0.0
3188,2025-03-16,4.0,6.0,39.90471,-75.1734,56.0,2.0
3294,2026-02-27,14.0,13.0,39.95174,-75.17063,21.0,-1.0
3394,2024-09-24,17.0,16.0,39.924,-75.16959,14.0,-1.0
3345,2025-06-04,15.0,15.0,39.9617,-75.14667,19.0,0.0
3016,2025-11-04,14.0,4.0,39.96892,-75.1547,15.0,-10.0
3284,2025-11-15,8.0,3.0,40.01112,-75.19287,14.0,-5.0
3336,2026-03-09,15.0,14.0,39.95719,-75.19388,20.0,-1.0
3150,2024-10-04,20.0,25.0,39.92884,-75.17021,17.0,5.0
3123,2023-11-25,2.0,1.0,39.98004,-75.17088,16.0,-1.0
3298,2024-10-12,1.0,1.0,39.94717,-75.20691,15.0,0.0
3251,2023-01-08,0.0,1.0,39.93366,-75.19319,16.0,1.0
3106,2025-06-09,2.0,2.0,39.99179,-75.18637,17.0,0.0
3301,2023-12-06,24.0,21.0,39.95029,-75.17126,15.0,-3.0
3435,2026-02-02,0.0,1.0,39.98451,-75.12348,13.0,1.0
3026,2025-04-03,25.0,22.0,39.94182,-75.1455,17.0,-3.0
3041,2025-03-28,21.0,31.0,39.96849,-75.13546,26.0,10.0
3265,2025-08-11,9.0,8.0,39.95957,-75.19633,13.0,-1.0
3120,2023-04-28,9.0,4.0,39.97522,-75.18669,19.0,-5.0
3376,2025-06-22,3.0,2.0,39.97183,-75.14878,8.0,-1.0
3060,2023-02-17,2.0,4.0,39.95923,-75.17036,19.0,2.0
3169,2024-11-24,15.0,7.0,39.95382,-75.14263,17.0,-8.0
3295,2025-08-01,37.0,42.0,39.95028,-75.16027,21.0,5.0
3022,2023-01-07,12.0,9.0,39.95472,-75.18323,21.0,-3.0
3347,2025-03-04,11.0,5.0,,,,-6.0
3097,2024-01-03,5.0,8.0,39.97888,-75.13339,18.0,3.0
3332,2024-10-07,1.0,1.0,40.00537,-75.18143,12.0,0.0
3040,2025-10-14,25.0,26.0,39.96289,-75.16606,21.0,1.0
3184,2024-12-01,0.0,1.0,39.94573,-75.19551,22.0,1.0
3065,2023-12-15,4.0,6.0,39.9707,-75.15171,15.0,2.0
3299,2024-05-31,23.0,20.0,39.94332,-75.15698,22.0,-3.0
3326,2023-06-27,2.0,2.0,39.99198,-75.19944,17.0,0.0
3183,2023-05-23,2.0,1.0,39.88994,-75.17679,20.0,-1.0
3372,2025-09-24,8.0,7.0,39.92528,-75.18672,15.0,-1.0
3276,2024-04-07,6.0,3.0,39.96569,-75.15679,18.0,-3.0
3005,2024-10-05,20.0,25.0,39.94733,-75.14403,13.0,5.0
3382,2025-09-07,25.0,25.0,39.95038,-75.17309,11.0,0.0
3111,2023-02-09,0.0,1.0,39.97779,-75.21323,14.0,1.0
3387,2025-12-06,8.0,8.0,39.97012,-75.14666,19.0,0.0
3026,2026-03-24,23.0,23.0,39.94182,-75.1455,17.0,0.0
3012,2024-04-30,40.0,36.0,39.94218,-75.17747,27.0,-4.0
3307,2025-10-12,2.0,1.0,40.0028,-75.174,11.0,-1.0
3208,2025-07-16,50.0,52.0,39.95048,-75.19324,28.0,2.0
3021,2025-03-22,4.0,2.0,39.9539,-75.16902,34.0,-2.0
3074,2024-11-11,18.0,20.0,39.95511,-75.20987,15.0,2.0
3168,2024-05-06,26.0,28.0,,,,2.0
3408,2025-03-28,5.0,11.0,39.9216,-75.15,17.0,6.0
3010,2025-03-21,70.0,69.0,39.94711,-75.16618,22.0,-1.0
3015,2023-05-11,9.0,10.0,39.94735,-75.14886,11.0,1.0
3250,2024-10-02,8.0,6.0,39.95673,-75.14575,17.0,-2.0
3409,2025-04-18,1.0,2.0,39.95508,-75.15128,20.0,1.0
3304,2023-06-26,20.0,12.0,39.94234,-75.15399,21.0,-8.0
3304,2024-01-25,17.0,22.0,39.94234,-75.15399,21.0,5.0
3411,2025-08-06,3.0,3.0,39.96693,-75.23359,15.0,0.0
3057,2024-05-05,14.0,11.0,39.96439,-75.17987,26.0,-3.0
3374,2025-05-11,21.0,25.0,39.9728,-75.17971,18.0,4.0
3182,2025-12-11,16.0,18.0,,,,2.0
3275,2025-02-26,8.0,11.0,39.97576,-75.12157,22.0,3.0
3196,2025-06-08,0.0,1.0,39.98717,-75.17477,17.0,1.0
3058,2026-01-31,3.0,2.0,,,,-1.0
3284,2023-04-21,1.0,1.0,40.01112,-75.19287,14.0,0.0
3200,2025-02-01,3.0,4.0,39.97583,-75.16846,17.0,1.0
3152,2024-12-20,4.0,1.0,39.94993,-75.20286,17.0,-3.0
3088,2024-10-22,22.0,22.0,39.96984,-75.1418,35.0,0.0
3100,2025-03-11,27.0,30.0,39.92777,-75.15103,38.0,3.0
3370,2024-08-12,5.0,6.0,40.0163,-75.21241,16.0,1.0
3233,2024-05-31,4.0,5.0,,,,1.0
3284,2023-10-24,1.0,1.0,40.01112,-75.19287,14.0,0.0
3196,2024-03-24,0.0,1.0,39.98717,-75.17477,17.0,1.0
3120,2023-08-07,23.0,20.0,39.97522,-75.18669,19.0,-3.0
3265,2023-11-21,7.0,6.0,39.95957,-75.19633,13.0,-1.0
3114,2026-01-05,10.0,12.0,39.93775,-75.18012,17.0,2.0
3068,2025-10-26,19.0,26.0,39.93549,-75.16711,18.0,7.0
3113,2024-01-14,1.0,0.0,39.97472,-75.19781,12.0,-1.0
3294,2024-04-12,23.0,21.0,39.95174,-75.17063,21.0,-2.0
3058,2023-01-10,14.0,15.0,,,,1.0
3064,2024-09-03,37.0,30.0,39.9384,-75.17327,22.0,-7.0
3408,2025-03-22,6.0,11.0,39.9216,-75.15,17.0,5.0
3365,2024-09-03,12.0,21.0,39.96173,-75.18788,17.0,9.0
3019,2024-08-01,5.0,8.0,39.95403,-75.14983,15.0,3.0
3022,2024-10-08,63.0,62.0,39.95472,-75.18323,21.0,-1.0
3422,2025-09-14,6.0,5.0,39.95619,-75.18647,10.0,-1.0
3264,2026-02-17,16.0,16.0,39.94571,-75.15508,23.0,0.0
3049,2025-12-08,2.0,4.0,39.94509,-75.1425,29.0,2.0
3300,2025-01-21,2.0,1.0,39.95511,-75.16287,13.0,-1.0
3184,2025-04-14,11.0,7.0,39.94573,-75.19551,22.0,-4.0
3067,2023-12-15,4.0,3.0,39.96411,-75.19973,17.0,-1.0
3449,2026-02-14,10.0,8.0,39.94628,-75.15138,21.0,-2.0
3328,2026-03-14,6.0,1.0,39.98798,-75.1995,23.0,-5.0
3154,2024-06-22,25.0,19.0,39.95924,-75.15821,16.0,-6.0
3155,2023-05-08,12.0,16.0,39.94018,-75.15442,18.0,4.0
3006,2024-05-29,16.0,17.0,39.9522,-75.20311,17.0,1.0
3026,2025-03-18,23.0,25.0,39.94182,-75.1455,17.0,2.0
3265,2023-01-28,7.0,7.0,39.95957,-75.19633,13.0,0.0
3018,2025-04-04,26.0,21.0,39.95273,-75.15979,18.0,-5.0
3303,2026-03-29,8.0,11.0,39.9559,-75.2053,20.0,3.0
3405,2025-05-19,9.0,6.0,39.94167,-75.16502,16.0,-3.0
3016,2024-03-14,3.0,3.0,39.96892,-75.1547,15.0,0.0
3378,2025-12-22,4.0,4.0,39.95238,-75.14728,18.0,0.0
3314,2025-06-04,18.0,15.0,39.93682,-75.14492,17.0,-3.0
3387,2024-10-30,12.0,13.0,39.97012,-75.14666,19.0,1.0
3248,2023-09-24,7.0,6.0,39.94213,-75.18335,22.0,-1.0
3248,2023-03-27,4.0,6.0,39.94213,-75.18335,22.0,2.0
3427,2025-08-30,8.0,6.0,39.97961,-75.11844,14.0,-2.0
3033,2026-02-20,19.0,16.0,39.95005,-75.15672,20.0,-3.0
3152,2025-12-19,5.0,2.0,39.94993,-75.20286,17.0,-3.0
3107,2025-01-17,4.0,3.0,39.98203,-75.18866,18.0,-1.0
3024,2023-04-03,6.0,5.0,39.94822,-75.20908,19.0,-1.0
3359,2024-08-10,43.0,36.0,39.94888,-75.16978,29.0,-7.0
3164,2024-11-13,25.0,26.0,39.92814,-75.16515,18.0,1.0
3347,2023-09-27,8.0,11.0,,,,3.0
3245,2026-03-20,12.0,16.0,39.97887,-75.15777,20.0,4.0
3066,2024-12-01,17.0,19.0,39.94561,-75.17348,29.0,2.0
3201,2024-02-07,14.0,13.0,39.95523,-75.1662,20.0,-1.0
3271,2023-08-25,2.0,3.0,39.9476,-75.22946,18.0,1.0
3211,2025-03-02,4.0,6.0,39.97172,-75.1706,22.0,2.0
3104,2023-04-09,3.0,4.0,39.96664,-75.19209,13.0,1.0
3161,2023-09-09,28.0,31.0,39.95486,-75.18091,23.0,3.0
3392,2025-07-16,6.0,7.0,39.93633,-75.19447,13.0,1.0
3058,2024-10-21,21.0,28.0,,,,7.0
3331,2025-02-10,5.0,4.0,39.97116,-75.12813,20.0,-1.0
3345,2025-02-01,10.0,5.0,39.9617,-75.14667,19.0,-5.0
3347,2024-09-01,20.0,19.0,,,,-1.0
3252,2023-04-06,5.0,5.0,39.93882,-75.19324,14.0,0.0
3056,2023-01-31,2.0,0.0,39.97669,-75.15813,22.0,-2.0
3046,2024-09-25,31.0,29.0,,,,-2.0
3278,2024-10-07,1.0,0.0,39.99301,-75.1681,11.0,-1.0
3097,2025-08-13,11.0,9.0,39.97888,-75.13339,18.0,-2.0
3162,2023-03-25,3.0,3.0,39.94595,-75.18475,34.0,0.0
3256,2024-08-26,29.0,28.0,39.95269,-75.17779,23.0,-1.0
3067,2023-12-10,1.0,2.0,39.96411,-75.19973,17.0,1.0
3053,2026-02-17,18.0,24.0,39.93231,-75.18154,19.0,6.0
3298,2023-11-20,2.0,3.0,39.94717,-75.20691,15.0,1.0
3030,2025-07-12,33.0,28.0,,,,-5.0
3430,2025-09-08,24.0,25.0,39.97408,-75.1801,14.0,1.0
3247,2025-09-14,4.0,5.0,39.96538,-75.21514,16.0,1.0
3305,2025-05-18,1.0,1.0,39.99569,-75.1671,11.0,0.0
3197,2025-02-01,5.0,6.0,39.92083,-75.17033,23.0,1.0
3326,2024-03-16,9.0,8.0,39.99198,-75.19944,17.0,-1.0
3319,2024-04-06,3.0,2.0,39.96672,-75.12964,16.0,-1.0
3035,2024-08-14,35.0,30.0,39.96271,-75.19419,20.0,-5.0
3316,2025-10-25,6.0,5.0,39.92255,-75.17337,19.0,-1.0
3016,2023-10-01,6.0,4.0,39.96892,-75.1547,15.0,-2.0
3110,2024-03-31,9.0,5.0,39.96175,-75.13641,19.0,-4.0
3078,2023-06-16,15.0,17.0,39.95355,-75.17192,18.0,2.0
3125,2025-02-01,7.0,7.0,39.94391,-75.16735,16.0,0.0
3033,2023-01-31,15.0,14.0,39.95005,-75.15672,20.0,-1.0
3034,2024-09-29,25.0,25.0,39.93315,-75.16248,16.0,0.0
3118,2025-06-27,6.0,5.0,39.95866,-75.21323,20.0,-1.0
3323,2025-08-20,4.0,2.0,40.02796,-75.2277,18.0,-2.0
3168,2023-03-29,32.0,39.0,,,,7.0
3246,2023-02-11,3.0,5.0,39.94782,-75.22301,17.0,2.0
3295,2024-02-06,50.0,46.0,39.95028,-75.16027,21.0,-4.0
3245,2024-11-08,8.0,13.0,39.97887,-75.15777,20.0,5.0
3025,2023-02-06,11.0,11.0,39.93724,-75.1612,15.0,0.0
3169,2024-04-21,12.0,12.0,39.95382,-75.14263,17.0,0.0
3316,2023-09-13,11.0,9.0,39.92255,-75.17337,19.0,-2.0
3169,2023-10-30,6.0,12.0,39.95382,-75.14263,17.0,6.0
3285,2024-10-23,10.0,9.0,39.95946,-75.14745,19.0,-1.0
3026,2025-09-17,14.0,13.0,39.94182,-75.1455,17.0,-1.0
3333,2025-01-12,4.0,1.0,39.9541,-75.16965,25.0,-3.0
3238,2025-05-17,19.0,23.0,39.97674,-75.11995,11.0,4.0
3365,2026-01-06,9.0,7.0,39.96173,-75.18788,17.0,-2.0
3236,2024-10-24,14.0,13.0,39.96566,-75.17765,18.0,-1.0
3341,2025-09-17,7.0,9.0,39.98131,-75.12732,20.0,2.0
3111,2023-08-11,4.0,6.0,39.97779,-75.21323,14.0,2.0
3197,2023-12-29,8.0,10.0,39.92083,-75.17033,23.0,2.0
3409,2025-04-14,2.0,2.0,39.95508,-75.15128,20.0,0.0
3070,2023-11-20,8.0,8.0,,,,0.0
3049,2023-02-16,1.0,3.0,39.94509,-75.1425,29.0,2.0
3165,2025-03-27,17.0,21.0,39.95819,-75.1782,22.0,4.0
3088,2026-02-26,6.0,11.0,39.96984,-75.1418,35.0,5.0
3046,2023-06-01,41.0,40.0,,,,-1.0
3301,2025-07-02,36.0,31.0,39.95029,-75.17126,15.0,-5.0
3104,2023-01-27,7.0,7.0,39.96664,-75.19209,13.0,0.0
3097,2023-11-18,12.0,9.0,39.97888,-75.13339,18.0,-3.0
3297,2025-11-13,14.0,14.0,39.95821,-75.16901,19.0,0.0
3393,2024-08-29,4.0,2.0,39.96727,-75.13999,18.0,-2.0
3370,2025-03-29,22.0,17.0,40.0163,-75.21241,16.0,-5.0
3040,2024-01-10,12.0,15.0,39.96289,-75.16606,21.0,3.0
3267,2025-08-01,4.0,3.0,39.918,-75.1796,12.0,-1.0
3068,2025-01-13,15.0,12.0,39.93549,-75.16711,18.0,-3.0
3061,2023-01-30,17.0,15.0,,,,-2.0
3157,2023-04-08,13.0,15.0,39.92545,-75.15954,18.0,2.0
3295,2024-06-08,43.0,43.0,39.95028,-75.16027,21.0,0.0
3284,2025-04-02,1.0,0.0,40.01112,-75.19287,14.0,-1.0
3280,2025-05-27,2.0,1.0,39.93968,-75.21362,18.0,-1.0
3096,2025-07-19,0.0,1.0,39.99119,-75.17975,14.0,1.0
3370,2024-08-07,4.0,3.0,40.0163,-75.21241,16.0,-1.0
3211,2023-03-30,9.0,9.0,39.97172,-75.1706,22.0,0.0
3006,2026-02-28,19.0,15.0,39.9522,-75.20311,17.0,-4.0
3248,2024-11-16,20.0,14.0,39.94213,-75.18335,22.0,-6.0
3235,2026-02-15,8.0,4.0,39.96,-75.1651,15.0,-4.0
3074,2024-09-29,8.0,9.0,39.95511,-75.20987,15.0,1.0
3237,2025-03-25,7.0,7.0,39.91717,-75.17096,21.0,0.0
3187,2025-02-12,4.0,3.0,39.95725,-75.17232,19.0,-1.0
3154,2023-12-28,16.0,16.0,39.95924,-75.15821,16.0,0.0
3021,2025-10-08,28.0,29.0,39.9539,-75.16902,34.0,1.0
3086,2025-01-25,4.0,5.0,39.94019,-75.16691,21.0,1.0
3006,2025-10-31,16.0,13.0,39.9522,-75.20311,17.0,-3.0
3398,2025-12-15,0.0,1.0,39.91551,-75.15474,15.0,1.0
3119,2025-04-17,8.0,6.0,39.96674,-75.20799,17.0,-2.0
3024,2023-10-18,4.0,8.0,39.94822,-75.20908,19.0,4.0
3093,2024-01-22,1.0,0.0,39.98837,-75.18701,16.0,-1.0
3012,2025-12-13,18.0,16.0,39.94218,-75.17747,27.0,-2.0
3069,2025-04-04,21.0,26.0,39.93704,-75.15038,23.0,5.0
3304,2025-05-27,35.0,36.0,39.94234,-75.15399,21.0,1.0
3250,2025-07-10,8.0,8.0,39.95673,-75.14575,17.0,0.0
3246,2024-01-08,4.0,2.0,39.94782,-75.22301,17.0,-2.0
3320,2023-04-10,8.0,7.0,39.9746,-75.15917,17.0,-1.0
3075,2023-09-03,10.0,12.0,39.96718,-75.16125,12.0,2.0
3327,2025-10-09,3.0,6.0,39.97759,-75.12442,17.0,3.0
3263,2024-10-12,8.0,6.0,39.9586,-75.2081,18.0,-2.0
3185,2026-01-21,28.0,26.0,39.95169,-75.15888,21.0,-2.0
3399,2025-07-12,14.0,12.0,39.97502,-75.14006,15.0,-2.0
3124,2025-09-17,13.0,14.0,39.95367,-75.13956,17.0,1.0
3276,2023-10-27,7.0,8.0,39.96569,-75.15679,18.0,1.0
3113,2025-07-20,10.0,7.0,39.97472,-75.19781,12.0,-3.0
3304,2023-12-10,6.0,6.0,39.94234,-75.15399,21.0,0.0
3319,2025-09-07,16.0,15.0,39.96672,-75.12964,16.0,-1.0
3307,2026-01-26,0.0,1.0,40.0028,-75.174,11.0,1.0
3005,2025-08-29,38.0,38.0,39.94733,-75.14403,13.0,0.0
3039,2024-03-12,9.0,4.0,39.97157,-75.15993,17.0,-5.0
3279,2024-06-24,9.0,13.0,39.9265,-75.1668,18.0,4.0
3190,2023-08-11,41.0,51.0,,,,10.0
3245,2024-06-04,14.0,8.0,39.97887,-75.15777,20.0,-6.0
3241,2025-09-27,9.0,6.0,39.95225,-75.22637,20.0,-3.0
3007,2025-09-02,33.0,35.0,39.94517,-75.15993,20.0,2.0
3299,2023-11-11,19.0,16.0,39.94332,-75.15698,22.0,-3.0
3212,2023-03-09,19.0,18.0,39.96383,-75.18177,32.0,-1.0
3041,2023-08-10,13.0,15.0,39.96849,-75.13546,26.0,2.0
3246,2024-07-18,8.0,8.0,39.94782,-75.22301,17.0,0.0
3279,2025-03-13,7.0,3.0,39.9265,-75.1668,18.0,-4.0
3267,2025-11-28,2.0,4.0,39.918,-75.1796,12.0,2.0
3363,2025-05-29,37.0,36.0,39.94655,-75.16263,17.0,-1.0
3022,2026-03-26,46.0,48.0,39.95472,-75.18323,21.0,2.0
3282,2024-06-01,2.0,2.0,39.98628,-75.14925,15.0,0.0
3020,2024-05-14,56.0,60.0,39.94855,-75.19007,36.0,4.0
3388,2024-09-17,5.0,4.0,39.96634,-75.15097,19.0,-1.0
3037,2023-04-08,10.0,13.0,39.95424,-75.16138,21.0,3.0
3349,2024-10-06,9.0,8.0,39.93651,-75.18621,17.0,-1.0
3328,2024-07-10,6.0,4.0,39.98798,-75.1995,23.0,-2.0
3359,2025-04-30,69.0,54.0,39.94888,-75.16978,29.0,-15.0
3009,2024-07-27,24.0,23.0,39.95576,-75.18982,14.0,-1.0
3400,2025-05-05,18.0,20.0,39.949,-75.16081,18.0,2.0
3104,2024-09-04,7.0,7.0,39.96664,-75.19209,13.0,0.0
3078,2024-03-22,27.0,24.0,39.95355,-75.17192,18.0,-3.0
3327,2025-11-10,3.0,2.0,39.97759,-75.12442,17.0,-1.0
3414,2025-07-09,1.0,2.0,39.93922,-75.22347,13.0,1.0
3266,2025-04-09,8.0,6.0,39.9237,-75.14701,22.0,-2.0
3307,2025-07-21,1.0,0.0,40.0028,-75.174,11.0,-1.0
3150,2025-07-28,14.0,16.0,39.92884,-75.17021,17.0,2.0
3383,2026-02-03,4.0,4.0,39.96634,-75.14222,19.0,0.0
3072,2025-12-25,3.0,2.0,39.93445,-75.14541,25.0,-1.0
3235,2025-07-04,25.0,27.0,39.96,-75.1651,15.0,2.0
3244,2024-08-30,50.0,49.0,,,,-1.0
3378,2025-05-11,28.0,21.0,39.95238,-75.14728,18.0,-7.0
3150,2023-02-20,7.0,5.0,39.92884,-75.17021,17.0,-2.0
3311,2024-04-26,5.0,7.0,,,,2.0
3400,2025-03-15,13.0,19.0,39.949,-75.16081,18.0,6.0
3238,2025-04-04,25.0,19.0,39.97674,-75.11995,11.0,-6.0
3169,2023-09-27,12.0,22.0,39.95382,-75.14263,17.0,10.0
3104,2023-06-21,9.0,9.0,39.96664,-75.19209,13.0,0.0
3279,2025-10-14,13.0,9.0,39.9265,-75.1668,18.0,-4.0
3049,2024-04-29,24.0,27.0,39.94509,-75.1425,29.0,3.0
3053,2025-07-23,45.0,44.0,39.93231,-75.18154,19.0,-1.0
3111,2023-03-01,1.0,1.0,39.97779,-75.21323,14.0,0.0
3318,2023-12-01,10.0,14.0,39.95182,-75.16395,20.0,4.0
3387,2025-05-01,7.0,6.0,39.97012,-75.14666,19.0,-1.0
3281,2023-07-22,2.0,3.0,39.9323,-75.2162,15.0,1.0
3034,2025-11-11,23.0,21.0,39.93315,-75.16248,16.0,-2.0
3157,2025-03-23,11.0,18.0,39.92545,-75.15954,18.0,7.0
3166,2025-02-28,12.0,9.0,39.97195,-75.13445,22.0,-3.0
3054,2025-01-07,24.0,15.0,39.9625,-75.1742,35.0,-9.0
3268,2024-04-27,4.0,1.0,39.97633,-75.15101,22.0,-3.0
3111,2026-03-18,0.0,3.0,39.97779,-75.21323,14.0,3.0
3303,2026-01-04,2.0,2.0,39.9559,-75.2053,20.0,0.0
3124,2024-10-26,30.0,26.0,39.95367,-75.13956,17.0,-4.0
3349,2023-10-07,5.0,4.0,39.93651,-75.18621,17.0,-1.0
3236,2025-03-09,6.0,5.0,39.96566,-75.17765,18.0,-1.0
3057,2023-03-08,3.0,5.0,39.96439,-75.17987,26.0,2.0
3325,2023-09-14,6.0,7.0,39.9768,-75.12764,22.0,1.0
3248,2025-11-16,11.0,10.0,39.94213,-75.18335,22.0,-1.0
3158,2025-12-18,6.0,12.0,39.92552,-75.16904,15.0,6.0
3057,2026-02-11,3.0,3.0,39.96439,-75.17987,26.0,0.0
3249,2023-12-04,15.0,17.0,39.95784,-75.19079,22.0,2.0
3310,2023-11-07,4.0,1.0,39.98024,-75.18651,15.0,-3.0
3010,2023-11-13,51.0,52.0,39.94711,-75.16618,22.0,1.0
3389,2026-03-05,8.0,7.0,39.94431,-75.18128,16.0,-1.0
3068,2025-08-25,17.0,21.0,39.93549,-75.16711,18.0,4.0
3040,2024-12-12,14.0,12.0,39.96289,-75.16606,21.0,-2.0
3247,2024-09-21,4.0,3.0,39.96538,-75.21514,16.0,-1.0
3241,2025-03-15,3.0,2.0,39.95225,-75.22637,20.0,-1.0
3340,2024-11-03,21.0,18.0,39.96906,-75.18169,17.0,-3.0
3164,2025-07-22,29.0,29.0,39.92814,-75.16515,18.0,0.0
3383,2024-08-01,26.0,30.0,39.96634,-75.14222,19.0,4.0
3182,2025-11-02,19.0,14.0,,,,-5.0
3031,2024-12-03,8.0,7.0,39.98005,-75.15522,21.0,-1.0
3208,2025-06-24,33.0,33.0,39.95048,-75.19324,28.0,0.0
3321,2025-07-17,21.0,25.0,39.95485,-75.17298,21.0,4.0
3373,2024-03-17,11.0,11.0,39.95817,-75.15668,15.0,0.0
3039,2025-12-21,5.0,7.0,39.97157,-75.15993,17.0,2.0
3059,2023-11-05,29.0,27.0,39.96244,-75.16121,21.0,-2.0
3341,2024-06-21,5.0,4.0,39.98131,-75.12732,20.0,-1.0
3184,2023-02-12,1.0,0.0,39.94573,-75.19551,22.0,-1.0
3329,2023-11-20,2.0,1.0,40.02651,-75.22445,15.0,-1.0
3196,2026-01-02,1.0,1.0,39.98717,-75.17477,17.0,0.0
3104,2023-09-14,13.0,15.0,39.96664,-75.19209,13.0,2.0
3344,2024-11-23,5.0,7.0,39.95961,-75.23354,23.0,2.0
3159,2024-12-28,1.0,0.0,39.95121,-75.19962,23.0,-1.0
3069,2025-08-13,40.0,35.0,39.93704,-75.15038,23.0,-5.0
3053,2026-01-27,3.0,3.0,39.93231,-75.18154,19.0,0.0
3237,2024-04-25,5.0,7.0,39.91717,-75.17096,21.0,2.0
3054,2024-11-26,30.0,28.0,39.9625,-75.1742,35.0,-2.0
3369,2025-06-12,11.0,9.0,40.00772,-75.19194,16.0,-2.0
3374,2025-10-15,22.0,25.0,39.9728,-75.17971,18.0,3.0
3063,2024-11-14,39.0,39.0,39.94633,-75.1698,25.0,0.0
3099,2023-07-10,16.0,14.0,39.93401,-75.15094,19.0,-2.0
3166,2025-08-13,17.0,14.0,39.97195,-75.13445,22.0,-3.0
3369,2024-06-05,6.0,3.0,40.00772,-75.19194,16.0,-3.0
3125,2023-10-31,29.0,27.0,39.94391,-75.16735,16.0,-2.0
3301,2024-06-16,37.0,37.0,39.95029,-75.17126,15.0,0.0
3353,2024-03-25,3.0,3.0,40.00496,-75.15233,22.0,0.0
3120,2023-01-07,7.0,7.0,39.97522,-75.18669,19.0,0.0
3154,2023-09-08,31.0,33.0,39.95924,-75.15821,16.0,2.0
3314,2025-06-10,4.0,8.0,39.93682,-75.14492,17.0,4.0
3165,2023-04-14,21.0,28.0,39.95819,-75.1782,22.0,7.0
3400,2026-01-03,12.0,10.0,39.949,-75.16081,18.0,-2.0
3263,2023-09-13,13.0,10.0,39.9586,-75.2081,18.0,-3.0
3345,2023-10-22,8.0,11.0,39.9617,-75.14667,19.0,3.0
3354,2025-05-02,6.0,3.0,39.95628,-75.2387,18.0,-3.0
3032,2026-01-04,24.0,25.0,39.94527,-75.17971,20.0,1.0
3333,2023-10-12,23.0,24.0,39.9541,-75.16965,25.0,1.0
3078,2024-12-18,27.0,24.0,39.95355,-75.17192,18.0,-3.0
3018,2023-10-26,32.0,28.0,39.95273,-75.15979,18.0,-4.0
3064,2024-01-01,13.0,11.0,39.9384,-75.17327,22.0,-2.0
3353,2025-10-08,5.0,5.0,40.00496,-75.15233,22.0,0.0
3332,2025-08-22,1.0,1.0,40.00537,-75.18143,12.0,0.0
3335,2024-06-18,3.0,5.0,40.02237,-75.218,18.0,2.0
3357,2024-10-10,2.0,1.0,39.9104,-75.16588,27.0,-1.0
3201,2023-10-26,19.0,23.0,39.95523,-75.1662,20.0,4.0
3284,2023-04-03,1.0,0.0,40.01112,-75.19287,14.0,-1.0
3338,2025-02-07,0.0,1.0,39.95098,-75.23035,21.0,1.0
3272,2024-06-15,0.0,1.0,39.96405,-75.22048,13.0,1.0
3005,2023-04-07,10.0,14.0,39.94733,-75.14403,13.0,4.0
3201,2025-02-14,23.0,26.0,39.95523,-75.1662,20.0,3.0
3203,2024-03-19,31.0,30.0,39.94077,-75.17227,20.0,-1.0
3006,2024-08-24,12.0,14.0,39.9522,-75.20311,17.0,2.0
3244,2024-02-11,25.0,26.0,,,,1.0
3099,2023-03-09,5.0,5.0,39.93401,-75.15094,19.0,0.0
3104,2023-09-29,10.0,9.0,39.96664,-75.19209,13.0,-1.0
3078,2025-06-14,20.0,15.0,39.95355,-75.17192,18.0,-5.0
3125,2025-09-16,32.0,32.0,39.94391,-75.16735,16.0,0.0
3353,2024-06-17,4.0,5.0,40.00496,-75.15233,22.0,1.0
3074,2023-06-08,17.0,18.0,39.95511,-75.20987,15.0,1.0
3017,2023-05-09,14.0,11.0,39.98003,-75.14371,15.0,-3.0
3315,2025-09-14,6.0,4.0,39.94235,-75.21138,13.0,-2.0
3307,2026-02-14,1.0,0.0,40.0028,-75.174,11.0,-1.0
3249,2025-05-19,13.0,7.0,39.95784,-75.19079,22.0,-6.0
3157,2024-12-23,3.0,6.0,39.92545,-75.15954,18.0,3.0
3316,2026-03-06,4.0,1.0,39.92255,-75.17337,19.0,-3.0
3058,2024-01-30,15.0,13.0,,,,-2.0
3024,2024-05-28,16.0,16.0,39.94822,-75.20908,19.0,0.0
3208,2024-08-03,16.0,16.0,39.95048,-75.19324,28.0,0.0
3376,2024-10-02,11.0,10.0,39.97183,-75.14878,8.0,-1.0
3187,2024-10-20,18.0,17.0,39.95725,-75.17232,19.0,-1.0
3107,2024-09-14,2.0,4.0,39.98203,-75.18866,18.0,2.0
3300,2024-12-19,11.0,12.0,39.95511,-75.16287,13.0,1.0
3029,2025-09-09,49.0,52.0,39.9538,-75.19479,17.0,3.0
3264,2024-12-08,13.0,12.0,39.94571,-75.15508,23.0,-1.0
3277,2023-11-21,1.0,0.0,39.98306,-75.16738,20.0,-1.0
3248,2024-07-10,27.0,20.0,39.94213,-75.18335,22.0,-7.0
3236,2023-06-07,10.0,6.0,39.96566,-75.17765,18.0,-4.0
3029,2023-08-15,34.0,34.0,39.9538,-75.19479,17.0,0.0
3235,2023-04-08,4.0,2.0,39.96,-75.1651,15.0,-2.0
3025,2024-03-21,14.0,15.0,39.93724,-75.1612,15.0,1.0
3338,2024-08-13,4.0,4.0,39.95098,-75.23035,21.0,0.0
3034,2024-04-11,23.0,20.0,39.93315,-75.16248,16.0,-3.0
3279,2024-01-22,1.0,2.0,39.9265,-75.1668,18.0,1.0
3098,2023-06-29,13.0,11.0,39.93431,-75.16042,19.0,-2.0
3024,2024-02-08,3.0,2.0,39.94822,-75.20908,19.0,-1.0
3291,2025-05-31,6.0,4.0,40.01022,-75.197,15.0,-2.0
3097,2025-11-03,12.0,11.0,39.97888,-75.13339,18.0,-1.0
3237,2023-10-12,2.0,7.0,39.91717,-75.17096,21.0,5.0
3334,2024-10-10,5.0,9.0,39.9302,-75.15636,19.0,4.0
3387,2024-11-25,7.0,11.0,39.97012,-75.14666,19.0,4.0
3021,2024-03-07,20.0,20.0,39.9539,-75.16902,34.0,0.0
3313,2024-02-07,2.0,3.0,39.9158,-75.1643,9.0,1.0
3154,2024-09-15,30.0,28.0,39.95924,-75.15821,16.0,-2.0
3058,2024-05-20,27.0,34.0,,,,7.0
3395,2026-03-08,5.0,7.0,39.93866,-75.16351,13.0,2.0
3040,2023-11-26,7.0,5.0,39.96289,-75.16606,21.0,-2.0
3104,2024-09-03,14.0,15.0,39.96664,-75.19209,13.0,1.0
3012,2024-08-23,45.0,36.0,39.94218,-75.17747,27.0,-9.0
3010,2024-07-28,46.0,45.0,39.94711,-75.16618,22.0,-1.0
3375,2025-07-15,21.0,19.0,39.96036,-75.1402,22.0,-2.0
3016,2023-05-07,4.0,4.0,39.96892,-75.1547,15.0,0.0
3298,2024-11-03,0.0,1.0,39.94717,-75.20691,15.0,1.0
3100,2023-05-24,25.0,25.0,39.92777,-75.15103,38.0,0.0
3069,2023-12-11,12.0,11.0,39.93704,-75.15038,23.0,-1.0
3115,2025-08-20,2.0,5.0,39.97263,-75.16757,18.0,3.0
3049,2024-11-06,13.0,8.0,39.94509,-75.1425,29.0,-5.0
3301,2025-04-06,24.0,17.0,39.95029,-75.17126,15.0,-7.0
3098,2024-10-13,13.0,15.0,39.93431,-75.16042,19.0,2.0
3156,2024-10-16,36.0,40.0,39.95381,-75.17407,22.0,4.0
3360,2025-10-11,20.0,23.0,39.93304,-75.16822,22.0,3.0
3345,2025-11-17,20.0,16.0,39.9617,-75.14667,19.0,-4.0
3185,2023-02-20,19.0,24.0,39.95169,-75.15888,21.0,5.0
3291,2023-05-22,6.0,2.0,40.01022,-75.197,15.0,-4.0
3241,2026-03-06,5.0,2.0,39.95225,-75.22637,20.0,-3.0
3160,2024-05-09,13.0,16.0,39.95662,-75.19862,41.0,3.0
3256,2025-02-05,32.0,25.0,39.95269,-75.17779,23.0,-7.0
3097,2025-05-09,9.0,4.0,39.97888,-75.13339,18.0,-5.0
3255,2025-11-19,19.0,26.0,39.95095,-75.16438,15.0,7.0
3047,2025-05-11,17.0,11.0,39.95073,-75.14947,20.0,-6.0
3304,2023-11-14,19.0,26.0,39.94234,-75.15399,21.0,7.0
3390,2026-01-11,5.0,4.0,39.96,-75.2244,18.0,-1.0
3034,2024-12-21,15.0,15.0,39.93315,-75.16248,16.0,0.0
3184,2024-04-20,1.0,2.0,39.94573,-75.19551,22.0,1.0
3101,2025-07-30,48.0,43.0,39.94295,-75.15955,18.0,-5.0
3116,2023-02-10,9.0,17.0,39.96006,-75.17198,21.0,8.0
3125,2024-12-13,20.0,18.0,39.94391,-75.16735,16.0,-2.0
3098,2024-08-01,24.0,25.0,39.93431,-75.16042,19.0,1.0
3161,2026-03-29,25.0,15.0,39.95486,-75.18091,23.0,-10.0
3240,2024-05-01,2.0,2.0,39.96277,-75.21185,12.0,0.0
3400,2025-03-17,15.0,16.0,39.949,-75.16081,18.0,1.0
3437,2025-10-31,3.0,4.0,39.93931,-75.20336,15.0,1.0
3015,2024-10-19,25.0,25.0,39.94735,-75.14886,11.0,0.0
3267,2023-01-06,1.0,1.0,39.918,-75.1796,12.0,0.0
3114,2026-02-19,21.0,18.0,39.93775,-75.18012,17.0,-3.0
3250,2023-10-26,8.0,8.0,39.95673,-75.14575,17.0,0.0
3261,2025-07-28,13.0,13.0,39.96304,-75.14099,17.0,0.0
3006,2026-03-09,13.0,12.0,39.9522,-75.20311,17.0,-1.0
3008,2024-08-15,6.0,8.0,39.98081,-75.15067,17.0,2.0
3266,2025-06-21,8.0,17.0,39.9237,-75.14701,22.0,9.0
3086,2024-06-04,24.0,17.0,39.94019,-75.16691,21.0,-7.0
3258,2024-10-01,6.0,4.0,39.95828,-75.22424,20.0,-2.0
3051,2025-12-28,11.0,7.0,39.96744,-75.17507,37.0,-4.0
3017,2024-11-15,12.0,10.0,39.98003,-75.14371,15.0,-2.0
3020,2025-12-27,8.0,4.0,39.94855,-75.19007,36.0,-4.0
3073,2024-10-04,14.0,17.0,39.96143,-75.15242,15.0,3.0
3033,2025-03-29,13.0,15.0,39.95005,-75.15672,20.0,2.0
3120,2026-01-21,4.0,7.0,39.97522,-75.18669,19.0,3.0
3315,2023-12-28,0.0,1.0,39.94235,-75.21138,13.0,1.0
3298,2024-08-06,2.0,0.0,39.94717,-75.20691,15.0,-2.0
3212,2025-10-02,28.0,34.0,39.96383,-75.18177,32.0,6.0
3078,2026-02-20,4.0,4.0,39.95355,-75.17192,18.0,0.0
3093,2023-05-14,6.0,6.0,39.98837,-75.18701,16.0,0.0
3345,2025-01-31,1.0,3.0,39.9617,-75.14667,19.0,2.0
3323,2025-09-12,0.0,3.0,40.02796,-75.2277,18.0,3.0
3078,2025-10-22,38.0,38.0,39.95355,-75.17192,18.0,0.0
3104,2023-07-25,8.0,8.0,39.96664,-75.19209,13.0,0.0
3318,2024-08-16,38.0,41.0,39.95182,-75.16395,20.0,3.0
3197,2024-08-19,17.0,16.0,39.92083,-75.17033,23.0,-1.0
3273,2023-04-03,2.0,4.0,,,,2.0
3102,2026-02-22,1.0,4.0,39.96759,-75.17952,26.0,3.0
3281,2024-12-31,3.0,3.0,39.9323,-75.2162,15.0,0.0
3205,2024-02-19,11.0,10.0,39.95405,-75.16783,22.0,-1.0
3006,2023-07-08,14.0,14.0,39.9522,-75.20311,17.0,0.0
3369,2025-08-15,6.0,6.0,40.00772,-75.19194,16.0,0.0
3277,2023-09-29,7.0,2.0,39.98306,-75.16738,20.0,-5.0
3053,2025-12-23,18.0,17.0,39.93231,-75.18154,19.0,-1.0
3160,2023-04-10,21.0,17.0,39.95662,-75.19862,41.0,-4.0
3182,2023-02-11,21.0,21.0,,,,0.0
3056,2025-07-27,16.0,18.0,39.97669,-75.15813,22.0,2.0
3114,2024-05-25,19.0,19.0,39.93775,-75.18012,17.0,0.0
3356,2023-11-01,2.0,1.0,39.89322,-75.17187,19.0,-1.0
3376,2025-01-30,2.0,1.0,39.97183,-75.14878,8.0,-1.0
3281,2024-10-15,4.0,4.0,39.9323,-75.2162,15.0,0.0
3394,2025-09-14,10.0,9.0,39.924,-75.16959,14.0,-1.0
3113,2024-09-05,4.0,4.0,39.97472,-75.19781,12.0,0.0
3112,2023-12-31,3.0,1.0,39.95373,-75.21825,18.0,-2.0
3365,2025-09-03,11.0,14.0,39.96173,-75.18788,17.0,3.0
3041,2023-05-10,14.0,19.0,39.96849,-75.13546,26.0,5.0
3342,2024-12-01,4.0,7.0,39.9639,-75.17385,20.0,3.0
3062,2024-09-25,20.0,20.0,,,,0.0
3047,2025-10-16,25.0,24.0,39.95073,-75.14947,20.0,-1.0
3324,2023-04-14,10.0,10.0,39.99484,-75.19242,23.0,0.0
3369,2025-12-12,4.0,3.0,40.00772,-75.19194,16.0,-1.0
3344,2024-12-12,5.0,3.0,39.95961,-75.23354,23.0,-2.0
3110,2023-07-18,8.0,9.0,39.96175,-75.13641,19.0,1.0
3341,2024-01-15,3.0,1.0,39.98131,-75.12732,20.0,-2.0
3063,2024-01-10,21.0,21.0,39.94633,-75.1698,25.0,0.0
3259,2026-03-24,9.0,5.0,39.95998,-75.19883,17.0,-4.0
3368,2024-10-26,3.0,3.0,39.97647,-75.17362,17.0,0.0
3057,2024-08-26,34.0,34.0,39.96439,-75.17987,26.0,0.0
3277,2025-01-30,2.0,2.0,39.98306,-75.16738,20.0,0.0
3253,2023-02-21,3.0,5.0,39.93074,-75.18924,21.0,2.0
3185,2025-06-02,43.0,30.0,39.95169,-75.15888,21.0,-13.0
3382,2024-08-17,17.0,15.0,39.95038,-75.17309,11.0,-2.0
3210,2025-04-29,18.0,20.0,39.98492,-75.15668,18.0,2.0
3016,2024-10-06,4.0,2.0,39.96892,-75.1547,15.0,-2.0
3160,2024-06-24,34.0,31.0,39.95662,-75.19862,41.0,-3.0
3238,2023-01-15,13.0,13.0,39.97674,-75.11995,11.0,0.0
3055,2026-02-01,1.0,1.0,39.95112,-75.15457,15.0,0.0
3022,2025-10-01,50.0,62.0,39.95472,-75.18323,21.0,12.0
3053,2023-07-23,18.0,21.0,39.93231,-75.18154,19.0,3.0
3240,2025-08-06,1.0,1.0,39.96277,-75.21185,12.0,0.0
3116,2024-12-29,12.0,14.0,39.96006,-75.17198,21.0,2.0
3029,2025-05-04,16.0,16.0,39.9538,-75.19479,17.0,0.0
3357,2024-07-17,3.0,2.0,39.9104,-75.16588,27.0,-1.0
3073,2025-01-18,5.0,7.0,39.96143,-75.15242,15.0,2.0
3117,2026-01-21,0.0,1.0,39.97841,-75.22399,14.0,1.0
3060,2023-11-02,4.0,3.0,39.95923,-75.17036,19.0,-1.0
3268,2025-12-27,0.0,1.0,39.97633,-75.15101,22.0,1.0
3316,2025-11-27,3.0,6.0,39.92255,-75.17337,19.0,3.0
3250,2025-03-10,2.0,0.0,39.95673,-75.14575,17.0,-2.0
3200,2025-06-15,6.0,5.0,39.97583,-75.16846,17.0,-1.0
3106,2023-04-05,3.0,4.0,39.99179,-75.18637,17.0,1.0
3166,2025-09-24,17.0,15.0,39.97195,-75.13445,22.0,-2.0
3376,2025-10-18,10.0,13.0,39.97183,-75.14878,8.0,3.0
3255,2024-11-23,27.0,28.0,39.95095,-75.16438,15.0,1.0
3346,2025-06-13,39.0,36.0,39.94883,-75.15097,17.0,-3.0
3388,2024-10-04,1.0,2.0,39.96634,-75.15097,19.0,1.0
3334,2025-10-24,28.0,31.0,39.9302,-75.15636,19.0,3.0
3116,2023-04-09,6.0,8.0,39.96006,-75.17198,21.0,2.0
3337,2024-12-03,6.0,8.0,39.97318,-75.14612,15.0,2.0
3341,2025-07-03,9.0,10.0,39.98131,-75.12732,20.0,1.0
3240,2024-01-07,1.0,0.0,39.96277,-75.21185,12.0,-1.0
3226,2025-10-09,6.0,5.0,39.98101,-75.13721,18.0,-1.0
3054,2025-07-04,49.0,50.0,39.9625,-75.1742,35.0,1.0
3066,2024-05-27,19.0,15.0,39.94561,-75.17348,29.0,-4.0
3016,2023-09-15,5.0,5.0,39.96892,-75.1547,15.0,0.0
3102,2026-03-31,48.0,48.0,39.96759,-75.17952,26.0,0.0
3395,2025-08-30,7.0,3.0,39.93866,-75.16351,13.0,-4.0
3213,2025-10-01,66.0,58.0,39.93887,-75.16663,25.0,-8.0
3049,2025-04-12,7.0,6.0,39.94509,-75.1425,29.0,-1.0
3338,2024-08-28,3.0,2.0,39.95098,-75.23035,21.0,-1.0
3313,2025-08-13,8.0,6.0,39.9158,-75.1643,9.0,-2.0
3278,2024-05-24,0.0,1.0,39.99301,-75.1681,11.0,1.0
3399,2025-06-30,9.0,10.0,39.97502,-75.14006,15.0,1.0
3238,2024-03-01,23.0,19.0,39.97674,-75.11995,11.0,-4.0
3252,2025-08-21,18.0,13.0,39.93882,-75.19324,14.0,-5.0
3255,2024-05-03,29.0,28.0,39.95095,-75.16438,15.0,-1.0
3241,2024-02-01,2.0,3.0,39.95225,-75.22637,20.0,1.0
3374,2025-05-03,25.0,28.0,39.9728,-75.17971,18.0,3.0
3158,2025-09-01,13.0,16.0,39.92552,-75.16904,15.0,3.0
3248,2024-10-30,22.0,21.0,39.94213,-75.18335,22.0,-1.0
3253,2025-09-14,9.0,11.0,39.93074,-75.18924,21.0,2.0
3071,2023-03-08,10.0,9.0,,,,-1.0
3243,2025-05-08,4.0,3.0,39.9835,-75.14743,12.0,-1.0
3053,2023-01-06,13.0,12.0,39.93231,-75.18154,19.0,-1.0
3265,2023-11-22,10.0,13.0,39.95957,-75.19633,13.0,3.0
3033,2023-09-03,9.0,9.0,39.95005,-75.15672,20.0,0.0
3320,2025-11-08,12.0,13.0,39.9746,-75.15917,17.0,1.0
3298,2024-06-11,4.0,2.0,39.94717,-75.20691,15.0,-2.0
3187,2025-03-14,7.0,8.0,39.95725,-75.17232,19.0,1.0
3261,2023-12-05,12.0,11.0,39.96304,-75.14099,17.0,-1.0
3051,2023-07-07,21.0,20.0,39.96744,-75.17507,37.0,-1.0
3275,2025-10-06,13.0,12.0,39.97576,-75.12157,22.0,-1.0
3285,2025-08-25,12.0,11.0,39.95946,-75.14745,19.0,-1.0
3334,2025-02-22,7.0,7.0,39.9302,-75.15636,19.0,0.0
3374,2025-05-16,26.0,25.0,39.9728,-75.17971,18.0,-1.0
3059,2025-01-30,23.0,26.0,39.96244,-75.16121,21.0,3.0
3251,2023-03-04,1.0,2.0,39.93366,-75.19319,16.0,1.0
3019,2023-03-10,1.0,1.0,39.95403,-75.14983,15.0,0.0
3211,2023-11-19,6.0,7.0,39.97172,-75.1706,22.0,1.0
3264,2024-04-15,25.0,24.0,39.94571,-75.15508,23.0,-1.0
3208,2023-07-19,49.0,37.0,39.95048,-75.19324,28.0,-12.0
3393,2024-11-23,17.0,15.0,39.96727,-75.13999,18.0,-2.0
3211,2024-07-28,11.0,9.0,39.97172,-75.1706,22.0,-2.0
3407,2025-10-19,8.0,7.0,39.9785,-75.13911,15.0,-1.0
3347,2025-05-31,18.0,14.0,,,,-4.0
3053,2025-11-30,7.0,12.0,39.93231,-75.18154,19.0,5.0
3252,2023-06-14,7.0,6.0,39.93882,-75.19324,14.0,-1.0
3155,2026-03-25,24.0,22.0,39.94018,-75.15442,18.0,-2.0
3254,2023-04-23,5.0,3.0,39.98091,-75.16065,18.0,-2.0
3338,2025-08-26,7.0,5.0,39.95098,-75.23035,21.0,-2.0
3368,2025-04-06,1.0,1.0,39.97647,-75.17362,17.0,0.0
3340,2024-11-23,20.0,18.0,39.96906,-75.18169,17.0,-2.0
3308,2023-11-29,4.0,2.0,,,,-2.0
3067,2025-07-03,5.0,7.0,39.96411,-75.19973,17.0,2.0
3164,2023-08-12,20.0,21.0,39.92814,-75.16515,18.0,1.0
3055,2026-01-06,14.0,10.0,39.95112,-75.15457,15.0,-4.0
3252,2025-07-08,8.0,10.0,39.93882,-75.19324,14.0,2.0
3064,2026-02-28,23.0,20.0,39.9384,-75.17327,22.0,-3.0
3313,2025-02-21,1.0,2.0,39.9158,-75.1643,9.0,1.0
3409,2025-09-23,14.0,14.0,39.95508,-75.15128,20.0,0.0
3125,2024-11-17,20.0,16.0,39.94391,-75.16735,16.0,-4.0
3112,2024-04-08,8.0,8.0,39.95373,-75.21825,18.0,0.0
3020,2025-01-29,36.0,36.0,39.94855,-75.19007,36.0,0.0
3024,2023-06-12,4.0,7.0,39.94822,-75.20908,19.0,3.0
3200,2025-08-02,21.0,20.0,39.97583,-75.16846,17.0,-1.0
3247,2023-01-25,0.0,1.0,39.96538,-75.21514,16.0,1.0
3111,2025-08-21,1.0,1.0,39.97779,-75.21323,14.0,0.0
3053,2023-05-03,15.0,12.0,39.93231,-75.18154,19.0,-3.0
3226,2025-05-07,6.0,3.0,39.98101,-75.13721,18.0,-3.0
3299,2023-12-26,13.0,12.0,39.94332,-75.15698,22.0,-1.0
3075,2026-03-16,11.0,12.0,39.96718,-75.16125,12.0,1.0
3276,2025-05-31,8.0,5.0,39.96569,-75.15679,18.0,-3.0
3332,2024-02-21,0.0,1.0,40.00537,-75.18143,12.0,1.0
3183,2025-05-26,6.0,6.0,39.88994,-75.17679,20.0,0.0
3113,2025-12-19,2.0,1.0,39.97472,-75.19781,12.0,-1.0
3328,2025-09-09,6.0,6.0,39.98798,-75.1995,23.0,0.0
3303,2025-10-11,11.0,8.0,39.9559,-75.2053,20.0,-3.0
3054,2024-12-18,34.0,24.0,39.9625,-75.1742,35.0,-10.0
3374,2026-02-18,11.0,14.0,39.9728,-75.17971,18.0,3.0
3029,2024-09-22,24.0,22.0,39.9538,-75.19479,17.0,-2.0
3158,2024-11-07,20.0,23.0,39.92552,-75.16904,15.0,3.0
3226,2023-07-14,8.0,5.0,39.98101,-75.13721,18.0,-3.0
3422,2025-12-13,2.0,5.0,39.95619,-75.18647,10.0,3.0
3251,2026-03-19,2.0,4.0,39.93366,-75.19319,16.0,2.0
3369,2024-01-13,2.0,1.0,40.00772,-75.19194,16.0,-1.0
3368,2025-12-15,2.0,3.0,39.97647,-75.17362,17.0,1.0
3370,2025-02-19,2.0,1.0,40.0163,-75.21241,16.0,-1.0
3060,2025-10-14,13.0,12.0,39.95923,-75.17036,19.0,-1.0
3382,2025-08-10,26.0,30.0,39.95038,-75.17309,11.0,4.0
3303,2025-10-17,11.0,7.0,39.9559,-75.2053,20.0,-4.0
3328,2025-05-18,43.0,47.0,39.98798,-75.1995,23.0,4.0
3062,2024-02-06,10.0,10.0,,,,0.0
3029,2024-03-03,17.0,17.0,39.9538,-75.19479,17.0,0.0
3210,2024-07-18,16.0,14.0,39.98492,-75.15668,18.0,-2.0
3152,2026-03-28,5.0,5.0,39.94993,-75.20286,17.0,0.0
3034,2023-10-10,41.0,41.0,39.93315,-75.16248,16.0,0.0
3264,2025-03-19,25.0,30.0,39.94571,-75.15508,23.0,5.0
3345,2025-05-25,8.0,9.0,39.9617,-75.14667,19.0,1.0
3063,2024-10-24,60.0,55.0,39.94633,-75.1698,25.0,-5.0
3058,2025-08-27,35.0,36.0,,,,1.0
3333,2025-06-22,6.0,6.0,39.9541,-75.16965,25.0,0.0
3169,2025-07-14,27.0,28.0,39.95382,-75.14263,17.0,1.0
3054,2023-04-05,42.0,52.0,39.9625,-75.1742,35.0,10.0
3158,2023-03-15,7.0,4.0,39.92552,-75.16904,15.0,-3.0
3281,2024-09-09,3.0,2.0,39.9323,-75.2162,15.0,-1.0
3067,2023-04-13,7.0,8.0,39.96411,-75.19973,17.0,1.0
3014,2025-05-17,4.0,6.0,39.95886,-75.17369,25.0,2.0
3241,2024-01-21,1.0,1.0,39.95225,-75.22637,20.0,0.0
3299,2024-10-20,26.0,24.0,39.94332,-75.15698,22.0,-2.0
3240,2025-12-12,2.0,0.0,39.96277,-75.21185,12.0,-2.0
3007,2025-11-01,39.0,32.0,39.94517,-75.15993,20.0,-7.0
3203,2023-03-31,31.0,22.0,39.94077,-75.17227,20.0,-9.0
3233,2024-01-09,1.0,0.0,,,,-1.0
3020,2023-07-24,62.0,40.0,39.94855,-75.19007,36.0,-22.0
3241,2024-06-12,10.0,12.0,39.95225,-75.22637,20.0,2.0
3252,2023-09-15,7.0,12.0,39.93882,-75.19324,14.0,5.0
3360,2025-09-16,30.0,25.0,39.93304,-75.16822,22.0,-5.0
3233,2024-05-30,3.0,3.0,,,,0.0
3393,2025-10-19,16.0,17.0,39.96727,-75.13999,18.0,1.0
3025,2023-08-03,27.0,27.0,39.93724,-75.1612,15.0,0.0
3271,2023-04-09,2.0,1.0,39.9476,-75.22946,18.0,-1.0
3053,2024-07-19,29.0,30.0,39.93231,-75.18154,19.0,1.0
3162,2023-11-25,2.0,3.0,39.94595,-75.18475,34.0,1.0
3125,2025-03-22,24.0,24.0,39.94391,-75.16735,16.0,0.0
3265,2024-04-10,14.0,10.0,39.95957,-75.19633,13.0,-4.0
3431,2025-09-17,1.0,2.0,39.96239,-75.24522,15.0,1.0
3182,2024-01-18,9.0,7.0,,,,-2.0
3226,2025-01-07,3.0,1.0,39.98101,-75.13721,18.0,-2.0
3015,2023-08-01,24.0,22.0,39.94735,-75.14886,11.0,-2.0
3278,2025-02-23,2.0,1.0,39.99301,-75.1681,11.0,-1.0
3006,2023-12-17,7.0,8.0,39.9522,-75.20311,17.0,1.0
3301,2026-02-05,13.0,13.0,39.95029,-75.17126,15.0,0.0
3335,2025-09-27,16.0,11.0,40.02237,-75.218,18.0,-5.0
3267,2023-05-08,7.0,8.0,39.918,-75.1796,12.0,1.0
3022,2025-11-01,28.0,36.0,39.95472,-75.18323,21.0,8.0
3020,2025-12-19,41.0,20.0,39.94855,-75.19007,36.0,-21.0
3267,2025-10-27,10.0,8.0,39.918,-75.1796,12.0,-2.0
3313,2025-07-17,3.0,3.0,39.9158,-75.1643,9.0,0.0
3203,2026-01-25,1.0,1.0,39.94077,-75.17227,20.0,0.0
3111,2025-09-09,4.0,4.0,39.97779,-75.21323,14.0,0.0
3051,2025-12-09,15.0,13.0,39.96744,-75.17507,37.0,-2.0
3243,2024-12-17,0.0,2.0,39.9835,-75.14743,12.0,2.0
3246,2024-10-31,6.0,8.0,39.94782,-75.22301,17.0,2.0
3258,2024-10-21,12.0,11.0,39.95828,-75.22424,20.0,-1.0
3041,2026-03-31,20.0,27.0,39.96849,-75.13546,26.0,7.0
3331,2026-03-01,3.0,2.0,39.97116,-75.12813,20.0,-1.0
3331,2023-08-01,3.0,7.0,39.97116,-75.12813,20.0,4.0
3335,2024-05-04,7.0,6.0,40.02237,-75.218,18.0,-1.0
3110,2023-05-26,21.0,22.0,39.96175,-75.13641,19.0,1.0
3021,2025-02-04,17.0,19.0,39.9539,-75.16902,34.0,2.0
3263,2024-10-08,7.0,5.0,39.9586,-75.2081,18.0,-2.0
3154,2024-08-20,23.0,26.0,39.95924,-75.15821,16.0,3.0
3074,2024-06-15,10.0,12.0,39.95511,-75.20987,15.0,2.0
3070,2024-01-28,5.0,2.0,,,,-3.0
3196,2025-08-09,2.0,1.0,39.98717,-75.17477,17.0,-1.0
3005,2025-12-04,21.0,21.0,39.94733,-75.14403,13.0,0.0
3200,2024-03-07,2.0,6.0,39.97583,-75.16846,17.0,4.0
3063,2024-07-06,36.0,34.0,39.94633,-75.1698,25.0,-2.0
3382,2024-08-03,24.0,23.0,39.95038,-75.17309,11.0,-1.0
3427,2025-08-23,3.0,6.0,39.97961,-75.11844,14.0,3.0
3319,2023-07-10,3.0,6.0,39.96672,-75.12964,16.0,3.0
3009,2025-03-13,16.0,17.0,39.95576,-75.18982,14.0,1.0
3068,2024-08-27,21.0,29.0,39.93549,-75.16711,18.0,8.0
3181,2023-01-02,1.0,1.0,39.89629,-75.17514,20.0,0.0
3162,2024-11-23,10.0,9.0,39.94595,-75.18475,34.0,-1.0
3294,2023-09-04,33.0,44.0,39.95174,-75.17063,21.0,11.0
3106,2023-02-11,1.0,0.0,39.99179,-75.18637,17.0,-1.0
3310,2026-02-05,1.0,1.0,39.98024,-75.18651,15.0,0.0
3068,2026-01-18,5.0,8.0,39.93549,-75.16711,18.0,3.0
3340,2024-08-05,22.0,24.0,39.96906,-75.18169,17.0,2.0
3031,2025-06-06,8.0,7.0,39.98005,-75.15522,21.0,-1.0
3051,2024-11-20,33.0,25.0,39.96744,-75.17507,37.0,-8.0
3369,2025-05-09,1.0,2.0,40.00772,-75.19194,16.0,1.0
3241,2024-03-29,4.0,3.0,39.95225,-75.22637,20.0,-1.0
3371,2026-01-10,6.0,4.0,39.9534,-75.1543,19.0,-2.0
3102,2023-11-21,17.0,10.0,39.96759,-75.17952,26.0,-7.0
3181,2024-07-21,1.0,1.0,39.89629,-75.17514,20.0,0.0
3016,2025-03-03,4.0,2.0,39.96892,-75.1547,15.0,-2.0
3073,2025-03-26,8.0,9.0,39.96143,-75.15242,15.0,1.0
3333,2025-09-06,9.0,3.0,39.9541,-75.16965,25.0,-6.0
3054,2024-09-10,66.0,69.0,39.9625,-75.1742,35.0,3.0
3019,2024-05-20,9.0,10.0,39.95403,-75.14983,15.0,1.0
3210,2025-12-09,5.0,5.0,39.98492,-75.15668,18.0,0.0
3284,2025-12-30,0.0,1.0,40.01112,-75.19287,14.0,1.0
3366,2023-12-29,3.0,3.0,,,,0.0
3391,2025-04-06,0.0,1.0,39.99667,-75.23482,13.0,1.0
3310,2023-08-04,0.0,2.0,39.98024,-75.18651,15.0,2.0
3061,2023-03-30,28.0,17.0,,,,-11.0
3113,2025-09-10,2.0,3.0,39.97472,-75.19781,12.0,1.0
3110,2024-05-26,17.0,15.0,39.96175,-75.13641,19.0,-2.0
3267,2024-06-29,8.0,13.0,39.918,-75.1796,12.0,5.0
3272,2023-06-12,2.0,3.0,39.96405,-75.22048,13.0,1.0
3255,2025-02-04,29.0,26.0,39.95095,-75.16438,15.0,-3.0
3389,2025-05-15,14.0,16.0,39.94431,-75.18128,16.0,2.0
3072,2023-08-04,8.0,10.0,39.93445,-75.14541,25.0,2.0
3212,2025-06-03,19.0,20.0,39.96383,-75.18177,32.0,1.0
3338,2023-06-05,0.0,1.0,39.95098,-75.23035,21.0,1.0
3150,2024-06-23,16.0,13.0,39.92884,-75.17021,17.0,-3.0
3114,2024-09-28,15.0,13.0,39.93775,-75.18012,17.0,-2.0
3066,2025-06-04,54.0,60.0,39.94561,-75.17348,29.0,6.0
3097,2024-09-26,15.0,13.0,39.97888,-75.13339,18.0,-2.0
3209,2025-01-04,2.0,3.0,39.949,-75.21278,14.0,1.0
3408,2025-05-29,14.0,15.0,39.9216,-75.15,17.0,1.0
3012,2025-07-15,42.0,43.0,39.94218,-75.17747,27.0,1.0
3157,2026-01-06,10.0,15.0,39.92545,-75.15954,18.0,5.0
3346,2024-03-23,5.0,1.0,39.94883,-75.15097,17.0,-4.0
3067,2024-10-30,6.0,8.0,39.96411,-75.19973,17.0,2.0
3246,2023-01-29,2.0,5.0,39.94782,-75.22301,17.0,3.0
3306,2025-07-01,1.0,0.0,39.99683,-75.17761,11.0,-1.0
3321,2024-05-02,18.0,17.0,39.95485,-75.17298,21.0,-1.0
3350,2025-03-25,4.0,3.0,39.99415,-75.15527,20.0,-1.0
3117,2024-12-15,2.0,2.0,39.97841,-75.22399,14.0,0.0
3034,2025-02-09,22.0,18.0,39.93315,-75.16248,16.0,-4.0
3296,2023-07-08,39.0,41.0,39.95134,-75.16758,21.0,2.0
3164,2023-01-04,14.0,22.0,39.92814,-75.16515,18.0,8.0
3020,2025-04-02,49.0,48.0,39.94855,-75.19007,36.0,-1.0
3190,2023-07-06,40.0,31.0,,,,-9.0
3237,2025-07-26,14.0,14.0,39.91717,-75.17096,21.0,0.0
3031,2023-05-05,14.0,15.0,39.98005,-75.15522,21.0,1.0
3009,2026-03-07,11.0,11.0,39.95576,-75.18982,14.0,0.0
3208,2025-04-11,23.0,27.0,39.95048,-75.19324,28.0,4.0
3245,2023-01-12,3.0,2.0,39.97887,-75.15777,20.0,-1.0
3029,2025-02-06,12.0,12.0,39.9538,-75.19479,17.0,0.0
3037,2024-11-16,15.0,15.0,39.95424,-75.16138,21.0,0.0
3007,2026-03-27,28.0,31.0,39.94517,-75.15993,20.0,3.0
3430,2026-01-02,4.0,6.0,39.97408,-75.1801,14.0,2.0
3309,2023-03-07,2.0,2.0,,,,0.0
3434,2026-01-01,1.0,1.0,39.97487,-75.13286,15.0,0.0
3361,2023-12-21,16.0,20.0,39.93082,-75.17474,21.0,4.0
3114,2025-09-25,22.0,20.0,39.93775,-75.18012,17.0,-2.0
3319,2023-12-05,0.0,1.0,39.96672,-75.12964,16.0,1.0
3159,2024-12-13,15.0,16.0,39.95121,-75.19962,23.0,1.0
3251,2023-03-23,2.0,3.0,39.93366,-75.19319,16.0,1.0
3212,2024-09-16,22.0,18.0,39.96383,-75.18177,32.0,-4.0
3039,2023-03-08,9.0,7.0,39.97157,-75.15993,17.0,-2.0
3252,2024-03-01,11.0,10.0,39.93882,-75.19324,14.0,-1.0
3041,2024-05-31,21.0,26.0,39.96849,-75.13546,26.0,5.0
3306,2025-07-30,1.0,0.0,39.99683,-75.17761,11.0,-1.0
3204,2024-11-01,20.0,21.0,39.96437,-75.16582,22.0,1.0
3374,2024-09-15,23.0,22.0,39.9728,-75.17971,18.0,-1.0
3255,2024-06-29,18.0,19.0,39.95095,-75.16438,15.0,1.0
3203,2026-01-30,10.0,6.0,39.94077,-75.17227,20.0,-4.0
3411,2025-05-15,1.0,3.0,39.96693,-75.23359,15.0,2.0
3050,2023-06-22,15.0,19.0,,,,4.0
3241,2024-08-26,6.0,11.0,39.95225,-75.22637,20.0,5.0
3031,2025-12-17,6.0,5.0,39.98005,-75.15522,21.0,-1.0
3304,2025-06-08,22.0,15.0,39.94234,-75.15399,21.0,-7.0
3399,2025-06-28,13.0,13.0,39.97502,-75.14006,15.0,0.0
3283,2024-03-08,2.0,1.0,,,,-1.0
3329,2025-04-16,1.0,0.0,40.02651,-75.22445,15.0,-1.0
3062,2023-10-12,12.0,13.0,,,,1.0
3200,2023-11-10,3.0,3.0,39.97583,-75.16846,17.0,0.0
3254,2025-08-12,7.0,5.0,39.98091,-75.16065,18.0,-2.0
3317,2024-06-15,4.0,4.0,,,,0.0
3157,2023-10-21,12.0,10.0,39.92545,-75.15954,18.0,-2.0
3375,2024-03-23,4.0,5.0,39.96036,-75.1402,22.0,1.0
3155,2023-03-15,17.0,18.0,39.94018,-75.15442,18.0,1.0
3292,2023-11-15,5.0,4.0,39.92,-75.1562,17.0,-1.0
3007,2023-04-06,26.0,28.0,39.94517,-75.15993,20.0,2.0
3245,2023-06-18,24.0,18.0,39.97887,-75.15777,20.0,-6.0
3012,2023-07-04,25.0,33.0,39.94218,-75.17747,27.0,8.0
3330,2023-09-11,12.0,10.0,,,,-2.0
3363,2025-11-20,34.0,26.0,39.94655,-75.16263,17.0,-8.0
3150,2023-12-03,3.0,6.0,39.92884,-75.17021,17.0,3.0
3297,2025-06-06,11.0,8.0,39.95821,-75.16901,19.0,-3.0
3039,2023-09-17,19.0,16.0,39.97157,-75.15993,17.0,-3.0
3037,2024-06-16,31.0,27.0,39.95424,-75.16138,21.0,-4.0
3061,2023-01-22,9.0,10.0,,,,1.0
3388,2025-11-07,3.0,3.0,39.96634,-75.15097,19.0,0.0
3345,2024-07-23,17.0,16.0,39.9617,-75.14667,19.0,-1.0
3448,2026-02-27,7.0,8.0,39.93995,-75.16604,5.0,1.0
3315,2024-05-12,3.0,2.0,39.94235,-75.21138,13.0,-1.0
3185,2024-11-09,43.0,40.0,39.95169,-75.15888,21.0,-3.0
3028,2023-02-07,23.0,24.0,39.94061,-75.14958,15.0,1.0
3058,2025-09-17,34.0,25.0,,,,-9.0
3336,2023-09-25,8.0,8.0,39.95719,-75.19388,20.0,0.0
3374,2026-02-14,6.0,5.0,39.9728,-75.17971,18.0,-1.0
3374,2025-05-25,24.0,26.0,39.9728,-75.17971,18.0,2.0
3019,2023-08-15,13.0,10.0,39.95403,-75.14983,15.0,-3.0
3281,2023-08-03,1.0,2.0,39.9323,-75.2162,15.0,1.0
3156,2023-11-11,8.0,12.0,39.95381,-75.17407,22.0,4.0
3067,2023-11-28,5.0,4.0,39.96411,-75.19973,17.0,-1.0
3395,2025-06-28,15.0,9.0,39.93866,-75.16351,13.0,-6.0
3341,2023-11-06,2.0,4.0,39.98131,-75.12732,20.0,2.0
3291,2023-06-06,3.0,2.0,40.01022,-75.197,15.0,-1.0
3125,2025-08-29,46.0,46.0,39.94391,-75.16735,16.0,0.0
3350,2026-03-15,1.0,2.0,39.99415,-75.15527,20.0,1.0
3124,2023-01-25,1.0,2.0,39.95367,-75.13956,17.0,1.0
3374,2024-06-09,13.0,15.0,39.9728,-75.17971,18.0,2.0
3033,2025-03-31,26.0,20.0,39.95005,-75.15672,20.0,-6.0
3252,2025-02-22,3.0,2.0,39.93882,-75.19324,14.0,-1.0
3247,2025-03-03,0.0,1.0,39.96538,-75.21514,16.0,1.0
3038,2023-07-28,50.0,52.0,39.94781,-75.19409,28.0,2.0
3256,2025-12-14,5.0,5.0,39.95269,-75.17779,23.0,0.0
3395,2024-09-25,11.0,16.0,39.93866,-75.16351,13.0,5.0
3150,2024-02-05,3.0,6.0,39.92884,-75.17021,17.0,3.0
3226,2025-01-16,1.0,1.0,39.98101,-75.13721,18.0,0.0
3159,2026-01-25,2.0,2.0,39.95121,-75.19962,23.0,0.0
3071,2023-08-18,17.0,22.0,,,,5.0
3158,2025-12-31,6.0,7.0,39.92552,-75.16904,15.0,1.0
3056,2024-11-11,9.0,5.0,39.97669,-75.15813,22.0,-4.0
3329,2024-06-19,4.0,4.0,40.02651,-75.22445,15.0,0.0
3156,2024-10-15,34.0,33.0,39.95381,-75.17407,22.0,-1.0
3212,2026-01-20,2.0,0.0,39.96383,-75.18177,32.0,-2.0
3049,2025-03-19,11.0,9.0,39.94509,-75.1425,29.0,-2.0
3207,2024-11-24,16.0,18.0,39.95441,-75.192,20.0,2.0
3366,2024-02-05,1.0,2.0,,,,1.0
3337,2023-11-08,15.0,13.0,39.97318,-75.14612,15.0,-2.0
3053,2023-03-01,9.0,12.0,39.93231,-75.18154,19.0,3.0
3349,2026-03-29,9.0,7.0,39.93651,-75.18621,17.0,-2.0
3182,2025-09-06,23.0,21.0,,,,-2.0
3024,2025-08-04,6.0,6.0,39.94822,-75.20908,19.0,0.0
3315,2023-05-07,1.0,0.0,39.94235,-75.21138,13.0,-1.0
3316,2025-03-25,5.0,12.0,39.92255,-75.17337,19.0,7.0
3017,2023-11-10,6.0,8.0,39.98003,-75.14371,15.0,2.0
3164,2024-03-07,15.0,9.0,39.92814,-75.16515,18.0,-6.0
3292,2026-03-19,10.0,10.0,39.92,-75.1562,17.0,0.0
3212,2023-07-01,48.0,47.0,39.96383,-75.18177,32.0,-1.0
3250,2024-06-17,8.0,2.0,39.95673,-75.14575,17.0,-6.0
3030,2025-04-13,19.0,18.0,,,,-1.0
3378,2025-12-27,5.0,5.0,39.95238,-75.14728,18.0,0.0
3088,2023-03-02,8.0,12.0,39.96984,-75.1418,35.0,4.0
3055,2024-05-04,10.0,10.0,39.95112,-75.15457,15.0,0.0
3319,2026-03-25,17.0,17.0,39.96672,-75.12964,16.0,0.0
3209,2023-11-14,6.0,11.0,39.949,-75.21278,14.0,5.0
3041,2026-03-04,16.0,14.0,39.96849,-75.13546,26.0,-2.0
3311,2023-05-20,6.0,6.0,,,,0.0
3111,2025-04-22,7.0,7.0,39.97779,-75.21323,14.0,0.0
3182,2025-04-14,26.0,27.0,,,,1.0
3118,2025-07-26,7.0,2.0,39.95866,-75.21323,20.0,-5.0
3292,2023-12-14,6.0,6.0,39.92,-75.1562,17.0,0.0
3210,2023-02-15,20.0,21.0,39.98492,-75.15668,18.0,1.0
3205,2025-04-19,12.0,13.0,39.95405,-75.16783,22.0,1.0
3301,2026-03-02,11.0,9.0,39.95029,-75.17126,15.0,-2.0
3007,2023-02-17,11.0,17.0,39.94517,-75.15993,20.0,6.0
3161,2024-07-03,33.0,50.0,39.95486,-75.18091,23.0,17.0
3115,2023-12-22,4.0,6.0,39.97263,-75.16757,18.0,2.0
3102,2024-08-04,17.0,18.0,39.96759,-75.17952,26.0,1.0
3124,2024-07-07,37.0,30.0,39.95367,-75.13956,17.0,-7.0
3319,2025-02-12,1.0,2.0,39.96672,-75.12964,16.0,1.0
3271,2023-06-10,0.0,1.0,39.9476,-75.22946,18.0,1.0
3088,2025-12-10,2.0,7.0,39.96984,-75.1418,35.0,5.0
3038,2023-01-30,25.0,28.0,39.94781,-75.19409,28.0,3.0
3316,2023-10-02,10.0,16.0,39.92255,-75.17337,19.0,6.0
3005,2023-08-22,15.0,18.0,39.94733,-75.14403,13.0,3.0
3247,2024-02-01,0.0,1.0,39.96538,-75.21514,16.0,1.0
3038,2023-01-13,23.0,18.0,39.94781,-75.19409,28.0,-5.0
3297,2023-04-11,6.0,6.0,39.95821,-75.16901,19.0,0.0
3099,2024-04-15,14.0,10.0,39.93401,-75.15094,19.0,-4.0
3050,2023-07-04,20.0,19.0,,,,-1.0
3252,2025-05-25,19.0,18.0,39.93882,-75.19324,14.0,-1.0
3300,2023-05-06,9.0,6.0,39.95511,-75.16287,13.0,-3.0
3322,2025-03-20,18.0,16.0,39.93638,-75.15526,13.0,-2.0
3249,2023-11-29,9.0,6.0,39.95784,-75.19079,22.0,-3.0
3324,2025-06-03,9.0,10.0,39.99484,-75.19242,23.0,1.0
3060,2025-08-27,18.0,15.0,39.95923,-75.17036,19.0,-3.0
3376,2025-05-14,3.0,3.0,39.97183,-75.14878,8.0,0.0
3168,2023-08-23,55.0,46.0,,,,-9.0
3354,2025-05-11,2.0,2.0,39.95628,-75.2387,18.0,0.0
3009,2024-10-05,25.0,26.0,39.95576,-75.18982,14.0,1.0
3241,2023-04-18,6.0,6.0,39.95225,-75.22637,20.0,0.0
3346,2025-10-29,23.0,25.0,39.94883,-75.15097,17.0,2.0
3383,2024-12-31,3.0,4.0,39.96634,-75.14222,19.0,1.0
3188,2025-01-21,1.0,1.0,39.90471,-75.1734,56.0,0.0
3291,2023-07-10,5.0,4.0,40.01022,-75.197,15.0,-1.0
3226,2023-12-02,11.0,5.0,39.98101,-75.13721,18.0,-6.0
3263,2025-06-06,5.0,5.0,39.9586,-75.2081,18.0,0.0
3004,2023-02-11,2.0,2.0,39.95371,-75.16423,23.0,0.0
3357,2025-06-09,15.0,15.0,39.9104,-75.16588,27.0,0.0
3369,2024-05-06,7.0,7.0,40.00772,-75.19194,16.0,0.0
3244,2023-11-21,21.0,19.0,,,,-2.0
3053,2025-03-13,12.0,16.0,39.93231,-75.18154,19.0,4.0
3055,2023-10-27,26.0,31.0,39.95112,-75.15457,15.0,5.0
3185,2025-12-16,23.0,17.0,39.95169,-75.15888,21.0,-6.0
3124,2025-10-11,22.0,23.0,39.95367,-75.13956,17.0,1.0
3226,2025-06-11,6.0,7.0,39.98101,-75.13721,18.0,1.0
3374,2026-03-10,15.0,15.0,39.9728,-75.17971,18.0,0.0
3124,2024-08-05,23.0,22.0,39.95367,-75.13956,17.0,-1.0
3038,2026-03-27,22.0,21.0,39.94781,-75.19409,28.0,-1.0
3047,2023-12-01,10.0,10.0,39.95073,-75.14947,20.0,0.0
3118,2025-08-04,8.0,7.0,39.95866,-75.21323,20.0,-1.0
3024,2024-09-09,2.0,6.0,39.94822,-75.20908,19.0,4.0
3162,2023-12-13,11.0,11.0,39.94595,-75.18475,34.0,0.0
3035,2025-07-05,18.0,17.0,39.96271,-75.19419,20.0,-1.0
3236,2025-10-20,11.0,11.0,39.96566,-75.17765,18.0,0.0
3261,2026-01-15,8.0,5.0,39.96304,-75.14099,17.0,-3.0
3361,2024-08-30,28.0,26.0,39.93082,-75.17474,21.0,-2.0
3074,2025-06-27,25.0,24.0,39.95511,-75.20987,15.0,-1.0
3102,2023-12-22,20.0,12.0,39.96759,-75.17952,26.0,-8.0
3166,2023-09-20,20.0,20.0,39.97195,-75.13445,22.0,0.0
3054,2023-11-15,30.0,30.0,39.9625,-75.1742,35.0,0.0
3029,2024-12-21,3.0,3.0,39.9538,-75.19479,17.0,0.0
3319,2025-11-24,7.0,6.0,39.96672,-75.12964,16.0,-1.0
3295,2024-12-07,30.0,32.0,39.95028,-75.16027,21.0,2.0
3430,2025-12-18,7.0,7.0,39.97408,-75.1801,14.0,0.0
3041,2024-08-29,25.0,26.0,39.96849,-75.13546,26.0,1.0
3053,2024-09-02,22.0,23.0,39.93231,-75.18154,19.0,1.0
3363,2026-03-13,14.0,22.0,39.94655,-75.16263,17.0,8.0
3017,2024-03-02,3.0,5.0,39.98003,-75.14371,15.0,2.0
3051,2024-10-02,38.0,29.0,39.96744,-75.17507,37.0,-9.0
3100,2025-04-27,30.0,27.0,39.92777,-75.15103,38.0,-3.0
3246,2026-01-24,3.0,4.0,39.94782,-75.22301,17.0,1.0
3196,2024-07-12,2.0,1.0,39.98717,-75.17477,17.0,-1.0
3390,2024-09-21,6.0,4.0,39.96,-75.2244,18.0,-2.0
3168,2023-12-25,3.0,4.0,,,,1.0
3106,2025-06-05,1.0,0.0,39.99179,-75.18637,17.0,-1.0
3026,2023-01-19,10.0,10.0,39.94182,-75.1455,17.0,0.0
3391,2024-10-07,3.0,1.0,39.99667,-75.23482,13.0,-2.0
3197,2023-09-20,18.0,16.0,39.92083,-75.17033,23.0,-2.0
3359,2025-10-18,69.0,78.0,39.94888,-75.16978,29.0,9.0
3340,2024-11-15,32.0,22.0,39.96906,-75.18169,17.0,-10.0
3298,2024-07-03,6.0,3.0,39.94717,-75.20691,15.0,-3.0
3405,2026-01-22,13.0,14.0,39.94167,-75.16502,16.0,1.0
3016,2024-02-07,2.0,2.0,39.96892,-75.1547,15.0,0.0
3025,2024-03-03,20.0,23.0,39.93724,-75.1612,15.0,3.0
3168,2023-03-07,35.0,35.0,,,,0.0
3430,2025-12-17,7.0,10.0,39.97408,-75.1801,14.0,3.0
3283,2024-01-04,1.0,0.0,,,,-1.0
3298,2025-05-18,3.0,1.0,39.94717,-75.20691,15.0,-2.0
3107,2025-01-19,0.0,1.0,39.98203,-75.18866,18.0,1.0
3294,2023-04-08,24.0,25.0,39.95174,-75.17063,21.0,1.0
3244,2025-01-02,26.0,26.0,,,,0.0
3117,2024-10-30,6.0,8.0,39.97841,-75.22399,14.0,2.0
3345,2023-10-06,7.0,13.0,39.9617,-75.14667,19.0,6.0
3120,2025-04-29,21.0,16.0,39.97522,-75.18669,19.0,-5.0
3316,2024-04-09,5.0,3.0,39.92255,-75.17337,19.0,-2.0
3284,2023-03-04,1.0,0.0,40.01112,-75.19287,14.0,-1.0
3033,2026-03-05,10.0,17.0,39.95005,-75.15672,20.0,7.0
3334,2025-11-04,19.0,22.0,39.9302,-75.15636,19.0,3.0
3012,2023-10-07,26.0,28.0,39.94218,-75.17747,27.0,2.0
3043,2023-11-04,20.0,17.0,,,,-3.0
3329,2023-05-24,3.0,3.0,40.02651,-75.22445,15.0,0.0
3267,2023-01-09,5.0,2.0,39.918,-75.1796,12.0,-3.0
3200,2025-03-16,1.0,2.0,39.97583,-75.16846,17.0,1.0
3250,2024-12-02,2.0,2.0,39.95673,-75.14575,17.0,0.0
3304,2024-04-28,32.0,39.0,39.94234,-75.15399,21.0,7.0
3157,2024-07-04,29.0,35.0,39.92545,-75.15954,18.0,6.0
3394,2024-11-27,9.0,8.0,39.924,-75.16959,14.0,-1.0
3100,2025-01-10,12.0,17.0,39.92777,-75.15103,38.0,5.0
3400,2025-11-27,5.0,4.0,39.949,-75.16081,18.0,-1.0
3209,2023-10-18,13.0,14.0,39.949,-75.21278,14.0,1.0
3277,2026-01-05,3.0,2.0,39.98306,-75.16738,20.0,-1.0
3209,2025-04-22,10.0,6.0,39.949,-75.21278,14.0,-4.0
3059,2025-11-03,35.0,41.0,39.96244,-75.16121,21.0,6.0
3111,2025-06-27,1.0,1.0,39.97779,-75.21323,14.0,0.0
3245,2025-05-14,1.0,1.0,39.97887,-75.15777,20.0,0.0
3317,2023-04-01,1.0,0.0,,,,-1.0
3327,2025-12-02,1.0,1.0,39.97759,-75.12442,17.0,0.0
3303,2023-06-13,13.0,9.0,39.9559,-75.2053,20.0,-4.0
3255,2023-07-19,22.0,22.0,39.95095,-75.16438,15.0,0.0
3015,2024-10-20,13.0,13.0,39.94735,-75.14886,11.0,0.0
3093,2025-07-24,7.0,8.0,39.98837,-75.18701,16.0,1.0
3249,2025-09-22,21.0,26.0,39.95784,-75.19079,22.0,5.0
3311,2023-02-23,2.0,8.0,,,,6.0
3226,2024-08-24,3.0,8.0,39.98101,-75.13721,18.0,5.0
3308,2023-10-26,6.0,8.0,,,,2.0
3006,2023-11-06,22.0,21.0,39.9522,-75.20311,17.0,-1.0
3055,2023-10-03,34.0,36.0,39.95112,-75.15457,15.0,2.0
3208,2025-05-23,39.0,36.0,39.95048,-75.19324,28.0,-3.0
3112,2024-08-20,13.0,11.0,39.95373,-75.21825,18.0,-2.0
3014,2024-09-24,9.0,10.0,39.95886,-75.17369,25.0,1.0
3086,2024-05-19,19.0,19.0,39.94019,-75.16691,21.0,0.0
3015,2024-12-03,15.0,9.0,39.94735,-75.14886,11.0,-6.0
3321,2024-01-28,0.0,1.0,39.95485,-75.17298,21.0,1.0
3124,2023-12-31,1.0,1.0,39.95367,-75.13956,17.0,0.0
3190,2023-08-16,52.0,44.0,,,,-8.0
3318,2024-04-05,15.0,22.0,39.95182,-75.16395,20.0,7.0
3207,2024-01-15,4.0,5.0,39.95441,-75.192,20.0,1.0
3117,2023-07-19,3.0,4.0,39.97841,-75.22399,14.0,1.0
3113,2024-09-09,1.0,3.0,39.97472,-75.19781,12.0,2.0
3350,2024-05-13,3.0,5.0,39.99415,-75.15527,20.0,2.0
3255,2023-08-28,21.0,22.0,39.95095,-75.16438,15.0,1.0
3390,2025-10-19,2.0,3.0,39.96,-75.2244,18.0,1.0
3344,2025-05-12,1.0,3.0,39.95961,-75.23354,23.0,2.0
3160,2025-07-25,27.0,15.0,39.95662,-75.19862,41.0,-12.0
3025,2023-01-21,10.0,9.0,39.93724,-75.1612,15.0,-1.0
3351,2024-12-05,0.0,2.0,39.99655,-75.14991,18.0,2.0
3321,2025-11-17,12.0,11.0,39.95485,-75.17298,21.0,-1.0
3106,2023-10-11,2.0,2.0,39.99179,-75.18637,17.0,0.0
3021,2023-05-20,8.0,4.0,39.9539,-75.16902,34.0,-4.0
3243,2023-10-15,1.0,0.0,39.9835,-75.14743,12.0,-1.0
3253,2023-01-06,2.0,1.0,39.93074,-75.18924,21.0,-1.0
3029,2024-08-27,47.0,41.0,39.9538,-75.19479,17.0,-6.0
3205,2024-07-27,14.0,13.0,39.95405,-75.16783,22.0,-1.0
3188,2023-06-29,11.0,10.0,39.90471,-75.1734,56.0,-1.0
3107,2025-04-22,9.0,8.0,39.98203,-75.18866,18.0,-1.0
3243,2023-09-30,3.0,1.0,39.9835,-75.14743,12.0,-2.0
3183,2024-09-07,4.0,3.0,39.88994,-75.17679,20.0,-1.0
3210,2025-12-24,9.0,6.0,39.98492,-75.15668,18.0,-3.0
3207,2024-05-15,16.0,12.0,39.95441,-75.192,20.0,-4.0
3086,2023-02-02,19.0,15.0,39.94019,-75.16691,21.0,-4.0
3394,2025-11-17,7.0,8.0,39.924,-75.16959,14.0,1.0
3065,2024-07-04,8.0,8.0,39.9707,-75.15171,15.0,0.0
3233,2023-08-04,12.0,12.0,,,,0.0
3170,2024-01-17,1.0,6.0,,,,5.0
3113,2023-06-14,1.0,1.0,39.97472,-75.19781,12.0,0.0
3187,2026-02-15,3.0,5.0,39.95725,-75.17232,19.0,2.0
3088,2025-12-11,8.0,9.0,39.96984,-75.1418,35.0,1.0
3235,2024-03-23,9.0,9.0,39.96,-75.1651,15.0,0.0
3116,2024-08-20,15.0,18.0,39.96006,-75.17198,21.0,3.0
3018,2026-03-30,34.0,22.0,39.95273,-75.15979,18.0,-12.0
3395,2026-01-18,1.0,1.0,39.93866,-75.16351,13.0,0.0
3026,2026-02-01,2.0,1.0,39.94182,-75.1455,17.0,-1.0
3029,2024-03-08,18.0,14.0,39.9538,-75.19479,17.0,-4.0
3399,2025-09-09,21.0,18.0,39.97502,-75.14006,15.0,-3.0
3120,2024-02-07,9.0,16.0,39.97522,-75.18669,19.0,7.0
3226,2024-01-12,3.0,6.0,39.98101,-75.13721,18.0,3.0
3182,2024-03-27,15.0,16.0,,,,1.0
3056,2025-11-12,10.0,7.0,39.97669,-75.15813,22.0,-3.0
3025,2024-12-24,11.0,9.0,39.93724,-75.1612,15.0,-2.0
3047,2025-02-02,5.0,2.0,39.95073,-75.14947,20.0,-3.0
3073,2025-05-04,12.0,15.0,39.96143,-75.15242,15.0,3.0
3062,2025-07-08,17.0,15.0,,,,-2.0
3346,2023-12-18,4.0,5.0,39.94883,-75.15097,17.0,1.0
3156,2025-06-03,39.0,38.0,39.95381,-75.17407,22.0,-1.0
3059,2025-01-28,26.0,19.0,39.96244,-75.16121,21.0,-7.0
3387,2025-01-02,6.0,8.0,39.97012,-75.14666,19.0,2.0
3313,2024-04-18,2.0,4.0,39.9158,-75.1643,9.0,2.0
3209,2024-10-22,11.0,9.0,39.949,-75.21278,14.0,-2.0
3058,2025-08-12,23.0,25.0,,,,2.0
3161,2025-06-10,42.0,43.0,39.95486,-75.18091,23.0,1.0
3284,2025-12-03,2.0,1.0,40.01112,-75.19287,14.0,-1.0
3255,2024-02-24,13.0,16.0,39.95095,-75.16438,15.0,3.0
3321,2024-03-05,6.0,6.0,39.95485,-75.17298,21.0,0.0
3074,2023-09-17,13.0,9.0,39.95511,-75.20987,15.0,-4.0
3159,2023-07-03,17.0,15.0,39.95121,-75.19962,23.0,-2.0
3115,2024-06-08,10.0,9.0,39.97263,-75.16757,18.0,-1.0
3156,2024-06-04,37.0,38.0,39.95381,-75.17407,22.0,1.0
3158,2024-12-27,8.0,8.0,39.92552,-75.16904,15.0,0.0
3353,2024-06-08,5.0,2.0,40.00496,-75.15233,22.0,-3.0
3314,2023-04-03,6.0,6.0,39.93682,-75.14492,17.0,0.0
3155,2024-01-17,8.0,4.0,39.94018,-75.15442,18.0,-4.0
3249,2025-09-29,20.0,16.0,39.95784,-75.19079,22.0,-4.0
3238,2024-08-06,41.0,42.0,39.97674,-75.11995,11.0,1.0
3150,2024-03-20,12.0,16.0,39.92884,-75.17021,17.0,4.0
3039,2024-07-06,12.0,9.0,39.97157,-75.15993,17.0,-3.0
3286,2024-01-01,6.0,7.0,39.96409,-75.14769,22.0,1.0
3346,2023-12-13,7.0,6.0,39.94883,-75.15097,17.0,-1.0
3156,2023-12-11,16.0,15.0,39.95381,-75.17407,22.0,-1.0
3357,2024-02-19,1.0,1.0,39.9104,-75.16588,27.0,0.0
3047,2023-11-27,10.0,8.0,39.95073,-75.14947,20.0,-2.0
3212,2026-01-17,5.0,7.0,39.96383,-75.18177,32.0,2.0
3104,2023-01-26,8.0,7.0,39.96664,-75.19209,13.0,-1.0
3355,2024-03-15,5.0,3.0,,,,-2.0
3439,2026-02-17,0.0,1.0,39.99033,-75.12759,15.0,1.0
3291,2024-05-16,11.0,8.0,40.01022,-75.197,15.0,-3.0
3124,2023-07-12,24.0,22.0,39.95367,-75.13956,17.0,-2.0
3413,2025-11-18,1.0,2.0,39.97115,-75.21596,15.0,1.0
3396,2025-02-13,7.0,4.0,39.92327,-75.1821,16.0,-3.0
3252,2023-08-28,9.0,9.0,39.93882,-75.19324,14.0,0.0
3346,2024-01-16,1.0,1.0,39.94883,-75.15097,17.0,0.0
3281,2024-09-27,1.0,3.0,39.9323,-75.2162,15.0,2.0
3344,2025-03-29,3.0,5.0,39.95961,-75.23354,23.0,2.0
3078,2023-07-29,18.0,20.0,39.95355,-75.17192,18.0,2.0
3097,2025-01-07,2.0,2.0,39.97888,-75.13339,18.0,0.0
3284,2023-02-25,0.0,1.0,40.01112,-75.19287,14.0,1.0
3062,2023-06-28,12.0,8.0,,,,-4.0
3264,2025-11-03,30.0,29.0,39.94571,-75.15508,23.0,-1.0
3275,2026-01-16,3.0,5.0,39.97576,-75.12157,22.0,2.0
3349,2024-09-15,17.0,17.0,39.93651,-75.18621,17.0,0.0
3169,2025-01-22,4.0,4.0,39.95382,-75.14263,17.0,0.0
3226,2025-05-05,3.0,4.0,39.98101,-75.13721,18.0,1.0
3059,2024-11-21,20.0,22.0,39.96244,-75.16121,21.0,2.0
3201,2025-04-04,30.0,25.0,39.95523,-75.1662,20.0,-5.0
3336,2024-05-01,32.0,33.0,39.95719,-75.19388,20.0,1.0
3184,2023-08-28,7.0,5.0,39.94573,-75.19551,22.0,-2.0
3300,2024-12-21,3.0,5.0,39.95511,-75.16287,13.0,2.0
3261,2025-10-08,14.0,16.0,39.96304,-75.14099,17.0,2.0
3115,2024-03-12,6.0,3.0,39.97263,-75.16757,18.0,-3.0
3334,2025-06-22,16.0,18.0,39.9302,-75.15636,19.0,2.0
3156,2023-03-20,16.0,17.0,39.95381,-75.17407,22.0,1.0
3034,2025-08-08,39.0,42.0,39.93315,-75.16248,16.0,3.0
3268,2025-08-21,5.0,1.0,39.97633,-75.15101,22.0,-4.0
3150,2025-03-31,25.0,25.0,39.92884,-75.17021,17.0,0.0
3334,2024-08-10,15.0,16.0,39.9302,-75.15636,19.0,1.0
3327,2024-12-21,1.0,1.0,39.97759,-75.12442,17.0,0.0
3207,2025-05-29,25.0,22.0,39.95441,-75.192,20.0,-3.0
3445,2025-12-19,0.0,1.0,39.97235,-75.13426,3.0,1.0
3392,2024-11-19,5.0,2.0,39.93633,-75.19447,13.0,-3.0
3162,2025-07-22,31.0,25.0,39.94595,-75.18475,34.0,-6.0
3168,2023-12-14,24.0,30.0,,,,6.0
3280,2024-05-31,2.0,1.0,39.93968,-75.21362,18.0,-1.0
3005,2025-08-18,31.0,32.0,39.94733,-75.14403,13.0,1.0
3075,2025-07-23,30.0,26.0,39.96718,-75.16125,12.0,-4.0
3268,2025-01-24,1.0,2.0,39.97633,-75.15101,22.0,1.0
3051,2024-01-23,12.0,13.0,39.96744,-75.17507,37.0,1.0
3413,2026-01-10,1.0,3.0,39.97115,-75.21596,15.0,2.0
3368,2025-08-24,3.0,4.0,39.97647,-75.17362,17.0,1.0
3249,2023-07-15,11.0,4.0,39.95784,-75.19079,22.0,-7.0
3264,2026-03-18,20.0,23.0,39.94571,-75.15508,23.0,3.0
3282,2023-09-02,1.0,1.0,39.98628,-75.14925,15.0,0.0
3088,2023-03-30,13.0,13.0,39.96984,-75.1418,35.0,0.0
3321,2024-03-15,6.0,9.0,39.95485,-75.17298,21.0,3.0
3037,2024-06-25,27.0,27.0,39.95424,-75.16138,21.0,0.0
3296,2023-08-19,34.0,27.0,39.95134,-75.16758,21.0,-7.0
3025,2023-10-19,30.0,30.0,39.93724,-75.1612,15.0,0.0
3266,2023-05-04,5.0,4.0,39.9237,-75.14701,22.0,-1.0
3046,2023-10-25,40.0,43.0,,,,3.0
3307,2024-12-01,1.0,0.0,40.0028,-75.174,11.0,-1.0
3115,2024-06-29,9.0,7.0,39.97263,-75.16757,18.0,-2.0
3039,2025-10-29,9.0,6.0,39.97157,-75.15993,17.0,-3.0
3297,2025-03-06,8.0,12.0,39.95821,-75.16901,19.0,4.0
3038,2025-11-30,5.0,5.0,39.94781,-75.19409,28.0,0.0
3124,2023-10-01,38.0,43.0,39.95367,-75.13956,17.0,5.0
3124,2023-08-23,16.0,20.0,39.95367,-75.13956,17.0,4.0
3369,2024-10-24,6.0,7.0,40.00772,-75.19194,16.0,1.0
3203,2023-04-25,24.0,30.0,39.94077,-75.17227,20.0,6.0
3026,2024-04-01,8.0,5.0,39.94182,-75.1455,17.0,-3.0
3046,2024-06-08,48.0,45.0,,,,-3.0
3102,2023-09-24,13.0,19.0,39.96759,-75.17952,26.0,6.0
3447,2026-03-26,33.0,37.0,39.95009,-75.14467,25.0,4.0
3258,2024-04-18,5.0,4.0,39.95828,-75.22424,20.0,-1.0
3074,2023-04-29,5.0,7.0,39.95511,-75.20987,15.0,2.0
3283,2023-05-28,4.0,3.0,,,,-1.0
3306,2024-06-18,1.0,2.0,39.99683,-75.17761,11.0,1.0
3241,2023-11-28,3.0,6.0,39.95225,-75.22637,20.0,3.0
3047,2025-05-13,8.0,7.0,39.95073,-75.14947,20.0,-1.0
3253,2023-09-09,4.0,5.0,39.93074,-75.18924,21.0,1.0
3058,2025-01-30,12.0,16.0,,,,4.0
3316,2024-08-30,8.0,7.0,39.92255,-75.17337,19.0,-1.0
3280,2026-03-19,1.0,2.0,39.93968,-75.21362,18.0,1.0
3336,2025-12-13,5.0,3.0,39.95719,-75.19388,20.0,-2.0
3282,2024-05-13,1.0,0.0,39.98628,-75.14925,15.0,-1.0
3368,2025-10-29,4.0,7.0,39.97647,-75.17362,17.0,3.0
3264,2023-06-10,19.0,14.0,39.94571,-75.15508,23.0,-5.0
3263,2026-01-17,2.0,4.0,39.9586,-75.2081,18.0,2.0
3247,2025-11-13,1.0,1.0,39.96538,-75.21514,16.0,0.0
3185,2024-01-26,25.0,22.0,39.95169,-75.15888,21.0,-3.0
3059,2026-01-28,4.0,6.0,39.96244,-75.16121,21.0,2.0
3258,2023-11-11,0.0,1.0,39.95828,-75.22424,20.0,1.0
3030,2023-11-09,31.0,26.0,,,,-5.0
3247,2025-07-12,5.0,2.0,39.96538,-75.21514,16.0,-3.0
3294,2024-02-06,22.0,23.0,39.95174,-75.17063,21.0,1.0
3200,2025-06-13,6.0,6.0,39.97583,-75.16846,17.0,0.0
3280,2023-03-15,0.0,1.0,39.93968,-75.21362,18.0,1.0
3041,2024-06-05,9.0,12.0,39.96849,-75.13546,26.0,3.0
3043,2023-06-18,13.0,16.0,,,,3.0
3074,2023-02-13,11.0,12.0,39.95511,-75.20987,15.0,1.0
3370,2025-10-04,15.0,12.0,40.0163,-75.21241,16.0,-3.0
3187,2026-01-08,8.0,11.0,39.95725,-75.17232,19.0,3.0
3315,2023-10-04,1.0,2.0,39.94235,-75.21138,13.0,1.0
3259,2023-03-15,9.0,5.0,39.95998,-75.19883,17.0,-4.0
3300,2025-10-11,19.0,21.0,39.95511,-75.16287,13.0,2.0
3168,2025-06-23,28.0,30.0,,,,2.0
3097,2024-10-13,11.0,11.0,39.97888,-75.13339,18.0,0.0
3211,2025-05-12,9.0,7.0,39.97172,-75.1706,22.0,-2.0
3373,2025-11-14,19.0,14.0,39.95817,-75.15668,15.0,-5.0
3039,2023-06-05,11.0,14.0,39.97157,-75.15993,17.0,3.0
3403,2025-08-26,0.0,1.0,39.99153,-75.22528,15.0,1.0
3203,2023-06-25,11.0,16.0,39.94077,-75.17227,20.0,5.0
3201,2025-07-04,39.0,45.0,39.95523,-75.1662,20.0,6.0
3057,2023-08-05,68.0,69.0,39.96439,-75.17987,26.0,1.0
3107,2023-04-20,5.0,6.0,39.98203,-75.18866,18.0,1.0
3016,2025-12-21,3.0,1.0,39.96892,-75.1547,15.0,-2.0
3156,2025-04-05,7.0,8.0,39.95381,-75.17407,22.0,1.0
3209,2024-02-29,8.0,8.0,39.949,-75.21278,14.0,0.0
3187,2023-12-04,13.0,12.0,39.95725,-75.17232,19.0,-1.0
3152,2023-06-03,8.0,9.0,39.94993,-75.20286,17.0,1.0
3359,2025-11-17,47.0,41.0,39.94888,-75.16978,29.0,-6.0
3026,2025-03-27,21.0,21.0,39.94182,-75.1455,17.0,0.0
3329,2023-11-13,3.0,0.0,40.02651,-75.22445,15.0,-3.0
3273,2023-12-07,0.0,2.0,,,,2.0
3356,2024-02-03,1.0,0.0,39.89322,-75.17187,19.0,-1.0
3388,2025-03-08,1.0,5.0,39.96634,-75.15097,19.0,4.0
3022,2025-09-13,49.0,34.0,39.95472,-75.18323,21.0,-15.0
3284,2023-05-27,3.0,6.0,40.01112,-75.19287,14.0,3.0
3113,2024-04-14,9.0,9.0,39.97472,-75.19781,12.0,0.0
3298,2025-11-01,5.0,5.0,39.94717,-75.20691,15.0,0.0
3015,2024-08-04,7.0,10.0,39.94735,-75.14886,11.0,3.0
3391,2025-04-10,2.0,2.0,39.99667,-75.23482,13.0,0.0
3240,2023-09-25,2.0,2.0,39.96277,-75.21185,12.0,0.0
3015,2025-08-08,16.0,16.0,39.94735,-75.14886,11.0,0.0
3057,2024-09-08,67.0,67.0,39.96439,-75.17987,26.0,0.0
3022,2025-10-27,37.0,46.0,39.95472,-75.18323,21.0,9.0
3210,2024-08-21,13.0,10.0,39.98492,-75.15668,18.0,-3.0
3381,2024-12-18,4.0,1.0,39.94845,-75.21807,13.0,-3.0
3059,2023-09-06,37.0,38.0,39.96244,-75.16121,21.0,1.0
3303,2026-02-22,0.0,1.0,39.9559,-75.2053,20.0,1.0
3104,2024-05-17,11.0,15.0,39.96664,-75.19209,13.0,4.0
3112,2023-04-12,11.0,11.0,39.95373,-75.21825,18.0,0.0
3035,2024-11-23,9.0,7.0,39.96271,-75.19419,20.0,-2.0
3359,2025-08-11,36.0,40.0,39.94888,-75.16978,29.0,4.0
3066,2025-12-16,13.0,14.0,39.94561,-75.17348,29.0,1.0
3329,2024-08-12,3.0,6.0,40.02651,-75.22445,15.0,3.0
3057,2023-01-26,6.0,3.0,39.96439,-75.17987,26.0,-3.0
3053,2025-12-03,32.0,25.0,39.93231,-75.18154,19.0,-7.0
3051,2026-01-31,5.0,3.0,39.96744,-75.17507,37.0,-2.0
3181,2023-05-22,5.0,4.0,39.89629,-75.17514,20.0,-1.0
3077,2025-10-14,9.0,10.0,39.97207,-75.16351,19.0,1.0
3059,2025-10-16,50.0,57.0,39.96244,-75.16121,21.0,7.0
3258,2023-11-14,3.0,3.0,39.95828,-75.22424,20.0,0.0
3258,2023-10-15,4.0,1.0,39.95828,-75.22424,20.0,-3.0
3015,2024-11-18,13.0,20.0,39.94735,-75.14886,11.0,7.0
3026,2025-07-31,19.0,17.0,39.94182,-75.1455,17.0,-2.0
3208,2024-10-16,52.0,51.0,39.95048,-75.19324,28.0,-1.0
3295,2025-02-14,43.0,46.0,39.95028,-75.16027,21.0,3.0
3200,2023-10-29,5.0,5.0,39.97583,-75.16846,17.0,0.0
3349,2024-12-16,2.0,2.0,39.93651,-75.18621,17.0,0.0
3028,2025-01-07,13.0,13.0,39.94061,-75.14958,15.0,0.0
3235,2024-07-27,9.0,7.0,39.96,-75.1651,15.0,-2.0
3396,2026-01-10,2.0,3.0,39.92327,-75.1821,16.0,1.0
3345,2024-11-18,12.0,14.0,39.9617,-75.14667,19.0,2.0
3247,2024-08-06,2.0,2.0,39.96538,-75.21514,16.0,0.0
3281,2023-02-01,0.0,1.0,39.9323,-75.2162,15.0,1.0
3272,2023-10-19,2.0,3.0,39.96405,-75.22048,13.0,1.0
3359,2026-01-10,12.0,14.0,39.94888,-75.16978,29.0,2.0
3107,2025-10-14,2.0,2.0,39.98203,-75.18866,18.0,0.0
3060,2025-12-23,3.0,3.0,39.95923,-75.17036,19.0,0.0
3375,2024-02-13,4.0,6.0,39.96036,-75.1402,22.0,2.0
3102,2024-01-22,14.0,11.0,39.96759,-75.17952,26.0,-3.0
3319,2025-07-28,9.0,11.0,39.96672,-75.12964,16.0,2.0
3123,2025-01-14,1.0,0.0,39.98004,-75.17088,16.0,-1.0
3263,2024-12-18,0.0,1.0,39.9586,-75.2081,18.0,1.0
3267,2023-01-02,3.0,2.0,39.918,-75.1796,12.0,-1.0
3155,2024-09-30,21.0,21.0,39.94018,-75.15442,18.0,0.0
3271,2025-12-03,2.0,3.0,39.9476,-75.22946,18.0,1.0
3332,2025-03-03,1.0,0.0,40.00537,-75.18143,12.0,-1.0
3009,2024-11-23,15.0,15.0,39.95576,-75.18982,14.0,0.0
3338,2023-09-18,1.0,0.0,39.95098,-75.23035,21.0,-1.0
3376,2025-10-25,6.0,8.0,39.97183,-75.14878,8.0,2.0
3021,2026-02-09,11.0,10.0,39.9539,-75.16902,34.0,-1.0
3060,2023-06-18,27.0,27.0,39.95923,-75.17036,19.0,0.0
3285,2026-03-13,10.0,8.0,39.95946,-75.14745,19.0,-2.0
3298,2023-12-15,1.0,2.0,39.94717,-75.20691,15.0,1.0
3063,2024-02-25,15.0,13.0,39.94633,-75.1698,25.0,-2.0
3253,2024-12-30,5.0,7.0,39.93074,-75.18924,21.0,2.0
3124,2024-01-12,3.0,5.0,39.95367,-75.13956,17.0,2.0
3333,2023-12-12,19.0,21.0,39.9541,-75.16965,25.0,2.0
3280,2023-12-30,0.0,1.0,39.93968,-75.21362,18.0,1.0
3388,2025-05-31,1.0,1.0,39.96634,-75.15097,19.0,0.0
3069,2024-07-26,25.0,21.0,39.93704,-75.15038,23.0,-4.0
3372,2024-04-16,5.0,6.0,39.92528,-75.18672,15.0,1.0
3007,2025-01-09,14.0,14.0,39.94517,-75.15993,20.0,0.0
3156,2026-03-09,28.0,21.0,39.95381,-75.17407,22.0,-7.0
3037,2024-06-22,21.0,26.0,39.95424,-75.16138,21.0,5.0
3124,2024-11-01,9.0,8.0,39.95367,-75.13956,17.0,-1.0
3311,2024-05-04,2.0,1.0,,,,-1.0
3375,2025-07-30,10.0,13.0,39.96036,-75.1402,22.0,3.0
3378,2024-07-24,11.0,9.0,39.95238,-75.14728,18.0,-2.0
3271,2023-04-27,3.0,2.0,39.9476,-75.22946,18.0,-1.0
3161,2024-12-06,29.0,35.0,39.95486,-75.18091,23.0,6.0
3124,2025-04-17,22.0,24.0,39.95367,-75.13956,17.0,2.0
3101,2025-01-05,12.0,15.0,39.94295,-75.15955,18.0,3.0
3346,2024-11-16,12.0,16.0,39.94883,-75.15097,17.0,4.0
3387,2025-07-02,13.0,12.0,39.97012,-75.14666,19.0,-1.0
3382,2024-07-29,12.0,16.0,39.95038,-75.17309,11.0,4.0
3037,2023-10-05,10.0,10.0,39.95424,-75.16138,21.0,0.0
3110,2024-03-30,8.0,9.0,39.96175,-75.13641,19.0,1.0
3038,2025-09-02,36.0,32.0,39.94781,-75.19409,28.0,-4.0
3104,2023-04-30,3.0,0.0,39.96664,-75.19209,13.0,-3.0
3057,2023-01-30,16.0,12.0,39.96439,-75.17987,26.0,-4.0
3256,2023-01-24,19.0,25.0,39.95269,-75.17779,23.0,6.0
3250,2024-05-15,4.0,6.0,39.95673,-75.14575,17.0,2.0
3030,2025-01-24,16.0,17.0,,,,1.0
3333,2024-09-23,32.0,26.0,39.9541,-75.16965,25.0,-6.0
3004,2023-03-30,11.0,15.0,39.95371,-75.16423,23.0,4.0
3112,2024-01-03,3.0,4.0,39.95373,-75.21825,18.0,1.0
3240,2023-07-20,2.0,1.0,39.96277,-75.21185,12.0,-1.0
3208,2024-04-19,51.0,61.0,39.95048,-75.19324,28.0,10.0
3056,2025-09-13,21.0,25.0,39.97669,-75.15813,22.0,4.0
3097,2025-04-24,17.0,22.0,39.97888,-75.13339,18.0,5.0
3052,2025-09-07,13.0,16.0,39.94732,-75.15695,25.0,3.0
3333,2026-02-20,13.0,9.0,39.9541,-75.16965,25.0,-4.0
3236,2024-05-11,8.0,5.0,39.96566,-75.17765,18.0,-3.0
3357,2025-01-26,20.0,30.0,39.9104,-75.16588,27.0,10.0
3342,2026-03-16,7.0,13.0,39.9639,-75.17385,20.0,6.0
3316,2023-09-22,8.0,10.0,39.92255,-75.17337,19.0,2.0
3345,2023-10-07,14.0,7.0,39.9617,-75.14667,19.0,-7.0
3336,2025-06-21,7.0,10.0,39.95719,-75.19388,20.0,3.0
3005,2025-05-13,17.0,16.0,39.94733,-75.14403,13.0,-1.0
3058,2024-10-22,30.0,36.0,,,,6.0
3297,2025-08-04,14.0,10.0,39.95821,-75.16901,19.0,-4.0
3066,2023-03-17,38.0,34.0,39.94561,-75.17348,29.0,-4.0
3233,2023-08-24,3.0,1.0,,,,-2.0
3014,2023-04-10,7.0,4.0,39.95886,-75.17369,25.0,-3.0
3058,2023-02-20,21.0,21.0,,,,0.0
3041,2024-10-02,13.0,17.0,39.96849,-75.13546,26.0,4.0
3357,2025-06-10,20.0,23.0,39.9104,-75.16588,27.0,3.0
3278,2023-07-06,1.0,1.0,39.99301,-75.1681,11.0,0.0
3166,2025-03-28,15.0,10.0,39.97195,-75.13445,22.0,-5.0
3021,2025-03-18,22.0,34.0,39.9539,-75.16902,34.0,12.0
3073,2024-05-28,25.0,20.0,39.96143,-75.15242,15.0,-5.0
3210,2023-06-12,9.0,9.0,39.98492,-75.15668,18.0,0.0
3010,2024-10-19,77.0,84.0,39.94711,-75.16618,22.0,7.0
3273,2023-04-21,10.0,8.0,,,,-2.0
3055,2024-04-19,22.0,22.0,39.95112,-75.15457,15.0,0.0
3054,2025-10-16,35.0,45.0,39.9625,-75.1742,35.0,10.0
3156,2023-07-31,35.0,33.0,39.95381,-75.17407,22.0,-2.0
3184,2024-10-22,21.0,31.0,39.94573,-75.19551,22.0,10.0
3068,2025-09-14,21.0,21.0,39.93549,-75.16711,18.0,0.0
3408,2025-06-27,9.0,15.0,39.9216,-75.15,17.0,6.0
3077,2025-02-21,2.0,2.0,39.97207,-75.16351,19.0,0.0
3307,2025-06-07,2.0,2.0,40.0028,-75.174,11.0,0.0
3053,2026-01-12,27.0,18.0,39.93231,-75.18154,19.0,-9.0
3335,2025-09-10,7.0,7.0,40.02237,-75.218,18.0,0.0
3328,2023-11-18,12.0,8.0,39.98798,-75.1995,23.0,-4.0
3156,2023-01-23,10.0,10.0,39.95381,-75.17407,22.0,0.0
3005,2026-03-30,15.0,12.0,39.94733,-75.14403,13.0,-3.0
3059,2025-01-15,22.0,22.0,39.96244,-75.16121,21.0,0.0
3119,2024-12-14,3.0,3.0,39.96674,-75.20799,17.0,0.0
3299,2025-05-27,29.0,30.0,39.94332,-75.15698,22.0,1.0
3398,2025-05-22,1.0,3.0,39.91551,-75.15474,15.0,2.0
3323,2023-11-03,1.0,0.0,40.02796,-75.2277,18.0,-1.0
3310,2024-04-08,2.0,2.0,39.98024,-75.18651,15.0,0.0
3212,2023-03-11,9.0,8.0,39.96383,-75.18177,32.0,-1.0
3161,2026-03-28,16.0,19.0,39.95486,-75.18091,23.0,3.0
3037,2023-09-30,25.0,21.0,39.95424,-75.16138,21.0,-4.0
3319,2024-06-07,11.0,9.0,39.96672,-75.12964,16.0,-2.0
3063,2024-11-19,38.0,32.0,39.94633,-75.1698,25.0,-6.0
3337,2025-05-25,10.0,5.0,39.97318,-75.14612,15.0,-5.0
3344,2025-08-23,4.0,1.0,39.95961,-75.23354,23.0,-3.0
3287,2023-11-08,4.0,4.0,39.94367,-75.21606,16.0,0.0
3287,2025-07-26,3.0,5.0,39.94367,-75.21606,16.0,2.0
3238,2023-12-18,11.0,8.0,39.97674,-75.11995,11.0,-3.0
3116,2025-01-15,5.0,4.0,39.96006,-75.17198,21.0,-1.0
3070,2023-08-22,8.0,8.0,,,,0.0
3321,2024-06-27,14.0,12.0,39.95485,-75.17298,21.0,-2.0
3355,2023-10-12,4.0,3.0,,,,-1.0
3245,2023-03-18,12.0,14.0,39.97887,-75.15777,20.0,2.0
3408,2025-09-06,8.0,9.0,39.9216,-75.15,17.0,1.0
3050,2023-01-17,12.0,11.0,,,,-1.0
3287,2025-08-09,7.0,3.0,39.94367,-75.21606,16.0,-4.0
3261,2025-10-27,12.0,13.0,39.96304,-75.14099,17.0,1.0
3249,2023-07-07,13.0,14.0,39.95784,-75.19079,22.0,1.0
3072,2025-03-07,10.0,13.0,39.93445,-75.14541,25.0,3.0
3012,2025-03-17,30.0,30.0,39.94218,-75.17747,27.0,0.0
3196,2023-10-08,0.0,1.0,39.98717,-75.17477,17.0,1.0
3157,2023-09-08,26.0,23.0,39.92545,-75.15954,18.0,-3.0
3168,2024-02-17,18.0,18.0,,,,0.0
3010,2025-05-03,89.0,86.0,39.94711,-75.16618,22.0,-3.0
3287,2025-03-06,1.0,3.0,39.94367,-75.21606,16.0,2.0
3313,2025-02-27,1.0,0.0,39.9158,-75.1643,9.0,-1.0
3058,2024-08-10,38.0,39.0,,,,1.0
3268,2025-12-12,4.0,3.0,39.97633,-75.15101,22.0,-1.0
3321,2024-01-06,5.0,6.0,39.95485,-75.17298,21.0,1.0
3038,2024-08-01,38.0,34.0,39.94781,-75.19409,28.0,-4.0
3294,2025-08-27,35.0,35.0,39.95174,-75.17063,21.0,0.0
3350,2025-12-25,2.0,3.0,39.99415,-75.15527,20.0,1.0
3254,2023-11-04,5.0,7.0,39.98091,-75.16065,18.0,2.0
3371,2025-11-21,19.0,28.0,39.9534,-75.1543,19.0,9.0
3046,2024-05-18,25.0,19.0,,,,-6.0
3116,2026-03-01,7.0,5.0,39.96006,-75.17198,21.0,-2.0
3337,2023-12-22,3.0,5.0,39.97318,-75.14612,15.0,2.0
3208,2025-09-01,21.0,19.0,39.95048,-75.19324,28.0,-2.0
3088,2025-06-09,14.0,17.0,39.96984,-75.1418,35.0,3.0
3252,2024-09-10,14.0,16.0,39.93882,-75.19324,14.0,2.0
3123,2025-07-13,5.0,6.0,39.98004,-75.17088,16.0,1.0
3256,2023-09-06,52.0,42.0,39.95269,-75.17779,23.0,-10.0
3322,2023-12-19,13.0,15.0,39.93638,-75.15526,13.0,2.0
3117,2023-11-10,3.0,2.0,39.97841,-75.22399,14.0,-1.0
3163,2025-10-09,48.0,42.0,39.94974,-75.18097,22.0,-6.0
3323,2024-01-02,2.0,1.0,40.02796,-75.2277,18.0,-1.0
3077,2023-01-08,2.0,4.0,39.97207,-75.16351,19.0,2.0
3381,2025-06-14,6.0,3.0,39.94845,-75.21807,13.0,-3.0
3063,2023-02-09,26.0,21.0,39.94633,-75.1698,25.0,-5.0
3155,2025-04-06,17.0,14.0,39.94018,-75.15442,18.0,-3.0
3123,2024-12-17,1.0,3.0,39.98004,-75.17088,16.0,2.0
3078,2023-01-15,8.0,4.0,39.95355,-75.17192,18.0,-4.0
3018,2025-12-07,12.0,10.0,39.95273,-75.15979,18.0,-2.0
3316,2024-02-26,5.0,7.0,39.92255,-75.17337,19.0,2.0
3255,2024-05-15,21.0,17.0,39.95095,-75.16438,15.0,-4.0
3295,2025-08-10,30.0,31.0,39.95028,-75.16027,21.0,1.0
3430,2025-07-16,15.0,8.0,39.97408,-75.1801,14.0,-7.0
3382,2025-12-23,12.0,13.0,39.95038,-75.17309,11.0,1.0
3378,2025-07-19,21.0,12.0,39.95238,-75.14728,18.0,-9.0
3421,2025-11-14,7.0,7.0,39.91972,-75.16408,13.0,0.0
3245,2024-08-22,10.0,12.0,39.97887,-75.15777,20.0,2.0
3074,2025-09-01,26.0,33.0,39.95511,-75.20987,15.0,7.0
3375,2025-05-02,14.0,19.0,39.96036,-75.1402,22.0,5.0
3298,2026-03-20,2.0,1.0,39.94717,-75.20691,15.0,-1.0
3008,2026-01-27,1.0,2.0,39.98081,-75.15067,17.0,1.0
3113,2024-06-07,1.0,0.0,39.97472,-75.19781,12.0,-1.0
3034,2024-10-19,28.0,29.0,39.93315,-75.16248,16.0,1.0
3359,2025-11-04,56.0,48.0,39.94888,-75.16978,29.0,-8.0
3025,2023-07-13,17.0,16.0,39.93724,-75.1612,15.0,-1.0
3278,2023-07-22,2.0,3.0,39.99301,-75.1681,11.0,1.0
3385,2025-12-22,7.0,9.0,39.94974,-75.15424,15.0,2.0
3313,2025-07-30,2.0,2.0,39.9158,-75.1643,9.0,0.0
3255,2025-03-30,19.0,21.0,39.95095,-75.16438,15.0,2.0
3292,2026-02-06,5.0,3.0,39.92,-75.1562,17.0,-2.0
3190,2023-03-12,27.0,25.0,,,,-2.0
3157,2024-06-16,15.0,13.0,39.92545,-75.15954,18.0,-2.0
3014,2025-06-25,11.0,10.0,39.95886,-75.17369,25.0,-1.0
3272,2025-05-25,4.0,4.0,39.96405,-75.22048,13.0,0.0
3236,2025-12-01,5.0,5.0,39.96566,-75.17765,18.0,0.0
3012,2023-07-18,47.0,53.0,39.94218,-75.17747,27.0,6.0
3276,2025-09-18,13.0,18.0,39.96569,-75.15679,18.0,5.0
3267,2024-12-11,2.0,1.0,39.918,-75.1796,12.0,-1.0
3308,2024-01-21,1.0,0.0,,,,-1.0
3291,2024-12-24,0.0,1.0,40.01022,-75.197,15.0,1.0
3078,2025-03-04,27.0,32.0,39.95355,-75.17192,18.0,5.0
3049,2025-02-28,10.0,7.0,39.94509,-75.1425,29.0,-3.0
3208,2024-01-18,22.0,16.0,39.95048,-75.19324,28.0,-6.0
3058,2024-12-02,17.0,14.0,,,,-3.0
3047,2026-03-20,10.0,8.0,39.95073,-75.14947,20.0,-2.0
3110,2024-04-28,34.0,28.0,39.96175,-75.13641,19.0,-6.0
3030,2024-10-03,36.0,24.0,,,,-12.0
3204,2024-12-04,16.0,7.0,39.96437,-75.16582,22.0,-9.0
3359,2024-10-19,49.0,61.0,39.94888,-75.16978,29.0,12.0
3259,2025-01-03,5.0,4.0,39.95998,-75.19883,17.0,-1.0
3014,2026-02-16,3.0,2.0,39.95886,-75.17369,25.0,-1.0
3201,2024-04-20,17.0,22.0,39.95523,-75.1662,20.0,5.0
3285,2025-12-24,8.0,8.0,39.95946,-75.14745,19.0,0.0
3249,2023-07-20,10.0,14.0,39.95784,-75.19079,22.0,4.0
3291,2023-03-08,2.0,1.0,40.01022,-75.197,15.0,-1.0
3182,2023-08-25,17.0,19.0,,,,2.0
3067,2023-05-10,4.0,3.0,39.96411,-75.19973,17.0,-1.0
3115,2023-11-04,4.0,4.0,39.97263,-75.16757,18.0,0.0
3018,2024-12-02,12.0,23.0,39.95273,-75.15979,18.0,11.0
3335,2025-07-31,2.0,2.0,40.02237,-75.218,18.0,0.0
3363,2025-01-26,16.0,11.0,39.94655,-75.16263,17.0,-5.0
3062,2024-05-02,19.0,20.0,,,,1.0
3116,2024-07-27,20.0,21.0,39.96006,-75.17198,21.0,1.0
3119,2024-07-31,11.0,9.0,39.96674,-75.20799,17.0,-2.0
3162,2024-06-24,32.0,22.0,39.94595,-75.18475,34.0,-10.0
3276,2024-11-24,11.0,12.0,39.96569,-75.15679,18.0,1.0
3006,2025-11-09,20.0,15.0,39.9522,-75.20311,17.0,-5.0
3096,2026-02-07,2.0,1.0,39.99119,-75.17975,14.0,-1.0
3237,2023-11-29,3.0,2.0,39.91717,-75.17096,21.0,-1.0
3212,2023-08-25,9.0,12.0,39.96383,-75.18177,32.0,3.0
3253,2025-06-25,2.0,6.0,39.93074,-75.18924,21.0,4.0
3321,2026-01-07,14.0,13.0,39.95485,-75.17298,21.0,-1.0
3303,2025-02-07,1.0,2.0,39.9559,-75.2053,20.0,1.0
3205,2023-06-29,16.0,7.0,39.95405,-75.16783,22.0,-9.0
3078,2025-04-03,18.0,17.0,39.95355,-75.17192,18.0,-1.0
3024,2024-12-13,4.0,3.0,39.94822,-75.20908,19.0,-1.0
3259,2023-02-02,4.0,4.0,39.95998,-75.19883,17.0,0.0
3056,2023-09-04,12.0,14.0,39.97669,-75.15813,22.0,2.0
3203,2024-05-24,37.0,33.0,39.94077,-75.17227,20.0,-4.0
3394,2024-11-12,9.0,11.0,39.924,-75.16959,14.0,2.0
3277,2025-06-08,6.0,4.0,39.98306,-75.16738,20.0,-2.0
3301,2023-05-08,28.0,34.0,39.95029,-75.17126,15.0,6.0
3022,2025-04-09,35.0,36.0,39.95472,-75.18323,21.0,1.0
3317,2024-04-25,6.0,4.0,,,,-2.0
3112,2023-12-22,4.0,4.0,39.95373,-75.21825,18.0,0.0
3096,2025-08-06,2.0,2.0,39.99119,-75.17975,14.0,0.0
3099,2025-03-09,4.0,7.0,39.93401,-75.15094,19.0,3.0
3118,2023-07-23,2.0,3.0,39.95866,-75.21323,20.0,1.0
3025,2024-02-18,9.0,14.0,39.93724,-75.1612,15.0,5.0
3303,2024-09-02,7.0,10.0,39.9559,-75.2053,20.0,3.0
3099,2025-03-11,16.0,12.0,39.93401,-75.15094,19.0,-4.0
3158,2025-03-15,14.0,7.0,39.92552,-75.16904,15.0,-7.0
3244,2023-11-12,27.0,30.0,,,,3.0
3355,2023-12-11,6.0,6.0,,,,0.0
3267,2023-11-10,4.0,6.0,39.918,-75.1796,12.0,2.0
3163,2024-07-13,53.0,62.0,39.94974,-75.18097,22.0,9.0
3316,2023-04-12,6.0,6.0,39.92255,-75.17337,19.0,0.0
3388,2025-09-15,4.0,4.0,39.96634,-75.15097,19.0,0.0
3235,2023-12-25,3.0,3.0,39.96,-75.1651,15.0,0.0
3032,2025-07-07,49.0,58.0,39.94527,-75.17971,20.0,9.0
3319,2023-08-15,2.0,4.0,39.96672,-75.12964,16.0,2.0
3385,2025-02-28,8.0,9.0,39.94974,-75.15424,15.0,1.0
3328,2025-04-15,6.0,6.0,39.98798,-75.1995,23.0,0.0
3303,2024-07-08,15.0,13.0,39.9559,-75.2053,20.0,-2.0
3336,2024-08-17,3.0,6.0,39.95719,-75.19388,20.0,3.0
3295,2024-07-20,44.0,44.0,39.95028,-75.16027,21.0,0.0
3018,2025-09-03,52.0,54.0,39.95273,-75.15979,18.0,2.0
3124,2023-01-11,4.0,5.0,39.95367,-75.13956,17.0,1.0
3049,2023-12-25,2.0,4.0,39.94509,-75.1425,29.0,2.0
3115,2024-02-13,3.0,2.0,39.97263,-75.16757,18.0,-1.0
3066,2023-10-24,41.0,43.0,39.94561,-75.17348,29.0,2.0
3056,2024-12-05,3.0,4.0,39.97669,-75.15813,22.0,1.0
3017,2025-02-24,6.0,4.0,39.98003,-75.14371,15.0,-2.0
3072,2025-04-18,15.0,14.0,39.93445,-75.14541,25.0,-1.0
3237,2023-05-29,3.0,3.0,39.91717,-75.17096,21.0,0.0
3356,2025-04-20,4.0,7.0,39.89322,-75.17187,19.0,3.0
3349,2024-03-26,6.0,7.0,39.93651,-75.18621,17.0,1.0
3297,2024-02-03,6.0,3.0,39.95821,-75.16901,19.0,-3.0
3226,2025-04-20,2.0,2.0,39.98101,-75.13721,18.0,0.0
3296,2026-02-06,3.0,3.0,39.95134,-75.16758,21.0,0.0
3047,2023-02-02,17.0,15.0,39.95073,-75.14947,20.0,-2.0
3305,2024-09-10,1.0,4.0,39.99569,-75.1671,11.0,3.0
3336,2024-07-09,18.0,19.0,39.95719,-75.19388,20.0,1.0
3301,2026-02-19,13.0,14.0,39.95029,-75.17126,15.0,1.0
3347,2025-03-15,16.0,17.0,,,,1.0
3170,2023-04-18,13.0,17.0,,,,4.0
3353,2025-12-22,4.0,1.0,40.00496,-75.15233,22.0,-3.0
3254,2025-11-11,10.0,7.0,39.98091,-75.16065,18.0,-3.0
3019,2025-02-15,1.0,1.0,39.95403,-75.14983,15.0,0.0
3062,2025-02-27,12.0,11.0,,,,-1.0
3359,2024-05-22,59.0,59.0,39.94888,-75.16978,29.0,0.0
3320,2025-09-30,15.0,19.0,39.9746,-75.15917,17.0,4.0
3281,2025-06-16,0.0,2.0,39.9323,-75.2162,15.0,2.0
3238,2024-08-29,25.0,29.0,39.97674,-75.11995,11.0,4.0
3350,2025-11-29,2.0,2.0,39.99415,-75.15527,20.0,0.0
3261,2025-09-05,23.0,21.0,39.96304,-75.14099,17.0,-2.0
3065,2024-03-31,6.0,4.0,39.9707,-75.15171,15.0,-2.0
3287,2025-07-19,0.0,2.0,39.94367,-75.21606,16.0,2.0
3005,2024-12-03,10.0,9.0,39.94733,-75.14403,13.0,-1.0
3258,2024-08-12,7.0,9.0,39.95828,-75.22424,20.0,2.0
3318,2025-06-21,53.0,50.0,39.95182,-75.16395,20.0,-3.0
3360,2025-02-24,15.0,16.0,39.93304,-75.16822,22.0,1.0
3196,2024-07-09,3.0,2.0,39.98717,-75.17477,17.0,-1.0
3117,2023-04-22,2.0,1.0,39.97841,-75.22399,14.0,-1.0
3168,2023-01-24,39.0,37.0,,,,-2.0
3277,2023-01-14,4.0,2.0,39.98306,-75.16738,20.0,-2.0
3009,2023-11-02,37.0,40.0,39.95576,-75.18982,14.0,3.0
3025,2025-03-29,30.0,32.0,39.93724,-75.1612,15.0,2.0
3166,2024-09-21,33.0,29.0,39.97195,-75.13445,22.0,-4.0
3197,2025-08-07,15.0,15.0,39.92083,-75.17033,23.0,0.0
3209,2023-08-28,11.0,12.0,39.949,-75.21278,14.0,1.0
3049,2025-05-07,27.0,27.0,39.94509,-75.1425,29.0,0.0
3062,2023-12-06,14.0,13.0,,,,-1.0
3197,2025-05-31,9.0,6.0,39.92083,-75.17033,23.0,-3.0
3285,2023-04-21,11.0,8.0,39.95946,-75.14745,19.0,-3.0
3046,2024-11-07,45.0,37.0,,,,-8.0
3425,2025-08-29,18.0,8.0,39.9849,-75.13255,15.0,-10.0
3209,2023-04-05,14.0,8.0,39.949,-75.21278,14.0,-6.0
3209,2025-06-19,5.0,4.0,39.949,-75.21278,14.0,-1.0
3118,2024-12-27,3.0,2.0,39.95866,-75.21323,20.0,-1.0
3097,2023-09-25,9.0,8.0,39.97888,-75.13339,18.0,-1.0
3125,2025-10-26,46.0,44.0,39.94391,-75.16735,16.0,-2.0
3313,2023-12-18,1.0,1.0,39.9158,-75.1643,9.0,0.0
3296,2025-02-06,18.0,14.0,39.95134,-75.16758,21.0,-4.0
3200,2026-01-03,3.0,5.0,39.97583,-75.16846,17.0,2.0
3110,2024-06-20,20.0,18.0,39.96175,-75.13641,19.0,-2.0
3074,2025-07-03,24.0,22.0,39.95511,-75.20987,15.0,-2.0
3031,2026-01-17,1.0,1.0,39.98005,-75.15522,21.0,0.0
3069,2025-09-14,39.0,33.0,39.93704,-75.15038,23.0,-6.0
3114,2024-05-20,24.0,31.0,39.93775,-75.18012,17.0,7.0
3168,2024-05-30,38.0,47.0,,,,9.0
3371,2025-12-06,12.0,16.0,39.9534,-75.1543,19.0,4.0
3124,2024-04-06,6.0,6.0,39.95367,-75.13956,17.0,0.0
3207,2025-11-07,26.0,26.0,39.95441,-75.192,20.0,0.0
3255,2024-02-23,22.0,20.0,39.95095,-75.16438,15.0,-2.0
3346,2024-04-18,15.0,15.0,39.94883,-75.15097,17.0,0.0
3038,2024-04-16,48.0,40.0,39.94781,-75.19409,28.0,-8.0
3015,2023-11-19,5.0,2.0,39.94735,-75.14886,11.0,-3.0
3359,2025-01-24,29.0,34.0,39.94888,-75.16978,29.0,5.0
3360,2024-12-17,20.0,15.0,39.93304,-75.16822,22.0,-5.0
3037,2025-04-16,12.0,16.0,39.95424,-75.16138,21.0,4.0
3063,2026-01-16,22.0,15.0,39.94633,-75.1698,25.0,-7.0
3397,2025-12-24,10.0,8.0,39.93906,-75.17824,15.0,-2.0
3031,2023-06-28,13.0,14.0,39.98005,-75.15522,21.0,1.0
3065,2025-04-23,2.0,0.0,39.9707,-75.15171,15.0,-2.0
3332,2023-12-30,0.0,1.0,40.00537,-75.18143,12.0,1.0
3305,2026-03-15,2.0,0.0,39.99569,-75.1671,11.0,-2.0
3250,2024-12-07,1.0,1.0,39.95673,-75.14575,17.0,0.0
3058,2025-01-31,13.0,9.0,,,,-4.0
3240,2025-11-20,1.0,1.0,39.96277,-75.21185,12.0,0.0
3099,2025-03-27,11.0,9.0,39.93401,-75.15094,19.0,-2.0
3040,2024-03-30,17.0,11.0,39.96289,-75.16606,21.0,-6.0
3237,2024-06-29,8.0,5.0,39.91717,-75.17096,21.0,-3.0
3287,2023-03-01,2.0,3.0,39.94367,-75.21606,16.0,1.0
3055,2023-10-13,29.0,35.0,39.95112,-75.15457,15.0,6.0
3335,2025-04-23,6.0,5.0,40.02237,-75.218,18.0,-1.0
3279,2025-04-16,11.0,10.0,39.9265,-75.1668,18.0,-1.0
3098,2023-07-15,12.0,11.0,39.93431,-75.16042,19.0,-1.0
3058,2024-04-22,20.0,21.0,,,,1.0
3236,2025-09-01,10.0,12.0,39.96566,-75.17765,18.0,2.0
3322,2025-03-10,15.0,13.0,39.93638,-75.15526,13.0,-2.0
3259,2026-01-03,0.0,2.0,39.95998,-75.19883,17.0,2.0
3086,2023-05-08,14.0,12.0,39.94019,-75.16691,21.0,-2.0
3201,2023-06-17,18.0,21.0,39.95523,-75.1662,20.0,3.0
3197,2024-09-21,18.0,21.0,39.92083,-75.17033,23.0,3.0
3346,2025-10-14,26.0,27.0,39.94883,-75.15097,17.0,1.0
3098,2024-07-31,31.0,28.0,39.93431,-75.16042,19.0,-3.0
3349,2024-12-15,5.0,4.0,39.93651,-75.18621,17.0,-1.0
3183,2025-07-12,1.0,0.0,39.88994,-75.17679,20.0,-1.0
3254,2025-09-27,19.0,24.0,39.98091,-75.16065,18.0,5.0
3250,2023-02-10,1.0,3.0,39.95673,-75.14575,17.0,2.0
3065,2023-11-10,4.0,2.0,39.9707,-75.15171,15.0,-2.0
3301,2024-11-22,12.0,14.0,39.95029,-75.17126,15.0,2.0
3378,2025-04-12,8.0,11.0,39.95238,-75.14728,18.0,3.0
3062,2025-10-19,14.0,10.0,,,,-4.0
3201,2023-03-31,7.0,14.0,39.95523,-75.1662,20.0,7.0
3061,2023-06-12,14.0,24.0,,,,10.0
3107,2025-05-07,5.0,4.0,39.98203,-75.18866,18.0,-1.0
3053,2026-01-02,16.0,13.0,39.93231,-75.18154,19.0,-3.0
3047,2026-01-15,13.0,12.0,39.95073,-75.14947,20.0,-1.0
3249,2025-01-21,2.0,3.0,39.95784,-75.19079,22.0,1.0
3184,2025-09-11,15.0,15.0,39.94573,-75.19551,22.0,0.0
3078,2026-01-30,4.0,0.0,39.95355,-75.17192,18.0,-4.0
3304,2026-02-06,11.0,15.0,39.94234,-75.15399,21.0,4.0
3018,2023-09-26,18.0,16.0,39.95273,-75.15979,18.0,-2.0
3165,2025-04-12,12.0,7.0,39.95819,-75.1782,22.0,-5.0
3041,2024-08-28,14.0,17.0,39.96849,-75.13546,26.0,3.0
3039,2025-08-01,9.0,13.0,39.97157,-75.15993,17.0,4.0
3052,2024-05-06,41.0,35.0,39.94732,-75.15695,25.0,-6.0
3120,2025-09-11,16.0,16.0,39.97522,-75.18669,19.0,0.0
3284,2023-01-08,0.0,1.0,40.01112,-75.19287,14.0,1.0
3016,2026-01-07,4.0,4.0,39.96892,-75.1547,15.0,0.0
3064,2024-05-28,36.0,38.0,39.9384,-75.17327,22.0,2.0
3035,2024-04-03,11.0,6.0,39.96271,-75.19419,20.0,-5.0
3056,2025-04-05,13.0,11.0,39.97669,-75.15813,22.0,-2.0
3268,2026-02-05,2.0,1.0,39.97633,-75.15101,22.0,-1.0
3316,2024-05-23,4.0,7.0,39.92255,-75.17337,19.0,3.0
3323,2026-01-08,1.0,1.0,40.02796,-75.2277,18.0,0.0
3243,2025-07-11,1.0,3.0,39.9835,-75.14743,12.0,2.0
3296,2024-01-25,26.0,27.0,39.95134,-75.16758,21.0,1.0
3158,2026-01-01,6.0,7.0,39.92552,-75.16904,15.0,1.0
3266,2024-03-25,4.0,3.0,39.9237,-75.14701,22.0,-1.0
3353,2024-09-17,3.0,7.0,40.00496,-75.15233,22.0,4.0
3074,2025-12-22,9.0,7.0,39.95511,-75.20987,15.0,-2.0
3054,2025-06-08,21.0,26.0,39.9625,-75.1742,35.0,5.0
3447,2026-01-31,7.0,5.0,39.95009,-75.14467,25.0,-2.0
3110,2025-09-30,38.0,35.0,39.96175,-75.13641,19.0,-3.0
3423,2025-11-06,1.0,1.0,40.02826,-75.21106,15.0,0.0
3256,2024-11-28,5.0,2.0,39.95269,-75.17779,23.0,-3.0
3280,2023-08-18,1.0,2.0,39.93968,-75.21362,18.0,1.0
3321,2025-06-09,23.0,18.0,39.95485,-75.17298,21.0,-5.0
3015,2024-12-21,2.0,3.0,39.94735,-75.14886,11.0,1.0
3125,2024-05-23,26.0,33.0,39.94391,-75.16735,16.0,7.0
3263,2024-01-22,2.0,0.0,39.9586,-75.2081,18.0,-2.0
3352,2025-03-14,3.0,4.0,40.00143,-75.15256,11.0,1.0
3025,2023-01-08,12.0,18.0,39.93724,-75.1612,15.0,6.0
3344,2023-09-25,2.0,4.0,39.95961,-75.23354,23.0,2.0
3366,2024-06-10,4.0,3.0,,,,-1.0
3276,2023-04-10,5.0,10.0,39.96569,-75.15679,18.0,5.0
3333,2025-02-05,23.0,18.0,39.9541,-75.16965,25.0,-5.0
3398,2025-02-28,0.0,1.0,39.91551,-75.15474,15.0,1.0
3368,2024-08-25,4.0,4.0,39.97647,-75.17362,17.0,0.0
3040,2025-03-07,7.0,6.0,39.96289,-75.16606,21.0,-1.0
3152,2024-04-14,9.0,9.0,39.94993,-75.20286,17.0,0.0
3203,2023-04-04,39.0,38.0,39.94077,-75.17227,20.0,-1.0
3255,2024-10-25,32.0,33.0,39.95095,-75.16438,15.0,1.0
3245,2023-09-18,23.0,25.0,39.97887,-75.15777,20.0,2.0
3064,2024-07-05,22.0,27.0,39.9384,-75.17327,22.0,5.0
3354,2025-09-07,1.0,1.0,39.95628,-75.2387,18.0,0.0
3183,2023-01-26,2.0,2.0,39.88994,-75.17679,20.0,0.0
3325,2025-10-05,5.0,6.0,39.9768,-75.12764,22.0,1.0
3226,2024-12-11,2.0,4.0,39.98101,-75.13721,18.0,2.0
3341,2025-03-01,6.0,8.0,39.98131,-75.12732,20.0,2.0
3078,2025-08-19,28.0,28.0,39.95355,-75.17192,18.0,0.0
3306,2025-11-06,0.0,1.0,39.99683,-75.17761,11.0,1.0
3322,2024-04-22,17.0,12.0,39.93638,-75.15526,13.0,-5.0
3064,2024-11-16,16.0,17.0,39.9384,-75.17327,22.0,1.0
3373,2024-10-16,20.0,23.0,39.95817,-75.15668,15.0,3.0
3035,2024-08-07,24.0,17.0,39.96271,-75.19419,20.0,-7.0
3119,2023-05-23,5.0,3.0,39.96674,-75.20799,17.0,-2.0
3258,2025-06-28,5.0,6.0,39.95828,-75.22424,20.0,1.0
3165,2026-02-07,5.0,3.0,39.95819,-75.1782,22.0,-2.0
3313,2023-04-13,14.0,11.0,39.9158,-75.1643,9.0,-3.0
3265,2023-06-06,14.0,13.0,39.95957,-75.19633,13.0,-1.0
3301,2026-01-02,8.0,11.0,39.95029,-75.17126,15.0,3.0
3016,2025-01-27,1.0,2.0,39.96892,-75.1547,15.0,1.0
3093,2023-04-12,1.0,2.0,39.98837,-75.18701,16.0,1.0
3387,2025-12-07,7.0,3.0,39.97012,-75.14666,19.0,-4.0
3354,2024-10-24,1.0,0.0,39.95628,-75.2387,18.0,-1.0
3372,2025-10-11,11.0,10.0,39.92528,-75.18672,15.0,-1.0
3421,2025-11-29,3.0,5.0,39.91972,-75.16408,13.0,2.0
3267,2023-10-05,10.0,10.0,39.918,-75.1796,12.0,0.0
3168,2023-05-09,51.0,49.0,,,,-2.0
3201,2023-04-05,14.0,14.0,39.95523,-75.1662,20.0,0.0
3030,2023-02-19,13.0,12.0,,,,-1.0
3157,2024-11-03,24.0,18.0,39.92545,-75.15954,18.0,-6.0
3390,2025-10-05,8.0,7.0,39.96,-75.2244,18.0,-1.0
3169,2025-07-27,22.0,20.0,39.95382,-75.14263,17.0,-2.0
3208,2023-12-23,8.0,8.0,39.95048,-75.19324,28.0,0.0
3156,2023-12-28,2.0,8.0,39.95381,-75.17407,22.0,6.0
3100,2023-06-28,18.0,29.0,39.92777,-75.15103,38.0,11.0
3051,2024-08-11,31.0,31.0,39.96744,-75.17507,37.0,0.0
3008,2024-07-27,8.0,6.0,39.98081,-75.15067,17.0,-2.0
3347,2025-06-27,17.0,23.0,,,,6.0
3111,2023-11-11,1.0,0.0,39.97779,-75.21323,14.0,-1.0
3046,2023-10-01,39.0,36.0,,,,-3.0
3287,2025-01-25,0.0,2.0,39.94367,-75.21606,16.0,2.0
3261,2023-05-04,19.0,17.0,39.96304,-75.14099,17.0,-2.0
3014,2023-04-06,4.0,10.0,39.95886,-75.17369,25.0,6.0
3323,2023-07-24,1.0,1.0,40.02796,-75.2277,18.0,0.0
3052,2023-02-16,30.0,33.0,39.94732,-75.15695,25.0,3.0
3336,2025-04-17,17.0,19.0,39.95719,-75.19388,20.0,2.0
3039,2025-02-28,3.0,6.0,39.97157,-75.15993,17.0,3.0
3072,2023-01-29,9.0,12.0,39.93445,-75.14541,25.0,3.0
3111,2026-03-25,2.0,1.0,39.97779,-75.21323,14.0,-1.0
3362,2025-11-21,33.0,37.0,39.94816,-75.16226,19.0,4.0
3056,2025-08-13,6.0,8.0,39.97669,-75.15813,22.0,2.0
3101,2024-10-29,48.0,38.0,39.94295,-75.15955,18.0,-10.0
3282,2023-11-08,0.0,1.0,39.98628,-75.14925,15.0,1.0
3286,2023-09-23,6.0,5.0,39.96409,-75.14769,22.0,-1.0
3030,2025-12-31,27.0,18.0,,,,-9.0
3110,2025-03-02,6.0,6.0,39.96175,-75.13641,19.0,0.0
3015,2024-12-25,0.0,1.0,39.94735,-75.14886,11.0,1.0
3051,2024-04-03,10.0,7.0,39.96744,-75.17507,37.0,-3.0
3339,2023-06-30,9.0,5.0,,,,-4.0
3041,2023-08-04,24.0,31.0,39.96849,-75.13546,26.0,7.0
3039,2026-03-18,3.0,5.0,39.97157,-75.15993,17.0,2.0
3314,2023-04-08,10.0,7.0,39.93682,-75.14492,17.0,-3.0
3397,2026-03-13,18.0,18.0,39.93906,-75.17824,15.0,0.0
3065,2023-10-18,4.0,3.0,39.9707,-75.15171,15.0,-1.0
3335,2023-09-05,6.0,6.0,40.02237,-75.218,18.0,0.0
3241,2023-02-25,2.0,2.0,39.95225,-75.22637,20.0,0.0
3060,2025-09-30,15.0,10.0,39.95923,-75.17036,19.0,-5.0
3155,2025-04-23,26.0,24.0,39.94018,-75.15442,18.0,-2.0
3249,2024-03-24,5.0,4.0,39.95784,-75.19079,22.0,-1.0
3306,2024-10-18,0.0,1.0,39.99683,-75.17761,11.0,1.0
3055,2025-03-04,17.0,24.0,39.95112,-75.15457,15.0,7.0
3354,2024-11-07,2.0,3.0,39.95628,-75.2387,18.0,1.0
3017,2024-12-01,4.0,6.0,39.98003,-75.14371,15.0,2.0
3029,2025-03-22,6.0,7.0,39.9538,-75.19479,17.0,1.0
3028,2023-10-05,46.0,51.0,39.94061,-75.14958,15.0,5.0
3326,2024-04-26,2.0,3.0,39.99198,-75.19944,17.0,1.0
3086,2025-04-12,9.0,5.0,39.94019,-75.16691,21.0,-4.0
3096,2025-01-13,2.0,0.0,39.99119,-75.17975,14.0,-2.0
3018,2024-09-22,34.0,33.0,39.95273,-75.15979,18.0,-1.0
3411,2026-03-28,2.0,3.0,39.96693,-75.23359,15.0,1.0
3261,2023-02-09,8.0,9.0,39.96304,-75.14099,17.0,1.0
3096,2023-10-23,0.0,1.0,39.99119,-75.17975,14.0,1.0
3263,2023-04-07,6.0,5.0,39.9586,-75.2081,18.0,-1.0
3102,2025-02-11,18.0,15.0,39.96759,-75.17952,26.0,-3.0
3345,2023-09-21,14.0,14.0,39.9617,-75.14667,19.0,0.0
3383,2024-09-25,17.0,16.0,39.96634,-75.14222,19.0,-1.0
3271,2023-08-02,7.0,5.0,39.9476,-75.22946,18.0,-2.0
3273,2023-07-08,13.0,13.0,,,,0.0
3389,2025-04-03,13.0,12.0,39.94431,-75.18128,16.0,-1.0
3058,2025-10-05,33.0,33.0,,,,0.0
3123,2025-06-16,3.0,6.0,39.98004,-75.17088,16.0,3.0
3038,2024-01-28,3.0,4.0,39.94781,-75.19409,28.0,1.0
3350,2026-03-23,4.0,4.0,39.99415,-75.15527,20.0,0.0
3113,2025-04-22,3.0,5.0,39.97472,-75.19781,12.0,2.0
3304,2025-05-09,20.0,19.0,39.94234,-75.15399,21.0,-1.0
3244,2023-06-10,23.0,26.0,,,,3.0
3297,2026-01-04,6.0,7.0,39.95821,-75.16901,19.0,1.0
3256,2024-10-27,30.0,29.0,39.95269,-75.17779,23.0,-1.0
3353,2024-05-04,1.0,0.0,40.00496,-75.15233,22.0,-1.0
3098,2024-05-15,12.0,13.0,39.93431,-75.16042,19.0,1.0
3264,2025-10-12,13.0,12.0,39.94571,-75.15508,23.0,-1.0
3333,2023-10-16,24.0,25.0,39.9541,-75.16965,25.0,1.0
3161,2026-01-17,10.0,11.0,39.95486,-75.18091,23.0,1.0
3054,2024-08-18,24.0,27.0,39.9625,-75.1742,35.0,3.0
3325,2023-09-26,3.0,3.0,39.9768,-75.12764,22.0,0.0
3235,2025-12-27,4.0,3.0,39.96,-75.1651,15.0,-1.0
3300,2024-09-03,12.0,10.0,39.95511,-75.16287,13.0,-2.0
3162,2024-09-17,35.0,31.0,39.94595,-75.18475,34.0,-4.0
3378,2024-09-18,13.0,14.0,39.95238,-75.14728,18.0,1.0
3064,2026-01-25,1.0,2.0,39.9384,-75.17327,22.0,1.0
3111,2024-11-24,5.0,7.0,39.97779,-75.21323,14.0,2.0
3099,2025-02-17,5.0,4.0,39.93401,-75.15094,19.0,-1.0
3116,2023-03-12,4.0,4.0,39.96006,-75.17198,21.0,0.0
3209,2025-01-12,4.0,4.0,39.949,-75.21278,14.0,0.0
3336,2024-11-09,6.0,6.0,39.95719,-75.19388,20.0,0.0
3069,2023-11-29,13.0,16.0,39.93704,-75.15038,23.0,3.0
3162,2024-01-21,2.0,1.0,39.94595,-75.18475,34.0,-1.0
3123,2023-12-22,2.0,2.0,39.98004,-75.17088,16.0,0.0
3253,2023-05-20,5.0,7.0,39.93074,-75.18924,21.0,2.0
3168,2023-12-15,41.0,46.0,,,,5.0
3279,2024-03-29,9.0,8.0,39.9265,-75.1668,18.0,-1.0
3187,2024-06-03,13.0,16.0,39.95725,-75.17232,19.0,3.0
3058,2023-11-04,31.0,33.0,,,,2.0
3024,2025-01-02,6.0,5.0,39.94822,-75.20908,19.0,-1.0
3075,2023-09-27,28.0,26.0,39.96718,-75.16125,12.0,-2.0
3200,2023-04-04,4.0,4.0,39.97583,-75.16846,17.0,0.0
3159,2024-07-07,6.0,6.0,39.95121,-75.19962,23.0,0.0
3032,2023-10-15,36.0,38.0,39.94527,-75.17971,20.0,2.0
3164,2026-01-21,16.0,14.0,39.92814,-75.16515,18.0,-2.0
3252,2024-12-06,4.0,4.0,39.93882,-75.19324,14.0,0.0
3101,2023-02-06,24.0,28.0,39.94295,-75.15955,18.0,4.0
3304,2023-09-27,30.0,22.0,39.94234,-75.15399,21.0,-8.0
3263,2023-10-05,6.0,1.0,39.9586,-75.2081,18.0,-5.0
3114,2025-12-15,7.0,8.0,39.93775,-75.18012,17.0,1.0
3247,2024-07-16,0.0,1.0,39.96538,-75.21514,16.0,1.0
3237,2025-06-24,12.0,10.0,39.91717,-75.17096,21.0,-2.0
3382,2025-06-17,19.0,19.0,39.95038,-75.17309,11.0,0.0
3212,2024-10-13,45.0,49.0,39.96383,-75.18177,32.0,4.0
3297,2024-01-01,4.0,1.0,39.95821,-75.16901,19.0,-3.0
3283,2023-11-17,2.0,1.0,,,,-1.0
3055,2023-11-26,11.0,11.0,39.95112,-75.15457,15.0,0.0
3278,2024-10-19,1.0,2.0,39.99301,-75.1681,11.0,1.0
3014,2023-03-01,6.0,5.0,39.95886,-75.17369,25.0,-1.0
3387,2025-05-08,19.0,15.0,39.97012,-75.14666,19.0,-4.0
3067,2025-09-21,5.0,7.0,39.96411,-75.19973,17.0,2.0
3233,2024-04-17,4.0,4.0,,,,0.0
3183,2024-07-01,4.0,2.0,39.88994,-75.17679,20.0,-2.0
3187,2025-08-02,12.0,9.0,39.95725,-75.17232,19.0,-3.0
3208,2024-02-09,43.0,45.0,39.95048,-75.19324,28.0,2.0
3374,2025-02-08,7.0,5.0,39.9728,-75.17971,18.0,-2.0
3162,2023-03-05,5.0,5.0,39.94595,-75.18475,34.0,0.0
3297,2024-02-19,4.0,5.0,39.95821,-75.16901,19.0,1.0
3255,2024-06-20,22.0,23.0,39.95095,-75.16438,15.0,1.0
3052,2023-08-11,55.0,62.0,39.94732,-75.15695,25.0,7.0
3299,2025-07-17,27.0,24.0,39.94332,-75.15698,22.0,-3.0
3086,2023-10-02,18.0,16.0,39.94019,-75.16691,21.0,-2.0
3208,2023-08-24,57.0,61.0,39.95048,-75.19324,28.0,4.0
3098,2025-01-14,9.0,12.0,39.93431,-75.16042,19.0,3.0
3070,2023-04-03,7.0,5.0,,,,-2.0
3111,2024-09-30,4.0,5.0,39.97779,-75.21323,14.0,1.0
3273,2023-07-17,9.0,10.0,,,,1.0
3381,2025-05-22,2.0,2.0,39.94845,-75.21807,13.0,0.0
3354,2025-05-07,3.0,5.0,39.95628,-75.2387,18.0,2.0
3314,2023-08-21,7.0,10.0,39.93682,-75.14492,17.0,3.0
3226,2025-03-06,1.0,1.0,39.98101,-75.13721,18.0,0.0
3200,2024-02-19,3.0,3.0,39.97583,-75.16846,17.0,0.0
3064,2023-07-07,26.0,24.0,39.9384,-75.17327,22.0,-2.0
3313,2025-01-11,1.0,1.0,39.9158,-75.1643,9.0,0.0
3183,2023-02-20,3.0,5.0,39.88994,-75.17679,20.0,2.0
3166,2024-02-10,12.0,7.0,39.97195,-75.13445,22.0,-5.0
3069,2024-11-17,19.0,19.0,39.93704,-75.15038,23.0,0.0
3351,2025-06-01,1.0,0.0,39.99655,-75.14991,18.0,-1.0
3115,2025-04-04,3.0,5.0,39.97263,-75.16757,18.0,2.0
3449,2026-03-02,14.0,16.0,39.94628,-75.15138,21.0,2.0
3272,2023-05-14,2.0,1.0,39.96405,-75.22048,13.0,-1.0
3327,2023-12-15,1.0,4.0,39.97759,-75.12442,17.0,3.0
3070,2023-11-18,20.0,14.0,,,,-6.0
3015,2025-07-15,17.0,19.0,39.94735,-75.14886,11.0,2.0
3203,2025-05-12,39.0,31.0,39.94077,-75.17227,20.0,-8.0
3110,2024-07-23,14.0,13.0,39.96175,-75.13641,19.0,-1.0
3158,2023-03-31,9.0,7.0,39.92552,-75.16904,15.0,-2.0
3309,2024-03-03,1.0,3.0,,,,2.0
3340,2025-05-23,24.0,22.0,39.96906,-75.18169,17.0,-2.0
3252,2025-05-10,9.0,9.0,39.93882,-75.19324,14.0,0.0
3028,2024-11-03,38.0,39.0,39.94061,-75.14958,15.0,1.0
3408,2025-08-29,5.0,10.0,39.9216,-75.15,17.0,5.0
3237,2023-12-24,2.0,2.0,39.91717,-75.17096,21.0,0.0
3276,2026-02-18,7.0,7.0,39.96569,-75.15679,18.0,0.0
3314,2025-07-26,12.0,15.0,39.93682,-75.14492,17.0,3.0
3335,2024-12-05,1.0,1.0,40.02237,-75.218,18.0,0.0
3160,2024-07-13,18.0,23.0,39.95662,-75.19862,41.0,5.0
3305,2025-06-14,1.0,1.0,39.99569,-75.1671,11.0,0.0
3040,2025-11-06,31.0,28.0,39.96289,-75.16606,21.0,-3.0
3007,2025-09-30,49.0,42.0,39.94517,-75.15993,20.0,-7.0
3254,2023-10-04,13.0,8.0,39.98091,-75.16065,18.0,-5.0
3291,2024-06-07,5.0,5.0,40.01022,-75.197,15.0,0.0
3321,2024-04-12,7.0,8.0,39.95485,-75.17298,21.0,1.0
3056,2025-11-14,19.0,21.0,39.97669,-75.15813,22.0,2.0
3313,2024-04-04,1.0,2.0,39.9158,-75.1643,9.0,1.0
3361,2024-07-22,24.0,26.0,39.93082,-75.17474,21.0,2.0
3067,2025-06-26,2.0,6.0,39.96411,-75.19973,17.0,4.0
3370,2024-07-18,6.0,6.0,40.0163,-75.21241,16.0,0.0
3016,2023-09-28,3.0,3.0,39.96892,-75.1547,15.0,0.0
3292,2024-10-01,4.0,7.0,39.92,-75.1562,17.0,3.0
3067,2025-08-21,13.0,9.0,39.96411,-75.19973,17.0,-4.0
3292,2024-03-16,5.0,2.0,39.92,-75.1562,17.0,-3.0
3102,2023-10-08,21.0,17.0,39.96759,-75.17952,26.0,-4.0
3086,2025-07-12,8.0,8.0,39.94019,-75.16691,21.0,0.0
3165,2024-11-16,14.0,16.0,39.95819,-75.1782,22.0,2.0
3016,2025-02-22,4.0,0.0,39.96892,-75.1547,15.0,-4.0
3240,2023-01-15,2.0,1.0,39.96277,-75.21185,12.0,-1.0
3276,2025-10-20,16.0,14.0,39.96569,-75.15679,18.0,-2.0
3185,2024-04-02,11.0,11.0,39.95169,-75.15888,21.0,0.0
3060,2023-08-15,9.0,9.0,39.95923,-75.17036,19.0,0.0
3207,2023-01-06,8.0,3.0,39.95441,-75.192,20.0,-5.0
3352,2024-07-29,4.0,1.0,40.00143,-75.15256,11.0,-3.0
3188,2024-09-22,6.0,8.0,39.90471,-75.1734,56.0,2.0
3235,2024-08-18,10.0,11.0,39.96,-75.1651,15.0,1.0
3250,2026-01-06,3.0,2.0,39.95673,-75.14575,17.0,-1.0
3035,2023-03-30,14.0,11.0,39.96271,-75.19419,20.0,-3.0
3086,2023-01-18,11.0,7.0,39.94019,-75.16691,21.0,-4.0
3275,2025-09-06,17.0,19.0,39.97576,-75.12157,22.0,2.0
3246,2024-09-19,12.0,12.0,39.94782,-75.22301,17.0,0.0
3413,2026-03-24,2.0,3.0,39.97115,-75.21596,15.0,1.0
3065,2024-01-06,3.0,2.0,39.9707,-75.15171,15.0,-1.0
3341,2024-09-19,12.0,15.0,39.98131,-75.12732,20.0,3.0
3306,2023-03-29,1.0,0.0,39.99683,-75.17761,11.0,-1.0
3205,2023-11-27,21.0,17.0,39.95405,-75.16783,22.0,-4.0
3414,2026-01-12,3.0,2.0,39.93922,-75.22347,13.0,-1.0
3342,2025-07-05,21.0,18.0,39.9639,-75.17385,20.0,-3.0
3200,2025-09-13,11.0,10.0,39.97583,-75.16846,17.0,-1.0
3067,2024-03-18,6.0,10.0,39.96411,-75.19973,17.0,4.0
3059,2024-05-11,31.0,31.0,39.96244,-75.16121,21.0,0.0
3394,2025-03-03,3.0,2.0,39.924,-75.16959,14.0,-1.0
3200,2023-09-21,10.0,10.0,39.97583,-75.16846,17.0,0.0
3281,2025-05-02,2.0,3.0,39.9323,-75.2162,15.0,1.0
3107,2023-10-31,4.0,6.0,39.98203,-75.18866,18.0,2.0
3041,2024-09-05,18.0,14.0,39.96849,-75.13546,26.0,-4.0
3337,2025-10-19,9.0,15.0,39.97318,-75.14612,15.0,6.0
3102,2023-01-11,30.0,30.0,39.96759,-75.17952,26.0,0.0
3066,2023-04-23,25.0,28.0,39.94561,-75.17348,29.0,3.0
3006,2025-10-04,21.0,29.0,39.9522,-75.20311,17.0,8.0
3347,2024-03-04,9.0,15.0,,,,6.0
3005,2023-08-17,13.0,18.0,39.94733,-75.14403,13.0,5.0
3066,2024-02-05,31.0,30.0,39.94561,-75.17348,29.0,-1.0
3154,2024-04-14,22.0,18.0,39.95924,-75.15821,16.0,-4.0
3247,2024-08-18,3.0,3.0,39.96538,-75.21514,16.0,0.0
3119,2024-07-26,8.0,8.0,39.96674,-75.20799,17.0,0.0
3101,2023-10-23,25.0,24.0,39.94295,-75.15955,18.0,-1.0
3349,2025-12-09,8.0,7.0,39.93651,-75.18621,17.0,-1.0
3307,2026-01-12,1.0,0.0,40.0028,-75.174,11.0,-1.0
3152,2025-05-20,10.0,8.0,39.94993,-75.20286,17.0,-2.0
3296,2023-05-31,65.0,71.0,39.95134,-75.16758,21.0,6.0
3160,2024-01-08,19.0,16.0,39.95662,-75.19862,41.0,-3.0
3301,2024-11-15,30.0,33.0,39.95029,-75.17126,15.0,3.0
3266,2024-02-26,6.0,9.0,39.9237,-75.14701,22.0,3.0
3287,2025-03-02,0.0,2.0,39.94367,-75.21606,16.0,2.0
3017,2025-07-07,13.0,11.0,39.98003,-75.14371,15.0,-2.0
3034,2024-01-03,24.0,21.0,39.93315,-75.16248,16.0,-3.0
3166,2023-09-26,4.0,5.0,39.97195,-75.13445,22.0,1.0
3245,2024-09-23,27.0,17.0,39.97887,-75.15777,20.0,-10.0
3118,2023-12-24,1.0,0.0,39.95866,-75.21323,20.0,-1.0
3030,2024-06-01,26.0,28.0,,,,2.0
3088,2023-11-10,14.0,13.0,39.96984,-75.1418,35.0,-1.0
3086,2023-03-05,8.0,4.0,39.94019,-75.16691,21.0,-4.0
3158,2025-03-23,4.0,6.0,39.92552,-75.16904,15.0,2.0
3099,2023-04-04,10.0,12.0,39.93401,-75.15094,19.0,2.0
3032,2025-03-04,38.0,44.0,39.94527,-75.17971,20.0,6.0
3046,2023-11-06,30.0,26.0,,,,-4.0
3185,2025-08-15,53.0,54.0,39.95169,-75.15888,21.0,1.0
3256,2025-03-03,23.0,22.0,39.95269,-75.17779,23.0,-1.0
3341,2024-07-29,4.0,11.0,39.98131,-75.12732,20.0,7.0
3271,2024-03-01,0.0,1.0,39.9476,-75.22946,18.0,1.0
3432,2026-03-16,0.0,1.0,40.03055,-75.21983,11.0,1.0
3164,2024-03-30,7.0,9.0,39.92814,-75.16515,18.0,2.0
3285,2024-02-04,6.0,8.0,39.95946,-75.14745,19.0,2.0
3170,2024-04-17,15.0,11.0,,,,-4.0
3060,2023-12-27,1.0,3.0,39.95923,-75.17036,19.0,2.0
3032,2023-10-24,70.0,69.0,39.94527,-75.17971,20.0,-1.0
3037,2025-08-18,27.0,24.0,39.95424,-75.16138,21.0,-3.0
3125,2024-09-07,32.0,24.0,39.94391,-75.16735,16.0,-8.0
3256,2023-08-20,26.0,25.0,39.95269,-75.17779,23.0,-1.0
3077,2024-03-22,7.0,6.0,39.97207,-75.16351,19.0,-1.0
3247,2025-04-17,1.0,0.0,39.96538,-75.21514,16.0,-1.0
3271,2024-09-26,4.0,2.0,39.9476,-75.22946,18.0,-2.0
3160,2026-01-16,23.0,17.0,39.95662,-75.19862,41.0,-6.0
3248,2023-10-05,21.0,12.0,39.94213,-75.18335,22.0,-9.0
3099,2024-06-01,16.0,17.0,39.93401,-75.15094,19.0,1.0
3323,2025-07-18,7.0,7.0,40.02796,-75.2277,18.0,0.0
3213,2025-10-09,53.0,47.0,39.93887,-75.16663,25.0,-6.0
3263,2025-06-23,6.0,7.0,39.9586,-75.2081,18.0,1.0
3060,2023-07-16,4.0,4.0,39.95923,-75.17036,19.0,0.0
3161,2023-12-19,33.0,28.0,39.95486,-75.18091,23.0,-5.0
3187,2023-11-13,13.0,10.0,39.95725,-75.17232,19.0,-3.0
3015,2025-10-10,11.0,12.0,39.94735,-75.14886,11.0,1.0
3160,2025-06-08,17.0,17.0,39.95662,-75.19862,41.0,0.0
3332,2025-08-28,1.0,3.0,40.00537,-75.18143,12.0,2.0
3039,2025-11-20,7.0,11.0,39.97157,-75.15993,17.0,4.0
3277,2023-02-06,2.0,2.0,39.98306,-75.16738,20.0,0.0
3257,2024-05-14,7.0,8.0,,,,1.0
3059,2024-08-06,39.0,45.0,39.96244,-75.16121,21.0,6.0
3030,2024-02-15,18.0,18.0,,,,0.0
3188,2025-03-10,4.0,4.0,39.90471,-75.1734,56.0,0.0
3246,2025-04-25,7.0,14.0,39.94782,-75.22301,17.0,7.0
3378,2026-01-18,1.0,0.0,39.95238,-75.14728,18.0,-1.0
3294,2023-06-27,11.0,18.0,39.95174,-75.17063,21.0,7.0
3065,2025-06-24,2.0,1.0,39.9707,-75.15171,15.0,-1.0
3253,2025-07-29,6.0,4.0,39.93074,-75.18924,21.0,-2.0
3210,2024-04-22,9.0,7.0,39.98492,-75.15668,18.0,-2.0
3342,2025-06-14,20.0,19.0,39.9639,-75.17385,20.0,-1.0
3112,2025-12-24,2.0,3.0,39.95373,-75.21825,18.0,1.0
3057,2026-03-18,4.0,5.0,39.96439,-75.17987,26.0,1.0
3037,2024-02-06,11.0,5.0,39.95424,-75.16138,21.0,-6.0
3005,2025-02-16,4.0,5.0,39.94733,-75.14403,13.0,1.0
3252,2024-06-19,13.0,12.0,39.93882,-75.19324,14.0,-1.0
3373,2025-06-02,16.0,16.0,39.95817,-75.15668,15.0,0.0
3304,2023-02-06,5.0,3.0,39.94234,-75.15399,21.0,-2.0
3124,2024-02-08,4.0,4.0,39.95367,-75.13956,17.0,0.0
3107,2025-12-13,2.0,1.0,39.98203,-75.18866,18.0,-1.0
3337,2023-12-04,8.0,8.0,39.97318,-75.14612,15.0,0.0
3106,2024-12-17,1.0,0.0,39.99179,-75.18637,17.0,-1.0
3060,2024-02-03,4.0,4.0,39.95923,-75.17036,19.0,0.0
3319,2024-02-25,2.0,1.0,39.96672,-75.12964,16.0,-1.0
3008,2025-06-22,2.0,4.0,39.98081,-75.15067,17.0,2.0
3319,2023-12-16,5.0,3.0,39.96672,-75.12964,16.0,-2.0
3241,2025-06-12,8.0,7.0,39.95225,-75.22637,20.0,-1.0
3300,2023-07-31,11.0,6.0,39.95511,-75.16287,13.0,-5.0
3299,2024-04-25,20.0,21.0,39.94332,-75.15698,22.0,1.0
3164,2025-04-03,25.0,21.0,39.92814,-75.16515,18.0,-4.0
3347,2025-09-25,10.0,9.0,,,,-1.0
3168,2023-11-08,43.0,44.0,,,,1.0
3075,2024-10-01,23.0,18.0,39.96718,-75.16125,12.0,-5.0
3331,2025-09-24,9.0,8.0,39.97116,-75.12813,20.0,-1.0
3051,2023-09-02,18.0,17.0,39.96744,-75.17507,37.0,-1.0
3362,2025-04-19,33.0,33.0,39.94816,-75.16226,19.0,0.0
3070,2024-01-05,7.0,7.0,,,,0.0
3346,2026-01-03,5.0,6.0,39.94883,-75.15097,17.0,1.0
3066,2025-10-07,65.0,42.0,39.94561,-75.17348,29.0,-23.0
3073,2023-03-07,8.0,6.0,39.96143,-75.15242,15.0,-2.0
3244,2024-11-10,33.0,32.0,,,,-1.0
3047,2024-12-16,7.0,5.0,39.95073,-75.14947,20.0,-2.0
3058,2023-09-08,31.0,25.0,,,,-6.0
3298,2023-08-08,2.0,1.0,39.94717,-75.20691,15.0,-1.0
3417,2025-12-20,1.0,0.0,39.99146,-75.14808,15.0,-1.0
3038,2023-09-23,1.0,1.0,39.94781,-75.19409,28.0,0.0
3037,2023-02-06,9.0,9.0,39.95424,-75.16138,21.0,0.0
3341,2023-08-16,6.0,10.0,39.98131,-75.12732,20.0,4.0
3067,2026-03-08,1.0,0.0,39.96411,-75.19973,17.0,-1.0
3377,2024-07-18,7.0,6.0,,,,-1.0
3354,2025-09-10,2.0,3.0,39.95628,-75.2387,18.0,1.0
3276,2025-05-20,10.0,12.0,39.96569,-75.15679,18.0,2.0
3253,2024-11-23,4.0,6.0,39.93074,-75.18924,21.0,2.0
3046,2023-12-04,32.0,38.0,,,,6.0
3342,2026-01-23,13.0,14.0,39.9639,-75.17385,20.0,1.0
3295,2023-03-03,26.0,19.0,39.95028,-75.16027,21.0,-7.0
3310,2024-09-08,7.0,5.0,39.98024,-75.18651,15.0,-2.0
3342,2024-06-24,15.0,9.0,39.9639,-75.17385,20.0,-6.0
3309,2023-02-07,1.0,0.0,,,,-1.0
3287,2024-11-30,1.0,1.0,39.94367,-75.21606,16.0,0.0
3125,2025-03-26,26.0,21.0,39.94391,-75.16735,16.0,-5.0
3008,2023-11-19,3.0,1.0,39.98081,-75.15067,17.0,-2.0
3034,2024-10-01,32.0,35.0,39.93315,-75.16248,16.0,3.0
3385,2025-10-21,16.0,17.0,39.94974,-75.15424,15.0,1.0
3201,2024-10-01,29.0,29.0,39.95523,-75.1662,20.0,0.0
3272,2025-11-09,2.0,0.0,39.96405,-75.22048,13.0,-2.0
3298,2026-01-12,3.0,1.0,39.94717,-75.20691,15.0,-2.0
3008,2023-07-06,6.0,7.0,39.98081,-75.15067,17.0,1.0
3344,2026-02-26,1.0,0.0,39.95961,-75.23354,23.0,-1.0
3100,2025-03-18,25.0,35.0,39.92777,-75.15103,38.0,10.0
3349,2024-08-01,15.0,12.0,39.93651,-75.18621,17.0,-3.0
3208,2024-01-28,11.0,11.0,39.95048,-75.19324,28.0,0.0
3098,2023-10-30,19.0,15.0,39.93431,-75.16042,19.0,-4.0
3072,2023-01-31,9.0,10.0,39.93445,-75.14541,25.0,1.0
3055,2025-10-15,18.0,23.0,39.95112,-75.15457,15.0,5.0
3251,2023-04-13,9.0,5.0,39.93366,-75.19319,16.0,-4.0
3287,2023-07-14,9.0,6.0,39.94367,-75.21606,16.0,-3.0
3062,2025-05-14,11.0,11.0,,,,0.0
3249,2023-11-22,6.0,2.0,39.95784,-75.19079,22.0,-4.0
3268,2025-07-09,2.0,2.0,39.97633,-75.15101,22.0,0.0
3046,2024-09-04,38.0,36.0,,,,-2.0
3255,2024-03-23,9.0,4.0,39.95095,-75.16438,15.0,-5.0
3340,2026-03-02,10.0,10.0,39.96906,-75.18169,17.0,0.0
3169,2023-01-01,5.0,4.0,39.95382,-75.14263,17.0,-1.0
3351,2023-12-18,0.0,1.0,39.99655,-75.14991,18.0,1.0
3305,2024-05-30,1.0,1.0,39.99569,-75.1671,11.0,0.0
3275,2024-08-20,17.0,20.0,39.97576,-75.12157,22.0,3.0
3211,2023-10-04,12.0,11.0,39.97172,-75.1706,22.0,-1.0
3313,2023-02-21,1.0,2.0,39.9158,-75.1643,9.0,1.0
3248,2024-03-30,18.0,14.0,39.94213,-75.18335,22.0,-4.0
3285,2023-07-15,16.0,16.0,39.95946,-75.14745,19.0,0.0
3374,2024-05-22,18.0,13.0,39.9728,-75.17971,18.0,-5.0
3307,2024-06-16,2.0,0.0,40.0028,-75.174,11.0,-2.0
3022,2025-04-17,41.0,32.0,39.95472,-75.18323,21.0,-9.0
3286,2025-11-27,1.0,2.0,39.96409,-75.14769,22.0,1.0
3423,2026-02-26,1.0,1.0,40.02826,-75.21106,15.0,0.0
3313,2024-06-20,3.0,6.0,39.9158,-75.1643,9.0,3.0
3100,2024-03-27,20.0,15.0,39.92777,-75.15103,38.0,-5.0
3057,2024-01-30,1.0,5.0,39.96439,-75.17987,26.0,4.0
3057,2025-01-20,2.0,1.0,39.96439,-75.17987,26.0,-1.0
3329,2026-03-24,3.0,2.0,40.02651,-75.22445,15.0,-1.0
3061,2024-12-05,26.0,27.0,,,,1.0
3181,2023-01-13,3.0,3.0,39.89629,-75.17514,20.0,0.0
3362,2024-09-07,29.0,33.0,39.94816,-75.16226,19.0,4.0
3408,2025-11-04,10.0,7.0,39.9216,-75.15,17.0,-3.0
3120,2023-12-12,8.0,13.0,39.97522,-75.18669,19.0,5.0
3029,2023-08-01,41.0,56.0,39.9538,-75.19479,17.0,15.0
3248,2023-10-30,10.0,13.0,39.94213,-75.18335,22.0,3.0
3258,2024-02-16,1.0,3.0,39.95828,-75.22424,20.0,2.0
3017,2024-04-17,8.0,6.0,39.98003,-75.14371,15.0,-2.0
3301,2025-12-15,7.0,13.0,39.95029,-75.17126,15.0,6.0
3020,2023-09-22,55.0,56.0,39.94855,-75.19007,36.0,1.0
3119,2026-02-19,4.0,5.0,39.96674,-75.20799,17.0,1.0
3020,2025-07-17,47.0,45.0,39.94855,-75.19007,36.0,-2.0
3065,2026-03-29,0.0,3.0,39.9707,-75.15171,15.0,3.0
3338,2025-04-09,2.0,3.0,39.95098,-75.23035,21.0,1.0
3009,2023-06-03,22.0,21.0,39.95576,-75.18982,14.0,-1.0
3243,2024-06-30,3.0,2.0,39.9835,-75.14743,12.0,-1.0
3106,2025-08-26,0.0,2.0,39.99179,-75.18637,17.0,2.0
3037,2024-04-10,22.0,15.0,39.95424,-75.16138,21.0,-7.0
3207,2025-11-05,32.0,30.0,39.95441,-75.192,20.0,-2.0
3107,2025-01-07,1.0,0.0,39.98203,-75.18866,18.0,-1.0
3263,2023-10-30,7.0,7.0,39.9586,-75.2081,18.0,0.0
3392,2025-09-25,6.0,5.0,39.93633,-75.19447,13.0,-1.0
3107,2025-02-13,1.0,0.0,39.98203,-75.18866,18.0,-1.0
3049,2023-10-03,19.0,16.0,39.94509,-75.1425,29.0,-3.0
3182,2023-04-26,24.0,22.0,,,,-2.0
3005,2024-11-08,19.0,25.0,39.94733,-75.14403,13.0,6.0
3049,2023-10-05,16.0,14.0,39.94509,-75.1425,29.0,-2.0
3049,2023-06-24,41.0,37.0,39.94509,-75.1425,29.0,-4.0
3065,2025-11-26,0.0,2.0,39.9707,-75.15171,15.0,2.0
3157,2025-02-05,17.0,16.0,39.92545,-75.15954,18.0,-1.0
3308,2023-03-21,3.0,3.0,,,,0.0
3029,2024-12-30,6.0,2.0,39.9538,-75.19479,17.0,-4.0
3099,2025-03-14,12.0,11.0,39.93401,-75.15094,19.0,-1.0
3279,2024-03-04,3.0,4.0,39.9265,-75.1668,18.0,1.0
3063,2024-08-18,24.0,21.0,39.94633,-75.1698,25.0,-3.0
3014,2026-03-15,5.0,5.0,39.95886,-75.17369,25.0,0.0
3279,2024-09-19,20.0,10.0,39.9265,-75.1668,18.0,-10.0
3374,2025-03-06,19.0,21.0,39.9728,-75.17971,18.0,2.0
3329,2023-06-16,3.0,1.0,40.02651,-75.22445,15.0,-2.0
3053,2025-01-02,9.0,6.0,39.93231,-75.18154,19.0,-3.0
3287,2025-07-17,3.0,1.0,39.94367,-75.21606,16.0,-2.0
3264,2025-09-13,19.0,18.0,39.94571,-75.15508,23.0,-1.0
3292,2023-08-25,8.0,4.0,39.92,-75.1562,17.0,-4.0
3294,2024-08-16,28.0,24.0,39.95174,-75.17063,21.0,-4.0
3097,2024-09-28,10.0,9.0,39.97888,-75.13339,18.0,-1.0
3165,2023-04-07,15.0,14.0,39.95819,-75.1782,22.0,-1.0
3359,2024-01-14,9.0,13.0,39.94888,-75.16978,29.0,4.0
3336,2025-11-08,9.0,11.0,39.95719,-75.19388,20.0,2.0
3030,2025-02-05,22.0,14.0,,,,-8.0
3019,2024-09-23,11.0,10.0,39.95403,-75.14983,15.0,-1.0
3340,2023-11-20,14.0,14.0,39.96906,-75.18169,17.0,0.0
3387,2026-03-22,11.0,8.0,39.97012,-75.14666,19.0,-3.0
3200,2024-12-23,3.0,2.0,39.97583,-75.16846,17.0,-1.0
3038,2023-08-03,35.0,51.0,39.94781,-75.19409,28.0,16.0
3200,2024-02-15,2.0,3.0,39.97583,-75.16846,17.0,1.0
3276,2025-05-08,12.0,15.0,39.96569,-75.15679,18.0,3.0
3273,2023-09-13,5.0,8.0,,,,3.0
3322,2025-12-21,5.0,5.0,39.93638,-75.15526,13.0,0.0
3370,2025-03-28,3.0,1.0,40.0163,-75.21241,16.0,-2.0
3053,2023-11-07,28.0,25.0,39.93231,-75.18154,19.0,-3.0
3196,2023-08-01,2.0,0.0,39.98717,-75.17477,17.0,-2.0
3117,2025-02-05,1.0,3.0,39.97841,-75.22399,14.0,2.0
3032,2024-03-09,20.0,18.0,39.94527,-75.17971,20.0,-2.0
3226,2023-05-04,7.0,5.0,39.98101,-75.13721,18.0,-2.0
3072,2024-03-30,6.0,5.0,39.93445,-75.14541,25.0,-1.0
3326,2025-08-28,6.0,6.0,39.99198,-75.19944,17.0,0.0
3058,2024-09-12,42.0,37.0,,,,-5.0
3310,2024-08-31,2.0,4.0,39.98024,-75.18651,15.0,2.0
3377,2024-04-30,4.0,5.0,,,,1.0
3389,2025-09-09,16.0,13.0,39.94431,-75.18128,16.0,-3.0
3252,2024-11-23,3.0,6.0,39.93882,-75.19324,14.0,3.0
3116,2024-12-28,3.0,4.0,39.96006,-75.17198,21.0,1.0
3007,2024-06-25,27.0,18.0,39.94517,-75.15993,20.0,-9.0
3263,2024-11-22,1.0,2.0,39.9586,-75.2081,18.0,1.0
3049,2024-02-16,8.0,5.0,39.94509,-75.1425,29.0,-3.0
3163,2024-05-13,48.0,51.0,39.94974,-75.18097,22.0,3.0
3304,2024-07-10,37.0,35.0,39.94234,-75.15399,21.0,-2.0
3306,2024-08-29,2.0,2.0,39.99683,-75.17761,11.0,0.0
3398,2025-12-12,2.0,6.0,39.91551,-75.15474,15.0,4.0
3254,2024-07-10,11.0,9.0,39.98091,-75.16065,18.0,-2.0
3006,2025-06-24,16.0,9.0,39.9522,-75.20311,17.0,-7.0
3187,2024-12-20,5.0,8.0,39.95725,-75.17232,19.0,3.0
3408,2026-03-11,11.0,7.0,39.9216,-75.15,17.0,-4.0
3357,2025-03-10,2.0,2.0,39.9104,-75.16588,27.0,0.0
3279,2024-12-21,2.0,1.0,39.9265,-75.1668,18.0,-1.0
3393,2025-07-01,9.0,12.0,39.96727,-75.13999,18.0,3.0
3020,2025-02-02,13.0,11.0,39.94855,-75.19007,36.0,-2.0
3309,2023-04-22,4.0,4.0,,,,0.0
3337,2025-12-17,4.0,6.0,39.97318,-75.14612,15.0,2.0
3296,2024-05-15,39.0,33.0,39.95134,-75.16758,21.0,-6.0
3005,2024-11-24,10.0,10.0,39.94733,-75.14403,13.0,0.0
3025,2023-03-17,19.0,23.0,39.93724,-75.1612,15.0,4.0
3291,2024-06-10,6.0,6.0,40.01022,-75.197,15.0,0.0
3342,2024-07-28,16.0,12.0,39.9639,-75.17385,20.0,-4.0
3074,2023-04-26,13.0,11.0,39.95511,-75.20987,15.0,-2.0
3248,2024-09-12,6.0,3.0,39.94213,-75.18335,22.0,-3.0
3345,2023-08-23,5.0,5.0,39.9617,-75.14667,19.0,0.0
3333,2024-04-25,27.0,28.0,39.9541,-75.16965,25.0,1.0
3353,2025-10-16,4.0,4.0,40.00496,-75.15233,22.0,0.0
3390,2024-12-28,1.0,0.0,39.96,-75.2244,18.0,-1.0
3018,2025-11-01,48.0,37.0,39.95273,-75.15979,18.0,-11.0
3287,2025-08-25,3.0,3.0,39.94367,-75.21606,16.0,0.0
3407,2025-11-06,7.0,7.0,39.9785,-75.13911,15.0,0.0
3063,2023-08-12,30.0,28.0,39.94633,-75.1698,25.0,-2.0
3331,2024-01-26,3.0,3.0,39.97116,-75.12813,20.0,0.0
3310,2025-04-29,2.0,2.0,39.98024,-75.18651,15.0,0.0
3375,2025-07-24,20.0,23.0,39.96036,-75.1402,22.0,3.0
3113,2023-08-03,3.0,4.0,39.97472,-75.19781,12.0,1.0
3284,2024-08-20,3.0,4.0,40.01112,-75.19287,14.0,1.0
3010,2024-09-17,83.0,77.0,39.94711,-75.16618,22.0,-6.0
3373,2026-01-25,0.0,1.0,39.95817,-75.15668,15.0,1.0
3201,2024-01-23,10.0,12.0,39.95523,-75.1662,20.0,2.0
3101,2025-06-16,30.0,33.0,39.94295,-75.15955,18.0,3.0
3286,2023-07-10,15.0,14.0,39.96409,-75.14769,22.0,-1.0
3046,2024-12-13,17.0,17.0,,,,0.0
3099,2023-02-14,7.0,6.0,39.93401,-75.15094,19.0,-1.0
3212,2023-05-05,30.0,31.0,39.96383,-75.18177,32.0,1.0
3041,2023-07-08,20.0,24.0,39.96849,-75.13546,26.0,4.0
3068,2024-06-02,15.0,20.0,39.93549,-75.16711,18.0,5.0
3341,2024-08-16,16.0,18.0,39.98131,-75.12732,20.0,2.0
3022,2023-12-19,30.0,30.0,39.95472,-75.18323,21.0,0.0
3088,2024-11-24,11.0,10.0,39.96984,-75.1418,35.0,-1.0
3375,2024-03-28,6.0,3.0,39.96036,-75.1402,22.0,-3.0
3039,2025-02-06,4.0,4.0,39.97157,-75.15993,17.0,0.0
3297,2023-12-14,8.0,6.0,39.95821,-75.16901,19.0,-2.0
3294,2023-07-01,25.0,37.0,39.95174,-75.17063,21.0,12.0
3155,2024-10-26,25.0,17.0,39.94018,-75.15442,18.0,-8.0
3012,2025-01-30,39.0,34.0,39.94218,-75.17747,27.0,-5.0
3320,2023-06-09,6.0,5.0,39.9746,-75.15917,17.0,-1.0
3204,2026-02-15,7.0,6.0,39.96437,-75.16582,22.0,-1.0
3157,2025-12-23,6.0,8.0,39.92545,-75.15954,18.0,2.0
3328,2024-09-05,13.0,11.0,39.98798,-75.1995,23.0,-2.0
3069,2026-01-30,2.0,1.0,39.93704,-75.15038,23.0,-1.0
3357,2025-08-28,29.0,23.0,39.9104,-75.16588,27.0,-6.0
3378,2025-10-14,7.0,16.0,39.95238,-75.14728,18.0,9.0
3041,2024-03-12,8.0,8.0,39.96849,-75.13546,26.0,0.0
3383,2024-09-24,18.0,25.0,39.96634,-75.14222,19.0,7.0
3111,2023-10-23,2.0,2.0,39.97779,-75.21323,14.0,0.0
3375,2024-04-01,5.0,3.0,39.96036,-75.1402,22.0,-2.0
3307,2024-02-29,0.0,1.0,40.0028,-75.174,11.0,1.0
3162,2024-10-06,19.0,16.0,39.94595,-75.18475,34.0,-3.0
3351,2025-04-30,1.0,1.0,39.99655,-75.14991,18.0,0.0
3377,2024-04-24,1.0,5.0,,,,4.0
3276,2024-07-07,10.0,12.0,39.96569,-75.15679,18.0,2.0
3169,2023-02-14,11.0,10.0,39.95382,-75.14263,17.0,-1.0
3098,2026-03-21,22.0,15.0,39.93431,-75.16042,19.0,-7.0
3068,2025-09-02,19.0,25.0,39.93549,-75.16711,18.0,6.0
3058,2024-04-14,25.0,26.0,,,,1.0
3047,2025-04-13,10.0,12.0,39.95073,-75.14947,20.0,2.0
3049,2023-06-19,18.0,23.0,39.94509,-75.1425,29.0,5.0
3038,2023-08-19,17.0,17.0,39.94781,-75.19409,28.0,0.0
3309,2023-03-17,3.0,2.0,,,,-1.0
3188,2023-08-15,11.0,12.0,39.90471,-75.1734,56.0,1.0
3017,2024-05-03,11.0,8.0,39.98003,-75.14371,15.0,-3.0
3071,2023-11-16,14.0,15.0,,,,1.0
3359,2024-10-30,70.0,52.0,39.94888,-75.16978,29.0,-18.0
3251,2024-06-18,7.0,5.0,39.93366,-75.19319,16.0,-2.0
3393,2025-01-20,2.0,3.0,39.96727,-75.13999,18.0,1.0
3417,2025-10-16,3.0,4.0,39.99146,-75.14808,15.0,1.0
3028,2024-07-06,40.0,41.0,39.94061,-75.14958,15.0,1.0
3271,2023-10-02,3.0,2.0,39.9476,-75.22946,18.0,-1.0
3285,2025-10-04,16.0,16.0,39.95946,-75.14745,19.0,0.0
3255,2024-07-05,25.0,31.0,39.95095,-75.16438,15.0,6.0
3355,2024-02-29,7.0,5.0,,,,-2.0
3074,2023-05-23,16.0,14.0,39.95511,-75.20987,15.0,-2.0
3054,2023-03-20,33.0,35.0,39.9625,-75.1742,35.0,2.0
3300,2024-06-16,8.0,12.0,39.95511,-75.16287,13.0,4.0
3166,2025-06-30,16.0,17.0,39.97195,-75.13445,22.0,1.0
3431,2025-09-12,1.0,5.0,39.96239,-75.24522,15.0,4.0
3078,2023-10-10,25.0,23.0,39.95355,-75.17192,18.0,-2.0
3246,2026-01-15,5.0,2.0,39.94782,-75.22301,17.0,-3.0
3400,2025-08-03,16.0,19.0,39.949,-75.16081,18.0,3.0
3373,2026-02-11,9.0,10.0,39.95817,-75.15668,15.0,1.0
3154,2023-03-10,16.0,13.0,39.95924,-75.15821,16.0,-3.0
3264,2026-03-19,22.0,17.0,39.94571,-75.15508,23.0,-5.0
3236,2025-09-04,9.0,10.0,39.96566,-75.17765,18.0,1.0
3014,2024-08-28,7.0,6.0,39.95886,-75.17369,25.0,-1.0
3279,2023-12-19,2.0,1.0,39.9265,-75.1668,18.0,-1.0
3204,2024-10-18,17.0,24.0,39.96437,-75.16582,22.0,7.0
3305,2026-01-21,0.0,1.0,39.99569,-75.1671,11.0,1.0
3254,2024-05-31,14.0,17.0,39.98091,-75.16065,18.0,3.0
3022,2025-09-21,43.0,46.0,39.95472,-75.18323,21.0,3.0
3051,2025-02-17,11.0,10.0,39.96744,-75.17507,37.0,-1.0
3438,2025-11-01,5.0,5.0,39.98421,-75.11304,13.0,0.0
3038,2024-08-06,37.0,29.0,39.94781,-75.19409,28.0,-8.0
3287,2024-06-03,5.0,5.0,39.94367,-75.21606,16.0,0.0
3241,2024-08-31,5.0,5.0,39.95225,-75.22637,20.0,0.0
3304,2025-06-30,17.0,21.0,39.94234,-75.15399,21.0,4.0
3020,2023-07-03,32.0,20.0,39.94855,-75.19007,36.0,-12.0
3245,2026-03-06,6.0,6.0,39.97887,-75.15777,20.0,0.0
3181,2024-10-20,1.0,6.0,39.89629,-75.17514,20.0,5.0
3333,2024-12-30,7.0,7.0,39.9541,-75.16965,25.0,0.0
3211,2023-08-04,16.0,16.0,39.97172,-75.1706,22.0,0.0
3203,2024-06-23,22.0,22.0,39.94077,-75.17227,20.0,0.0
3278,2024-09-03,1.0,1.0,39.99301,-75.1681,11.0,0.0
3241,2025-01-06,1.0,2.0,39.95225,-75.22637,20.0,1.0
3116,2023-12-11,4.0,7.0,39.96006,-75.17198,21.0,3.0
3250,2024-09-23,0.0,2.0,39.95673,-75.14575,17.0,2.0
3345,2023-12-20,7.0,4.0,39.9617,-75.14667,19.0,-3.0
3226,2024-07-25,10.0,12.0,39.98101,-75.13721,18.0,2.0
3104,2023-08-27,19.0,13.0,39.96664,-75.19209,13.0,-6.0
3258,2024-04-30,6.0,6.0,39.95828,-75.22424,20.0,0.0
3012,2025-08-27,44.0,41.0,39.94218,-75.17747,27.0,-3.0
3067,2025-06-12,4.0,4.0,39.96411,-75.19973,17.0,0.0
3310,2024-06-20,6.0,3.0,39.98024,-75.18651,15.0,-3.0
3124,2025-08-02,43.0,46.0,39.95367,-75.13956,17.0,3.0
3062,2024-06-13,23.0,21.0,,,,-2.0
3303,2025-08-12,8.0,10.0,39.9559,-75.2053,20.0,2.0
3235,2023-12-30,4.0,5.0,39.96,-75.1651,15.0,1.0
3276,2025-07-29,5.0,6.0,39.96569,-75.15679,18.0,1.0
3040,2023-01-01,11.0,10.0,39.96289,-75.16606,21.0,-1.0
3263,2023-10-27,9.0,5.0,39.9586,-75.2081,18.0,-4.0
3285,2023-08-10,8.0,7.0,39.95946,-75.14745,19.0,-1.0
3064,2025-02-12,12.0,16.0,39.9384,-75.17327,22.0,4.0
3253,2025-09-04,7.0,9.0,39.93074,-75.18924,21.0,2.0
3046,2023-06-20,33.0,32.0,,,,-1.0
3320,2024-05-21,15.0,15.0,39.9746,-75.15917,17.0,0.0
3235,2025-01-22,6.0,6.0,39.96,-75.1651,15.0,0.0
3161,2023-06-03,14.0,20.0,39.95486,-75.18091,23.0,6.0
3067,2025-01-22,0.0,1.0,39.96411,-75.19973,17.0,1.0
3327,2026-01-07,1.0,4.0,39.97759,-75.12442,17.0,3.0
3304,2026-03-23,24.0,22.0,39.94234,-75.15399,21.0,-2.0
3024,2024-02-26,2.0,4.0,39.94822,-75.20908,19.0,2.0
3321,2024-04-20,13.0,11.0,39.95485,-75.17298,21.0,-2.0
3157,2025-03-25,16.0,17.0,39.92545,-75.15954,18.0,1.0
3116,2024-09-20,17.0,16.0,39.96006,-75.17198,21.0,-1.0
3375,2025-01-06,1.0,1.0,39.96036,-75.1402,22.0,0.0
3305,2023-06-01,1.0,1.0,39.99569,-75.1671,11.0,0.0
3280,2023-07-14,1.0,1.0,39.93968,-75.21362,18.0,0.0
3337,2023-07-05,10.0,13.0,39.97318,-75.14612,15.0,3.0
3169,2025-05-03,32.0,20.0,39.95382,-75.14263,17.0,-12.0
3296,2025-02-01,11.0,14.0,39.95134,-75.16758,21.0,3.0
3056,2025-08-05,14.0,11.0,39.97669,-75.15813,22.0,-3.0
3032,2024-09-10,100.0,99.0,39.94527,-75.17971,20.0,-1.0
3125,2023-02-09,15.0,22.0,39.94391,-75.16735,16.0,7.0
3285,2026-01-02,4.0,2.0,39.95946,-75.14745,19.0,-2.0
3373,2024-03-09,5.0,2.0,39.95817,-75.15668,15.0,-3.0
3237,2024-05-31,9.0,7.0,39.91717,-75.17096,21.0,-2.0
3209,2026-01-28,3.0,3.0,39.949,-75.21278,14.0,0.0
3006,2024-01-06,4.0,1.0,39.9522,-75.20311,17.0,-3.0
3212,2026-01-23,5.0,2.0,39.96383,-75.18177,32.0,-3.0
3331,2025-03-23,6.0,6.0,39.97116,-75.12813,20.0,0.0
3320,2024-12-08,9.0,11.0,39.9746,-75.15917,17.0,2.0
3040,2023-02-09,20.0,18.0,39.96289,-75.16606,21.0,-2.0
3049,2024-09-29,13.0,18.0,39.94509,-75.1425,29.0,5.0
3378,2025-07-27,9.0,9.0,39.95238,-75.14728,18.0,0.0
3066,2025-03-12,42.0,34.0,39.94561,-75.17348,29.0,-8.0
3345,2023-12-15,4.0,7.0,39.9617,-75.14667,19.0,3.0
3261,2023-09-21,22.0,27.0,39.96304,-75.14099,17.0,5.0
3243,2023-04-22,4.0,0.0,39.9835,-75.14743,12.0,-4.0
3158,2023-02-08,5.0,4.0,39.92552,-75.16904,15.0,-1.0
3360,2024-12-28,7.0,7.0,39.93304,-75.16822,22.0,0.0
3264,2024-03-10,10.0,7.0,39.94571,-75.15508,23.0,-3.0
3059,2025-02-09,28.0,33.0,39.96244,-75.16121,21.0,5.0
3310,2025-03-23,4.0,2.0,39.98024,-75.18651,15.0,-2.0
3266,2025-01-28,7.0,10.0,39.9237,-75.14701,22.0,3.0
3007,2023-12-14,40.0,42.0,39.94517,-75.15993,20.0,2.0
3265,2023-05-02,11.0,7.0,39.95957,-75.19633,13.0,-4.0
3328,2023-09-29,2.0,4.0,39.98798,-75.1995,23.0,2.0
3370,2024-07-30,4.0,4.0,40.0163,-75.21241,16.0,0.0
3008,2023-11-15,10.0,8.0,39.98081,-75.15067,17.0,-2.0
3363,2024-05-18,19.0,24.0,39.94655,-75.16263,17.0,5.0
3236,2024-12-09,8.0,5.0,39.96566,-75.17765,18.0,-3.0
3075,2025-10-29,17.0,18.0,39.96718,-75.16125,12.0,1.0
3248,2026-01-04,4.0,3.0,39.94213,-75.18335,22.0,-1.0
3287,2023-01-16,2.0,0.0,39.94367,-75.21606,16.0,-2.0
3115,2025-11-29,3.0,3.0,39.97263,-75.16757,18.0,0.0
3235,2025-02-20,6.0,4.0,39.96,-75.1651,15.0,-2.0
3365,2025-04-26,10.0,11.0,39.96173,-75.18788,17.0,1.0
3077,2026-01-07,8.0,7.0,39.97207,-75.16351,19.0,-1.0
3088,2025-07-24,20.0,28.0,39.96984,-75.1418,35.0,8.0
3387,2025-07-10,10.0,8.0,39.97012,-75.14666,19.0,-2.0
3004,2023-04-21,13.0,11.0,39.95371,-75.16423,23.0,-2.0
3210,2023-05-01,22.0,17.0,39.98492,-75.15668,18.0,-5.0
3012,2026-01-21,13.0,12.0,39.94218,-75.17747,27.0,-1.0
3250,2025-10-06,6.0,7.0,39.95673,-75.14575,17.0,1.0
3065,2023-12-23,2.0,2.0,39.9707,-75.15171,15.0,0.0
3102,2025-10-19,27.0,24.0,39.96759,-75.17952,26.0,-3.0
3185,2023-01-09,20.0,20.0,39.95169,-75.15888,21.0,0.0
3078,2025-12-06,9.0,8.0,39.95355,-75.17192,18.0,-1.0
3349,2025-09-18,21.0,26.0,39.93651,-75.18621,17.0,5.0
3119,2023-03-16,4.0,3.0,39.96674,-75.20799,17.0,-1.0
3160,2024-09-26,24.0,24.0,39.95662,-75.19862,41.0,0.0
3008,2024-02-03,0.0,3.0,39.98081,-75.15067,17.0,3.0
3407,2026-03-09,5.0,9.0,39.9785,-75.13911,15.0,4.0
3337,2023-10-30,8.0,8.0,39.97318,-75.14612,15.0,0.0
3375,2024-02-10,7.0,5.0,39.96036,-75.1402,22.0,-2.0
3361,2025-10-01,36.0,35.0,39.93082,-75.17474,21.0,-1.0
3164,2026-02-17,7.0,9.0,39.92814,-75.16515,18.0,2.0
3162,2023-06-21,13.0,8.0,39.94595,-75.18475,34.0,-5.0
3287,2023-11-12,5.0,1.0,39.94367,-75.21606,16.0,-4.0
3166,2025-09-19,29.0,34.0,39.97195,-75.13445,22.0,5.0
3209,2025-08-23,17.0,15.0,39.949,-75.21278,14.0,-2.0
3034,2026-03-08,22.0,22.0,39.93315,-75.16248,16.0,0.0
3280,2024-07-13,3.0,1.0,39.93968,-75.21362,18.0,-2.0
3163,2025-04-01,32.0,31.0,39.94974,-75.18097,22.0,-1.0
3432,2025-11-19,1.0,0.0,40.03055,-75.21983,11.0,-1.0
3031,2025-12-02,2.0,6.0,39.98005,-75.15522,21.0,4.0
3067,2023-06-05,7.0,5.0,39.96411,-75.19973,17.0,-2.0
3040,2024-07-30,24.0,26.0,39.96289,-75.16606,21.0,2.0
3236,2025-05-21,7.0,7.0,39.96566,-75.17765,18.0,0.0
3387,2024-10-01,11.0,16.0,39.97012,-75.14666,19.0,5.0
3327,2025-07-14,5.0,6.0,39.97759,-75.12442,17.0,1.0
3243,2025-05-21,2.0,3.0,39.9835,-75.14743,12.0,1.0
3046,2023-05-23,40.0,42.0,,,,2.0
3158,2023-05-23,22.0,21.0,39.92552,-75.16904,15.0,-1.0
3261,2023-07-17,16.0,19.0,39.96304,-75.14099,17.0,3.0
3394,2024-10-12,11.0,9.0,39.924,-75.16959,14.0,-2.0
3313,2024-03-17,2.0,2.0,39.9158,-75.1643,9.0,0.0
3436,2025-11-16,2.0,3.0,39.98287,-75.10121,13.0,1.0
3034,2025-05-12,34.0,35.0,39.93315,-75.16248,16.0,1.0
3368,2024-02-09,1.0,3.0,39.97647,-75.17362,17.0,2.0
3388,2025-06-09,5.0,3.0,39.96634,-75.15097,19.0,-2.0
3117,2023-09-27,2.0,3.0,39.97841,-75.22399,14.0,1.0
3296,2025-01-27,1.0,1.0,39.95134,-75.16758,21.0,0.0
3344,2026-03-28,2.0,3.0,39.95961,-75.23354,23.0,1.0
3101,2026-03-06,26.0,32.0,39.94295,-75.15955,18.0,6.0
3292,2024-07-15,3.0,3.0,39.92,-75.1562,17.0,0.0
3051,2023-12-20,19.0,14.0,39.96744,-75.17507,37.0,-5.0
3353,2025-11-08,1.0,0.0,40.00496,-75.15233,22.0,-1.0
3237,2023-10-11,4.0,12.0,39.91717,-75.17096,21.0,8.0
3337,2025-03-24,4.0,6.0,39.97318,-75.14612,15.0,2.0
3381,2024-12-13,6.0,7.0,39.94845,-75.21807,13.0,1.0
3078,2023-03-09,18.0,18.0,39.95355,-75.17192,18.0,0.0
3164,2023-05-05,19.0,24.0,39.92814,-75.16515,18.0,5.0
3297,2026-02-12,9.0,7.0,39.95821,-75.16901,19.0,-2.0
3007,2023-07-09,26.0,24.0,39.94517,-75.15993,20.0,-2.0
3055,2025-07-11,21.0,20.0,39.95112,-75.15457,15.0,-1.0
3441,2026-03-30,9.0,10.0,39.96305,-75.17454,5.0,1.0
3303,2026-03-01,4.0,5.0,39.9559,-75.2053,20.0,1.0
3197,2025-05-18,6.0,5.0,39.92083,-75.17033,23.0,-1.0
3012,2025-06-14,31.0,24.0,39.94218,-75.17747,27.0,-7.0
3197,2023-06-28,12.0,15.0,39.92083,-75.17033,23.0,3.0
3169,2023-07-10,22.0,24.0,39.95382,-75.14263,17.0,2.0
3104,2024-01-17,4.0,3.0,39.96664,-75.19209,13.0,-1.0
3152,2023-12-18,3.0,3.0,39.94993,-75.20286,17.0,0.0
3037,2024-02-25,16.0,11.0,39.95424,-75.16138,21.0,-5.0
3022,2025-04-08,28.0,26.0,39.95472,-75.18323,21.0,-2.0
3073,2024-03-07,9.0,9.0,39.96143,-75.15242,15.0,0.0
3182,2024-03-05,11.0,9.0,,,,-2.0
3376,2025-07-30,1.0,4.0,39.97183,-75.14878,8.0,3.0
3119,2023-02-10,3.0,1.0,39.96674,-75.20799,17.0,-2.0
3098,2025-11-30,6.0,5.0,39.93431,-75.16042,19.0,-1.0
3056,2024-11-08,6.0,7.0,39.97669,-75.15813,22.0,1.0
3294,2023-08-16,27.0,27.0,39.95174,-75.17063,21.0,0.0
3279,2024-05-19,12.0,14.0,39.9265,-75.1668,18.0,2.0
3034,2026-01-07,30.0,24.0,39.93315,-75.16248,16.0,-6.0
3256,2026-01-07,30.0,30.0,39.95269,-75.17779,23.0,0.0
3032,2023-06-29,45.0,52.0,39.94527,-75.17971,20.0,7.0
3326,2023-04-17,0.0,1.0,39.99198,-75.19944,17.0,1.0
3348,2023-10-06,9.0,8.0,,,,-1.0
3086,2024-03-25,10.0,13.0,39.94019,-75.16691,21.0,3.0
3324,2025-02-22,2.0,0.0,39.99484,-75.19242,23.0,-2.0
3008,2024-04-23,15.0,13.0,39.98081,-75.15067,17.0,-2.0
3388,2026-03-28,1.0,3.0,39.96634,-75.15097,19.0,2.0
3154,2024-01-20,7.0,5.0,39.95924,-75.15821,16.0,-2.0
3368,2026-03-20,0.0,1.0,39.97647,-75.17362,17.0,1.0
3211,2024-06-06,21.0,14.0,39.97172,-75.1706,22.0,-7.0
3439,2026-01-16,2.0,4.0,39.99033,-75.12759,15.0,2.0
3405,2025-08-03,6.0,7.0,39.94167,-75.16502,16.0,1.0
3031,2023-10-14,4.0,6.0,39.98005,-75.15522,21.0,2.0
3035,2023-02-09,8.0,9.0,39.96271,-75.19419,20.0,1.0
3037,2024-11-01,21.0,26.0,39.95424,-75.16138,21.0,5.0
3452,2026-03-17,3.0,2.0,39.95991,-75.13696,16.0,-1.0
3115,2024-01-21,3.0,4.0,39.97263,-75.16757,18.0,1.0
3201,2026-02-24,11.0,10.0,39.95523,-75.1662,20.0,-1.0
3097,2023-09-21,15.0,13.0,39.97888,-75.13339,18.0,-2.0
3038,2025-06-20,36.0,34.0,39.94781,-75.19409,28.0,-2.0
3233,2023-07-13,6.0,6.0,,,,0.0
3074,2023-06-27,8.0,6.0,39.95511,-75.20987,15.0,-2.0
3241,2025-02-22,5.0,5.0,39.95225,-75.22637,20.0,0.0
3073,2023-11-22,6.0,5.0,39.96143,-75.15242,15.0,-1.0
3447,2026-02-03,7.0,9.0,39.95009,-75.14467,25.0,2.0
3159,2023-12-02,14.0,7.0,39.95121,-75.19962,23.0,-7.0
3240,2023-09-02,5.0,3.0,39.96277,-75.21185,12.0,-2.0
3337,2024-06-24,6.0,8.0,39.97318,-75.14612,15.0,2.0
3317,2023-06-23,2.0,2.0,,,,0.0
3397,2024-12-20,10.0,13.0,39.93906,-75.17824,15.0,3.0
3373,2025-07-01,21.0,18.0,39.95817,-75.15668,15.0,-3.0
3152,2025-11-21,8.0,4.0,39.94993,-75.20286,17.0,-4.0
3399,2025-06-26,9.0,11.0,39.97502,-75.14006,15.0,2.0
3346,2024-03-14,13.0,18.0,39.94883,-75.15097,17.0,5.0
3359,2024-04-27,37.0,48.0,39.94888,-75.16978,29.0,11.0
3117,2024-09-10,1.0,1.0,39.97841,-75.22399,14.0,0.0
3345,2023-11-18,11.0,15.0,39.9617,-75.14667,19.0,4.0
3394,2025-07-04,8.0,10.0,39.924,-75.16959,14.0,2.0
3295,2026-02-13,18.0,21.0,39.95028,-75.16027,21.0,3.0
3266,2025-01-09,4.0,7.0,39.9237,-75.14701,22.0,3.0
3280,2023-01-18,1.0,1.0,39.93968,-75.21362,18.0,0.0
3162,2024-10-15,24.0,24.0,39.94595,-75.18475,34.0,0.0
3112,2023-12-19,2.0,4.0,39.95373,-75.21825,18.0,2.0
3006,2025-02-17,5.0,3.0,39.9522,-75.20311,17.0,-2.0
3120,2024-12-13,12.0,7.0,39.97522,-75.18669,19.0,-5.0
3098,2024-11-10,16.0,14.0,39.93431,-75.16042,19.0,-2.0
3299,2025-10-09,18.0,23.0,39.94332,-75.15698,22.0,5.0
3038,2023-07-02,10.0,7.0,39.94781,-75.19409,28.0,-3.0
3125,2023-12-16,15.0,14.0,39.94391,-75.16735,16.0,-1.0
3300,2025-02-10,16.0,9.0,39.95511,-75.16287,13.0,-7.0
3200,2023-06-27,7.0,6.0,39.97583,-75.16846,17.0,-1.0
3032,2024-04-03,21.0,16.0,39.94527,-75.17971,20.0,-5.0
3382,2024-06-13,28.0,29.0,39.95038,-75.17309,11.0,1.0
3310,2024-08-19,3.0,3.0,39.98024,-75.18651,15.0,0.0
3313,2023-10-23,12.0,8.0,39.9158,-75.1643,9.0,-4.0
3165,2023-02-24,11.0,9.0,39.95819,-75.1782,22.0,-2.0
3032,2023-07-15,36.0,44.0,39.94527,-75.17971,20.0,8.0
3332,2024-11-05,2.0,5.0,40.00537,-75.18143,12.0,3.0
3307,2025-12-11,1.0,0.0,40.0028,-75.174,11.0,-1.0
3319,2023-09-13,6.0,5.0,39.96672,-75.12964,16.0,-1.0
3116,2025-07-16,20.0,20.0,39.96006,-75.17198,21.0,0.0
3396,2025-01-27,7.0,6.0,39.92327,-75.1821,16.0,-1.0
3022,2024-07-21,30.0,30.0,39.95472,-75.18323,21.0,0.0
3116,2023-01-01,7.0,5.0,39.96006,-75.17198,21.0,-2.0
3102,2023-06-04,42.0,41.0,39.96759,-75.17952,26.0,-1.0
3022,2025-12-09,35.0,36.0,39.95472,-75.18323,21.0,1.0
3034,2023-05-13,16.0,14.0,39.93315,-75.16248,16.0,-2.0
3354,2024-05-16,1.0,1.0,39.95628,-75.2387,18.0,0.0
3236,2025-03-08,3.0,2.0,39.96566,-75.17765,18.0,-1.0
3331,2025-04-11,1.0,1.0,39.97116,-75.12813,20.0,0.0
3065,2025-12-12,1.0,2.0,39.9707,-75.15171,15.0,1.0
3063,2024-10-21,31.0,29.0,39.94633,-75.1698,25.0,-2.0
3068,2023-11-19,4.0,5.0,39.93549,-75.16711,18.0,1.0
3237,2025-10-31,8.0,9.0,39.91717,-75.17096,21.0,1.0
3070,2023-10-28,10.0,9.0,,,,-1.0
3051,2024-02-23,15.0,10.0,39.96744,-75.17507,37.0,-5.0
3295,2023-07-01,51.0,54.0,39.95028,-75.16027,21.0,3.0
3351,2025-06-13,3.0,4.0,39.99655,-75.14991,18.0,1.0
3238,2024-05-15,21.0,19.0,39.97674,-75.11995,11.0,-2.0
3387,2026-02-16,2.0,3.0,39.97012,-75.14666,19.0,1.0
3281,2025-05-15,1.0,1.0,39.9323,-75.2162,15.0,0.0
3249,2025-01-28,7.0,1.0,39.95784,-75.19079,22.0,-6.0
3345,2023-10-15,6.0,9.0,39.9617,-75.14667,19.0,3.0
3341,2026-02-05,3.0,4.0,39.98131,-75.12732,20.0,1.0
3321,2023-12-04,8.0,9.0,39.95485,-75.17298,21.0,1.0
3059,2023-12-02,14.0,13.0,39.96244,-75.16121,21.0,-1.0
3275,2024-10-24,9.0,12.0,39.97576,-75.12157,22.0,3.0
3064,2024-02-03,9.0,6.0,39.9384,-75.17327,22.0,-3.0
3072,2023-03-05,7.0,12.0,39.93445,-75.14541,25.0,5.0
3275,2024-02-14,2.0,1.0,39.97576,-75.12157,22.0,-1.0
3075,2024-10-08,19.0,24.0,39.96718,-75.16125,12.0,5.0
3310,2026-02-03,0.0,1.0,39.98024,-75.18651,15.0,1.0
3314,2024-02-05,9.0,10.0,39.93682,-75.14492,17.0,1.0
3207,2025-06-09,25.0,19.0,39.95441,-75.192,20.0,-6.0
3058,2025-11-21,34.0,25.0,,,,-9.0
3124,2025-09-02,31.0,28.0,39.95367,-75.13956,17.0,-3.0
3373,2024-09-23,16.0,22.0,39.95817,-75.15668,15.0,6.0
3213,2025-07-13,38.0,38.0,39.93887,-75.16663,25.0,0.0
3156,2025-01-26,6.0,10.0,39.95381,-75.17407,22.0,4.0
3398,2025-10-06,5.0,4.0,39.91551,-75.15474,15.0,-1.0
3058,2025-11-23,29.0,30.0,,,,1.0
3250,2024-02-07,3.0,2.0,39.95673,-75.14575,17.0,-1.0
3184,2024-11-19,20.0,20.0,39.94573,-75.19551,22.0,0.0
3324,2025-03-22,16.0,13.0,39.99484,-75.19242,23.0,-3.0
3306,2026-02-11,0.0,1.0,39.99683,-75.17761,11.0,1.0
3163,2024-01-06,5.0,3.0,39.94974,-75.18097,22.0,-2.0
3297,2023-11-05,8.0,6.0,39.95821,-75.16901,19.0,-2.0
3184,2025-10-01,15.0,16.0,39.94573,-75.19551,22.0,1.0
3205,2024-01-26,9.0,6.0,39.95405,-75.16783,22.0,-3.0
3248,2024-08-12,11.0,14.0,39.94213,-75.18335,22.0,3.0
3088,2025-07-07,19.0,18.0,39.96984,-75.1418,35.0,-1.0
3162,2025-04-03,13.0,10.0,39.94595,-75.18475,34.0,-3.0
3058,2025-08-14,28.0,24.0,,,,-4.0
3065,2025-04-16,1.0,1.0,39.9707,-75.15171,15.0,0.0
3237,2023-01-28,0.0,1.0,39.91717,-75.17096,21.0,1.0
3183,2024-11-15,1.0,1.0,39.88994,-75.17679,20.0,0.0
3024,2025-06-20,16.0,14.0,39.94822,-75.20908,19.0,-2.0
3165,2024-10-27,22.0,20.0,39.95819,-75.1782,22.0,-2.0
3407,2025-11-13,2.0,8.0,39.9785,-75.13911,15.0,6.0
3344,2025-12-07,2.0,0.0,39.95961,-75.23354,23.0,-2.0
3062,2026-03-03,6.0,7.0,,,,1.0
3065,2024-06-09,7.0,3.0,39.9707,-75.15171,15.0,-4.0
3098,2023-12-17,6.0,8.0,39.93431,-75.16042,19.0,2.0
3004,2023-01-17,3.0,6.0,39.95371,-75.16423,23.0,3.0
3158,2024-11-04,16.0,15.0,39.92552,-75.16904,15.0,-1.0
3357,2024-12-06,3.0,3.0,39.9104,-75.16588,27.0,0.0
3287,2024-02-15,3.0,1.0,39.94367,-75.21606,16.0,-2.0
3243,2025-09-08,1.0,1.0,39.9835,-75.14743,12.0,0.0
3292,2023-04-12,2.0,3.0,39.92,-75.1562,17.0,1.0
3124,2024-07-21,42.0,40.0,39.95367,-75.13956,17.0,-2.0
3117,2023-06-01,1.0,3.0,39.97841,-75.22399,14.0,2.0
3365,2025-04-27,12.0,11.0,39.96173,-75.18788,17.0,-1.0
3299,2024-08-05,22.0,24.0,39.94332,-75.15698,22.0,2.0
3282,2025-08-19,2.0,0.0,39.98628,-75.14925,15.0,-2.0
3316,2023-12-12,6.0,11.0,39.92255,-75.17337,19.0,5.0
3152,2026-03-19,3.0,5.0,39.94993,-75.20286,17.0,2.0
3341,2023-10-05,5.0,6.0,39.98131,-75.12732,20.0,1.0
3018,2024-05-27,27.0,30.0,39.95273,-75.15979,18.0,3.0
3268,2024-01-10,1.0,0.0,39.97633,-75.15101,22.0,-1.0
3248,2025-06-05,26.0,25.0,39.94213,-75.18335,22.0,-1.0
3348,2024-07-24,9.0,11.0,,,,2.0
3255,2025-02-15,5.0,5.0,39.95095,-75.16438,15.0,0.0
3382,2024-08-14,23.0,26.0,39.95038,-75.17309,11.0,3.0
3314,2023-09-30,10.0,12.0,39.93682,-75.14492,17.0,2.0
3020,2023-10-24,62.0,63.0,39.94855,-75.19007,36.0,1.0
3166,2025-01-10,4.0,6.0,39.97195,-75.13445,22.0,2.0
3022,2025-06-12,47.0,44.0,39.95472,-75.18323,21.0,-3.0
3347,2024-11-15,11.0,12.0,,,,1.0
3297,2023-05-04,2.0,3.0,39.95821,-75.16901,19.0,1.0
3321,2023-03-22,6.0,8.0,39.95485,-75.17298,21.0,2.0
3015,2024-12-09,7.0,13.0,39.94735,-75.14886,11.0,6.0
3212,2023-09-13,27.0,23.0,39.96383,-75.18177,32.0,-4.0
3064,2023-08-10,25.0,31.0,39.9384,-75.17327,22.0,6.0
3184,2025-04-16,1.0,2.0,39.94573,-75.19551,22.0,1.0
3125,2024-12-16,6.0,6.0,39.94391,-75.16735,16.0,0.0
3057,2023-08-07,38.0,39.0,39.96439,-75.17987,26.0,1.0
3327,2025-01-21,0.0,1.0,39.97759,-75.12442,17.0,1.0
3328,2024-05-07,16.0,13.0,39.98798,-75.1995,23.0,-3.0
3212,2025-03-01,24.0,20.0,39.96383,-75.18177,32.0,-4.0
3009,2025-09-10,33.0,28.0,39.95576,-75.18982,14.0,-5.0
3110,2024-10-04,16.0,19.0,39.96175,-75.13641,19.0,3.0
3236,2024-09-13,13.0,11.0,39.96566,-75.17765,18.0,-2.0
3165,2023-06-30,27.0,18.0,39.95819,-75.1782,22.0,-9.0
3287,2026-02-21,1.0,2.0,39.94367,-75.21606,16.0,1.0
3397,2025-04-12,7.0,11.0,39.93906,-75.17824,15.0,4.0
3278,2025-09-18,0.0,1.0,39.99301,-75.1681,11.0,1.0
3012,2024-08-01,39.0,34.0,39.94218,-75.17747,27.0,-5.0
3065,2025-10-09,6.0,4.0,39.9707,-75.15171,15.0,-2.0
3296,2023-09-13,42.0,48.0,39.95134,-75.16758,21.0,6.0
3204,2024-01-01,9.0,2.0,39.96437,-75.16582,22.0,-7.0
3373,2024-10-10,35.0,23.0,39.95817,-75.15668,15.0,-12.0
3169,2023-02-03,4.0,4.0,39.95382,-75.14263,17.0,0.0
3320,2023-06-20,12.0,14.0,39.9746,-75.15917,17.0,2.0
3014,2023-07-21,3.0,5.0,39.95886,-75.17369,25.0,2.0
3226,2024-02-06,4.0,6.0,39.98101,-75.13721,18.0,2.0
3051,2023-01-12,12.0,10.0,39.96744,-75.17507,37.0,-2.0
3310,2025-03-13,2.0,3.0,39.98024,-75.18651,15.0,1.0
3233,2024-02-24,1.0,0.0,,,,-1.0
3374,2024-11-01,30.0,20.0,39.9728,-75.17971,18.0,-10.0
3183,2023-05-09,1.0,2.0,39.88994,-75.17679,20.0,1.0
3069,2023-10-15,10.0,13.0,39.93704,-75.15038,23.0,3.0
3159,2026-02-14,6.0,7.0,39.95121,-75.19962,23.0,1.0
3188,2024-11-02,22.0,25.0,39.90471,-75.1734,56.0,3.0
3021,2024-04-27,10.0,10.0,39.9539,-75.16902,34.0,0.0
3110,2023-04-20,10.0,14.0,39.96175,-75.13641,19.0,4.0
3338,2025-01-02,1.0,1.0,39.95098,-75.23035,21.0,0.0
3241,2024-02-05,1.0,2.0,39.95225,-75.22637,20.0,1.0
3030,2025-05-10,43.0,40.0,,,,-3.0
3078,2023-06-23,18.0,13.0,39.95355,-75.17192,18.0,-5.0
3329,2023-10-11,2.0,3.0,40.02651,-75.22445,15.0,1.0
3077,2024-09-27,3.0,1.0,39.97207,-75.16351,19.0,-2.0
3160,2024-11-18,19.0,17.0,39.95662,-75.19862,41.0,-2.0
3366,2024-01-28,5.0,4.0,,,,-1.0
3097,2024-06-16,7.0,5.0,39.97888,-75.13339,18.0,-2.0
3158,2025-12-12,4.0,5.0,39.92552,-75.16904,15.0,1.0
3354,2025-08-21,2.0,2.0,39.95628,-75.2387,18.0,0.0
3055,2026-01-17,7.0,5.0,39.95112,-75.15457,15.0,-2.0
3351,2025-08-29,3.0,0.0,39.99655,-75.14991,18.0,-3.0
3273,2023-04-22,11.0,12.0,,,,1.0
3236,2024-09-28,12.0,7.0,39.96566,-75.17765,18.0,-5.0
3098,2023-03-30,12.0,13.0,39.93431,-75.16042,19.0,1.0
3008,2023-09-12,21.0,19.0,39.98081,-75.15067,17.0,-2.0
3190,2023-10-23,41.0,39.0,,,,-2.0
3028,2023-09-15,59.0,55.0,39.94061,-75.14958,15.0,-4.0
3421,2025-05-31,3.0,5.0,39.91972,-75.16408,13.0,2.0
3210,2023-03-29,13.0,11.0,39.98492,-75.15668,18.0,-2.0
3251,2023-04-02,1.0,2.0,39.93366,-75.19319,16.0,1.0
3264,2024-05-06,29.0,25.0,39.94571,-75.15508,23.0,-4.0
3381,2026-02-25,0.0,2.0,39.94845,-75.21807,13.0,2.0
3204,2025-03-01,13.0,13.0,39.96437,-75.16582,22.0,0.0
3341,2023-10-07,2.0,4.0,39.98131,-75.12732,20.0,2.0
3329,2025-11-19,0.0,1.0,40.02651,-75.22445,15.0,1.0
3254,2023-07-25,10.0,5.0,39.98091,-75.16065,18.0,-5.0
3181,2023-09-26,3.0,2.0,39.89629,-75.17514,20.0,-1.0
3025,2025-02-06,11.0,16.0,39.93724,-75.1612,15.0,5.0
3005,2026-02-02,2.0,1.0,39.94733,-75.14403,13.0,-1.0
3102,2023-03-19,21.0,21.0,39.96759,-75.17952,26.0,0.0
3315,2023-11-01,1.0,1.0,39.94235,-75.21138,13.0,0.0
3196,2024-06-19,0.0,1.0,39.98717,-75.17477,17.0,1.0
3333,2024-05-11,16.0,11.0,39.9541,-75.16965,25.0,-5.0
3392,2025-03-28,1.0,1.0,39.93633,-75.19447,13.0,0.0
3049,2024-10-05,25.0,27.0,39.94509,-75.1425,29.0,2.0
3060,2025-05-18,6.0,10.0,39.95923,-75.17036,19.0,4.0
3338,2025-09-30,8.0,12.0,39.95098,-75.23035,21.0,4.0
3434,2026-03-13,4.0,4.0,39.97487,-75.13286,15.0,0.0
3088,2024-01-03,13.0,9.0,39.96984,-75.1418,35.0,-4.0
3268,2025-01-13,1.0,2.0,39.97633,-75.15101,22.0,1.0
3022,2024-10-09,58.0,58.0,39.95472,-75.18323,21.0,0.0
3046,2023-01-24,17.0,15.0,,,,-2.0
3241,2024-03-26,4.0,1.0,39.95225,-75.22637,20.0,-3.0
3323,2023-09-06,1.0,1.0,40.02796,-75.2277,18.0,0.0
3287,2023-02-10,4.0,2.0,39.94367,-75.21606,16.0,-2.0
3107,2024-09-07,6.0,7.0,39.98203,-75.18866,18.0,1.0
3010,2025-03-01,35.0,52.0,39.94711,-75.16618,22.0,17.0
3305,2024-07-20,1.0,1.0,39.99569,-75.1671,11.0,0.0
3183,2025-12-12,3.0,1.0,39.88994,-75.17679,20.0,-2.0
3203,2023-01-17,30.0,27.0,39.94077,-75.17227,20.0,-3.0
3314,2024-09-20,17.0,13.0,39.93682,-75.14492,17.0,-4.0
3046,2024-03-22,14.0,26.0,,,,12.0
3046,2024-10-29,37.0,34.0,,,,-3.0
3278,2025-02-08,2.0,1.0,39.99301,-75.1681,11.0,-1.0
3162,2024-08-08,15.0,17.0,39.94595,-75.18475,34.0,2.0
3258,2025-04-06,1.0,4.0,39.95828,-75.22424,20.0,3.0
3282,2025-08-22,1.0,1.0,39.98628,-75.14925,15.0,0.0
3032,2025-11-17,44.0,60.0,39.94527,-75.17971,20.0,16.0
3188,2025-03-26,1.0,7.0,39.90471,-75.1734,56.0,6.0
3063,2024-10-04,54.0,37.0,39.94633,-75.1698,25.0,-17.0
3069,2024-04-22,12.0,14.0,39.93704,-75.15038,23.0,2.0
3017,2025-01-22,3.0,3.0,39.98003,-75.14371,15.0,0.0
3065,2025-07-09,2.0,3.0,39.9707,-75.15171,15.0,1.0
3273,2023-11-14,1.0,1.0,,,,0.0
3296,2025-11-15,22.0,24.0,39.95134,-75.16758,21.0,2.0
3204,2025-10-17,26.0,17.0,39.96437,-75.16582,22.0,-9.0
3276,2024-04-26,5.0,3.0,39.96569,-75.15679,18.0,-2.0
3010,2026-03-08,46.0,38.0,39.94711,-75.16618,22.0,-8.0
3335,2024-07-11,11.0,8.0,40.02237,-75.218,18.0,-3.0
3337,2024-03-07,9.0,5.0,39.97318,-75.14612,15.0,-4.0
3068,2024-08-13,20.0,13.0,39.93549,-75.16711,18.0,-7.0
3409,2025-06-21,13.0,15.0,39.95508,-75.15128,20.0,2.0
3393,2025-01-17,8.0,4.0,39.96727,-75.13999,18.0,-4.0
3041,2024-05-19,19.0,16.0,39.96849,-75.13546,26.0,-3.0
3208,2025-02-08,8.0,8.0,39.95048,-75.19324,28.0,0.0
3263,2023-05-12,9.0,8.0,39.9586,-75.2081,18.0,-1.0
3166,2026-02-12,8.0,6.0,39.97195,-75.13445,22.0,-2.0
3247,2023-12-28,2.0,2.0,39.96538,-75.21514,16.0,0.0
3210,2025-01-31,1.0,3.0,39.98492,-75.15668,18.0,2.0
3052,2026-02-11,23.0,21.0,39.94732,-75.15695,25.0,-2.0
3210,2025-06-29,6.0,8.0,39.98492,-75.15668,18.0,2.0
3117,2024-02-02,2.0,0.0,39.97841,-75.22399,14.0,-2.0
3298,2024-08-20,3.0,0.0,39.94717,-75.20691,15.0,-3.0
3205,2026-02-25,18.0,21.0,39.95405,-75.16783,22.0,3.0
3321,2024-04-06,5.0,6.0,39.95485,-75.17298,21.0,1.0
3101,2025-01-06,8.0,9.0,39.94295,-75.15955,18.0,1.0
3115,2025-01-07,2.0,2.0,39.97263,-75.16757,18.0,0.0
3322,2024-08-01,18.0,23.0,39.93638,-75.15526,13.0,5.0
3038,2026-03-07,8.0,10.0,39.94781,-75.19409,28.0,2.0
3007,2026-01-20,18.0,15.0,39.94517,-75.15993,20.0,-3.0
3315,2024-05-23,0.0,2.0,39.94235,-75.21138,13.0,2.0
3328,2025-10-21,8.0,6.0,39.98798,-75.1995,23.0,-2.0
3306,2024-11-22,1.0,0.0,39.99683,-75.17761,11.0,-1.0
3205,2024-09-29,8.0,9.0,39.95405,-75.16783,22.0,1.0
3333,2026-01-16,8.0,15.0,39.9541,-75.16965,25.0,7.0
3287,2025-09-09,2.0,3.0,39.94367,-75.21606,16.0,1.0
3336,2023-11-17,23.0,26.0,39.95719,-75.19388,20.0,3.0
3251,2024-12-12,2.0,1.0,39.93366,-75.19319,16.0,-1.0
3298,2023-02-11,1.0,0.0,39.94717,-75.20691,15.0,-1.0
3368,2026-02-14,2.0,4.0,39.97647,-75.17362,17.0,2.0
3425,2025-07-15,8.0,10.0,39.9849,-75.13255,15.0,2.0
3073,2023-04-10,11.0,12.0,39.96143,-75.15242,15.0,1.0
3093,2025-06-01,2.0,2.0,39.98837,-75.18701,16.0,0.0
3244,2024-09-23,27.0,26.0,,,,-1.0
3165,2026-03-03,5.0,6.0,39.95819,-75.1782,22.0,1.0
3250,2024-02-14,2.0,0.0,39.95673,-75.14575,17.0,-2.0
3201,2024-03-05,13.0,12.0,39.95523,-75.1662,20.0,-1.0
3211,2023-08-19,11.0,5.0,39.97172,-75.1706,22.0,-6.0
3323,2024-03-02,0.0,1.0,40.02796,-75.2277,18.0,1.0
3182,2024-07-09,23.0,26.0,,,,3.0
3286,2023-07-20,20.0,15.0,39.96409,-75.14769,22.0,-5.0
3028,2024-10-10,44.0,50.0,39.94061,-75.14958,15.0,6.0
3200,2024-10-12,3.0,6.0,39.97583,-75.16846,17.0,3.0
3161,2024-05-02,36.0,55.0,39.95486,-75.18091,23.0,19.0
3014,2025-12-14,1.0,2.0,39.95886,-75.17369,25.0,1.0
3271,2025-08-06,3.0,4.0,39.9476,-75.22946,18.0,1.0
3258,2025-07-13,2.0,0.0,39.95828,-75.22424,20.0,-2.0
3024,2023-08-15,10.0,14.0,39.94822,-75.20908,19.0,4.0
3055,2023-08-27,17.0,15.0,39.95112,-75.15457,15.0,-2.0
3078,2025-01-29,19.0,25.0,39.95355,-75.17192,18.0,6.0
3043,2023-09-07,25.0,26.0,,,,1.0
3236,2024-10-16,13.0,12.0,39.96566,-75.17765,18.0,-1.0
3341,2025-09-14,13.0,17.0,39.98131,-75.12732,20.0,4.0
3319,2026-02-06,2.0,2.0,39.96672,-75.12964,16.0,0.0
3363,2024-11-13,22.0,24.0,39.94655,-75.16263,17.0,2.0
3285,2023-03-24,2.0,3.0,39.95946,-75.14745,19.0,1.0
3120,2026-01-17,3.0,5.0,39.97522,-75.18669,19.0,2.0
3333,2024-07-17,37.0,38.0,39.9541,-75.16965,25.0,1.0
3305,2024-07-08,2.0,3.0,39.99569,-75.1671,11.0,1.0
3245,2024-09-06,23.0,19.0,39.97887,-75.15777,20.0,-4.0
3064,2024-03-16,22.0,17.0,39.9384,-75.17327,22.0,-5.0
3322,2025-03-26,23.0,20.0,39.93638,-75.15526,13.0,-3.0
3068,2026-01-29,3.0,1.0,39.93549,-75.16711,18.0,-2.0
3072,2025-02-23,6.0,6.0,39.93445,-75.14541,25.0,0.0
3117,2024-08-23,4.0,4.0,39.97841,-75.22399,14.0,0.0
3246,2024-11-27,5.0,5.0,39.94782,-75.22301,17.0,0.0
3266,2023-11-09,5.0,7.0,39.9237,-75.14701,22.0,2.0
3017,2025-01-20,0.0,1.0,39.98003,-75.14371,15.0,1.0
3164,2024-01-11,16.0,20.0,39.92814,-75.16515,18.0,4.0
3340,2023-12-18,6.0,8.0,39.96906,-75.18169,17.0,2.0
3244,2023-07-23,40.0,41.0,,,,1.0
3168,2025-03-29,31.0,35.0,,,,4.0
3020,2023-03-14,27.0,23.0,39.94855,-75.19007,36.0,-4.0
3318,2024-04-08,26.0,31.0,39.95182,-75.16395,20.0,5.0
3067,2023-01-09,3.0,2.0,39.96411,-75.19973,17.0,-1.0
3166,2024-11-06,22.0,15.0,39.97195,-75.13445,22.0,-7.0
3156,2026-01-12,13.0,14.0,39.95381,-75.17407,22.0,1.0
3016,2024-09-16,5.0,3.0,39.96892,-75.1547,15.0,-2.0
3375,2025-04-01,9.0,7.0,39.96036,-75.1402,22.0,-2.0
3026,2024-04-07,28.0,26.0,39.94182,-75.1455,17.0,-2.0
3213,2025-10-13,29.0,35.0,39.93887,-75.16663,25.0,6.0
3155,2025-06-18,21.0,17.0,39.94018,-75.15442,18.0,-4.0
3329,2025-12-09,1.0,1.0,40.02651,-75.22445,15.0,0.0
3040,2025-03-15,12.0,12.0,39.96289,-75.16606,21.0,0.0
3056,2025-03-08,4.0,1.0,39.97669,-75.15813,22.0,-3.0
3212,2023-01-29,11.0,12.0,39.96383,-75.18177,32.0,1.0
3246,2024-06-26,8.0,7.0,39.94782,-75.22301,17.0,-1.0
3241,2025-05-19,9.0,10.0,39.95225,-75.22637,20.0,1.0
3159,2023-02-23,26.0,24.0,39.95121,-75.19962,23.0,-2.0
3075,2024-08-16,19.0,17.0,39.96718,-75.16125,12.0,-2.0
3104,2025-11-27,6.0,6.0,39.96664,-75.19209,13.0,0.0
3273,2023-04-04,14.0,16.0,,,,2.0
3182,2026-02-22,7.0,3.0,,,,-4.0
3275,2026-01-31,1.0,1.0,39.97576,-75.12157,22.0,0.0
3338,2025-07-02,1.0,1.0,39.95098,-75.23035,21.0,0.0
3375,2024-07-05,15.0,18.0,39.96036,-75.1402,22.0,3.0
3041,2023-02-20,6.0,11.0,39.96849,-75.13546,26.0,5.0
3069,2024-08-30,27.0,27.0,39.93704,-75.15038,23.0,0.0
3272,2025-12-01,0.0,1.0,39.96405,-75.22048,13.0,1.0
3276,2024-06-04,5.0,5.0,39.96569,-75.15679,18.0,0.0
3059,2024-07-23,51.0,48.0,39.96244,-75.16121,21.0,-3.0
3055,2024-07-29,22.0,23.0,39.95112,-75.15457,15.0,1.0
3093,2023-08-25,1.0,1.0,39.98837,-75.18701,16.0,0.0
3418,2025-10-31,2.0,2.0,40.00924,-75.15198,17.0,0.0
3098,2026-03-27,11.0,16.0,39.93431,-75.16042,19.0,5.0
3181,2025-05-09,1.0,1.0,39.89629,-75.17514,20.0,0.0
3370,2024-11-12,6.0,6.0,40.0163,-75.21241,16.0,0.0
3024,2023-05-30,8.0,12.0,39.94822,-75.20908,19.0,4.0
3292,2024-09-14,11.0,10.0,39.92,-75.1562,17.0,-1.0
3110,2026-02-21,9.0,17.0,39.96175,-75.13641,19.0,8.0
3188,2023-10-14,2.0,2.0,39.90471,-75.1734,56.0,0.0
3411,2025-08-29,2.0,1.0,39.96693,-75.23359,15.0,-1.0
3058,2025-01-26,15.0,14.0,,,,-1.0
3162,2025-01-17,9.0,11.0,39.94595,-75.18475,34.0,2.0
3245,2025-03-24,8.0,7.0,39.97887,-75.15777,20.0,-1.0
3073,2024-01-11,6.0,6.0,39.96143,-75.15242,15.0,0.0
3158,2024-05-29,17.0,16.0,39.92552,-75.16904,15.0,-1.0
3022,2023-05-07,27.0,24.0,39.95472,-75.18323,21.0,-3.0
3387,2025-09-16,7.0,9.0,39.97012,-75.14666,19.0,2.0
3078,2024-03-12,33.0,33.0,39.95355,-75.17192,18.0,0.0
3053,2025-05-14,13.0,18.0,39.93231,-75.18154,19.0,5.0
3375,2025-03-30,17.0,12.0,39.96036,-75.1402,22.0,-5.0
3061,2026-03-14,20.0,17.0,,,,-3.0
3310,2025-12-26,1.0,2.0,39.98024,-75.18651,15.0,1.0
3161,2025-03-16,14.0,12.0,39.95486,-75.18091,23.0,-2.0
3104,2025-08-03,7.0,8.0,39.96664,-75.19209,13.0,1.0
3196,2025-07-30,2.0,3.0,39.98717,-75.17477,17.0,1.0
3438,2025-08-20,5.0,6.0,39.98421,-75.11304,13.0,1.0
3319,2023-05-27,15.0,15.0,39.96672,-75.12964,16.0,0.0
3247,2024-11-18,3.0,0.0,39.96538,-75.21514,16.0,-3.0
3181,2023-07-04,1.0,3.0,39.89629,-75.17514,20.0,2.0
3252,2024-11-14,13.0,12.0,39.93882,-75.19324,14.0,-1.0
3256,2025-08-14,50.0,49.0,39.95269,-75.17779,23.0,-1.0
3096,2024-12-06,0.0,1.0,39.99119,-75.17975,14.0,1.0
3040,2023-11-20,20.0,23.0,39.96289,-75.16606,21.0,3.0
3153,2023-03-09,4.0,6.0,,,,2.0
3249,2023-04-09,6.0,2.0,39.95784,-75.19079,22.0,-4.0
3035,2025-12-19,15.0,12.0,39.96271,-75.19419,20.0,-3.0
3043,2023-11-26,13.0,8.0,,,,-5.0
3279,2025-04-04,7.0,4.0,39.9265,-75.1668,18.0,-3.0
3062,2025-04-17,16.0,17.0,,,,1.0
3253,2024-12-01,0.0,3.0,39.93074,-75.18924,21.0,3.0
3354,2025-06-23,5.0,2.0,39.95628,-75.2387,18.0,-3.0
3335,2026-01-21,2.0,1.0,40.02237,-75.218,18.0,-1.0
3226,2023-07-23,1.0,4.0,39.98101,-75.13721,18.0,3.0
3350,2025-10-14,3.0,7.0,39.99415,-75.15527,20.0,4.0
3077,2025-02-24,0.0,1.0,39.97207,-75.16351,19.0,1.0
3258,2025-11-06,5.0,4.0,39.95828,-75.22424,20.0,-1.0
3160,2025-02-12,8.0,6.0,39.95662,-75.19862,41.0,-2.0
3098,2025-11-22,15.0,13.0,39.93431,-75.16042,19.0,-2.0
3043,2023-02-25,8.0,7.0,,,,-1.0
3098,2025-06-06,21.0,18.0,39.93431,-75.16042,19.0,-3.0
3311,2024-04-08,1.0,1.0,,,,0.0
3201,2025-11-20,40.0,28.0,39.95523,-75.1662,20.0,-12.0
3039,2024-09-17,19.0,12.0,39.97157,-75.15993,17.0,-7.0
3299,2025-03-27,13.0,16.0,39.94332,-75.15698,22.0,3.0
3361,2024-07-23,25.0,34.0,39.93082,-75.17474,21.0,9.0
3333,2024-10-11,18.0,19.0,39.9541,-75.16965,25.0,1.0
3237,2023-11-22,5.0,5.0,39.91717,-75.17096,21.0,0.0
3249,2023-07-12,14.0,12.0,39.95784,-75.19079,22.0,-2.0
3205,2023-03-04,5.0,6.0,39.95405,-75.16783,22.0,1.0
3069,2023-02-04,6.0,5.0,39.93704,-75.15038,23.0,-1.0
3284,2024-11-23,0.0,1.0,40.01112,-75.19287,14.0,1.0
3212,2024-01-13,8.0,10.0,39.96383,-75.18177,32.0,2.0
3400,2025-12-16,8.0,11.0,39.949,-75.16081,18.0,3.0
3362,2025-12-14,18.0,6.0,39.94816,-75.16226,19.0,-12.0
3319,2026-01-15,2.0,4.0,39.96672,-75.12964,16.0,2.0
3061,2023-06-11,31.0,30.0,,,,-1.0
3028,2023-09-13,67.0,61.0,39.94061,-75.14958,15.0,-6.0
3277,2024-02-28,4.0,4.0,39.98306,-75.16738,20.0,0.0
3439,2025-10-04,1.0,0.0,39.99033,-75.12759,15.0,-1.0
3371,2024-09-25,15.0,8.0,39.9534,-75.1543,19.0,-7.0
3008,2023-12-16,1.0,3.0,39.98081,-75.15067,17.0,2.0
3160,2024-02-02,15.0,12.0,39.95662,-75.19862,41.0,-3.0
3188,2025-04-05,7.0,9.0,39.90471,-75.1734,56.0,2.0
3226,2023-04-07,2.0,3.0,39.98101,-75.13721,18.0,1.0
3392,2024-10-05,4.0,4.0,39.93633,-75.19447,13.0,0.0
3183,2023-11-09,5.0,5.0,39.88994,-75.17679,20.0,0.0
3050,2023-01-24,9.0,9.0,,,,0.0
3104,2024-07-03,18.0,20.0,39.96664,-75.19209,13.0,2.0
3102,2024-09-29,27.0,18.0,39.96759,-75.17952,26.0,-9.0
3078,2026-01-31,4.0,7.0,39.95355,-75.17192,18.0,3.0
3088,2025-12-22,7.0,4.0,39.96984,-75.1418,35.0,-3.0
3209,2025-07-21,15.0,17.0,39.949,-75.21278,14.0,2.0
3005,2025-12-15,7.0,11.0,39.94733,-75.14403,13.0,4.0
3057,2025-11-15,26.0,25.0,39.96439,-75.17987,26.0,-1.0
3049,2024-11-11,12.0,13.0,39.94509,-75.1425,29.0,1.0
3113,2023-03-22,4.0,3.0,39.97472,-75.19781,12.0,-1.0
3370,2025-04-01,0.0,5.0,40.0163,-75.21241,16.0,5.0
3049,2023-05-12,21.0,27.0,39.94509,-75.1425,29.0,6.0
3391,2025-03-06,0.0,1.0,39.99667,-75.23482,13.0,1.0
3069,2023-12-30,6.0,5.0,39.93704,-75.15038,23.0,-1.0
3353,2025-04-14,2.0,2.0,40.00496,-75.15233,22.0,0.0
3259,2023-06-04,7.0,6.0,39.95998,-75.19883,17.0,-1.0
3201,2024-06-22,21.0,23.0,39.95523,-75.1662,20.0,2.0
3306,2024-10-17,0.0,1.0,39.99683,-75.17761,11.0,1.0
3155,2023-08-02,24.0,21.0,39.94018,-75.15442,18.0,-3.0
3099,2023-05-15,13.0,16.0,39.93401,-75.15094,19.0,3.0
3378,2025-09-08,18.0,12.0,39.95238,-75.14728,18.0,-6.0
3237,2023-02-27,3.0,3.0,39.91717,-75.17096,21.0,0.0
3019,2025-12-31,0.0,1.0,39.95403,-75.14983,15.0,1.0
3352,2024-04-22,1.0,0.0,40.00143,-75.15256,11.0,-1.0
3088,2025-04-03,9.0,17.0,39.96984,-75.1418,35.0,8.0
3277,2024-06-30,2.0,4.0,39.98306,-75.16738,20.0,2.0
3346,2025-07-04,20.0,19.0,39.94883,-75.15097,17.0,-1.0
3057,2025-05-15,29.0,22.0,39.96439,-75.17987,26.0,-7.0
3397,2025-09-03,34.0,28.0,39.93906,-75.17824,15.0,-6.0
3368,2024-04-16,4.0,5.0,39.97647,-75.17362,17.0,1.0
3349,2025-08-24,12.0,16.0,39.93651,-75.18621,17.0,4.0
3334,2025-02-04,6.0,9.0,39.9302,-75.15636,19.0,3.0
3041,2024-08-03,21.0,16.0,39.96849,-75.13546,26.0,-5.0
3029,2025-05-31,14.0,13.0,39.9538,-75.19479,17.0,-1.0
3164,2024-06-26,31.0,28.0,39.92814,-75.16515,18.0,-3.0
3026,2025-11-01,31.0,26.0,39.94182,-75.1455,17.0,-5.0
3069,2025-11-30,6.0,5.0,39.93704,-75.15038,23.0,-1.0
3183,2025-06-01,2.0,0.0,39.88994,-75.17679,20.0,-2.0
3047,2024-03-07,9.0,7.0,39.95073,-75.14947,20.0,-2.0
3114,2023-10-08,9.0,8.0,39.93775,-75.18012,17.0,-1.0
3326,2023-11-14,0.0,1.0,39.99198,-75.19944,17.0,1.0
3320,2024-04-07,5.0,5.0,39.9746,-75.15917,17.0,0.0
3277,2023-02-04,1.0,1.0,39.98306,-75.16738,20.0,0.0
3188,2023-12-17,1.0,0.0,39.90471,-75.1734,56.0,-1.0
3286,2025-11-14,3.0,5.0,39.96409,-75.14769,22.0,2.0
3258,2026-03-02,3.0,4.0,39.95828,-75.22424,20.0,1.0
3236,2023-05-11,18.0,15.0,39.96566,-75.17765,18.0,-3.0
3107,2023-05-01,3.0,3.0,39.98203,-75.18866,18.0,0.0
3113,2025-03-20,1.0,2.0,39.97472,-75.19781,12.0,1.0
3073,2024-08-28,14.0,17.0,39.96143,-75.15242,15.0,3.0
3005,2025-03-14,6.0,11.0,39.94733,-75.14403,13.0,5.0
3389,2025-11-19,13.0,12.0,39.94431,-75.18128,16.0,-1.0
3304,2025-04-09,21.0,29.0,39.94234,-75.15399,21.0,8.0
3055,2023-01-09,17.0,15.0,39.95112,-75.15457,15.0,-2.0
3251,2024-10-08,6.0,3.0,39.93366,-75.19319,16.0,-3.0
3208,2024-11-17,17.0,17.0,39.95048,-75.19324,28.0,0.0
3319,2025-11-09,10.0,13.0,39.96672,-75.12964,16.0,3.0
3031,2024-08-24,12.0,12.0,39.98005,-75.15522,21.0,0.0
3376,2025-06-15,3.0,3.0,39.97183,-75.14878,8.0,0.0
3263,2024-12-28,1.0,1.0,39.9586,-75.2081,18.0,0.0
3152,2024-05-17,8.0,8.0,39.94993,-75.20286,17.0,0.0
3299,2025-11-03,19.0,24.0,39.94332,-75.15698,22.0,5.0
3030,2025-05-14,18.0,16.0,,,,-2.0
3181,2023-04-16,10.0,11.0,39.89629,-75.17514,20.0,1.0
3323,2023-08-16,4.0,4.0,40.02796,-75.2277,18.0,0.0
3303,2023-11-08,17.0,10.0,39.9559,-75.2053,20.0,-7.0
3051,2025-06-23,17.0,22.0,39.96744,-75.17507,37.0,5.0
3106,2025-04-02,2.0,1.0,39.99179,-75.18637,17.0,-1.0
3021,2023-10-21,7.0,4.0,39.9539,-75.16902,34.0,-3.0
3365,2026-01-14,8.0,14.0,39.96173,-75.18788,17.0,6.0
3118,2026-03-13,6.0,2.0,39.95866,-75.21323,20.0,-4.0
3212,2026-02-10,0.0,1.0,39.96383,-75.18177,32.0,1.0
3017,2023-04-22,11.0,14.0,39.98003,-75.14371,15.0,3.0
3196,2026-03-04,2.0,0.0,39.98717,-75.17477,17.0,-2.0
3115,2025-06-24,8.0,2.0,39.97263,-75.16757,18.0,-6.0
3163,2023-08-06,48.0,51.0,39.94974,-75.18097,22.0,3.0
3152,2024-10-01,13.0,10.0,39.94993,-75.20286,17.0,-3.0
3111,2023-10-01,1.0,2.0,39.97779,-75.21323,14.0,1.0
3041,2023-08-02,19.0,21.0,39.96849,-75.13546,26.0,2.0
3124,2024-10-21,16.0,21.0,39.95367,-75.13956,17.0,5.0
3395,2025-11-17,11.0,11.0,39.93866,-75.16351,13.0,0.0
3370,2025-05-03,9.0,7.0,40.0163,-75.21241,16.0,-2.0
3285,2025-03-04,4.0,3.0,39.95946,-75.14745,19.0,-1.0
3019,2023-10-10,12.0,10.0,39.95403,-75.14983,15.0,-2.0
3067,2023-07-24,3.0,5.0,39.96411,-75.19973,17.0,2.0
3055,2025-12-18,16.0,20.0,39.95112,-75.15457,15.0,4.0
3251,2025-06-09,5.0,2.0,39.93366,-75.19319,16.0,-3.0
3029,2025-09-29,51.0,60.0,39.9538,-75.19479,17.0,9.0
3187,2025-10-09,13.0,14.0,39.95725,-75.17232,19.0,1.0
3114,2024-04-17,31.0,30.0,39.93775,-75.18012,17.0,-1.0
3012,2023-05-28,24.0,20.0,39.94218,-75.17747,27.0,-4.0
3284,2023-07-19,2.0,1.0,40.01112,-75.19287,14.0,-1.0
3098,2024-05-07,20.0,20.0,39.93431,-75.16042,19.0,0.0
3254,2023-04-20,5.0,7.0,39.98091,-75.16065,18.0,2.0
3203,2023-04-19,33.0,34.0,39.94077,-75.17227,20.0,1.0
3007,2026-01-24,15.0,12.0,39.94517,-75.15993,20.0,-3.0
3118,2025-06-08,4.0,6.0,39.95866,-75.21323,20.0,2.0
3020,2023-12-15,33.0,33.0,39.94855,-75.19007,36.0,0.0
3286,2025-11-08,9.0,12.0,39.96409,-75.14769,22.0,3.0
3272,2024-07-02,2.0,7.0,39.96405,-75.22048,13.0,5.0
3258,2025-06-10,5.0,7.0,39.95828,-75.22424,20.0,2.0
3028,2024-04-09,32.0,35.0,39.94061,-75.14958,15.0,3.0
3325,2023-08-12,1.0,2.0,39.9768,-75.12764,22.0,1.0
3335,2024-11-15,2.0,3.0,40.02237,-75.218,18.0,1.0
3237,2025-05-24,11.0,6.0,39.91717,-75.17096,21.0,-5.0
3165,2024-08-04,20.0,19.0,39.95819,-75.1782,22.0,-1.0
3026,2023-05-30,24.0,24.0,39.94182,-75.1455,17.0,0.0
3165,2023-07-25,25.0,26.0,39.95819,-75.1782,22.0,1.0
3299,2025-04-20,19.0,20.0,39.94332,-75.15698,22.0,1.0
3064,2025-05-30,25.0,32.0,39.9384,-75.17327,22.0,7.0
3255,2023-04-28,9.0,9.0,39.95095,-75.16438,15.0,0.0
3360,2025-09-27,31.0,24.0,39.93304,-75.16822,22.0,-7.0
3077,2024-05-27,7.0,7.0,39.97207,-75.16351,19.0,0.0
3117,2025-10-15,3.0,2.0,39.97841,-75.22399,14.0,-1.0
3301,2024-02-17,13.0,15.0,39.95029,-75.17126,15.0,2.0
3369,2025-03-29,38.0,36.0,40.00772,-75.19194,16.0,-2.0
3015,2025-03-24,7.0,3.0,39.94735,-75.14886,11.0,-4.0
3336,2024-06-10,29.0,28.0,39.95719,-75.19388,20.0,-1.0
3064,2026-01-18,8.0,10.0,39.9384,-75.17327,22.0,2.0
3182,2023-04-12,14.0,20.0,,,,6.0
3014,2024-03-11,4.0,2.0,39.95886,-75.17369,25.0,-2.0
3250,2023-01-14,0.0,1.0,39.95673,-75.14575,17.0,1.0
3111,2024-04-21,1.0,1.0,39.97779,-75.21323,14.0,0.0
3321,2024-04-25,11.0,12.0,39.95485,-75.17298,21.0,1.0
3261,2023-09-12,19.0,21.0,39.96304,-75.14099,17.0,2.0
3061,2023-08-18,24.0,25.0,,,,1.0
3261,2025-06-22,15.0,14.0,39.96304,-75.14099,17.0,-1.0
3319,2025-03-29,19.0,17.0,39.96672,-75.12964,16.0,-2.0
3324,2023-05-17,5.0,4.0,39.99484,-75.19242,23.0,-1.0
3211,2023-10-13,10.0,14.0,39.97172,-75.1706,22.0,4.0
3120,2024-05-19,23.0,17.0,39.97522,-75.18669,19.0,-6.0
3019,2026-02-13,1.0,2.0,39.95403,-75.14983,15.0,1.0
3026,2025-01-24,13.0,19.0,39.94182,-75.1455,17.0,6.0
3049,2024-03-05,7.0,2.0,39.94509,-75.1425,29.0,-5.0
3207,2024-04-21,15.0,12.0,39.95441,-75.192,20.0,-3.0
3249,2024-10-09,18.0,19.0,39.95784,-75.19079,22.0,1.0
3263,2025-01-20,2.0,1.0,39.9586,-75.2081,18.0,-1.0
3297,2024-03-04,5.0,4.0,39.95821,-75.16901,19.0,-1.0
3047,2023-10-22,41.0,28.0,39.95073,-75.14947,20.0,-13.0
3245,2023-03-30,13.0,16.0,39.97887,-75.15777,20.0,3.0
3393,2025-05-06,15.0,11.0,39.96727,-75.13999,18.0,-4.0
3335,2024-10-28,2.0,3.0,40.02237,-75.218,18.0,1.0
3251,2023-04-11,3.0,4.0,39.93366,-75.19319,16.0,1.0
3344,2026-03-30,1.0,0.0,39.95961,-75.23354,23.0,-1.0
3057,2023-03-26,53.0,62.0,39.96439,-75.17987,26.0,9.0
3263,2026-03-29,5.0,6.0,39.9586,-75.2081,18.0,1.0
3162,2024-02-25,1.0,3.0,39.94595,-75.18475,34.0,2.0
3012,2023-02-12,18.0,18.0,39.94218,-75.17747,27.0,0.0
3049,2023-02-10,7.0,8.0,39.94509,-75.1425,29.0,1.0
3353,2024-05-26,9.0,5.0,40.00496,-75.15233,22.0,-4.0
3150,2026-01-19,4.0,5.0,39.92884,-75.17021,17.0,1.0
3383,2025-07-27,15.0,15.0,39.96634,-75.14222,19.0,0.0
3389,2025-12-19,12.0,9.0,39.94431,-75.18128,16.0,-3.0
3032,2024-08-17,32.0,32.0,39.94527,-75.17971,20.0,0.0
3326,2025-02-14,6.0,5.0,39.99198,-75.19944,17.0,-1.0
3396,2025-05-17,14.0,11.0,39.92327,-75.1821,16.0,-3.0
3297,2025-06-24,8.0,7.0,39.95821,-75.16901,19.0,-1.0
3115,2024-11-05,7.0,7.0,39.97263,-75.16757,18.0,0.0
3053,2024-06-09,23.0,20.0,39.93231,-75.18154,19.0,-3.0
3338,2025-07-27,2.0,2.0,39.95098,-75.23035,21.0,0.0
3035,2023-08-17,33.0,25.0,39.96271,-75.19419,20.0,-8.0
3055,2023-07-04,21.0,26.0,39.95112,-75.15457,15.0,5.0
3261,2023-07-03,18.0,14.0,39.96304,-75.14099,17.0,-4.0
3240,2023-07-02,5.0,5.0,39.96277,-75.21185,12.0,0.0
3053,2026-01-26,2.0,3.0,39.93231,-75.18154,19.0,1.0
3020,2024-03-05,30.0,24.0,39.94855,-75.19007,36.0,-6.0
3264,2025-01-11,8.0,2.0,39.94571,-75.15508,23.0,-6.0
3316,2023-05-04,6.0,7.0,39.92255,-75.17337,19.0,1.0
3077,2025-05-10,12.0,17.0,39.97207,-75.16351,19.0,5.0
3115,2024-12-11,4.0,2.0,39.97263,-75.16757,18.0,-2.0
3207,2025-12-06,21.0,23.0,39.95441,-75.192,20.0,2.0
3207,2024-09-05,31.0,30.0,39.95441,-75.192,20.0,-1.0
3338,2026-01-24,2.0,1.0,39.95098,-75.23035,21.0,-1.0
3031,2023-11-27,11.0,15.0,39.98005,-75.15522,21.0,4.0
3207,2023-05-05,18.0,12.0,39.95441,-75.192,20.0,-6.0
3207,2023-11-05,10.0,9.0,39.95441,-75.192,20.0,-1.0
3324,2025-04-17,4.0,4.0,39.99484,-75.19242,23.0,0.0
3268,2024-04-08,2.0,1.0,39.97633,-75.15101,22.0,-1.0
3331,2024-01-25,1.0,3.0,39.97116,-75.12813,20.0,2.0
3257,2023-01-19,1.0,1.0,,,,0.0
3341,2024-06-17,9.0,11.0,39.98131,-75.12732,20.0,2.0
3279,2023-06-16,4.0,4.0,39.9265,-75.1668,18.0,0.0
3099,2025-06-27,13.0,11.0,39.93401,-75.15094,19.0,-2.0
3077,2023-02-25,2.0,2.0,39.97207,-75.16351,19.0,0.0
3053,2025-03-15,14.0,26.0,39.93231,-75.18154,19.0,12.0
3119,2025-02-16,0.0,1.0,39.96674,-75.20799,17.0,1.0
3183,2023-05-30,1.0,0.0,39.88994,-75.17679,20.0,-1.0
3337,2023-08-06,11.0,12.0,39.97318,-75.14612,15.0,1.0
3275,2024-12-29,4.0,4.0,39.97576,-75.12157,22.0,0.0
3396,2024-11-10,8.0,7.0,39.92327,-75.1821,16.0,-1.0
3024,2025-10-20,10.0,9.0,39.94822,-75.20908,19.0,-1.0
3098,2024-02-28,8.0,8.0,39.93431,-75.16042,19.0,0.0
3400,2026-03-24,15.0,12.0,39.949,-75.16081,18.0,-3.0
3057,2024-09-29,30.0,38.0,39.96439,-75.17987,26.0,8.0
3296,2023-03-18,33.0,29.0,39.95134,-75.16758,21.0,-4.0
3259,2024-09-23,7.0,11.0,39.95998,-75.19883,17.0,4.0
3249,2025-09-10,15.0,17.0,39.95784,-75.19079,22.0,2.0
3263,2023-05-01,4.0,6.0,39.9586,-75.2081,18.0,2.0
3062,2023-01-13,5.0,8.0,,,,3.0
3078,2025-09-07,19.0,10.0,39.95355,-75.17192,18.0,-9.0
3158,2026-01-10,2.0,1.0,39.92552,-75.16904,15.0,-1.0
3385,2025-12-09,10.0,14.0,39.94974,-75.15424,15.0,4.0
3058,2024-01-13,11.0,14.0,,,,3.0
3050,2023-02-03,7.0,4.0,,,,-3.0
3374,2024-12-09,14.0,14.0,39.9728,-75.17971,18.0,0.0
3210,2024-08-05,8.0,9.0,39.98492,-75.15668,18.0,1.0
3387,2025-04-09,2.0,8.0,39.97012,-75.14666,19.0,6.0
3265,2024-02-12,10.0,11.0,39.95957,-75.19633,13.0,1.0
3102,2023-05-18,37.0,42.0,39.96759,-75.17952,26.0,5.0
3181,2025-11-20,1.0,0.0,39.89629,-75.17514,20.0,-1.0
3166,2025-01-27,3.0,3.0,39.97195,-75.13445,22.0,0.0
3125,2024-02-21,18.0,17.0,39.94391,-75.16735,16.0,-1.0
3014,2025-12-01,5.0,7.0,39.95886,-75.17369,25.0,2.0
3407,2025-03-27,1.0,1.0,39.9785,-75.13911,15.0,0.0
3053,2024-11-18,21.0,20.0,39.93231,-75.18154,19.0,-1.0
3248,2024-10-28,28.0,27.0,39.94213,-75.18335,22.0,-1.0
3097,2024-09-20,14.0,14.0,39.97888,-75.13339,18.0,0.0
3390,2026-02-02,2.0,1.0,39.96,-75.2244,18.0,-1.0
3310,2023-11-26,3.0,0.0,39.98024,-75.18651,15.0,-3.0
3125,2023-11-05,37.0,35.0,39.94391,-75.16735,16.0,-2.0
3188,2024-01-22,1.0,1.0,39.90471,-75.1734,56.0,0.0
3074,2024-09-17,22.0,20.0,39.95511,-75.20987,15.0,-2.0
3012,2023-06-22,40.0,38.0,39.94218,-75.17747,27.0,-2.0
3361,2025-10-21,39.0,37.0,39.93082,-75.17474,21.0,-2.0
3016,2024-07-03,2.0,4.0,39.96892,-75.1547,15.0,2.0
3205,2023-07-02,5.0,7.0,39.95405,-75.16783,22.0,2.0
3359,2024-01-19,5.0,8.0,39.94888,-75.16978,29.0,3.0
3301,2026-02-06,4.0,6.0,39.95029,-75.17126,15.0,2.0
3259,2026-03-12,7.0,6.0,39.95998,-75.19883,17.0,-1.0
3431,2025-07-27,3.0,1.0,39.96239,-75.24522,15.0,-2.0
3314,2025-03-29,14.0,17.0,39.93682,-75.14492,17.0,3.0
3037,2025-02-03,17.0,14.0,39.95424,-75.16138,21.0,-3.0
3008,2024-05-28,10.0,9.0,39.98081,-75.15067,17.0,-1.0
3297,2025-04-06,8.0,8.0,39.95821,-75.16901,19.0,0.0
3425,2026-01-12,2.0,2.0,39.9849,-75.13255,15.0,0.0
3159,2024-05-26,12.0,7.0,39.95121,-75.19962,23.0,-5.0
3211,2025-06-14,7.0,2.0,39.97172,-75.1706,22.0,-5.0
3012,2024-08-10,22.0,26.0,39.94218,-75.17747,27.0,4.0
3244,2023-12-29,29.0,29.0,,,,0.0
3037,2023-05-28,20.0,20.0,39.95424,-75.16138,21.0,0.0
3025,2024-09-13,39.0,43.0,39.93724,-75.1612,15.0,4.0
3284,2024-08-25,2.0,3.0,40.01112,-75.19287,14.0,1.0
3241,2023-09-02,4.0,3.0,39.95225,-75.22637,20.0,-1.0
3101,2024-03-18,31.0,30.0,39.94295,-75.15955,18.0,-1.0
3040,2023-02-24,20.0,14.0,39.96289,-75.16606,21.0,-6.0
3390,2024-10-07,6.0,5.0,39.96,-75.2244,18.0,-1.0
3104,2025-12-25,2.0,4.0,39.96664,-75.19209,13.0,2.0
3150,2023-02-10,11.0,6.0,39.92884,-75.17021,17.0,-5.0
3313,2023-10-31,3.0,4.0,39.9158,-75.1643,9.0,1.0
3258,2025-07-01,5.0,5.0,39.95828,-75.22424,20.0,0.0
3150,2023-04-05,10.0,12.0,39.92884,-75.17021,17.0,2.0
3120,2025-03-29,26.0,26.0,39.97522,-75.18669,19.0,0.0
3259,2025-04-05,4.0,2.0,39.95998,-75.19883,17.0,-2.0
3301,2024-12-15,13.0,14.0,39.95029,-75.17126,15.0,1.0
3015,2024-01-04,4.0,7.0,39.94735,-75.14886,11.0,3.0
3019,2023-02-26,3.0,5.0,39.95403,-75.14983,15.0,2.0
3197,2024-04-19,13.0,9.0,39.92083,-75.17033,23.0,-4.0
3282,2023-05-04,2.0,1.0,39.98628,-75.14925,15.0,-1.0
3345,2024-02-04,11.0,8.0,39.9617,-75.14667,19.0,-3.0
3046,2023-03-20,18.0,16.0,,,,-2.0
3369,2026-03-23,2.0,3.0,40.00772,-75.19194,16.0,1.0
3116,2024-08-09,7.0,7.0,39.96006,-75.17198,21.0,0.0
3024,2025-11-06,7.0,12.0,39.94822,-75.20908,19.0,5.0
3055,2025-11-07,20.0,22.0,39.95112,-75.15457,15.0,2.0
3210,2025-09-20,20.0,14.0,39.98492,-75.15668,18.0,-6.0
3360,2024-02-15,8.0,7.0,39.93304,-75.16822,22.0,-1.0
3285,2023-02-17,1.0,0.0,39.95946,-75.14745,19.0,-1.0
3005,2023-03-21,10.0,12.0,39.94733,-75.14403,13.0,2.0
3015,2023-02-12,5.0,9.0,39.94735,-75.14886,11.0,4.0
3022,2024-03-27,14.0,21.0,39.95472,-75.18323,21.0,7.0
3209,2025-11-04,10.0,8.0,39.949,-75.21278,14.0,-2.0
3298,2023-12-27,0.0,1.0,39.94717,-75.20691,15.0,1.0
3341,2025-11-25,5.0,6.0,39.98131,-75.12732,20.0,1.0
3033,2024-03-17,13.0,9.0,39.95005,-75.15672,20.0,-4.0
3165,2024-06-05,28.0,28.0,39.95819,-75.1782,22.0,0.0
3117,2024-06-05,3.0,1.0,39.97841,-75.22399,14.0,-2.0
3020,2025-06-20,65.0,53.0,39.94855,-75.19007,36.0,-12.0
3182,2025-07-06,11.0,13.0,,,,2.0
3359,2025-08-21,63.0,52.0,39.94888,-75.16978,29.0,-11.0
3072,2023-01-16,9.0,8.0,39.93445,-75.14541,25.0,-1.0
3072,2024-09-07,16.0,21.0,39.93445,-75.14541,25.0,5.0
3150,2023-01-04,6.0,9.0,39.92884,-75.17021,17.0,3.0
3155,2026-03-07,11.0,10.0,39.94018,-75.15442,18.0,-1.0
3021,2023-12-10,1.0,1.0,39.9539,-75.16902,34.0,0.0
3266,2026-01-22,6.0,15.0,39.9237,-75.14701,22.0,9.0
3307,2023-07-25,0.0,1.0,40.0028,-75.174,11.0,1.0
3345,2023-11-01,3.0,5.0,39.9617,-75.14667,19.0,2.0
3373,2026-03-16,11.0,11.0,39.95817,-75.15668,15.0,0.0
3064,2023-01-25,10.0,3.0,39.9384,-75.17327,22.0,-7.0
3188,2025-09-03,14.0,16.0,39.90471,-75.1734,56.0,2.0
3277,2023-05-01,2.0,3.0,39.98306,-75.16738,20.0,1.0
3398,2025-08-07,13.0,17.0,39.91551,-75.15474,15.0,4.0
3165,2025-01-25,11.0,6.0,39.95819,-75.1782,22.0,-5.0
3324,2024-03-03,20.0,21.0,39.99484,-75.19242,23.0,1.0
3114,2024-10-02,37.0,31.0,39.93775,-75.18012,17.0,-6.0
3123,2024-04-28,4.0,4.0,39.98004,-75.17088,16.0,0.0
3338,2024-04-10,3.0,2.0,39.95098,-75.23035,21.0,-1.0
3388,2025-06-02,6.0,9.0,39.96634,-75.15097,19.0,3.0
3341,2024-12-18,10.0,5.0,39.98131,-75.12732,20.0,-5.0
3295,2023-11-26,23.0,26.0,39.95028,-75.16027,21.0,3.0
3427,2026-03-04,2.0,1.0,39.97961,-75.11844,14.0,-1.0
3397,2025-03-26,15.0,16.0,39.93906,-75.17824,15.0,1.0
3266,2023-09-21,7.0,9.0,39.9237,-75.14701,22.0,2.0
3285,2023-12-23,7.0,4.0,39.95946,-75.14745,19.0,-3.0
3208,2023-10-09,67.0,63.0,39.95048,-75.19324,28.0,-4.0
3340,2024-03-16,15.0,11.0,39.96906,-75.18169,17.0,-4.0
3372,2026-02-25,4.0,1.0,39.92528,-75.18672,15.0,-3.0
3256,2024-07-02,35.0,42.0,39.95269,-75.17779,23.0,7.0
3037,2024-06-10,30.0,32.0,39.95424,-75.16138,21.0,2.0
3210,2025-05-03,21.0,22.0,39.98492,-75.15668,18.0,1.0
3294,2023-05-31,34.0,42.0,39.95174,-75.17063,21.0,8.0
3123,2024-03-01,3.0,5.0,39.98004,-75.17088,16.0,2.0
3028,2024-07-12,40.0,42.0,39.94061,-75.14958,15.0,2.0
3396,2025-03-26,3.0,9.0,39.92327,-75.1821,16.0,6.0
3190,2023-01-23,23.0,26.0,,,,3.0
3026,2026-03-13,17.0,19.0,39.94182,-75.1455,17.0,2.0
3211,2023-04-18,7.0,10.0,39.97172,-75.1706,22.0,3.0
3018,2024-07-24,27.0,28.0,39.95273,-75.15979,18.0,1.0
3226,2024-03-09,1.0,1.0,39.98101,-75.13721,18.0,0.0
3159,2024-12-24,2.0,8.0,39.95121,-75.19962,23.0,6.0
3028,2023-11-24,22.0,24.0,39.94061,-75.14958,15.0,2.0
3059,2024-06-07,40.0,37.0,39.96244,-75.16121,21.0,-3.0
3259,2025-10-09,15.0,19.0,39.95998,-75.19883,17.0,4.0
3074,2023-07-14,16.0,13.0,39.95511,-75.20987,15.0,-3.0
3032,2026-02-05,10.0,16.0,39.94527,-75.17971,20.0,6.0
3265,2025-07-26,8.0,8.0,39.95957,-75.19633,13.0,0.0
3211,2026-01-22,13.0,7.0,39.97172,-75.1706,22.0,-6.0
3201,2023-01-23,9.0,9.0,39.95523,-75.1662,20.0,0.0
3012,2023-09-21,65.0,45.0,39.94218,-75.17747,27.0,-20.0
3253,2025-12-08,3.0,2.0,39.93074,-75.18924,21.0,-1.0
3163,2024-03-12,27.0,35.0,39.94974,-75.18097,22.0,8.0
3051,2023-10-25,34.0,33.0,39.96744,-75.17507,37.0,-1.0
3236,2023-08-05,13.0,9.0,39.96566,-75.17765,18.0,-4.0
3012,2023-01-19,15.0,10.0,39.94218,-75.17747,27.0,-5.0
3291,2023-04-22,8.0,9.0,40.01022,-75.197,15.0,1.0
3335,2023-09-09,2.0,3.0,40.02237,-75.218,18.0,1.0
3100,2025-06-03,43.0,43.0,39.92777,-75.15103,38.0,0.0
3168,2023-10-18,33.0,43.0,,,,10.0
3382,2025-05-25,21.0,19.0,39.95038,-75.17309,11.0,-2.0
3029,2026-01-24,7.0,7.0,39.9538,-75.19479,17.0,0.0
3061,2023-05-27,27.0,26.0,,,,-1.0
3035,2026-03-28,16.0,14.0,39.96271,-75.19419,20.0,-2.0
3052,2023-08-20,24.0,24.0,39.94732,-75.15695,25.0,0.0
3007,2025-10-19,42.0,46.0,39.94517,-75.15993,20.0,4.0
3021,2025-07-18,32.0,32.0,39.9539,-75.16902,34.0,0.0
3032,2023-01-03,30.0,30.0,39.94527,-75.17971,20.0,0.0
3018,2025-05-04,20.0,22.0,39.95273,-75.15979,18.0,2.0
3350,2024-05-02,4.0,7.0,39.99415,-75.15527,20.0,3.0
3374,2025-07-17,16.0,14.0,39.9728,-75.17971,18.0,-2.0
3255,2023-03-08,17.0,16.0,39.95095,-75.16438,15.0,-1.0
3315,2026-01-09,7.0,4.0,39.94235,-75.21138,13.0,-3.0
3038,2024-07-23,36.0,35.0,39.94781,-75.19409,28.0,-1.0
3154,2023-08-05,42.0,37.0,39.95924,-75.15821,16.0,-5.0
3392,2025-05-18,2.0,6.0,39.93633,-75.19447,13.0,4.0
3163,2023-04-26,14.0,12.0,39.94974,-75.18097,22.0,-2.0
3378,2025-05-31,11.0,16.0,39.95238,-75.14728,18.0,5.0
3019,2026-02-02,1.0,2.0,39.95403,-75.14983,15.0,1.0
3341,2025-01-08,4.0,5.0,39.98131,-75.12732,20.0,1.0
3017,2024-03-14,7.0,9.0,39.98003,-75.14371,15.0,2.0
3316,2025-10-09,12.0,8.0,39.92255,-75.17337,19.0,-4.0
3156,2024-01-05,14.0,14.0,39.95381,-75.17407,22.0,0.0
3240,2024-08-11,3.0,2.0,39.96277,-75.21185,12.0,-1.0
3251,2023-11-10,1.0,1.0,39.93366,-75.19319,16.0,0.0
3322,2023-06-29,12.0,12.0,39.93638,-75.15526,13.0,0.0
3054,2026-03-22,32.0,22.0,39.9625,-75.1742,35.0,-10.0
3062,2023-12-20,11.0,9.0,,,,-2.0
3263,2026-01-10,3.0,1.0,39.9586,-75.2081,18.0,-2.0
3185,2023-01-13,20.0,21.0,39.95169,-75.15888,21.0,1.0
3441,2026-01-27,2.0,3.0,39.96305,-75.17454,5.0,1.0
3303,2025-06-19,7.0,11.0,39.9559,-75.2053,20.0,4.0
3007,2025-08-24,43.0,44.0,39.94517,-75.15993,20.0,1.0
3116,2023-06-12,19.0,19.0,39.96006,-75.17198,21.0,0.0
3196,2024-05-22,2.0,2.0,39.98717,-75.17477,17.0,0.0
3389,2025-07-31,16.0,8.0,39.94431,-75.18128,16.0,-8.0
3310,2026-01-02,1.0,2.0,39.98024,-75.18651,15.0,1.0
3375,2025-08-23,23.0,22.0,39.96036,-75.1402,22.0,-1.0
3349,2026-03-22,6.0,3.0,39.93651,-75.18621,17.0,-3.0
3263,2023-10-16,7.0,7.0,39.9586,-75.2081,18.0,0.0
3111,2025-09-18,4.0,3.0,39.97779,-75.21323,14.0,-1.0
3411,2025-05-25,3.0,3.0,39.96693,-75.23359,15.0,0.0
3374,2026-02-22,1.0,1.0,39.9728,-75.17971,18.0,0.0
3098,2024-02-04,10.0,13.0,39.93431,-75.16042,19.0,3.0
3250,2023-11-06,3.0,6.0,39.95673,-75.14575,17.0,3.0
3205,2025-09-05,37.0,36.0,39.95405,-75.16783,22.0,-1.0
3342,2024-05-15,14.0,10.0,39.9639,-75.17385,20.0,-4.0
3345,2025-12-08,14.0,16.0,39.9617,-75.14667,19.0,2.0
3078,2024-07-06,19.0,9.0,39.95355,-75.17192,18.0,-10.0
3029,2023-08-07,20.0,17.0,39.9538,-75.19479,17.0,-3.0
3261,2025-04-05,8.0,7.0,39.96304,-75.14099,17.0,-1.0
3334,2026-01-23,14.0,12.0,39.9302,-75.15636,19.0,-2.0
3376,2025-01-16,1.0,0.0,39.97183,-75.14878,8.0,-1.0
3150,2023-06-06,18.0,17.0,39.92884,-75.17021,17.0,-1.0
3210,2024-04-04,5.0,8.0,39.98492,-75.15668,18.0,3.0
3244,2024-03-25,27.0,30.0,,,,3.0
3253,2023-03-19,3.0,2.0,39.93074,-75.18924,21.0,-1.0
3271,2025-06-28,3.0,1.0,39.9476,-75.22946,18.0,-2.0
3298,2025-07-16,4.0,3.0,39.94717,-75.20691,15.0,-1.0
3256,2024-09-16,48.0,43.0,39.95269,-75.17779,23.0,-5.0
3259,2025-11-01,10.0,12.0,39.95998,-75.19883,17.0,2.0
3372,2024-06-05,5.0,3.0,39.92528,-75.18672,15.0,-2.0
3330,2023-06-23,5.0,10.0,,,,5.0
3326,2026-02-14,2.0,2.0,39.99198,-75.19944,17.0,0.0
3183,2023-01-19,0.0,1.0,39.88994,-75.17679,20.0,1.0
3018,2024-10-09,30.0,31.0,39.95273,-75.15979,18.0,1.0
3046,2023-09-20,42.0,43.0,,,,1.0
3339,2023-08-06,16.0,14.0,,,,-2.0
3437,2026-03-16,1.0,1.0,39.93931,-75.20336,15.0,0.0
3235,2024-02-19,9.0,8.0,39.96,-75.1651,15.0,-1.0
3021,2025-07-07,32.0,39.0,39.9539,-75.16902,34.0,7.0
3075,2023-06-20,24.0,19.0,39.96718,-75.16125,12.0,-5.0
3005,2023-07-16,7.0,8.0,39.94733,-75.14403,13.0,1.0
3339,2023-07-07,5.0,3.0,,,,-2.0
3337,2025-10-20,11.0,8.0,39.97318,-75.14612,15.0,-3.0
3437,2025-09-30,13.0,11.0,39.93931,-75.20336,15.0,-2.0
3258,2025-10-10,6.0,6.0,39.95828,-75.22424,20.0,0.0
3303,2024-11-18,6.0,8.0,39.9559,-75.2053,20.0,2.0
3297,2025-04-30,15.0,14.0,39.95821,-75.16901,19.0,-1.0
3280,2025-09-19,3.0,2.0,39.93968,-75.21362,18.0,-1.0
3291,2025-05-04,6.0,1.0,40.01022,-75.197,15.0,-5.0
3056,2024-12-15,3.0,3.0,39.97669,-75.15813,22.0,0.0
3304,2025-04-20,24.0,15.0,39.94234,-75.15399,21.0,-9.0
3240,2024-08-23,1.0,1.0,39.96277,-75.21185,12.0,0.0
3209,2023-05-19,14.0,8.0,39.949,-75.21278,14.0,-6.0
3160,2025-09-18,40.0,28.0,39.95662,-75.19862,41.0,-12.0
3033,2025-06-21,22.0,22.0,39.95005,-75.15672,20.0,0.0
3165,2023-05-12,25.0,26.0,39.95819,-75.1782,22.0,1.0
3294,2023-04-17,29.0,31.0,39.95174,-75.17063,21.0,2.0
3033,2026-01-30,6.0,6.0,39.95005,-75.15672,20.0,0.0
3285,2024-12-17,4.0,3.0,39.95946,-75.14745,19.0,-1.0
3346,2024-01-28,2.0,2.0,39.94883,-75.15097,17.0,0.0
3100,2024-09-15,31.0,31.0,39.92777,-75.15103,38.0,0.0
3066,2023-05-17,51.0,40.0,39.94561,-75.17348,29.0,-11.0
3354,2024-11-01,2.0,3.0,39.95628,-75.2387,18.0,1.0
3162,2024-06-22,12.0,14.0,39.94595,-75.18475,34.0,2.0
3334,2025-02-06,5.0,4.0,39.9302,-75.15636,19.0,-1.0
3112,2025-03-29,11.0,8.0,39.95373,-75.21825,18.0,-3.0
3075,2025-05-01,27.0,29.0,39.96718,-75.16125,12.0,2.0
3304,2023-10-15,21.0,20.0,39.94234,-75.15399,21.0,-1.0
3160,2023-09-26,23.0,17.0,39.95662,-75.19862,41.0,-6.0
3236,2023-04-02,8.0,7.0,39.96566,-75.17765,18.0,-1.0
3052,2025-11-28,15.0,17.0,39.94732,-75.15695,25.0,2.0
3009,2024-03-09,1.0,2.0,39.95576,-75.18982,14.0,1.0
3328,2025-02-06,1.0,1.0,39.98798,-75.1995,23.0,0.0
3226,2025-09-22,5.0,4.0,39.98101,-75.13721,18.0,-1.0
3098,2024-05-22,26.0,21.0,39.93431,-75.16042,19.0,-5.0
3029,2025-12-08,29.0,23.0,39.9538,-75.19479,17.0,-6.0
3321,2024-10-24,19.0,15.0,39.95485,-75.17298,21.0,-4.0
3257,2024-05-09,5.0,8.0,,,,3.0
3163,2025-10-14,46.0,39.0,39.94974,-75.18097,22.0,-7.0
3197,2025-04-29,11.0,8.0,39.92083,-75.17033,23.0,-3.0
3345,2024-06-22,18.0,15.0,39.9617,-75.14667,19.0,-3.0
3280,2025-10-30,1.0,2.0,39.93968,-75.21362,18.0,1.0
3326,2023-05-16,2.0,2.0,39.99198,-75.19944,17.0,0.0
3259,2025-05-21,8.0,6.0,39.95998,-75.19883,17.0,-2.0
3375,2024-03-06,4.0,2.0,39.96036,-75.1402,22.0,-2.0
3111,2024-06-21,0.0,2.0,39.97779,-75.21323,14.0,2.0
3043,2023-09-20,29.0,33.0,,,,4.0
3156,2023-03-01,18.0,19.0,39.95381,-75.17407,22.0,1.0
3361,2025-03-01,17.0,10.0,39.93082,-75.17474,21.0,-7.0
3158,2023-06-01,21.0,17.0,39.92552,-75.16904,15.0,-4.0
3361,2026-03-30,26.0,25.0,39.93082,-75.17474,21.0,-1.0
3110,2023-12-18,3.0,3.0,39.96175,-75.13641,19.0,0.0
3340,2024-07-31,23.0,30.0,39.96906,-75.18169,17.0,7.0
3010,2025-04-26,46.0,56.0,39.94711,-75.16618,22.0,10.0
3351,2024-11-23,1.0,0.0,39.99655,-75.14991,18.0,-1.0
3286,2024-05-30,14.0,12.0,39.96409,-75.14769,22.0,-2.0
3250,2026-02-03,2.0,1.0,39.95673,-75.14575,17.0,-1.0
3116,2026-02-28,14.0,15.0,39.96006,-75.17198,21.0,1.0
3276,2023-10-04,9.0,11.0,39.96569,-75.15679,18.0,2.0
3305,2025-06-04,4.0,4.0,39.99569,-75.1671,11.0,0.0
3035,2026-02-11,10.0,10.0,39.96271,-75.19419,20.0,0.0
3020,2026-03-04,37.0,36.0,39.94855,-75.19007,36.0,-1.0
3158,2023-07-15,10.0,7.0,39.92552,-75.16904,15.0,-3.0
3007,2023-10-30,28.0,29.0,39.94517,-75.15993,20.0,1.0
3152,2023-06-15,10.0,8.0,39.94993,-75.20286,17.0,-2.0
3344,2024-02-06,2.0,1.0,39.95961,-75.23354,23.0,-1.0
3059,2026-03-10,38.0,34.0,39.96244,-75.16121,21.0,-4.0
3067,2023-02-21,2.0,4.0,39.96411,-75.19973,17.0,2.0
3431,2025-07-26,2.0,4.0,39.96239,-75.24522,15.0,2.0
3371,2024-11-19,13.0,13.0,39.9534,-75.1543,19.0,0.0
3236,2024-03-09,2.0,2.0,39.96566,-75.17765,18.0,0.0
3059,2025-10-03,46.0,59.0,39.96244,-75.16121,21.0,13.0
3099,2025-05-16,8.0,5.0,39.93401,-75.15094,19.0,-3.0
3335,2023-12-18,1.0,0.0,40.02237,-75.218,18.0,-1.0
3333,2023-10-04,43.0,35.0,39.9541,-75.16965,25.0,-8.0
3088,2025-03-11,14.0,14.0,39.96984,-75.1418,35.0,0.0
3032,2024-02-20,36.0,36.0,39.94527,-75.17971,20.0,0.0
3425,2025-09-21,9.0,7.0,39.9849,-75.13255,15.0,-2.0
3182,2025-02-12,8.0,9.0,,,,1.0
3245,2023-06-17,17.0,18.0,39.97887,-75.15777,20.0,1.0
3170,2023-06-24,10.0,9.0,,,,-1.0
3071,2023-03-29,13.0,11.0,,,,-2.0
3292,2023-03-16,5.0,6.0,39.92,-75.1562,17.0,1.0
3337,2024-12-13,11.0,11.0,39.97318,-75.14612,15.0,0.0
3310,2024-12-05,3.0,4.0,39.98024,-75.18651,15.0,1.0
3301,2023-11-01,32.0,36.0,39.95029,-75.17126,15.0,4.0
3252,2025-11-03,6.0,7.0,39.93882,-75.19324,14.0,1.0
3033,2025-09-10,38.0,38.0,39.95005,-75.15672,20.0,0.0
3246,2023-05-17,12.0,13.0,39.94782,-75.22301,17.0,1.0
3101,2023-11-04,39.0,32.0,39.94295,-75.15955,18.0,-7.0
3158,2023-05-19,11.0,11.0,39.92552,-75.16904,15.0,0.0
3030,2025-05-20,42.0,36.0,,,,-6.0
3249,2026-02-24,3.0,3.0,39.95784,-75.19079,22.0,0.0
3331,2026-01-24,7.0,4.0,39.97116,-75.12813,20.0,-3.0
3049,2024-05-23,14.0,15.0,39.94509,-75.1425,29.0,1.0
3072,2026-02-08,1.0,3.0,39.93445,-75.14541,25.0,2.0
3325,2025-11-03,4.0,6.0,39.9768,-75.12764,22.0,2.0
3187,2025-03-09,7.0,6.0,39.95725,-75.17232,19.0,-1.0
3099,2026-03-08,8.0,11.0,39.93401,-75.15094,19.0,3.0
3006,2025-09-30,40.0,39.0,39.9522,-75.20311,17.0,-1.0
3204,2024-05-07,28.0,28.0,39.96437,-75.16582,22.0,0.0
3272,2026-03-21,3.0,1.0,39.96405,-75.22048,13.0,-2.0
3226,2024-07-07,3.0,5.0,39.98101,-75.13721,18.0,2.0
3362,2024-06-05,37.0,39.0,39.94816,-75.16226,19.0,2.0
3335,2023-07-22,13.0,17.0,40.02237,-75.218,18.0,4.0
3010,2024-10-01,94.0,87.0,39.94711,-75.16618,22.0,-7.0
3093,2025-04-29,4.0,2.0,39.98837,-75.18701,16.0,-2.0
3051,2024-06-09,29.0,26.0,39.96744,-75.17507,37.0,-3.0
3075,2024-08-17,17.0,13.0,39.96718,-75.16125,12.0,-4.0
3025,2025-05-08,26.0,32.0,39.93724,-75.1612,15.0,6.0
3345,2025-03-04,7.0,9.0,39.9617,-75.14667,19.0,2.0
3396,2025-09-12,13.0,22.0,39.92327,-75.1821,16.0,9.0
3114,2025-10-28,19.0,22.0,39.93775,-75.18012,17.0,3.0
3291,2024-08-22,1.0,5.0,40.01022,-75.197,15.0,4.0
3066,2024-02-02,25.0,19.0,39.94561,-75.17348,29.0,-6.0
3235,2025-09-14,29.0,28.0,39.96,-75.1651,15.0,-1.0
3327,2025-10-07,7.0,13.0,39.97759,-75.12442,17.0,6.0
3368,2025-08-26,4.0,3.0,39.97647,-75.17362,17.0,-1.0
3356,2024-08-05,3.0,2.0,39.89322,-75.17187,19.0,-1.0
3072,2026-03-25,16.0,13.0,39.93445,-75.14541,25.0,-3.0
3101,2023-07-13,28.0,33.0,39.94295,-75.15955,18.0,5.0
3353,2025-07-29,4.0,4.0,40.00496,-75.15233,22.0,0.0
3201,2023-10-15,14.0,13.0,39.95523,-75.1662,20.0,-1.0
3296,2026-01-27,2.0,1.0,39.95134,-75.16758,21.0,-1.0
3301,2024-01-09,12.0,13.0,39.95029,-75.17126,15.0,1.0
3165,2023-01-08,13.0,11.0,39.95819,-75.1782,22.0,-2.0
3102,2025-03-05,17.0,8.0,39.96759,-75.17952,26.0,-9.0
3124,2025-12-15,5.0,5.0,39.95367,-75.13956,17.0,0.0
3237,2024-09-04,5.0,5.0,39.91717,-75.17096,21.0,0.0
3057,2024-09-13,35.0,30.0,39.96439,-75.17987,26.0,-5.0
3101,2026-02-06,17.0,19.0,39.94295,-75.15955,18.0,2.0
3315,2025-11-02,4.0,5.0,39.94235,-75.21138,13.0,1.0
3112,2025-11-28,4.0,5.0,39.95373,-75.21825,18.0,1.0
3074,2025-02-02,9.0,12.0,39.95511,-75.20987,15.0,3.0
3253,2025-03-23,3.0,4.0,39.93074,-75.18924,21.0,1.0
3211,2023-03-19,3.0,1.0,39.97172,-75.1706,22.0,-2.0
3337,2025-08-06,12.0,14.0,39.97318,-75.14612,15.0,2.0
3018,2025-06-15,26.0,18.0,39.95273,-75.15979,18.0,-8.0
3065,2024-08-06,4.0,6.0,39.9707,-75.15171,15.0,2.0
3026,2024-01-29,12.0,16.0,39.94182,-75.1455,17.0,4.0
3315,2025-03-23,2.0,1.0,39.94235,-75.21138,13.0,-1.0
3039,2026-01-30,5.0,5.0,39.97157,-75.15993,17.0,0.0
3166,2025-11-13,14.0,10.0,39.97195,-75.13445,22.0,-4.0
3017,2023-04-18,13.0,12.0,39.98003,-75.14371,15.0,-1.0
3247,2025-03-01,0.0,1.0,39.96538,-75.21514,16.0,1.0
3101,2023-07-07,41.0,33.0,39.94295,-75.15955,18.0,-8.0
3022,2023-06-06,46.0,39.0,39.95472,-75.18323,21.0,-7.0
3053,2023-02-21,12.0,8.0,39.93231,-75.18154,19.0,-4.0
3072,2024-01-28,1.0,2.0,39.93445,-75.14541,25.0,1.0
3381,2024-04-24,10.0,13.0,39.94845,-75.21807,13.0,3.0
3266,2025-02-26,14.0,13.0,39.9237,-75.14701,22.0,-1.0
3124,2024-05-30,27.0,22.0,39.95367,-75.13956,17.0,-5.0
3055,2025-04-25,16.0,13.0,39.95112,-75.15457,15.0,-3.0
3049,2024-05-06,8.0,5.0,39.94509,-75.1425,29.0,-3.0
3114,2025-11-09,21.0,16.0,39.93775,-75.18012,17.0,-5.0
3086,2023-01-02,5.0,7.0,39.94019,-75.16691,21.0,2.0
3066,2023-05-19,43.0,32.0,39.94561,-75.17348,29.0,-11.0
3038,2023-04-11,40.0,33.0,39.94781,-75.19409,28.0,-7.0
3037,2025-03-10,22.0,25.0,39.95424,-75.16138,21.0,3.0
3291,2023-08-12,6.0,6.0,40.01022,-75.197,15.0,0.0
3246,2024-01-03,4.0,5.0,39.94782,-75.22301,17.0,1.0
3047,2023-02-21,14.0,7.0,39.95073,-75.14947,20.0,-7.0
3335,2025-02-10,0.0,13.0,40.02237,-75.218,18.0,13.0
3346,2025-12-02,11.0,6.0,39.94883,-75.15097,17.0,-5.0
3160,2025-08-30,11.0,9.0,39.95662,-75.19862,41.0,-2.0
3405,2026-02-02,2.0,4.0,39.94167,-75.16502,16.0,2.0
3245,2025-09-24,17.0,16.0,39.97887,-75.15777,20.0,-1.0
3039,2023-11-01,9.0,7.0,39.97157,-75.15993,17.0,-2.0
3159,2025-07-22,26.0,23.0,39.95121,-75.19962,23.0,-3.0
3017,2023-05-04,13.0,9.0,39.98003,-75.14371,15.0,-4.0
3020,2025-04-25,57.0,54.0,39.94855,-75.19007,36.0,-3.0
3030,2025-02-12,13.0,11.0,,,,-2.0
3115,2023-10-24,12.0,8.0,39.97263,-75.16757,18.0,-4.0
3365,2024-02-17,2.0,3.0,39.96173,-75.18788,17.0,1.0
3265,2025-02-21,2.0,1.0,39.95957,-75.19633,13.0,-1.0
3398,2026-01-31,0.0,2.0,39.91551,-75.15474,15.0,2.0
3413,2026-02-28,1.0,1.0,39.97115,-75.21596,15.0,0.0
3096,2026-02-21,0.0,2.0,39.99119,-75.17975,14.0,2.0
3066,2024-02-27,28.0,28.0,39.94561,-75.17348,29.0,0.0
3285,2024-07-22,3.0,9.0,39.95946,-75.14745,19.0,6.0
3292,2023-08-31,10.0,13.0,39.92,-75.1562,17.0,3.0
3104,2025-01-14,5.0,6.0,39.96664,-75.19209,13.0,1.0
3012,2024-01-26,24.0,23.0,39.94218,-75.17747,27.0,-1.0
3165,2023-01-29,7.0,8.0,39.95819,-75.1782,22.0,1.0
3040,2023-09-03,14.0,10.0,39.96289,-75.16606,21.0,-4.0
3280,2025-03-23,4.0,3.0,39.93968,-75.21362,18.0,-1.0
3021,2023-08-14,32.0,27.0,39.9539,-75.16902,34.0,-5.0
3114,2025-07-09,19.0,21.0,39.93775,-75.18012,17.0,2.0
3271,2024-01-04,1.0,1.0,39.9476,-75.22946,18.0,0.0
3007,2023-12-24,12.0,18.0,39.94517,-75.15993,20.0,6.0
3031,2023-10-24,22.0,21.0,39.98005,-75.15522,21.0,-1.0
3334,2024-03-20,8.0,7.0,39.9302,-75.15636,19.0,-1.0
3188,2024-05-12,7.0,4.0,39.90471,-75.1734,56.0,-3.0
3068,2026-01-20,18.0,12.0,39.93549,-75.16711,18.0,-6.0
3281,2025-11-02,1.0,0.0,39.9323,-75.2162,15.0,-1.0
3375,2024-08-23,16.0,25.0,39.96036,-75.1402,22.0,9.0
3078,2024-03-20,21.0,25.0,39.95355,-75.17192,18.0,4.0
3115,2023-06-06,8.0,3.0,39.97263,-75.16757,18.0,-5.0
3325,2024-06-01,10.0,11.0,39.9768,-75.12764,22.0,1.0
3276,2024-05-31,5.0,6.0,39.96569,-75.15679,18.0,1.0
3248,2026-02-18,9.0,9.0,39.94213,-75.18335,22.0,0.0
3168,2023-02-16,30.0,26.0,,,,-4.0
3032,2023-01-29,29.0,32.0,39.94527,-75.17971,20.0,3.0
3326,2023-10-04,4.0,4.0,39.99198,-75.19944,17.0,0.0
3078,2023-03-02,15.0,21.0,39.95355,-75.17192,18.0,6.0
3282,2023-08-31,1.0,0.0,39.98628,-75.14925,15.0,-1.0
3007,2026-03-20,27.0,41.0,39.94517,-75.15993,20.0,14.0
3359,2023-11-24,18.0,26.0,39.94888,-75.16978,29.0,8.0
3005,2025-07-07,21.0,20.0,39.94733,-75.14403,13.0,-1.0
3253,2023-10-21,4.0,4.0,39.93074,-75.18924,21.0,0.0
3345,2023-08-09,7.0,6.0,39.9617,-75.14667,19.0,-1.0
3062,2023-12-12,10.0,10.0,,,,0.0
3281,2026-01-02,1.0,1.0,39.9323,-75.2162,15.0,0.0
3110,2024-09-28,9.0,12.0,39.96175,-75.13641,19.0,3.0
3162,2023-03-06,9.0,8.0,39.94595,-75.18475,34.0,-1.0
3336,2025-03-26,9.0,7.0,39.95719,-75.19388,20.0,-2.0
3197,2023-06-23,10.0,3.0,39.92083,-75.17033,23.0,-7.0
3208,2024-07-30,53.0,54.0,39.95048,-75.19324,28.0,1.0
3251,2024-06-01,2.0,2.0,39.93366,-75.19319,16.0,0.0
3069,2023-02-13,14.0,18.0,39.93704,-75.15038,23.0,4.0
3022,2025-10-30,27.0,24.0,39.95472,-75.18323,21.0,-3.0
3252,2023-09-30,11.0,11.0,39.93882,-75.19324,14.0,0.0
3266,2025-09-06,14.0,18.0,39.9237,-75.14701,22.0,4.0
3356,2025-06-26,4.0,4.0,39.89322,-75.17187,19.0,0.0
3254,2023-03-20,7.0,5.0,39.98091,-75.16065,18.0,-2.0
3025,2024-01-06,8.0,7.0,39.93724,-75.1612,15.0,-1.0
3267,2025-11-03,10.0,12.0,39.918,-75.1796,12.0,2.0
3066,2023-07-04,31.0,32.0,39.94561,-75.17348,29.0,1.0
3037,2023-02-05,12.0,17.0,39.95424,-75.16138,21.0,5.0
3211,2024-02-29,12.0,7.0,39.97172,-75.1706,22.0,-5.0
3338,2025-07-12,2.0,2.0,39.95098,-75.23035,21.0,0.0
3349,2025-01-06,4.0,4.0,39.93651,-75.18621,17.0,0.0
3047,2025-09-20,24.0,26.0,39.95073,-75.14947,20.0,2.0
3026,2026-01-16,12.0,17.0,39.94182,-75.1455,17.0,5.0
3037,2025-11-21,68.0,70.0,39.95424,-75.16138,21.0,2.0
3086,2023-09-06,20.0,16.0,39.94019,-75.16691,21.0,-4.0
3152,2026-02-13,3.0,4.0,39.94993,-75.20286,17.0,1.0
3237,2024-12-13,5.0,3.0,39.91717,-75.17096,21.0,-2.0
3304,2025-02-15,5.0,7.0,39.94234,-75.15399,21.0,2.0
3378,2024-08-08,5.0,8.0,39.95238,-75.14728,18.0,3.0
3354,2025-07-10,0.0,1.0,39.95628,-75.2387,18.0,1.0
3353,2024-10-28,1.0,2.0,40.00496,-75.15233,22.0,1.0
3051,2026-01-29,12.0,4.0,39.96744,-75.17507,37.0,-8.0
3321,2025-02-15,2.0,3.0,39.95485,-75.17298,21.0,1.0
3310,2024-06-08,3.0,1.0,39.98024,-75.18651,15.0,-2.0
3255,2025-05-20,39.0,40.0,39.95095,-75.16438,15.0,1.0
3075,2023-08-06,22.0,19.0,39.96718,-75.16125,12.0,-3.0
3051,2024-11-17,24.0,13.0,39.96744,-75.17507,37.0,-11.0
3185,2023-09-13,50.0,48.0,39.95169,-75.15888,21.0,-2.0
3353,2024-07-05,4.0,6.0,40.00496,-75.15233,22.0,2.0
3267,2025-11-05,11.0,14.0,39.918,-75.1796,12.0,3.0
3323,2024-10-31,0.0,1.0,40.02796,-75.2277,18.0,1.0
3304,2023-06-13,17.0,20.0,39.94234,-75.15399,21.0,3.0
3018,2023-03-08,25.0,20.0,39.95273,-75.15979,18.0,-5.0
3341,2023-12-15,3.0,4.0,39.98131,-75.12732,20.0,1.0
3323,2023-07-01,3.0,3.0,40.02796,-75.2277,18.0,0.0
3254,2024-09-25,13.0,9.0,39.98091,-75.16065,18.0,-4.0
3332,2025-04-04,0.0,1.0,40.00537,-75.18143,12.0,1.0
3035,2024-05-08,33.0,24.0,39.96271,-75.19419,20.0,-9.0
3210,2023-06-08,9.0,10.0,39.98492,-75.15668,18.0,1.0
3068,2024-03-02,3.0,4.0,39.93549,-75.16711,18.0,1.0
3338,2023-12-22,1.0,1.0,39.95098,-75.23035,21.0,0.0
3316,2023-03-06,1.0,3.0,39.92255,-75.17337,19.0,2.0
3031,2024-01-25,15.0,10.0,39.98005,-75.15522,21.0,-5.0
3249,2023-08-27,11.0,12.0,39.95784,-75.19079,22.0,1.0
3285,2023-05-06,5.0,8.0,39.95946,-75.14745,19.0,3.0
3300,2024-03-07,3.0,6.0,39.95511,-75.16287,13.0,3.0
3208,2024-02-23,46.0,45.0,39.95048,-75.19324,28.0,-1.0
3005,2024-04-03,2.0,5.0,39.94733,-75.14403,13.0,3.0
3196,2024-08-15,0.0,1.0,39.98717,-75.17477,17.0,1.0
3233,2024-03-25,4.0,1.0,,,,-3.0
3209,2024-06-13,19.0,15.0,39.949,-75.21278,14.0,-4.0
3309,2023-09-21,6.0,4.0,,,,-2.0
3028,2023-05-10,34.0,33.0,39.94061,-75.14958,15.0,-1.0
3010,2025-02-12,26.0,25.0,39.94711,-75.16618,22.0,-1.0
3188,2025-07-31,7.0,7.0,39.90471,-75.1734,56.0,0.0
3185,2024-04-10,37.0,43.0,39.95169,-75.15888,21.0,6.0
3240,2025-06-01,1.0,0.0,39.96277,-75.21185,12.0,-1.0
3245,2023-11-27,15.0,14.0,39.97887,-75.15777,20.0,-1.0
3431,2025-10-16,1.0,1.0,39.96239,-75.24522,15.0,0.0
3245,2023-05-01,13.0,14.0,39.97887,-75.15777,20.0,1.0
3235,2023-08-23,25.0,20.0,39.96,-75.1651,15.0,-5.0
3047,2025-10-07,22.0,18.0,39.95073,-75.14947,20.0,-4.0
3254,2025-02-18,6.0,5.0,39.98091,-75.16065,18.0,-1.0
3052,2024-11-14,42.0,41.0,39.94732,-75.15695,25.0,-1.0
3250,2025-07-12,10.0,11.0,39.95673,-75.14575,17.0,1.0
3024,2025-09-02,15.0,20.0,39.94822,-75.20908,19.0,5.0
3276,2023-04-07,9.0,5.0,39.96569,-75.15679,18.0,-4.0
3031,2024-01-31,11.0,10.0,39.98005,-75.15522,21.0,-1.0
3170,2023-05-11,10.0,11.0,,,,1.0
3170,2023-10-21,10.0,7.0,,,,-3.0
3120,2025-02-01,8.0,4.0,39.97522,-75.18669,19.0,-4.0
3276,2026-01-20,3.0,5.0,39.96569,-75.15679,18.0,2.0
3038,2023-02-19,9.0,8.0,39.94781,-75.19409,28.0,-1.0
3432,2026-01-20,1.0,0.0,40.03055,-75.21983,11.0,-1.0
3404,2025-10-04,1.0,0.0,39.97347,-75.23491,15.0,-1.0
3327,2023-10-13,4.0,3.0,39.97759,-75.12442,17.0,-1.0
3017,2024-11-21,8.0,7.0,39.98003,-75.14371,15.0,-1.0
3285,2023-03-03,6.0,3.0,39.95946,-75.14745,19.0,-3.0
3039,2023-10-28,10.0,17.0,39.97157,-75.15993,17.0,7.0
3155,2024-01-13,8.0,7.0,39.94018,-75.15442,18.0,-1.0
3012,2025-10-14,34.0,27.0,39.94218,-75.17747,27.0,-7.0
3333,2025-09-10,38.0,39.0,39.9541,-75.16965,25.0,1.0
3298,2025-03-11,1.0,1.0,39.94717,-75.20691,15.0,0.0
3115,2024-10-07,8.0,10.0,39.97263,-75.16757,18.0,2.0
3032,2026-01-29,4.0,2.0,39.94527,-75.17971,20.0,-2.0
3322,2023-07-17,15.0,13.0,39.93638,-75.15526,13.0,-2.0
3184,2024-11-07,13.0,15.0,39.94573,-75.19551,22.0,2.0
3098,2024-10-21,21.0,25.0,39.93431,-75.16042,19.0,4.0
3296,2025-03-22,16.0,22.0,39.95134,-75.16758,21.0,6.0
3340,2024-07-14,16.0,13.0,39.96906,-75.18169,17.0,-3.0
3112,2024-08-31,11.0,8.0,39.95373,-75.21825,18.0,-3.0
3301,2023-07-30,32.0,37.0,39.95029,-75.17126,15.0,5.0
3181,2025-06-26,6.0,6.0,39.89629,-75.17514,20.0,0.0
3203,2025-07-24,45.0,35.0,39.94077,-75.17227,20.0,-10.0
3332,2025-12-25,1.0,0.0,40.00537,-75.18143,12.0,-1.0
3066,2024-09-28,23.0,16.0,39.94561,-75.17348,29.0,-7.0
3248,2024-03-22,8.0,8.0,39.94213,-75.18335,22.0,0.0
3070,2023-08-23,14.0,10.0,,,,-4.0
3240,2023-11-21,1.0,1.0,39.96277,-75.21185,12.0,0.0
3211,2024-10-06,4.0,6.0,39.97172,-75.1706,22.0,2.0
3249,2024-04-08,10.0,7.0,39.95784,-75.19079,22.0,-3.0
3124,2025-01-04,0.0,1.0,39.95367,-75.13956,17.0,1.0
3395,2024-09-28,9.0,5.0,39.93866,-75.16351,13.0,-4.0
3211,2023-12-14,11.0,8.0,39.97172,-75.1706,22.0,-3.0
3205,2024-12-23,12.0,5.0,39.95405,-75.16783,22.0,-7.0
3169,2023-04-06,10.0,10.0,39.95382,-75.14263,17.0,0.0
3204,2023-06-05,18.0,19.0,39.96437,-75.16582,22.0,1.0
3278,2025-05-02,2.0,0.0,39.99301,-75.1681,11.0,-2.0
3018,2023-05-16,31.0,22.0,39.95273,-75.15979,18.0,-9.0
3009,2023-06-21,28.0,33.0,39.95576,-75.18982,14.0,5.0
3249,2023-10-25,16.0,19.0,39.95784,-75.19079,22.0,3.0
3341,2023-10-27,6.0,2.0,39.98131,-75.12732,20.0,-4.0
3088,2024-09-22,17.0,16.0,39.96984,-75.1418,35.0,-1.0
3316,2023-04-05,7.0,6.0,39.92255,-75.17337,19.0,-1.0
3160,2025-08-01,19.0,13.0,39.95662,-75.19862,41.0,-6.0
3016,2023-03-04,3.0,4.0,39.96892,-75.1547,15.0,1.0
3101,2024-04-04,20.0,23.0,39.94295,-75.15955,18.0,3.0
3169,2025-03-25,17.0,21.0,39.95382,-75.14263,17.0,4.0
3365,2025-02-16,6.0,5.0,39.96173,-75.18788,17.0,-1.0
3060,2025-10-26,8.0,9.0,39.95923,-75.17036,19.0,1.0
3344,2024-09-08,1.0,1.0,39.95961,-75.23354,23.0,0.0
3244,2024-01-07,18.0,19.0,,,,1.0
3295,2023-01-02,18.0,25.0,39.95028,-75.16027,21.0,7.0
3243,2023-02-18,1.0,1.0,39.9835,-75.14743,12.0,0.0
3226,2024-04-29,3.0,5.0,39.98101,-75.13721,18.0,2.0
3052,2025-03-06,28.0,29.0,39.94732,-75.15695,25.0,1.0
3352,2025-04-01,0.0,1.0,40.00143,-75.15256,11.0,1.0
3376,2025-04-28,6.0,4.0,39.97183,-75.14878,8.0,-2.0
3184,2025-08-21,9.0,5.0,39.94573,-75.19551,22.0,-4.0
3315,2024-02-26,2.0,0.0,39.94235,-75.21138,13.0,-2.0
3336,2025-12-16,6.0,8.0,39.95719,-75.19388,20.0,2.0
3324,2023-05-13,11.0,9.0,39.99484,-75.19242,23.0,-2.0
3073,2024-01-08,12.0,12.0,39.96143,-75.15242,15.0,0.0
3278,2025-09-05,1.0,2.0,39.99301,-75.1681,11.0,1.0
3025,2024-03-04,11.0,15.0,39.93724,-75.1612,15.0,4.0
3184,2025-04-13,1.0,2.0,39.94573,-75.19551,22.0,1.0
3283,2023-06-02,10.0,3.0,,,,-7.0
3308,2023-11-13,5.0,3.0,,,,-2.0
3251,2025-01-25,4.0,4.0,39.93366,-75.19319,16.0,0.0
3212,2025-12-05,2.0,2.0,39.96383,-75.18177,32.0,0.0
3342,2024-06-19,9.0,10.0,39.9639,-75.17385,20.0,1.0
3052,2023-12-08,36.0,37.0,39.94732,-75.15695,25.0,1.0
3249,2025-07-28,21.0,18.0,39.95784,-75.19079,22.0,-3.0
3158,2024-02-20,8.0,9.0,39.92552,-75.16904,15.0,1.0
3150,2024-09-16,28.0,30.0,39.92884,-75.17021,17.0,2.0
3321,2023-10-17,24.0,18.0,39.95485,-75.17298,21.0,-6.0
3166,2023-03-25,5.0,4.0,39.97195,-75.13445,22.0,-1.0
3248,2024-03-03,6.0,6.0,39.94213,-75.18335,22.0,0.0
3069,2023-07-05,15.0,13.0,39.93704,-75.15038,23.0,-2.0
3236,2023-11-09,13.0,16.0,39.96566,-75.17765,18.0,3.0
3362,2024-02-27,21.0,17.0,39.94816,-75.16226,19.0,-4.0
3294,2023-01-10,17.0,19.0,39.95174,-75.17063,21.0,2.0
3154,2026-02-14,15.0,15.0,39.95924,-75.15821,16.0,0.0
3067,2023-05-05,6.0,3.0,39.96411,-75.19973,17.0,-3.0
3388,2024-12-20,0.0,1.0,39.96634,-75.15097,19.0,1.0
3006,2025-01-05,1.0,2.0,39.9522,-75.20311,17.0,1.0
3160,2023-07-11,30.0,22.0,39.95662,-75.19862,41.0,-8.0
3158,2024-02-11,2.0,0.0,39.92552,-75.16904,15.0,-2.0
3326,2024-03-26,2.0,1.0,39.99198,-75.19944,17.0,-1.0
3345,2024-08-28,15.0,14.0,39.9617,-75.14667,19.0,-1.0
3320,2024-02-21,4.0,3.0,39.9746,-75.15917,17.0,-1.0
3294,2024-06-18,23.0,32.0,39.95174,-75.17063,21.0,9.0
3120,2024-01-24,10.0,9.0,39.97522,-75.18669,19.0,-1.0
3347,2024-07-18,14.0,11.0,,,,-3.0
3115,2025-11-12,5.0,5.0,39.97263,-75.16757,18.0,0.0
3368,2025-02-17,1.0,1.0,39.97647,-75.17362,17.0,0.0
3375,2026-03-31,11.0,15.0,39.96036,-75.1402,22.0,4.0
3340,2023-11-03,13.0,11.0,39.96906,-75.18169,17.0,-2.0
3114,2023-07-09,9.0,12.0,39.93775,-75.18012,17.0,3.0
3028,2025-06-06,80.0,72.0,39.94061,-75.14958,15.0,-8.0
3408,2026-03-20,4.0,5.0,39.9216,-75.15,17.0,1.0
3077,2024-02-28,10.0,5.0,39.97207,-75.16351,19.0,-5.0
3284,2025-07-02,0.0,1.0,40.01112,-75.19287,14.0,1.0
3074,2024-01-01,7.0,6.0,39.95511,-75.20987,15.0,-1.0
3405,2025-06-07,11.0,6.0,39.94167,-75.16502,16.0,-5.0
3115,2025-02-17,2.0,5.0,39.97263,-75.16757,18.0,3.0
3247,2025-12-16,1.0,1.0,39.96538,-75.21514,16.0,0.0
3114,2024-03-11,13.0,13.0,39.93775,-75.18012,17.0,0.0
3164,2025-02-19,8.0,10.0,39.92814,-75.16515,18.0,2.0
3442,2026-02-11,0.0,2.0,39.99426,-75.11791,15.0,2.0
3284,2025-08-29,5.0,3.0,40.01112,-75.19287,14.0,-2.0
3381,2026-01-29,2.0,1.0,39.94845,-75.21807,13.0,-1.0
3331,2024-03-07,5.0,3.0,39.97116,-75.12813,20.0,-2.0
3404,2025-10-08,1.0,2.0,39.97347,-75.23491,15.0,1.0
3019,2025-12-19,3.0,1.0,39.95403,-75.14983,15.0,-2.0
3152,2025-11-20,9.0,8.0,39.94993,-75.20286,17.0,-1.0
3392,2026-01-16,2.0,3.0,39.93633,-75.19447,13.0,1.0
3305,2023-11-25,1.0,1.0,39.99569,-75.1671,11.0,0.0
3123,2025-10-11,4.0,2.0,39.98004,-75.17088,16.0,-2.0
3361,2025-07-09,30.0,32.0,39.93082,-75.17474,21.0,2.0
3235,2025-03-31,13.0,13.0,39.96,-75.1651,15.0,0.0
3392,2025-09-19,9.0,7.0,39.93633,-75.19447,13.0,-2.0
3314,2025-01-24,8.0,6.0,39.93682,-75.14492,17.0,-2.0
3245,2023-08-07,14.0,11.0,39.97887,-75.15777,20.0,-3.0
3210,2023-08-03,5.0,4.0,39.98492,-75.15668,18.0,-1.0
3015,2025-08-29,14.0,14.0,39.94735,-75.14886,11.0,0.0
3005,2023-12-10,6.0,10.0,39.94733,-75.14403,13.0,4.0
3061,2024-03-16,18.0,18.0,,,,0.0
3263,2025-08-03,6.0,7.0,39.9586,-75.2081,18.0,1.0
3054,2026-02-27,21.0,18.0,39.9625,-75.1742,35.0,-3.0
3353,2025-11-01,0.0,1.0,40.00496,-75.15233,22.0,1.0
3318,2023-04-26,10.0,9.0,39.95182,-75.16395,20.0,-1.0
3068,2024-11-02,19.0,21.0,39.93549,-75.16711,18.0,2.0
3031,2025-11-09,6.0,9.0,39.98005,-75.15522,21.0,3.0
3271,2026-02-16,2.0,3.0,39.9476,-75.22946,18.0,1.0
3056,2026-02-08,0.0,2.0,39.97669,-75.15813,22.0,2.0
3410,2025-11-30,2.0,1.0,39.94201,-75.21838,11.0,-1.0
3188,2025-01-15,1.0,4.0,39.90471,-75.1734,56.0,3.0
3065,2024-12-29,1.0,2.0,39.9707,-75.15171,15.0,1.0
3031,2025-03-17,13.0,11.0,39.98005,-75.15522,21.0,-2.0
3117,2024-04-09,1.0,1.0,39.97841,-75.22399,14.0,0.0
3077,2025-05-22,4.0,3.0,39.97207,-75.16351,19.0,-1.0
3006,2024-05-30,13.0,14.0,39.9522,-75.20311,17.0,1.0
3316,2024-07-30,12.0,8.0,39.92255,-75.17337,19.0,-4.0
3350,2024-02-22,0.0,2.0,39.99415,-75.15527,20.0,2.0
3075,2025-05-24,8.0,10.0,39.96718,-75.16125,12.0,2.0
3185,2024-10-12,36.0,40.0,39.95169,-75.15888,21.0,4.0
3316,2024-05-16,10.0,8.0,39.92255,-75.17337,19.0,-2.0
3061,2025-10-01,55.0,47.0,,,,-8.0
3266,2024-10-15,8.0,16.0,39.9237,-75.14701,22.0,8.0
3351,2025-06-12,2.0,1.0,39.99655,-75.14991,18.0,-1.0
3359,2024-07-12,28.0,26.0,39.94888,-75.16978,29.0,-2.0
3154,2023-07-09,29.0,32.0,39.95924,-75.15821,16.0,3.0
3362,2024-05-14,33.0,30.0,39.94816,-75.16226,19.0,-3.0
3200,2023-07-28,7.0,8.0,39.97583,-75.16846,17.0,1.0
3311,2024-07-07,5.0,3.0,,,,-2.0
3068,2024-08-24,16.0,12.0,39.93549,-75.16711,18.0,-4.0
3248,2024-10-13,17.0,15.0,39.94213,-75.18335,22.0,-2.0
3235,2025-09-28,13.0,18.0,39.96,-75.1651,15.0,5.0
3096,2023-11-02,2.0,0.0,39.99119,-75.17975,14.0,-2.0
3114,2023-07-03,14.0,14.0,39.93775,-75.18012,17.0,0.0
3162,2023-02-26,3.0,6.0,39.94595,-75.18475,34.0,3.0
3342,2024-04-04,9.0,8.0,39.9639,-75.17385,20.0,-1.0
3360,2024-01-27,16.0,10.0,39.93304,-75.16822,22.0,-6.0
3301,2023-03-05,10.0,14.0,39.95029,-75.17126,15.0,4.0
3187,2023-10-06,23.0,22.0,39.95725,-75.17232,19.0,-1.0
3372,2024-04-08,6.0,7.0,39.92528,-75.18672,15.0,1.0
3032,2023-08-02,66.0,59.0,39.94527,-75.17971,20.0,-7.0
3253,2023-04-08,3.0,2.0,39.93074,-75.18924,21.0,-1.0
3196,2025-11-11,1.0,0.0,39.98717,-75.17477,17.0,-1.0
3099,2024-12-17,15.0,12.0,39.93401,-75.15094,19.0,-3.0
3408,2025-11-09,1.0,6.0,39.9216,-75.15,17.0,5.0
3243,2024-03-14,2.0,2.0,39.9835,-75.14743,12.0,0.0
3166,2023-11-25,7.0,8.0,39.97195,-75.13445,22.0,1.0
3015,2023-04-19,10.0,8.0,39.94735,-75.14886,11.0,-2.0
3117,2024-07-15,2.0,1.0,39.97841,-75.22399,14.0,-1.0
3377,2024-06-19,6.0,6.0,,,,0.0
3276,2023-09-10,7.0,6.0,39.96569,-75.15679,18.0,-1.0
3152,2023-07-31,12.0,6.0,39.94993,-75.20286,17.0,-6.0
3313,2023-03-31,4.0,5.0,39.9158,-75.1643,9.0,1.0
3335,2024-06-01,18.0,18.0,40.02237,-75.218,18.0,0.0
3110,2023-02-07,4.0,4.0,39.96175,-75.13641,19.0,0.0
3284,2025-10-29,2.0,1.0,40.01112,-75.19287,14.0,-1.0
3063,2025-03-01,26.0,15.0,39.94633,-75.1698,25.0,-11.0
3038,2023-07-25,36.0,47.0,39.94781,-75.19409,28.0,11.0
3101,2025-08-14,31.0,33.0,39.94295,-75.15955,18.0,2.0
3164,2023-10-03,29.0,30.0,39.92814,-75.16515,18.0,1.0
3381,2024-10-08,7.0,6.0,39.94845,-75.21807,13.0,-1.0
3064,2023-05-19,29.0,30.0,39.9384,-75.17327,22.0,1.0
3285,2024-12-20,4.0,4.0,39.95946,-75.14745,19.0,0.0
3064,2024-10-27,26.0,25.0,39.9384,-75.17327,22.0,-1.0
3035,2024-06-29,21.0,27.0,39.96271,-75.19419,20.0,6.0
3120,2024-08-12,21.0,19.0,39.97522,-75.18669,19.0,-2.0
3111,2024-10-02,6.0,4.0,39.97779,-75.21323,14.0,-2.0
3316,2024-01-01,6.0,4.0,39.92255,-75.17337,19.0,-2.0
3119,2023-06-30,1.0,2.0,39.96674,-75.20799,17.0,1.0
3040,2024-11-20,24.0,23.0,39.96289,-75.16606,21.0,-1.0
3268,2024-03-18,1.0,0.0,39.97633,-75.15101,22.0,-1.0
3097,2026-01-01,2.0,0.0,39.97888,-75.13339,18.0,-2.0
3204,2023-08-08,15.0,15.0,39.96437,-75.16582,22.0,0.0
3120,2023-08-04,17.0,16.0,39.97522,-75.18669,19.0,-1.0
3022,2025-01-31,13.0,17.0,39.95472,-75.18323,21.0,4.0
3183,2023-04-07,2.0,1.0,39.88994,-75.17679,20.0,-1.0
3360,2025-04-26,13.0,17.0,39.93304,-75.16822,22.0,4.0
3254,2023-06-07,9.0,6.0,39.98091,-75.16065,18.0,-3.0
3383,2025-09-21,16.0,16.0,39.96634,-75.14222,19.0,0.0
3313,2024-03-08,1.0,4.0,39.9158,-75.1643,9.0,3.0
3009,2023-01-16,9.0,8.0,39.95576,-75.18982,14.0,-1.0
3249,2023-05-16,30.0,20.0,39.95784,-75.19079,22.0,-10.0
3324,2024-11-02,4.0,5.0,39.99484,-75.19242,23.0,1.0
3022,2025-10-20,45.0,46.0,39.95472,-75.18323,21.0,1.0
3309,2023-08-13,3.0,1.0,,,,-2.0
3020,2024-04-06,13.0,14.0,39.94855,-75.19007,36.0,1.0
3357,2025-02-04,1.0,1.0,39.9104,-75.16588,27.0,0.0
3074,2024-04-21,8.0,10.0,39.95511,-75.20987,15.0,2.0
3046,2024-12-04,23.0,26.0,,,,3.0
3284,2025-08-13,1.0,0.0,40.01112,-75.19287,14.0,-1.0
3123,2024-01-03,2.0,3.0,39.98004,-75.17088,16.0,1.0
3303,2023-10-10,14.0,11.0,39.9559,-75.2053,20.0,-3.0
3278,2025-09-30,3.0,3.0,39.99301,-75.1681,11.0,0.0
3334,2026-02-26,9.0,7.0,39.9302,-75.15636,19.0,-2.0
3010,2024-11-10,42.0,45.0,39.94711,-75.16618,22.0,3.0
3059,2025-09-01,40.0,33.0,39.96244,-75.16121,21.0,-7.0
3236,2024-11-04,36.0,39.0,39.96566,-75.17765,18.0,3.0
3026,2024-04-22,19.0,21.0,39.94182,-75.1455,17.0,2.0
3033,2025-06-07,16.0,16.0,39.95005,-75.15672,20.0,0.0
3392,2026-01-26,1.0,3.0,39.93633,-75.19447,13.0,2.0
3098,2026-02-14,2.0,4.0,39.93431,-75.16042,19.0,2.0
3299,2023-09-09,25.0,21.0,39.94332,-75.15698,22.0,-4.0
3197,2025-01-19,1.0,3.0,39.92083,-75.17033,23.0,2.0
3423,2025-07-21,1.0,2.0,40.02826,-75.21106,15.0,1.0
3381,2025-02-11,5.0,4.0,39.94845,-75.21807,13.0,-1.0
3240,2025-06-05,4.0,2.0,39.96277,-75.21185,12.0,-2.0
3211,2025-08-07,11.0,9.0,39.97172,-75.1706,22.0,-2.0
3168,2023-01-21,14.0,19.0,,,,5.0
3120,2023-02-21,19.0,19.0,39.97522,-75.18669,19.0,0.0
3009,2023-05-21,36.0,32.0,39.95576,-75.18982,14.0,-4.0
3258,2023-04-29,2.0,3.0,39.95828,-75.22424,20.0,1.0
3369,2025-01-07,2.0,0.0,40.00772,-75.19194,16.0,-2.0
3158,2023-06-17,9.0,8.0,39.92552,-75.16904,15.0,-1.0
3037,2025-11-22,38.0,40.0,39.95424,-75.16138,21.0,2.0
3253,2023-07-02,6.0,5.0,39.93074,-75.18924,21.0,-1.0
3056,2023-04-05,12.0,19.0,39.97669,-75.15813,22.0,7.0
3018,2024-07-27,43.0,43.0,39.95273,-75.15979,18.0,0.0
3043,2023-09-13,30.0,31.0,,,,1.0
3005,2024-07-30,16.0,19.0,39.94733,-75.14403,13.0,3.0
3159,2023-03-10,4.0,10.0,39.95121,-75.19962,23.0,6.0
3055,2023-09-24,8.0,2.0,39.95112,-75.15457,15.0,-6.0
3168,2023-04-01,17.0,22.0,,,,5.0
3333,2023-12-30,7.0,6.0,39.9541,-75.16965,25.0,-1.0
3060,2025-04-27,6.0,7.0,39.95923,-75.17036,19.0,1.0
3185,2025-03-11,40.0,53.0,39.95169,-75.15888,21.0,13.0
3211,2025-12-26,4.0,3.0,39.97172,-75.1706,22.0,-1.0
3233,2023-11-29,3.0,2.0,,,,-1.0
3304,2024-06-25,36.0,36.0,39.94234,-75.15399,21.0,0.0
3346,2024-01-12,7.0,7.0,39.94883,-75.15097,17.0,0.0
3390,2024-09-26,5.0,6.0,39.96,-75.2244,18.0,1.0
3031,2024-02-25,7.0,7.0,39.98005,-75.15522,21.0,0.0
3291,2024-01-07,1.0,1.0,40.01022,-75.197,15.0,0.0
3325,2025-06-07,7.0,9.0,39.9768,-75.12764,22.0,2.0
3007,2025-02-11,23.0,13.0,39.94517,-75.15993,20.0,-10.0
3248,2026-03-04,11.0,13.0,39.94213,-75.18335,22.0,2.0
3435,2025-09-09,4.0,8.0,39.98451,-75.12348,13.0,4.0
3107,2026-01-19,1.0,2.0,39.98203,-75.18866,18.0,1.0
3259,2023-06-02,12.0,13.0,39.95998,-75.19883,17.0,1.0
3015,2025-06-05,31.0,39.0,39.94735,-75.14886,11.0,8.0
3346,2024-02-02,6.0,5.0,39.94883,-75.15097,17.0,-1.0
3272,2024-08-26,2.0,3.0,39.96405,-75.22048,13.0,1.0
3292,2023-03-23,5.0,3.0,39.92,-75.1562,17.0,-2.0
3423,2025-11-20,0.0,1.0,40.02826,-75.21106,15.0,1.0
3257,2024-03-28,3.0,4.0,,,,1.0
3371,2024-01-29,7.0,7.0,39.9534,-75.1543,19.0,0.0
3276,2025-10-07,17.0,17.0,39.96569,-75.15679,18.0,0.0
3412,2025-08-15,2.0,1.0,39.93771,-75.23373,15.0,-1.0
3029,2024-08-13,34.0,36.0,39.9538,-75.19479,17.0,2.0
3277,2024-10-11,3.0,1.0,39.98306,-75.16738,20.0,-2.0
3184,2023-01-13,3.0,4.0,39.94573,-75.19551,22.0,1.0
3055,2025-09-23,22.0,21.0,39.95112,-75.15457,15.0,-1.0
3294,2024-06-11,31.0,35.0,39.95174,-75.17063,21.0,4.0
3208,2025-07-06,20.0,16.0,39.95048,-75.19324,28.0,-4.0
3153,2023-10-16,5.0,5.0,,,,0.0
3304,2025-11-22,34.0,35.0,39.94234,-75.15399,21.0,1.0
3026,2025-03-30,27.0,29.0,39.94182,-75.1455,17.0,2.0
3253,2024-06-28,4.0,4.0,39.93074,-75.18924,21.0,0.0
3102,2025-03-10,46.0,35.0,39.96759,-75.17952,26.0,-11.0
3159,2024-11-13,22.0,19.0,39.95121,-75.19962,23.0,-3.0
3257,2024-10-31,12.0,15.0,,,,3.0
3340,2025-01-01,10.0,8.0,39.96906,-75.18169,17.0,-2.0
3012,2025-01-09,20.0,20.0,39.94218,-75.17747,27.0,0.0
3271,2023-11-06,5.0,3.0,39.9476,-75.22946,18.0,-2.0
3205,2024-04-17,22.0,30.0,39.95405,-75.16783,22.0,8.0
3038,2024-04-15,38.0,34.0,39.94781,-75.19409,28.0,-4.0
3165,2023-07-04,24.0,14.0,39.95819,-75.1782,22.0,-10.0
3366,2024-01-25,1.0,2.0,,,,1.0
3421,2025-08-26,7.0,10.0,39.91972,-75.16408,13.0,3.0
3047,2024-11-23,10.0,8.0,39.95073,-75.14947,20.0,-2.0
3055,2025-08-13,26.0,26.0,39.95112,-75.15457,15.0,0.0
3162,2023-11-14,20.0,15.0,39.94595,-75.18475,34.0,-5.0
3007,2023-12-31,15.0,17.0,39.94517,-75.15993,20.0,2.0
3093,2025-07-14,6.0,2.0,39.98837,-75.18701,16.0,-4.0
3237,2024-09-10,5.0,6.0,39.91717,-75.17096,21.0,1.0
3029,2024-01-07,7.0,6.0,39.9538,-75.19479,17.0,-1.0
3035,2024-07-08,23.0,23.0,39.96271,-75.19419,20.0,0.0
3099,2025-07-13,10.0,8.0,39.93401,-75.15094,19.0,-2.0
3058,2024-05-24,38.0,38.0,,,,0.0
3185,2024-04-28,31.0,34.0,39.95169,-75.15888,21.0,3.0
3208,2023-08-04,44.0,55.0,39.95048,-75.19324,28.0,11.0
3057,2025-07-12,44.0,41.0,39.96439,-75.17987,26.0,-3.0
3275,2026-03-07,5.0,8.0,39.97576,-75.12157,22.0,3.0
3271,2024-06-30,1.0,1.0,39.9476,-75.22946,18.0,0.0
3251,2023-04-22,3.0,3.0,39.93366,-75.19319,16.0,0.0
3226,2023-04-21,4.0,4.0,39.98101,-75.13721,18.0,0.0
3150,2025-06-03,21.0,21.0,39.92884,-75.17021,17.0,0.0
3155,2023-06-09,17.0,25.0,39.94018,-75.15442,18.0,8.0
3344,2025-04-27,1.0,1.0,39.95961,-75.23354,23.0,0.0
3012,2024-08-26,34.0,37.0,39.94218,-75.17747,27.0,3.0
3157,2023-02-25,1.0,7.0,39.92545,-75.15954,18.0,6.0
3124,2025-02-25,6.0,4.0,39.95367,-75.13956,17.0,-2.0
3250,2024-01-07,1.0,1.0,39.95673,-75.14575,17.0,0.0
3275,2025-10-03,11.0,12.0,39.97576,-75.12157,22.0,1.0
3032,2026-02-07,8.0,7.0,39.94527,-75.17971,20.0,-1.0
3157,2025-08-26,31.0,31.0,39.92545,-75.15954,18.0,0.0
3018,2025-07-10,38.0,39.0,39.95273,-75.15979,18.0,1.0
3008,2023-12-06,5.0,5.0,39.98081,-75.15067,17.0,0.0
3238,2023-06-11,19.0,19.0,39.97674,-75.11995,11.0,0.0
3383,2025-01-25,2.0,6.0,39.96634,-75.14222,19.0,4.0
3243,2023-07-17,3.0,3.0,39.9835,-75.14743,12.0,0.0
3063,2023-11-27,19.0,27.0,39.94633,-75.1698,25.0,8.0
3365,2024-12-20,4.0,4.0,39.96173,-75.18788,17.0,0.0
3156,2024-06-26,45.0,53.0,39.95381,-75.17407,22.0,8.0
3342,2025-06-28,24.0,20.0,39.9639,-75.17385,20.0,-4.0
3321,2024-05-07,17.0,14.0,39.95485,-75.17298,21.0,-3.0
3052,2026-03-05,17.0,23.0,39.94732,-75.15695,25.0,6.0
3331,2024-04-23,5.0,2.0,39.97116,-75.12813,20.0,-3.0
3039,2023-05-15,13.0,12.0,39.97157,-75.15993,17.0,-1.0
3096,2025-01-02,3.0,2.0,39.99119,-75.17975,14.0,-1.0
3338,2025-09-15,9.0,8.0,39.95098,-75.23035,21.0,-1.0
3005,2024-01-03,4.0,5.0,39.94733,-75.14403,13.0,1.0
3104,2025-05-06,8.0,11.0,39.96664,-75.19209,13.0,3.0
3287,2024-03-15,4.0,3.0,39.94367,-75.21606,16.0,-1.0
3310,2026-02-09,1.0,1.0,39.98024,-75.18651,15.0,0.0
3069,2025-08-29,24.0,27.0,39.93704,-75.15038,23.0,3.0
3295,2026-02-23,2.0,3.0,39.95028,-75.16027,21.0,1.0
3315,2026-01-14,2.0,2.0,39.94235,-75.21138,13.0,0.0
3104,2024-10-17,12.0,9.0,39.96664,-75.19209,13.0,-3.0
3343,2023-08-31,11.0,10.0,,,,-1.0
3287,2024-07-03,9.0,8.0,39.94367,-75.21606,16.0,-1.0
3338,2024-02-18,1.0,1.0,39.95098,-75.23035,21.0,0.0
3060,2023-09-01,10.0,12.0,39.95923,-75.17036,19.0,2.0
3205,2023-12-20,14.0,16.0,39.95405,-75.16783,22.0,2.0
3093,2024-02-03,5.0,0.0,39.98837,-75.18701,16.0,-5.0
3068,2025-01-22,8.0,9.0,39.93549,-75.16711,18.0,1.0
3286,2025-04-18,11.0,8.0,39.96409,-75.14769,22.0,-3.0
3275,2024-08-31,6.0,11.0,39.97576,-75.12157,22.0,5.0
3155,2025-03-13,19.0,17.0,39.94018,-75.15442,18.0,-2.0
3244,2025-04-12,31.0,26.0,,,,-5.0
3058,2025-10-13,22.0,21.0,,,,-1.0
3026,2024-01-04,15.0,18.0,39.94182,-75.1455,17.0,3.0
3276,2025-02-02,2.0,3.0,39.96569,-75.15679,18.0,1.0
3308,2024-02-15,2.0,4.0,,,,2.0
3326,2024-01-31,2.0,2.0,39.99198,-75.19944,17.0,0.0
3315,2024-06-07,1.0,2.0,39.94235,-75.21138,13.0,1.0
3207,2024-02-01,15.0,14.0,39.95441,-75.192,20.0,-1.0
3200,2023-10-11,6.0,5.0,39.97583,-75.16846,17.0,-1.0
3411,2025-05-26,1.0,0.0,39.96693,-75.23359,15.0,-1.0
3168,2025-07-30,42.0,42.0,,,,0.0
3340,2026-03-18,15.0,13.0,39.96906,-75.18169,17.0,-2.0
3069,2025-06-26,18.0,14.0,39.93704,-75.15038,23.0,-4.0
3258,2025-11-12,3.0,3.0,39.95828,-75.22424,20.0,0.0
3304,2023-07-09,19.0,17.0,39.94234,-75.15399,21.0,-2.0
3297,2026-03-20,7.0,6.0,39.95821,-75.16901,19.0,-1.0
3253,2025-07-25,2.0,3.0,39.93074,-75.18924,21.0,1.0
3026,2024-05-22,32.0,34.0,39.94182,-75.1455,17.0,2.0
3088,2023-10-08,13.0,14.0,39.96984,-75.1418,35.0,1.0
3381,2024-09-08,6.0,6.0,39.94845,-75.21807,13.0,0.0
3158,2026-03-05,10.0,13.0,39.92552,-75.16904,15.0,3.0
3117,2024-12-16,0.0,1.0,39.97841,-75.22399,14.0,1.0
3265,2025-06-06,13.0,16.0,39.95957,-75.19633,13.0,3.0
3015,2023-01-27,2.0,4.0,39.94735,-75.14886,11.0,2.0
3107,2023-06-10,8.0,5.0,39.98203,-75.18866,18.0,-3.0
3311,2023-06-01,10.0,9.0,,,,-1.0
3388,2025-05-18,1.0,2.0,39.96634,-75.15097,19.0,1.0
3166,2023-05-03,4.0,3.0,39.97195,-75.13445,22.0,-1.0
3265,2025-11-09,11.0,10.0,39.95957,-75.19633,13.0,-1.0
3324,2024-05-05,13.0,15.0,39.99484,-75.19242,23.0,2.0
3064,2024-01-12,16.0,16.0,39.9384,-75.17327,22.0,0.0
3018,2025-06-16,26.0,24.0,39.95273,-75.15979,18.0,-2.0
3168,2024-03-09,14.0,15.0,,,,1.0
3188,2025-10-30,9.0,10.0,39.90471,-75.1734,56.0,1.0
3244,2023-10-02,55.0,55.0,,,,0.0
3398,2025-03-14,5.0,7.0,39.91551,-75.15474,15.0,2.0
3034,2025-03-30,25.0,23.0,39.93315,-75.16248,16.0,-2.0
3211,2024-10-10,10.0,11.0,39.97172,-75.1706,22.0,1.0
3328,2023-07-06,21.0,20.0,39.98798,-75.1995,23.0,-1.0
3248,2024-10-06,13.0,8.0,39.94213,-75.18335,22.0,-5.0
3201,2025-06-25,24.0,28.0,39.95523,-75.1662,20.0,4.0
3033,2023-04-03,22.0,25.0,39.95005,-75.15672,20.0,3.0
3059,2024-10-02,44.0,35.0,39.96244,-75.16121,21.0,-9.0
3207,2023-04-19,34.0,40.0,39.95441,-75.192,20.0,6.0
3056,2023-08-30,20.0,10.0,39.97669,-75.15813,22.0,-10.0
3201,2024-04-25,22.0,20.0,39.95523,-75.1662,20.0,-2.0
3374,2025-07-26,13.0,9.0,39.9728,-75.17971,18.0,-4.0
3156,2023-05-06,17.0,12.0,39.95381,-75.17407,22.0,-5.0
3052,2024-07-19,27.0,12.0,39.94732,-75.15695,25.0,-15.0
3349,2023-10-14,1.0,2.0,39.93651,-75.18621,17.0,1.0
3184,2025-08-25,20.0,18.0,39.94573,-75.19551,22.0,-2.0
3155,2025-11-11,12.0,15.0,39.94018,-75.15442,18.0,3.0
3298,2024-01-08,1.0,1.0,39.94717,-75.20691,15.0,0.0
3006,2023-03-06,13.0,10.0,39.9522,-75.20311,17.0,-3.0
3064,2025-05-17,30.0,27.0,39.9384,-75.17327,22.0,-3.0
3183,2024-04-23,2.0,1.0,39.88994,-75.17679,20.0,-1.0
3056,2023-11-28,11.0,5.0,39.97669,-75.15813,22.0,-6.0
3196,2025-09-16,1.0,1.0,39.98717,-75.17477,17.0,0.0
3346,2024-05-18,17.0,18.0,39.94883,-75.15097,17.0,1.0
3166,2024-11-04,12.0,13.0,39.97195,-75.13445,22.0,1.0
3052,2024-11-17,20.0,17.0,39.94732,-75.15695,25.0,-3.0
3026,2023-05-19,32.0,36.0,39.94182,-75.1455,17.0,4.0
3314,2023-07-06,7.0,6.0,39.93682,-75.14492,17.0,-1.0
3157,2024-05-16,30.0,33.0,39.92545,-75.15954,18.0,3.0
3439,2025-09-24,4.0,4.0,39.99033,-75.12759,15.0,0.0
3348,2023-09-04,5.0,5.0,,,,0.0
3014,2024-03-10,2.0,6.0,39.95886,-75.17369,25.0,4.0
3376,2024-05-31,14.0,13.0,39.97183,-75.14878,8.0,-1.0
3034,2024-07-16,22.0,26.0,39.93315,-75.16248,16.0,4.0
3111,2023-04-09,13.0,12.0,39.97779,-75.21323,14.0,-1.0
3301,2024-03-18,22.0,25.0,39.95029,-75.17126,15.0,3.0
3041,2023-02-13,9.0,6.0,39.96849,-75.13546,26.0,-3.0
3319,2025-10-19,17.0,16.0,39.96672,-75.12964,16.0,-1.0
3304,2025-08-14,38.0,33.0,39.94234,-75.15399,21.0,-5.0
3112,2025-12-31,6.0,5.0,39.95373,-75.21825,18.0,-1.0
3325,2025-10-15,10.0,11.0,39.9768,-75.12764,22.0,1.0
3097,2025-12-09,10.0,13.0,39.97888,-75.13339,18.0,3.0
3334,2024-03-29,11.0,9.0,39.9302,-75.15636,19.0,-2.0
3117,2024-08-29,4.0,8.0,39.97841,-75.22399,14.0,4.0
3190,2023-03-19,23.0,19.0,,,,-4.0
3040,2025-02-05,20.0,18.0,39.96289,-75.16606,21.0,-2.0
3039,2025-03-08,4.0,3.0,39.97157,-75.15993,17.0,-1.0
3294,2025-08-10,29.0,31.0,39.95174,-75.17063,21.0,2.0
3015,2025-11-15,2.0,3.0,39.94735,-75.14886,11.0,1.0
3169,2025-05-19,15.0,18.0,39.95382,-75.14263,17.0,3.0
3240,2024-11-22,1.0,2.0,39.96277,-75.21185,12.0,1.0
3170,2023-11-11,12.0,15.0,,,,3.0
3208,2026-02-10,24.0,25.0,39.95048,-75.19324,28.0,1.0
3055,2023-06-08,27.0,27.0,39.95112,-75.15457,15.0,0.0
3283,2024-03-27,7.0,2.0,,,,-5.0
3156,2024-10-20,10.0,9.0,39.95381,-75.17407,22.0,-1.0
3365,2024-05-13,22.0,26.0,39.96173,-75.18788,17.0,4.0
3117,2025-10-04,6.0,13.0,39.97841,-75.22399,14.0,7.0
3207,2023-09-28,40.0,42.0,39.95441,-75.192,20.0,2.0
3333,2025-10-23,35.0,35.0,39.9541,-75.16965,25.0,0.0
3249,2024-08-25,12.0,10.0,39.95784,-75.19079,22.0,-2.0
3113,2023-06-13,5.0,1.0,39.97472,-75.19781,12.0,-4.0
3275,2025-05-30,8.0,9.0,39.97576,-75.12157,22.0,1.0
3392,2025-01-24,1.0,0.0,39.93633,-75.19447,13.0,-1.0
3213,2026-01-16,23.0,22.0,39.93887,-75.16663,25.0,-1.0
3347,2026-02-10,6.0,6.0,,,,0.0
3263,2023-02-13,3.0,4.0,39.9586,-75.2081,18.0,1.0
3041,2025-03-04,10.0,8.0,39.96849,-75.13546,26.0,-2.0
3118,2026-02-17,7.0,5.0,39.95866,-75.21323,20.0,-2.0
3306,2025-09-08,3.0,3.0,39.99683,-75.17761,11.0,0.0
3005,2026-03-01,14.0,13.0,39.94733,-75.14403,13.0,-1.0
3336,2023-09-24,3.0,2.0,39.95719,-75.19388,20.0,-1.0
3157,2026-03-06,15.0,15.0,39.92545,-75.15954,18.0,0.0
3360,2024-03-10,10.0,5.0,39.93304,-75.16822,22.0,-5.0
3348,2024-03-23,0.0,1.0,,,,1.0
3161,2025-06-22,27.0,19.0,39.95486,-75.18091,23.0,-8.0
3251,2023-05-25,5.0,7.0,39.93366,-75.19319,16.0,2.0
3078,2025-07-07,29.0,23.0,39.95355,-75.17192,18.0,-6.0
3197,2023-02-16,5.0,3.0,39.92083,-75.17033,23.0,-2.0
3074,2025-09-09,28.0,31.0,39.95511,-75.20987,15.0,3.0
3236,2023-09-20,14.0,19.0,39.96566,-75.17765,18.0,5.0
3245,2023-03-14,8.0,6.0,39.97887,-75.15777,20.0,-2.0
3431,2026-01-12,1.0,0.0,39.96239,-75.24522,15.0,-1.0
3061,2023-08-03,36.0,34.0,,,,-2.0
3160,2024-07-02,36.0,28.0,39.95662,-75.19862,41.0,-8.0
3320,2025-12-13,6.0,4.0,39.9746,-75.15917,17.0,-2.0
3337,2025-08-20,10.0,9.0,39.97318,-75.14612,15.0,-1.0
3201,2025-10-26,17.0,15.0,39.95523,-75.1662,20.0,-2.0
3383,2025-03-06,12.0,9.0,39.96634,-75.14222,19.0,-3.0
3369,2025-11-15,7.0,1.0,40.00772,-75.19194,16.0,-6.0
3342,2025-10-02,25.0,22.0,39.9639,-75.17385,20.0,-3.0
3337,2025-09-03,11.0,11.0,39.97318,-75.14612,15.0,0.0
3060,2025-04-28,13.0,14.0,39.95923,-75.17036,19.0,1.0
3264,2024-12-12,21.0,22.0,39.94571,-75.15508,23.0,1.0
3021,2025-02-05,15.0,23.0,39.9539,-75.16902,34.0,8.0
3371,2024-06-26,18.0,23.0,39.9534,-75.1543,19.0,5.0
3181,2026-03-24,2.0,2.0,39.89629,-75.17514,20.0,0.0
3353,2025-12-18,0.0,1.0,40.00496,-75.15233,22.0,1.0
3093,2024-10-14,1.0,2.0,39.98837,-75.18701,16.0,1.0
3329,2023-05-20,1.0,5.0,40.02651,-75.22445,15.0,4.0
3249,2025-10-30,15.0,8.0,39.95784,-75.19079,22.0,-7.0
3070,2023-06-03,14.0,19.0,,,,5.0
3268,2025-05-11,9.0,4.0,39.97633,-75.15101,22.0,-5.0
3117,2024-08-30,5.0,2.0,39.97841,-75.22399,14.0,-3.0
3051,2023-09-27,29.0,27.0,39.96744,-75.17507,37.0,-2.0
3235,2024-02-12,7.0,12.0,39.96,-75.1651,15.0,5.0
3162,2025-08-15,15.0,14.0,39.94595,-75.18475,34.0,-1.0
3337,2024-01-22,6.0,9.0,39.97318,-75.14612,15.0,3.0
3030,2025-04-18,33.0,37.0,,,,4.0
3099,2023-05-31,13.0,18.0,39.93401,-75.15094,19.0,5.0
3031,2023-10-02,19.0,25.0,39.98005,-75.15522,21.0,6.0
3373,2024-06-21,23.0,25.0,39.95817,-75.15668,15.0,2.0
3368,2025-11-02,5.0,4.0,39.97647,-75.17362,17.0,-1.0
3017,2023-06-08,3.0,7.0,39.98003,-75.14371,15.0,4.0
3287,2025-12-11,3.0,1.0,39.94367,-75.21606,16.0,-2.0
3309,2023-02-28,3.0,4.0,,,,1.0
3382,2024-06-10,31.0,31.0,39.95038,-75.17309,11.0,0.0
3197,2024-07-03,9.0,9.0,39.92083,-75.17033,23.0,0.0
3366,2024-05-01,3.0,2.0,,,,-1.0
3378,2025-04-21,9.0,10.0,39.95238,-75.14728,18.0,1.0
3351,2023-11-30,2.0,3.0,39.99655,-75.14991,18.0,1.0
3197,2023-11-06,11.0,12.0,39.92083,-75.17033,23.0,1.0
3276,2024-05-17,11.0,9.0,39.96569,-75.15679,18.0,-2.0
3377,2024-07-19,4.0,3.0,,,,-1.0
3046,2023-09-10,30.0,22.0,,,,-8.0
3069,2023-08-26,13.0,15.0,39.93704,-75.15038,23.0,2.0
3074,2023-01-26,11.0,12.0,39.95511,-75.20987,15.0,1.0
3346,2025-10-01,32.0,34.0,39.94883,-75.15097,17.0,2.0
3059,2023-03-08,21.0,19.0,39.96244,-75.16121,21.0,-2.0
3357,2025-07-07,1.0,1.0,39.9104,-75.16588,27.0,0.0
3341,2025-08-16,17.0,16.0,39.98131,-75.12732,20.0,-1.0
3318,2024-07-07,19.0,19.0,39.95182,-75.16395,20.0,0.0
3287,2024-03-20,3.0,1.0,39.94367,-75.21606,16.0,-2.0
3022,2025-03-05,10.0,26.0,39.95472,-75.18323,21.0,16.0
3064,2023-01-03,11.0,16.0,39.9384,-75.17327,22.0,5.0
3360,2024-12-04,15.0,17.0,39.93304,-75.16822,22.0,2.0
3115,2024-03-06,2.0,1.0,39.97263,-75.16757,18.0,-1.0
3318,2025-02-28,13.0,17.0,39.95182,-75.16395,20.0,4.0
3028,2024-01-17,8.0,11.0,39.94061,-75.14958,15.0,3.0
3333,2024-08-05,27.0,32.0,39.9541,-75.16965,25.0,5.0
3299,2025-10-11,10.0,8.0,39.94332,-75.15698,22.0,-2.0
3054,2025-04-29,41.0,26.0,39.9625,-75.1742,35.0,-15.0
3268,2023-10-26,2.0,0.0,39.97633,-75.15101,22.0,-2.0
3376,2025-08-24,6.0,7.0,39.97183,-75.14878,8.0,1.0
3322,2025-10-16,25.0,25.0,39.93638,-75.15526,13.0,0.0
3086,2023-09-12,20.0,21.0,39.94019,-75.16691,21.0,1.0
3110,2025-04-22,14.0,19.0,39.96175,-75.13641,19.0,5.0
3378,2024-02-22,1.0,0.0,39.95238,-75.14728,18.0,-1.0
3025,2023-06-23,11.0,12.0,39.93724,-75.1612,15.0,1.0
3329,2025-08-17,6.0,4.0,40.02651,-75.22445,15.0,-2.0
3063,2025-05-09,26.0,27.0,39.94633,-75.1698,25.0,1.0
3333,2024-12-28,3.0,4.0,39.9541,-75.16965,25.0,1.0
3115,2025-02-23,4.0,5.0,39.97263,-75.16757,18.0,1.0
3207,2023-03-21,30.0,37.0,39.95441,-75.192,20.0,7.0
3037,2025-08-22,23.0,19.0,39.95424,-75.16138,21.0,-4.0
3010,2025-06-25,71.0,74.0,39.94711,-75.16618,22.0,3.0
3101,2023-10-29,36.0,39.0,39.94295,-75.15955,18.0,3.0
3392,2025-06-21,6.0,5.0,39.93633,-75.19447,13.0,-1.0
3316,2025-06-04,18.0,14.0,39.92255,-75.17337,19.0,-4.0
3310,2024-09-02,2.0,3.0,39.98024,-75.18651,15.0,1.0
3271,2025-07-31,5.0,4.0,39.9476,-75.22946,18.0,-1.0
3057,2023-12-29,17.0,15.0,39.96439,-75.17987,26.0,-2.0
3110,2024-05-18,10.0,8.0,39.96175,-75.13641,19.0,-2.0
3373,2025-11-06,23.0,19.0,39.95817,-75.15668,15.0,-4.0
3255,2023-04-13,20.0,21.0,39.95095,-75.16438,15.0,1.0
3347,2025-06-10,33.0,22.0,,,,-11.0
3182,2023-03-22,22.0,18.0,,,,-4.0
3316,2024-07-15,12.0,12.0,39.92255,-75.17337,19.0,0.0
3261,2025-11-20,12.0,11.0,39.96304,-75.14099,17.0,-1.0
3153,2023-05-27,2.0,5.0,,,,3.0
3181,2024-10-13,4.0,4.0,39.89629,-75.17514,20.0,0.0
3208,2023-09-29,44.0,44.0,39.95048,-75.19324,28.0,0.0
3372,2025-08-19,5.0,6.0,39.92528,-75.18672,15.0,1.0
3378,2025-10-30,10.0,15.0,39.95238,-75.14728,18.0,5.0
3395,2025-02-10,16.0,10.0,39.93866,-75.16351,13.0,-6.0
3117,2025-07-05,2.0,2.0,39.97841,-75.22399,14.0,0.0
3313,2025-09-10,4.0,5.0,39.9158,-75.1643,9.0,1.0
3116,2023-05-26,29.0,34.0,39.96006,-75.17198,21.0,5.0
3335,2023-08-26,14.0,10.0,40.02237,-75.218,18.0,-4.0
3342,2024-05-02,26.0,27.0,39.9639,-75.17385,20.0,1.0
3359,2025-11-15,45.0,47.0,39.94888,-75.16978,29.0,2.0
3168,2024-11-18,31.0,21.0,,,,-10.0
3338,2024-03-08,1.0,2.0,39.95098,-75.23035,21.0,1.0
3096,2025-12-15,1.0,0.0,39.99119,-75.17975,14.0,-1.0
3028,2024-01-10,26.0,23.0,39.94061,-75.14958,15.0,-3.0
3300,2023-03-08,1.0,2.0,39.95511,-75.16287,13.0,1.0
3006,2024-10-28,9.0,10.0,39.9522,-75.20311,17.0,1.0
3101,2025-07-20,45.0,54.0,39.94295,-75.15955,18.0,9.0
3200,2025-02-16,1.0,0.0,39.97583,-75.16846,17.0,-1.0
3249,2023-09-28,16.0,9.0,39.95784,-75.19079,22.0,-7.0
3252,2025-03-30,8.0,6.0,39.93882,-75.19324,14.0,-2.0
3349,2023-09-29,5.0,3.0,39.93651,-75.18621,17.0,-2.0
3165,2023-08-18,13.0,12.0,39.95819,-75.1782,22.0,-1.0
3311,2024-03-26,3.0,7.0,,,,4.0
3012,2023-04-02,22.0,20.0,39.94218,-75.17747,27.0,-2.0
3294,2025-04-17,21.0,29.0,39.95174,-75.17063,21.0,8.0
3383,2025-07-07,12.0,15.0,39.96634,-75.14222,19.0,3.0
3371,2025-10-25,17.0,20.0,39.9534,-75.1543,19.0,3.0
3350,2024-12-06,2.0,2.0,39.99415,-75.15527,20.0,0.0
3245,2024-05-10,5.0,6.0,39.97887,-75.15777,20.0,1.0
3115,2023-06-05,11.0,10.0,39.97263,-75.16757,18.0,-1.0
3160,2024-03-17,18.0,15.0,39.95662,-75.19862,41.0,-3.0
3038,2024-11-24,11.0,9.0,39.94781,-75.19409,28.0,-2.0
3021,2023-06-07,52.0,53.0,39.9539,-75.16902,34.0,1.0
3292,2025-02-19,2.0,4.0,39.92,-75.1562,17.0,2.0
3156,2023-07-23,10.0,8.0,39.95381,-75.17407,22.0,-2.0
3342,2024-05-24,17.0,14.0,39.9639,-75.17385,20.0,-3.0
3271,2023-07-21,4.0,2.0,39.9476,-75.22946,18.0,-2.0
3287,2026-03-10,6.0,4.0,39.94367,-75.21606,16.0,-2.0
3398,2025-07-17,1.0,7.0,39.91551,-75.15474,15.0,6.0
3319,2024-07-12,8.0,8.0,39.96672,-75.12964,16.0,0.0
3324,2025-02-18,1.0,1.0,39.99484,-75.19242,23.0,0.0
3238,2024-07-21,27.0,25.0,39.97674,-75.11995,11.0,-2.0
3030,2023-11-21,11.0,9.0,,,,-2.0
3025,2024-10-22,26.0,28.0,39.93724,-75.1612,15.0,2.0
3071,2023-02-26,3.0,5.0,,,,2.0
3204,2024-12-21,8.0,7.0,39.96437,-75.16582,22.0,-1.0
3150,2024-09-03,16.0,25.0,39.92884,-75.17021,17.0,9.0
3067,2025-10-09,4.0,7.0,39.96411,-75.19973,17.0,3.0
3203,2023-09-01,31.0,23.0,39.94077,-75.17227,20.0,-8.0
3322,2023-09-26,12.0,13.0,39.93638,-75.15526,13.0,1.0
3212,2024-11-27,17.0,16.0,39.96383,-75.18177,32.0,-1.0
3050,2023-11-07,16.0,15.0,,,,-1.0
3062,2024-01-30,11.0,10.0,,,,-1.0
3041,2024-04-26,14.0,17.0,39.96849,-75.13546,26.0,3.0
3205,2023-07-21,20.0,23.0,39.95405,-75.16783,22.0,3.0
3115,2025-12-25,0.0,1.0,39.97263,-75.16757,18.0,1.0
3314,2025-07-11,23.0,15.0,39.93682,-75.14492,17.0,-8.0
3283,2023-06-11,4.0,1.0,,,,-3.0
3040,2023-03-25,2.0,8.0,39.96289,-75.16606,21.0,6.0
3152,2025-08-04,3.0,3.0,39.94993,-75.20286,17.0,0.0
3238,2025-05-21,20.0,19.0,39.97674,-75.11995,11.0,-1.0
3116,2024-07-14,14.0,22.0,39.96006,-75.17198,21.0,8.0
3024,2025-04-28,9.0,12.0,39.94822,-75.20908,19.0,3.0
3166,2025-01-19,5.0,5.0,39.97195,-75.13445,22.0,0.0
3055,2025-09-14,12.0,11.0,39.95112,-75.15457,15.0,-1.0
3018,2025-05-28,10.0,9.0,39.95273,-75.15979,18.0,-1.0
3156,2024-08-18,15.0,10.0,39.95381,-75.17407,22.0,-5.0
3102,2023-01-21,12.0,13.0,39.96759,-75.17952,26.0,1.0
3060,2023-05-14,20.0,13.0,39.95923,-75.17036,19.0,-7.0
3071,2023-04-22,9.0,10.0,,,,1.0
3207,2025-11-10,29.0,23.0,39.95441,-75.192,20.0,-6.0
3209,2024-09-09,8.0,7.0,39.949,-75.21278,14.0,-1.0
3078,2025-12-23,10.0,10.0,39.95355,-75.17192,18.0,0.0
3029,2024-02-25,16.0,14.0,39.9538,-75.19479,17.0,-2.0
3315,2023-09-25,0.0,1.0,39.94235,-75.21138,13.0,1.0
3255,2024-01-01,15.0,14.0,39.95095,-75.16438,15.0,-1.0
3119,2025-10-16,5.0,4.0,39.96674,-75.20799,17.0,-1.0
3018,2024-11-26,24.0,20.0,39.95273,-75.15979,18.0,-4.0
3317,2023-04-04,3.0,3.0,,,,0.0
3062,2024-11-15,6.0,12.0,,,,6.0
3434,2025-11-21,6.0,7.0,39.97487,-75.13286,15.0,1.0
3110,2025-10-07,25.0,29.0,39.96175,-75.13641,19.0,4.0
3249,2024-12-05,5.0,6.0,39.95784,-75.19079,22.0,1.0
3015,2025-07-08,13.0,14.0,39.94735,-75.14886,11.0,1.0
3368,2025-12-03,4.0,5.0,39.97647,-75.17362,17.0,1.0
3111,2024-03-16,4.0,1.0,39.97779,-75.21323,14.0,-3.0
3264,2024-02-08,18.0,19.0,39.94571,-75.15508,23.0,1.0
3165,2025-05-15,22.0,24.0,39.95819,-75.1782,22.0,2.0
3152,2023-08-11,6.0,2.0,39.94993,-75.20286,17.0,-4.0
3282,2023-07-19,4.0,4.0,39.98628,-75.14925,15.0,0.0
3160,2023-10-05,28.0,18.0,39.95662,-75.19862,41.0,-10.0
3152,2024-10-10,7.0,7.0,39.94993,-75.20286,17.0,0.0
3059,2024-03-13,33.0,25.0,39.96244,-75.16121,21.0,-8.0
3278,2024-07-24,1.0,3.0,39.99301,-75.1681,11.0,2.0
3073,2024-10-07,9.0,18.0,39.96143,-75.15242,15.0,9.0
3381,2025-08-23,16.0,16.0,39.94845,-75.21807,13.0,0.0
3287,2025-12-04,5.0,3.0,39.94367,-75.21606,16.0,-2.0
3039,2024-04-14,16.0,8.0,39.97157,-75.15993,17.0,-8.0
3165,2023-08-25,22.0,17.0,39.95819,-75.1782,22.0,-5.0
3368,2024-09-02,1.0,1.0,39.97647,-75.17362,17.0,0.0
3324,2024-04-22,5.0,4.0,39.99484,-75.19242,23.0,-1.0
3150,2025-05-09,10.0,11.0,39.92884,-75.17021,17.0,1.0
3301,2023-06-25,28.0,29.0,39.95029,-75.17126,15.0,1.0
3251,2024-07-27,0.0,2.0,39.93366,-75.19319,16.0,2.0
3183,2023-12-06,2.0,2.0,39.88994,-75.17679,20.0,0.0
3363,2025-09-08,34.0,34.0,39.94655,-75.16263,17.0,0.0
3324,2024-06-27,5.0,5.0,39.99484,-75.19242,23.0,0.0
3278,2023-07-25,3.0,1.0,39.99301,-75.1681,11.0,-2.0
3253,2024-06-06,3.0,3.0,39.93074,-75.18924,21.0,0.0
3117,2023-09-25,1.0,1.0,39.97841,-75.22399,14.0,0.0
3101,2024-07-14,44.0,48.0,39.94295,-75.15955,18.0,4.0
3277,2026-01-16,2.0,2.0,39.98306,-75.16738,20.0,0.0
3110,2025-01-17,8.0,7.0,39.96175,-75.13641,19.0,-1.0
3396,2025-11-13,8.0,3.0,39.92327,-75.1821,16.0,-5.0
3086,2024-03-07,10.0,4.0,39.94019,-75.16691,21.0,-6.0
3116,2024-07-26,21.0,21.0,39.96006,-75.17198,21.0,0.0
3331,2025-03-20,6.0,6.0,39.97116,-75.12813,20.0,0.0
3382,2024-11-22,6.0,9.0,39.95038,-75.17309,11.0,3.0
3112,2024-12-22,4.0,1.0,39.95373,-75.21825,18.0,-3.0
3155,2025-12-22,10.0,10.0,39.94018,-75.15442,18.0,0.0
3291,2025-02-21,1.0,0.0,40.01022,-75.197,15.0,-1.0
3119,2026-02-28,2.0,3.0,39.96674,-75.20799,17.0,1.0
3015,2024-03-11,6.0,7.0,39.94735,-75.14886,11.0,1.0
3115,2024-02-27,4.0,3.0,39.97263,-75.16757,18.0,-1.0
3287,2025-08-17,4.0,3.0,39.94367,-75.21606,16.0,-1.0
3361,2024-10-16,29.0,27.0,39.93082,-75.17474,21.0,-2.0
3422,2025-08-24,15.0,11.0,39.95619,-75.18647,10.0,-4.0
3310,2024-09-17,4.0,4.0,39.98024,-75.18651,15.0,0.0
3162,2024-04-17,17.0,19.0,39.94595,-75.18475,34.0,2.0
3371,2024-12-19,14.0,11.0,39.9534,-75.1543,19.0,-3.0
3414,2026-03-21,3.0,1.0,39.93922,-75.22347,13.0,-2.0
3361,2025-01-29,16.0,16.0,39.93082,-75.17474,21.0,0.0
3264,2024-12-03,22.0,23.0,39.94571,-75.15508,23.0,1.0
3188,2025-06-28,16.0,20.0,39.90471,-75.1734,56.0,4.0
3014,2023-11-15,5.0,7.0,39.95886,-75.17369,25.0,2.0
3016,2025-10-04,3.0,5.0,39.96892,-75.1547,15.0,2.0
3005,2025-08-16,30.0,29.0,39.94733,-75.14403,13.0,-1.0
3046,2023-08-19,50.0,55.0,,,,5.0
3296,2023-06-22,50.0,48.0,39.95134,-75.16758,21.0,-2.0
3320,2024-07-19,10.0,9.0,39.9746,-75.15917,17.0,-1.0
3203,2025-04-19,23.0,27.0,39.94077,-75.17227,20.0,4.0
3077,2023-10-10,7.0,5.0,39.97207,-75.16351,19.0,-2.0
3213,2026-01-06,22.0,21.0,39.93887,-75.16663,25.0,-1.0
3392,2024-11-02,2.0,4.0,39.93633,-75.19447,13.0,2.0
3088,2023-10-10,26.0,24.0,39.96984,-75.1418,35.0,-2.0
3110,2024-09-29,10.0,12.0,39.96175,-75.13641,19.0,2.0
3271,2023-12-26,1.0,1.0,39.9476,-75.22946,18.0,0.0
3240,2025-07-28,1.0,0.0,39.96277,-75.21185,12.0,-1.0
3253,2023-02-06,4.0,4.0,39.93074,-75.18924,21.0,0.0
3054,2025-05-25,53.0,41.0,39.9625,-75.1742,35.0,-12.0
3249,2023-06-23,8.0,5.0,39.95784,-75.19079,22.0,-3.0
3120,2025-06-03,21.0,23.0,39.97522,-75.18669,19.0,2.0
3276,2025-01-17,4.0,2.0,39.96569,-75.15679,18.0,-2.0
3353,2025-03-15,0.0,1.0,40.00496,-75.15233,22.0,1.0
3049,2025-01-08,5.0,5.0,39.94509,-75.1425,29.0,0.0
3055,2023-07-07,27.0,29.0,39.95112,-75.15457,15.0,2.0
3259,2025-03-09,4.0,5.0,39.95998,-75.19883,17.0,1.0
3161,2025-01-30,33.0,36.0,39.95486,-75.18091,23.0,3.0
3382,2025-01-14,15.0,12.0,39.95038,-75.17309,11.0,-3.0
3031,2023-07-05,7.0,6.0,39.98005,-75.15522,21.0,-1.0
3263,2023-08-09,11.0,13.0,39.9586,-75.2081,18.0,2.0
3059,2024-04-19,33.0,22.0,39.96244,-75.16121,21.0,-11.0
3338,2023-08-21,0.0,2.0,39.95098,-75.23035,21.0,2.0
3356,2025-05-02,2.0,3.0,39.89322,-75.17187,19.0,1.0
3077,2024-06-27,10.0,16.0,39.97207,-75.16351,19.0,6.0
3200,2023-10-28,9.0,10.0,39.97583,-75.16846,17.0,1.0
3024,2024-10-25,8.0,5.0,39.94822,-75.20908,19.0,-3.0
3029,2026-01-30,3.0,7.0,39.9538,-75.19479,17.0,4.0
3152,2024-07-29,10.0,4.0,39.94993,-75.20286,17.0,-6.0
3360,2026-03-08,24.0,17.0,39.93304,-75.16822,22.0,-7.0
3200,2025-03-25,3.0,5.0,39.97583,-75.16846,17.0,2.0
3346,2024-11-20,22.0,25.0,39.94883,-75.15097,17.0,3.0
3028,2024-02-15,33.0,26.0,39.94061,-75.14958,15.0,-7.0
3287,2024-11-05,4.0,4.0,39.94367,-75.21606,16.0,0.0
3267,2024-08-20,6.0,6.0,39.918,-75.1796,12.0,0.0
3055,2023-03-13,4.0,1.0,39.95112,-75.15457,15.0,-3.0
3158,2025-11-14,15.0,8.0,39.92552,-75.16904,15.0,-7.0
3317,2024-02-27,1.0,2.0,,,,1.0
3098,2023-05-23,16.0,17.0,39.93431,-75.16042,19.0,1.0
3233,2023-01-25,4.0,3.0,,,,-1.0
3203,2025-07-29,40.0,48.0,39.94077,-75.17227,20.0,8.0
3252,2025-02-19,8.0,7.0,39.93882,-75.19324,14.0,-1.0
3063,2025-11-07,48.0,29.0,39.94633,-75.1698,25.0,-19.0
3201,2023-11-16,23.0,23.0,39.95523,-75.1662,20.0,0.0
3316,2023-10-19,9.0,10.0,39.92255,-75.17337,19.0,1.0
3279,2023-03-06,5.0,5.0,39.9265,-75.1668,18.0,0.0
3067,2025-02-01,1.0,3.0,39.96411,-75.19973,17.0,2.0
3064,2024-02-22,14.0,13.0,39.9384,-75.17327,22.0,-1.0
3393,2025-03-25,10.0,7.0,39.96727,-75.13999,18.0,-3.0
3263,2023-11-29,5.0,3.0,39.9586,-75.2081,18.0,-2.0
3250,2024-11-05,7.0,4.0,39.95673,-75.14575,17.0,-3.0
3043,2023-04-15,23.0,22.0,,,,-1.0
3365,2025-01-06,5.0,4.0,39.96173,-75.18788,17.0,-1.0
3286,2025-07-31,10.0,12.0,39.96409,-75.14769,22.0,2.0
3110,2025-09-29,19.0,18.0,39.96175,-75.13641,19.0,-1.0
3058,2023-07-23,26.0,25.0,,,,-1.0
3196,2023-04-24,1.0,2.0,39.98717,-75.17477,17.0,1.0
3015,2023-09-22,10.0,15.0,39.94735,-75.14886,11.0,5.0
3256,2025-05-04,16.0,22.0,39.95269,-75.17779,23.0,6.0
3337,2023-05-26,6.0,7.0,39.97318,-75.14612,15.0,1.0
3009,2026-02-09,6.0,6.0,39.95576,-75.18982,14.0,0.0
3029,2025-03-15,11.0,10.0,39.9538,-75.19479,17.0,-1.0
3294,2025-12-05,10.0,19.0,39.95174,-75.17063,21.0,9.0
3069,2023-02-18,9.0,10.0,39.93704,-75.15038,23.0,1.0
3360,2025-02-16,5.0,7.0,39.93304,-75.16822,22.0,2.0
3300,2023-06-07,9.0,9.0,39.95511,-75.16287,13.0,0.0
3024,2025-04-25,11.0,10.0,39.94822,-75.20908,19.0,-1.0
3439,2025-11-16,4.0,3.0,39.99033,-75.12759,15.0,-1.0
3357,2024-10-09,2.0,4.0,39.9104,-75.16588,27.0,2.0
3327,2023-11-27,2.0,3.0,39.97759,-75.12442,17.0,1.0
3210,2023-05-30,12.0,13.0,39.98492,-75.15668,18.0,1.0
3213,2025-07-10,54.0,55.0,39.93887,-75.16663,25.0,1.0
3285,2024-11-25,10.0,7.0,39.95946,-75.14745,19.0,-3.0
3257,2023-12-04,2.0,6.0,,,,4.0
3100,2026-02-02,7.0,6.0,39.92777,-75.15103,38.0,-1.0
3298,2023-12-17,1.0,1.0,39.94717,-75.20691,15.0,0.0
3100,2023-06-18,21.0,21.0,39.92777,-75.15103,38.0,0.0
3057,2023-06-17,78.0,72.0,39.96439,-75.17987,26.0,-6.0
3184,2025-06-12,15.0,7.0,39.94573,-75.19551,22.0,-8.0
3427,2025-11-23,2.0,2.0,39.97961,-75.11844,14.0,0.0
3107,2024-05-13,7.0,7.0,39.98203,-75.18866,18.0,0.0
3032,2025-01-10,22.0,25.0,39.94527,-75.17971,20.0,3.0
3114,2025-09-24,22.0,23.0,39.93775,-75.18012,17.0,1.0
3363,2024-06-02,41.0,42.0,39.94655,-75.16263,17.0,1.0
3298,2023-05-08,1.0,0.0,39.94717,-75.20691,15.0,-1.0
3006,2023-08-13,15.0,19.0,39.9522,-75.20311,17.0,4.0
3166,2023-06-25,14.0,10.0,39.97195,-75.13445,22.0,-4.0
3208,2023-08-31,53.0,78.0,39.95048,-75.19324,28.0,25.0
3098,2023-04-26,26.0,16.0,39.93431,-75.16042,19.0,-10.0
3399,2025-03-30,2.0,2.0,39.97502,-75.14006,15.0,0.0
3421,2025-08-09,6.0,7.0,39.91972,-75.16408,13.0,1.0
3294,2025-02-21,7.0,12.0,39.95174,-75.17063,21.0,5.0
3291,2024-02-13,1.0,1.0,40.01022,-75.197,15.0,0.0
3099,2025-07-19,9.0,7.0,39.93401,-75.15094,19.0,-2.0
3031,2025-09-22,37.0,24.0,39.98005,-75.15522,21.0,-13.0
3066,2025-11-02,30.0,32.0,39.94561,-75.17348,29.0,2.0
3294,2023-10-18,40.0,34.0,39.95174,-75.17063,21.0,-6.0
3235,2025-04-14,10.0,15.0,39.96,-75.1651,15.0,5.0
3272,2024-10-28,2.0,3.0,39.96405,-75.22048,13.0,1.0
3163,2023-03-05,19.0,24.0,39.94974,-75.18097,22.0,5.0
3275,2025-06-20,9.0,11.0,39.97576,-75.12157,22.0,2.0
3357,2025-06-20,53.0,53.0,39.9104,-75.16588,27.0,0.0
3339,2023-11-21,0.0,1.0,,,,1.0
3253,2025-01-18,3.0,3.0,39.93074,-75.18924,21.0,0.0
3212,2023-08-21,41.0,34.0,39.96383,-75.18177,32.0,-7.0
3015,2023-09-04,7.0,9.0,39.94735,-75.14886,11.0,2.0
3319,2026-03-04,4.0,3.0,39.96672,-75.12964,16.0,-1.0
3200,2023-11-07,7.0,6.0,39.97583,-75.16846,17.0,-1.0
3285,2025-01-10,1.0,1.0,39.95946,-75.14745,19.0,0.0
3119,2025-03-19,2.0,4.0,39.96674,-75.20799,17.0,2.0
3257,2024-08-16,9.0,16.0,,,,7.0
3322,2023-08-31,22.0,22.0,39.93638,-75.15526,13.0,0.0
3005,2025-05-11,28.0,29.0,39.94733,-75.14403,13.0,1.0
3397,2026-01-15,22.0,22.0,39.93906,-75.17824,15.0,0.0
3299,2024-09-29,18.0,14.0,39.94332,-75.15698,22.0,-4.0
3104,2023-05-27,8.0,6.0,39.96664,-75.19209,13.0,-2.0
3055,2023-11-29,13.0,13.0,39.95112,-75.15457,15.0,0.0
3213,2025-11-03,43.0,48.0,39.93887,-75.16663,25.0,5.0
3018,2023-01-26,11.0,21.0,39.95273,-75.15979,18.0,10.0
3328,2024-08-24,16.0,18.0,39.98798,-75.1995,23.0,2.0
3263,2023-12-07,6.0,2.0,39.9586,-75.2081,18.0,-4.0
3058,2023-03-07,18.0,13.0,,,,-5.0
3385,2025-02-09,4.0,3.0,39.94974,-75.15424,15.0,-1.0
3350,2024-08-29,10.0,10.0,39.99415,-75.15527,20.0,0.0
3407,2025-08-29,8.0,4.0,39.9785,-75.13911,15.0,-4.0
3052,2023-12-21,26.0,24.0,39.94732,-75.15695,25.0,-2.0
3153,2023-03-03,2.0,2.0,,,,0.0
3252,2026-02-13,4.0,2.0,39.93882,-75.19324,14.0,-2.0
3072,2025-12-11,14.0,11.0,39.93445,-75.14541,25.0,-3.0
3030,2024-07-30,33.0,34.0,,,,1.0
3285,2024-12-07,4.0,3.0,39.95946,-75.14745,19.0,-1.0
3018,2023-03-15,12.0,15.0,39.95273,-75.15979,18.0,3.0
3208,2026-03-25,41.0,38.0,39.95048,-75.19324,28.0,-3.0
3338,2025-10-05,3.0,3.0,39.95098,-75.23035,21.0,0.0
3335,2023-06-08,3.0,1.0,40.02237,-75.218,18.0,-2.0
3362,2024-09-26,51.0,45.0,39.94816,-75.16226,19.0,-6.0
3310,2026-02-08,1.0,1.0,39.98024,-75.18651,15.0,0.0
3111,2025-03-11,3.0,3.0,39.97779,-75.21323,14.0,0.0
3209,2025-03-14,7.0,5.0,39.949,-75.21278,14.0,-2.0
3086,2024-06-19,16.0,15.0,39.94019,-75.16691,21.0,-1.0
3344,2024-08-30,10.0,8.0,39.95961,-75.23354,23.0,-2.0
3300,2025-07-08,10.0,13.0,39.95511,-75.16287,13.0,3.0
3235,2023-03-23,13.0,11.0,39.96,-75.1651,15.0,-2.0
3049,2025-05-09,10.0,22.0,39.94509,-75.1425,29.0,12.0
3425,2025-09-16,8.0,7.0,39.9849,-75.13255,15.0,-1.0
3025,2025-01-17,19.0,14.0,39.93724,-75.1612,15.0,-5.0
3152,2024-04-18,6.0,4.0,39.94993,-75.20286,17.0,-2.0
3368,2025-12-13,4.0,2.0,39.97647,-75.17362,17.0,-2.0
3065,2026-03-09,5.0,6.0,39.9707,-75.15171,15.0,1.0
3019,2025-01-08,5.0,5.0,39.95403,-75.14983,15.0,0.0
3337,2024-10-06,6.0,11.0,39.97318,-75.14612,15.0,5.0
3303,2023-03-16,9.0,4.0,39.9559,-75.2053,20.0,-5.0
3156,2024-01-06,6.0,6.0,39.95381,-75.17407,22.0,0.0
3322,2023-11-24,13.0,13.0,39.93638,-75.15526,13.0,0.0
3283,2024-02-27,1.0,1.0,,,,0.0
3123,2025-04-13,6.0,5.0,39.98004,-75.17088,16.0,-1.0
3397,2025-10-10,28.0,24.0,39.93906,-75.17824,15.0,-4.0
3062,2023-11-08,16.0,18.0,,,,2.0
3329,2025-02-10,2.0,3.0,40.02651,-75.22445,15.0,1.0
3115,2024-11-01,7.0,7.0,39.97263,-75.16757,18.0,0.0
3238,2025-06-19,32.0,33.0,39.97674,-75.11995,11.0,1.0
3448,2025-12-29,1.0,3.0,39.93995,-75.16604,5.0,2.0
3255,2023-03-02,18.0,21.0,39.95095,-75.16438,15.0,3.0
3323,2023-09-28,1.0,1.0,40.02796,-75.2277,18.0,0.0
3382,2025-01-12,5.0,9.0,39.95038,-75.17309,11.0,4.0
3345,2025-11-06,23.0,25.0,39.9617,-75.14667,19.0,2.0
3291,2024-09-07,19.0,21.0,40.01022,-75.197,15.0,2.0
3072,2025-01-11,3.0,3.0,39.93445,-75.14541,25.0,0.0
3187,2024-11-20,11.0,11.0,39.95725,-75.17232,19.0,0.0
3321,2023-09-10,5.0,5.0,39.95485,-75.17298,21.0,0.0
3381,2025-11-29,4.0,2.0,39.94845,-75.21807,13.0,-2.0
3292,2025-07-10,14.0,11.0,39.92,-75.1562,17.0,-3.0
3166,2025-07-16,8.0,17.0,39.97195,-75.13445,22.0,9.0
3310,2023-12-28,2.0,2.0,39.98024,-75.18651,15.0,0.0
3283,2023-04-16,2.0,1.0,,,,-1.0
3208,2024-12-31,23.0,22.0,39.95048,-75.19324,28.0,-1.0
3181,2025-06-21,4.0,9.0,39.89629,-75.17514,20.0,5.0
3296,2023-10-03,35.0,34.0,39.95134,-75.16758,21.0,-1.0
3277,2024-10-07,7.0,5.0,39.98306,-75.16738,20.0,-2.0
3207,2025-01-16,11.0,18.0,39.95441,-75.192,20.0,7.0
3038,2023-10-25,46.0,46.0,39.94781,-75.19409,28.0,0.0
3118,2025-11-11,5.0,6.0,39.95866,-75.21323,20.0,1.0
3078,2024-08-29,33.0,33.0,39.95355,-75.17192,18.0,0.0
3047,2025-12-24,11.0,5.0,39.95073,-75.14947,20.0,-6.0
3119,2025-09-18,6.0,6.0,39.96674,-75.20799,17.0,0.0
3382,2024-06-03,21.0,26.0,39.95038,-75.17309,11.0,5.0
3258,2025-01-30,3.0,2.0,39.95828,-75.22424,20.0,-1.0
3333,2025-08-28,31.0,28.0,39.9541,-75.16965,25.0,-3.0
3282,2025-08-13,0.0,1.0,39.98628,-75.14925,15.0,1.0
3258,2023-09-25,1.0,2.0,39.95828,-75.22424,20.0,1.0
3337,2025-12-15,4.0,2.0,39.97318,-75.14612,15.0,-2.0
3212,2025-05-15,11.0,12.0,39.96383,-75.18177,32.0,1.0
3253,2023-02-05,4.0,4.0,39.93074,-75.18924,21.0,0.0
3271,2023-08-19,3.0,4.0,39.9476,-75.22946,18.0,1.0
3248,2025-09-20,17.0,13.0,39.94213,-75.18335,22.0,-4.0
3286,2023-11-09,17.0,16.0,39.96409,-75.14769,22.0,-1.0
3305,2023-05-30,2.0,2.0,39.99569,-75.1671,11.0,0.0
3116,2025-04-12,7.0,8.0,39.96006,-75.17198,21.0,1.0
3395,2024-12-06,10.0,9.0,39.93866,-75.16351,13.0,-1.0
3316,2025-06-07,4.0,5.0,39.92255,-75.17337,19.0,1.0
3337,2024-11-28,1.0,2.0,39.97318,-75.14612,15.0,1.0
3303,2025-08-20,13.0,9.0,39.9559,-75.2053,20.0,-4.0
3238,2025-11-10,30.0,38.0,39.97674,-75.11995,11.0,8.0
3300,2025-03-09,15.0,22.0,39.95511,-75.16287,13.0,7.0
3246,2023-04-14,12.0,12.0,39.94782,-75.22301,17.0,0.0
3278,2023-12-25,2.0,3.0,39.99301,-75.1681,11.0,1.0
3029,2024-03-13,35.0,44.0,39.9538,-75.19479,17.0,9.0
3437,2025-10-15,5.0,4.0,39.93931,-75.20336,15.0,-1.0
3120,2024-12-20,0.0,1.0,39.97522,-75.18669,19.0,1.0
3250,2024-05-23,4.0,3.0,39.95673,-75.14575,17.0,-1.0
3354,2025-07-16,2.0,3.0,39.95628,-75.2387,18.0,1.0
3326,2024-11-29,1.0,1.0,39.99198,-75.19944,17.0,0.0
3052,2026-01-23,21.0,21.0,39.94732,-75.15695,25.0,0.0
3331,2024-03-25,4.0,2.0,39.97116,-75.12813,20.0,-2.0
3395,2024-12-11,1.0,4.0,39.93866,-75.16351,13.0,3.0
3281,2024-08-27,4.0,3.0,39.9323,-75.2162,15.0,-1.0
3437,2025-11-10,2.0,2.0,39.93931,-75.20336,15.0,0.0
3387,2026-01-14,5.0,6.0,39.97012,-75.14666,19.0,1.0
3280,2025-03-18,3.0,1.0,39.93968,-75.21362,18.0,-2.0
3241,2025-03-08,4.0,2.0,39.95225,-75.22637,20.0,-2.0
3114,2024-02-26,10.0,12.0,39.93775,-75.18012,17.0,2.0
3245,2024-04-24,22.0,19.0,39.97887,-75.15777,20.0,-3.0
3297,2026-01-02,2.0,3.0,39.95821,-75.16901,19.0,1.0
3099,2024-11-03,15.0,11.0,39.93401,-75.15094,19.0,-4.0
3255,2025-03-20,24.0,25.0,39.95095,-75.16438,15.0,1.0
3056,2025-06-29,12.0,15.0,39.97669,-75.15813,22.0,3.0
3035,2023-08-30,21.0,22.0,39.96271,-75.19419,20.0,1.0
3037,2026-01-09,8.0,21.0,39.95424,-75.16138,21.0,13.0
3096,2024-07-26,0.0,1.0,39.99119,-75.17975,14.0,1.0
3237,2024-07-21,3.0,6.0,39.91717,-75.17096,21.0,3.0
3394,2025-11-07,11.0,11.0,39.924,-75.16959,14.0,0.0
3305,2023-12-29,3.0,2.0,39.99569,-75.1671,11.0,-1.0
3318,2023-09-23,10.0,3.0,39.95182,-75.16395,20.0,-7.0
3261,2023-02-18,5.0,3.0,39.96304,-75.14099,17.0,-2.0
3324,2025-04-26,1.0,0.0,39.99484,-75.19242,23.0,-1.0
3303,2023-06-12,8.0,8.0,39.9559,-75.2053,20.0,0.0
3069,2024-11-20,25.0,22.0,39.93704,-75.15038,23.0,-3.0
3118,2025-03-31,7.0,8.0,39.95866,-75.21323,20.0,1.0
3047,2025-03-04,8.0,9.0,39.95073,-75.14947,20.0,1.0
3123,2023-06-04,4.0,3.0,39.98004,-75.17088,16.0,-1.0
3071,2023-04-01,2.0,6.0,,,,4.0
3331,2024-10-24,15.0,15.0,39.97116,-75.12813,20.0,0.0
3102,2024-09-04,42.0,42.0,39.96759,-75.17952,26.0,0.0
3078,2026-03-21,15.0,22.0,39.95355,-75.17192,18.0,7.0
3211,2025-11-02,8.0,10.0,39.97172,-75.1706,22.0,2.0
3341,2023-09-14,11.0,15.0,39.98131,-75.12732,20.0,4.0
3392,2024-08-23,4.0,8.0,39.93633,-75.19447,13.0,4.0
3039,2024-12-17,5.0,4.0,39.97157,-75.15993,17.0,-1.0
3107,2026-03-06,3.0,3.0,39.98203,-75.18866,18.0,0.0
3250,2025-10-19,10.0,7.0,39.95673,-75.14575,17.0,-3.0
3266,2024-02-13,4.0,5.0,39.9237,-75.14701,22.0,1.0
3403,2025-04-20,2.0,2.0,39.99153,-75.22528,15.0,0.0
3069,2023-02-23,16.0,17.0,39.93704,-75.15038,23.0,1.0
3320,2023-07-04,10.0,6.0,39.9746,-75.15917,17.0,-4.0
3393,2025-10-01,12.0,12.0,39.96727,-75.13999,18.0,0.0
3104,2023-07-13,15.0,15.0,39.96664,-75.19209,13.0,0.0
3019,2024-03-30,2.0,3.0,39.95403,-75.14983,15.0,1.0
3037,2024-05-25,23.0,16.0,39.95424,-75.16138,21.0,-7.0
3118,2025-05-06,10.0,7.0,39.95866,-75.21323,20.0,-3.0
3324,2023-10-20,8.0,10.0,39.99484,-75.19242,23.0,2.0
3188,2024-10-10,3.0,2.0,39.90471,-75.1734,56.0,-1.0
3012,2023-07-25,49.0,39.0,39.94218,-75.17747,27.0,-10.0
3150,2025-05-12,14.0,14.0,39.92884,-75.17021,17.0,0.0
3297,2023-11-22,9.0,9.0,39.95821,-75.16901,19.0,0.0
3041,2023-12-21,7.0,9.0,39.96849,-75.13546,26.0,2.0
3249,2023-01-02,4.0,1.0,39.95784,-75.19079,22.0,-3.0
3299,2025-12-04,15.0,14.0,39.94332,-75.15698,22.0,-1.0
3010,2024-07-23,82.0,77.0,39.94711,-75.16618,22.0,-5.0
3360,2024-01-23,7.0,9.0,39.93304,-75.16822,22.0,2.0
3037,2024-01-27,12.0,13.0,39.95424,-75.16138,21.0,1.0
3086,2025-05-08,19.0,17.0,39.94019,-75.16691,21.0,-2.0
