station_id,start_date,time_period,departures,arrivals,net_change,latitude,longitude,total_docks
3300,2023-06-16,7am-7pm,5.0,5.0,0.0,39.95511,-75.16287,13.0
3169,2024-06-12,7pm-7am,5.0,1.0,-4.0,39.95382,-75.14263,17.0
3339,2023-07-16,7am-7pm,0.0,3.0,3.0,,,
3188,2024-10-31,7am-7pm,2.0,4.0,2.0,39.90471,-75.1734,56.0
3245,2023-11-13,7am-7pm,9.0,11.0,2.0,39.97887,-75.15777,20.0
3068,2025-08-30,7am-7pm,17.0,17.0,0.0,39.93549,-75.16711,18.0
3294,2023-10-01,7am-7pm,14.0,24.0,10.0,39.95174,-75.17063,21.0
3397,2025-07-07,7am-7pm,20.0,10.0,-10.0,39.93906,-75.17824,15.0
3074,2025-07-12,7pm-7am,2.0,5.0,3.0,39.95511,-75.20987,15.0
3261,2023-08-20,7pm-7am,3.0,12.0,9.0,39.96304,-75.14099,17.0
3350,2024-08-20,7am-7pm,1.0,2.0,1.0,39.99415,-75.15527,20.0
3392,2024-11-10,7pm-7am,0.0,1.0,1.0,39.93633,-75.19447,13.0
3065,2024-06-13,7pm-7am,0.0,3.0,3.0,39.9707,-75.15171,15.0
3035,2024-11-26,7am-7pm,5.0,5.0,0.0,39.96271,-75.19419,20.0
3182,2026-03-15,7pm-7am,9.0,0.0,-9.0,,,
3427,2026-03-07,7pm-7am,2.0,1.0,-1.0,39.97961,-75.11844,14.0
3201,2023-11-02,7am-7pm,16.0,13.0,-3.0,39.95523,-75.1662,20.0
3065,2026-03-27,7am-7pm,5.0,2.0,-3.0,39.9707,-75.15171,15.0
3292,2023-06-19,7pm-7am,0.0,1.0,1.0,39.92,-75.1562,17.0
3254,2024-07-20,7am-7pm,8.0,7.0,-1.0,39.98091,-75.16065,18.0
3376,2025-01-13,7am-7pm,1.0,2.0,1.0,39.97183,-75.14878,8.0
3112,2023-05-06,7pm-7am,2.0,1.0,-1.0,39.95373,-75.21825,18.0
3249,2024-09-29,7pm-7am,10.0,6.0,-4.0,39.95784,-75.19079,22.0
3028,2024-02-02,7am-7pm,16.0,22.0,6.0,39.94061,-75.14958,15.0
3333,2024-07-15,7pm-7am,4.0,5.0,1.0,39.9541,-75.16965,25.0
3159,2025-10-07,7pm-7am,1.0,2.0,1.0,39.95121,-75.19962,23.0
3339,2023-09-17,7am-7pm,8.0,12.0,4.0,,,
3155,2025-12-31,7pm-7am,0.0,1.0,1.0,39.94018,-75.15442,18.0
3246,2024-04-21,7pm-7am,1.0,3.0,2.0,39.94782,-75.22301,17.0
3263,2023-01-04,7pm-7am,1.0,1.0,0.0,39.9586,-75.2081,18.0
3373,2024-03-25,7pm-7am,4.0,4.0,0.0,39.95817,-75.15668,15.0
3182,2024-02-23,7pm-7am,2.0,5.0,3.0,,,
3285,2025-04-05,7am-7pm,5.0,7.0,2.0,39.95946,-75.14745,19.0
3344,2026-03-19,7am-7pm,4.0,3.0,-1.0,39.95961,-75.23354,23.0
3327,2023-10-21,7am-7pm,2.0,2.0,0.0,39.97759,-75.12442,17.0
3155,2026-01-28,7pm-7am,1.0,0.0,-1.0,39.94018,-75.15442,18.0
3353,2025-10-31,7pm-7am,1.0,1.0,0.0,40.00496,-75.15233,22.0
3394,2025-08-19,7pm-7am,3.0,1.0,-2.0,39.924,-75.16959,14.0
3372,2025-11-02,7am-7pm,4.0,3.0,-1.0,39.92528,-75.18672,15.0
3187,2025-06-07,7pm-7am,3.0,1.0,-2.0,39.95725,-75.17232,19.0
3207,2024-10-08,7am-7pm,28.0,28.0,0.0,39.95441,-75.192,20.0
3256,2024-12-04,7pm-7am,5.0,2.0,-3.0,39.95269,-75.17779,23.0
3250,2024-12-01,7am-7pm,0.0,1.0,1.0,39.95673,-75.14575,17.0
3026,2024-03-26,7pm-7am,6.0,4.0,-2.0,39.94182,-75.1455,17.0
3201,2024-11-09,7pm-7am,1.0,1.0,0.0,39.95523,-75.1662,20.0
3285,2024-03-04,7pm-7am,0.0,1.0,1.0,39.95946,-75.14745,19.0
3028,2024-01-13,7pm-7am,6.0,5.0,-1.0,39.94061,-75.14958,15.0
3201,2023-09-25,7am-7pm,11.0,14.0,3.0,39.95523,-75.1662,20.0
3236,2025-06-02,7am-7pm,9.0,7.0,-2.0,39.96566,-75.17765,18.0
3314,2025-03-06,7pm-7am,2.0,2.0,0.0,39.93682,-75.14492,17.0
3205,2024-08-12,7am-7pm,20.0,22.0,2.0,39.95405,-75.16783,22.0
3255,2023-11-05,7am-7pm,19.0,19.0,0.0,39.95095,-75.16438,15.0
3120,2025-06-30,7pm-7am,4.0,1.0,-3.0,39.97522,-75.18669,19.0
3375,2025-01-27,7pm-7am,1.0,2.0,1.0,39.96036,-75.1402,22.0
3072,2025-01-12,7pm-7am,1.0,1.0,0.0,39.93445,-75.14541,25.0
3247,2026-01-12,7pm-7am,0.0,1.0,1.0,39.96538,-75.21514,16.0
3197,2023-06-15,7am-7pm,9.0,7.0,-2.0,39.92083,-75.17033,23.0
3301,2025-09-21,7pm-7am,10.0,6.0,-4.0,39.95029,-75.17126,15.0
3078,2023-02-04,7pm-7am,2.0,4.0,2.0,39.95355,-75.17192,18.0
3016,2025-12-10,7am-7pm,1.0,2.0,1.0,39.96892,-75.1547,15.0
3282,2025-09-22,7am-7pm,4.0,2.0,-2.0,39.98628,-75.14925,15.0
3120,2023-03-14,7pm-7am,1.0,4.0,3.0,39.97522,-75.18669,19.0
3104,2024-06-13,7pm-7am,5.0,3.0,-2.0,39.96664,-75.19209,13.0
3272,2024-08-24,7am-7pm,2.0,5.0,3.0,39.96405,-75.22048,13.0
3088,2025-08-12,7am-7pm,8.0,7.0,-1.0,39.96984,-75.1418,35.0
3248,2024-10-26,7am-7pm,15.0,15.0,0.0,39.94213,-75.18335,22.0
3251,2025-12-06,7am-7pm,2.0,0.0,-2.0,39.93366,-75.19319,16.0
3211,2025-04-09,7am-7pm,3.0,5.0,2.0,39.97172,-75.1706,22.0
3353,2023-10-19,7am-7pm,4.0,1.0,-3.0,40.00496,-75.15233,22.0
3208,2024-02-08,7pm-7am,7.0,11.0,4.0,39.95048,-75.19324,28.0
3387,2025-05-31,7am-7pm,4.0,2.0,-2.0,39.97012,-75.14666,19.0
3256,2023-10-26,7pm-7am,12.0,5.0,-7.0,39.95269,-75.17779,23.0
3235,2023-01-13,7am-7pm,4.0,4.0,0.0,39.96,-75.1651,15.0
3362,2024-04-09,7am-7pm,23.0,21.0,-2.0,39.94816,-75.16226,19.0
3162,2025-09-29,7pm-7am,6.0,11.0,5.0,39.94595,-75.18475,34.0
3185,2024-01-03,7pm-7am,10.0,6.0,-4.0,39.95169,-75.15888,21.0
3102,2025-07-23,7pm-7am,6.0,9.0,3.0,39.96759,-75.17952,26.0
3150,2025-02-21,7am-7pm,4.0,5.0,1.0,39.92884,-75.17021,17.0
3009,2024-08-26,7am-7pm,21.0,27.0,6.0,39.95576,-75.18982,14.0
3326,2024-07-05,7am-7pm,3.0,3.0,0.0,39.99198,-75.19944,17.0
3059,2024-06-03,7pm-7am,18.0,10.0,-8.0,39.96244,-75.16121,21.0
3115,2026-02-01,7am-7pm,2.0,3.0,1.0,39.97263,-75.16757,18.0
3253,2025-10-05,7am-7pm,3.0,2.0,-1.0,39.93074,-75.18924,21.0
3327,2024-09-28,7pm-7am,1.0,1.0,0.0,39.97759,-75.12442,17.0
3078,2025-05-12,7pm-7am,7.0,7.0,0.0,39.95355,-75.17192,18.0
3396,2026-02-13,7am-7pm,1.0,3.0,2.0,39.92327,-75.1821,16.0
3264,2024-08-22,7am-7pm,31.0,25.0,-6.0,39.94571,-75.15508,23.0
3053,2024-09-10,7pm-7am,8.0,11.0,3.0,39.93231,-75.18154,19.0
3344,2026-03-29,7pm-7am,1.0,1.0,0.0,39.95961,-75.23354,23.0
3075,2025-06-08,7pm-7am,8.0,7.0,-1.0,39.96718,-75.16125,12.0
3057,2025-03-14,7pm-7am,12.0,3.0,-9.0,39.96439,-75.17987,26.0
3209,2023-06-16,7am-7pm,7.0,10.0,3.0,39.949,-75.21278,14.0
3101,2025-10-16,7am-7pm,31.0,35.0,4.0,39.94295,-75.15955,18.0
3125,2023-01-12,7am-7pm,11.0,5.0,-6.0,39.94391,-75.16735,16.0
3060,2025-08-23,7am-7pm,13.0,14.0,1.0,39.95923,-75.17036,19.0
3360,2024-04-26,7pm-7am,4.0,1.0,-3.0,39.93304,-75.16822,22.0
3031,2025-10-21,7pm-7am,7.0,4.0,-3.0,39.98005,-75.15522,21.0
3030,2025-08-22,7am-7pm,41.0,35.0,-6.0,,,
3111,2024-07-02,7am-7pm,3.0,2.0,-1.0,39.97779,-75.21323,14.0
3056,2023-06-04,7am-7pm,7.0,6.0,-1.0,39.97669,-75.15813,22.0
3336,2023-09-19,7pm-7am,1.0,1.0,0.0,39.95719,-75.19388,20.0
3249,2023-02-26,7pm-7am,4.0,0.0,-4.0,39.95784,-75.19079,22.0
3182,2025-06-26,7am-7pm,12.0,6.0,-6.0,,,
3022,2025-09-03,7am-7pm,52.0,38.0,-14.0,39.95472,-75.18323,21.0
3303,2024-11-05,7am-7pm,17.0,14.0,-3.0,39.9559,-75.2053,20.0
3183,2023-09-26,7am-7pm,1.0,1.0,0.0,39.88994,-75.17679,20.0
3197,2024-03-06,7pm-7am,2.0,3.0,1.0,39.92083,-75.17033,23.0
3394,2025-04-15,7am-7pm,6.0,3.0,-3.0,39.924,-75.16959,14.0
3065,2025-09-08,7am-7pm,4.0,5.0,1.0,39.9707,-75.15171,15.0
3244,2024-05-02,7pm-7am,10.0,5.0,-5.0,,,
3160,2024-07-08,7am-7pm,22.0,18.0,-4.0,39.95662,-75.19862,41.0
3334,2024-08-21,7pm-7am,6.0,13.0,7.0,39.9302,-75.15636,19.0
3258,2024-10-04,7pm-7am,3.0,1.0,-2.0,39.95828,-75.22424,20.0
3335,2024-06-07,7pm-7am,4.0,0.0,-4.0,40.02237,-75.218,18.0
3032,2025-06-11,7am-7pm,60.0,60.0,0.0,39.94527,-75.17971,20.0
3049,2023-02-12,7pm-7am,1.0,0.0,-1.0,39.94509,-75.1425,29.0
3184,2025-04-15,7am-7pm,6.0,5.0,-1.0,39.94573,-75.19551,22.0
3163,2023-11-05,7am-7pm,23.0,21.0,-2.0,39.94974,-75.18097,22.0
3200,2025-04-29,7am-7pm,4.0,5.0,1.0,39.97583,-75.16846,17.0
3024,2023-08-18,7pm-7am,4.0,7.0,3.0,39.94822,-75.20908,19.0
3275,2026-01-10,7am-7pm,1.0,2.0,1.0,39.97576,-75.12157,22.0
3317,2024-06-24,7am-7pm,3.0,3.0,0.0,,,
3397,2025-07-02,7pm-7am,9.0,9.0,0.0,39.93906,-75.17824,15.0
3344,2025-12-27,7am-7pm,3.0,7.0,4.0,39.95961,-75.23354,23.0
3182,2024-06-21,7pm-7am,4.0,6.0,2.0,,,
3251,2025-06-13,7pm-7am,2.0,0.0,-2.0,39.93366,-75.19319,16.0
3119,2024-01-03,7am-7pm,2.0,0.0,-2.0,39.96674,-75.20799,17.0
3064,2025-12-20,7pm-7am,6.0,5.0,-1.0,39.9384,-75.17327,22.0
3006,2025-12-08,7pm-7am,4.0,5.0,1.0,39.9522,-75.20311,17.0
3026,2023-01-02,7am-7pm,11.0,16.0,5.0,39.94182,-75.1455,17.0
3162,2023-12-21,7pm-7am,3.0,0.0,-3.0,39.94595,-75.18475,34.0
3280,2024-12-17,7pm-7am,1.0,1.0,0.0,39.93968,-75.21362,18.0
3338,2026-02-25,7am-7pm,9.0,7.0,-2.0,39.95098,-75.23035,21.0
3407,2025-03-20,7am-7pm,2.0,3.0,1.0,39.9785,-75.13911,15.0
3298,2023-07-04,7am-7pm,5.0,6.0,1.0,39.94717,-75.20691,15.0
3447,2026-01-28,7pm-7am,1.0,4.0,3.0,39.95009,-75.14467,25.0
3037,2024-05-25,7pm-7am,2.0,1.0,-1.0,39.95424,-75.16138,21.0
3022,2024-05-07,7am-7pm,47.0,55.0,8.0,39.95472,-75.18323,21.0
3030,2024-04-16,7am-7pm,21.0,21.0,0.0,,,
3233,2023-07-16,7pm-7am,3.0,2.0,-1.0,,,
3253,2024-07-09,7pm-7am,1.0,1.0,0.0,39.93074,-75.18924,21.0
3033,2025-05-09,7am-7pm,9.0,11.0,2.0,39.95005,-75.15672,20.0
3333,2024-04-04,7am-7pm,21.0,20.0,-1.0,39.9541,-75.16965,25.0
3267,2023-04-12,7pm-7am,3.0,4.0,1.0,39.918,-75.1796,12.0
3021,2023-02-24,7am-7pm,19.0,20.0,1.0,39.9539,-75.16902,34.0
3012,2026-03-17,7am-7pm,19.0,19.0,0.0,39.94218,-75.17747,27.0
3258,2025-06-02,7pm-7am,2.0,1.0,-1.0,39.95828,-75.22424,20.0
3261,2023-04-12,7am-7pm,12.0,15.0,3.0,39.96304,-75.14099,17.0
3104,2024-06-30,7pm-7am,1.0,2.0,1.0,39.96664,-75.19209,13.0
3009,2024-08-04,7am-7pm,8.0,14.0,6.0,39.95576,-75.18982,14.0
3098,2025-12-16,7pm-7am,1.0,2.0,1.0,39.93431,-75.16042,19.0
3077,2024-05-24,7am-7pm,7.0,5.0,-2.0,39.97207,-75.16351,19.0
3286,2024-11-07,7am-7pm,12.0,9.0,-3.0,39.96409,-75.14769,22.0
3205,2024-09-24,7am-7pm,26.0,21.0,-5.0,39.95405,-75.16783,22.0
3164,2025-12-28,7am-7pm,1.0,4.0,3.0,39.92814,-75.16515,18.0
3335,2024-06-12,7am-7pm,4.0,0.0,-4.0,40.02237,-75.218,18.0
3124,2023-08-07,7pm-7am,2.0,0.0,-2.0,39.95367,-75.13956,17.0
3119,2026-03-06,7pm-7am,0.0,1.0,1.0,39.96674,-75.20799,17.0
3292,2025-09-06,7am-7pm,7.0,6.0,-1.0,39.92,-75.1562,17.0
3276,2024-05-09,7pm-7am,2.0,5.0,3.0,39.96569,-75.15679,18.0
3315,2025-04-03,7am-7pm,1.0,1.0,0.0,39.94235,-75.21138,13.0
3046,2023-10-04,7am-7pm,28.0,33.0,5.0,,,
3373,2025-06-09,7pm-7am,9.0,4.0,-5.0,39.95817,-75.15668,15.0
3346,2024-12-17,7am-7pm,17.0,23.0,6.0,39.94883,-75.15097,17.0
3336,2025-08-03,7am-7pm,4.0,3.0,-1.0,39.95719,-75.19388,20.0
3119,2023-08-27,7pm-7am,0.0,1.0,1.0,39.96674,-75.20799,17.0
3248,2024-06-24,7am-7pm,13.0,15.0,2.0,39.94213,-75.18335,22.0
3104,2023-03-07,7am-7pm,4.0,3.0,-1.0,39.96664,-75.19209,13.0
3258,2024-11-25,7am-7pm,2.0,5.0,3.0,39.95828,-75.22424,20.0
3032,2024-03-23,7pm-7am,4.0,9.0,5.0,39.94527,-75.17971,20.0
3058,2025-01-29,7pm-7am,1.0,1.0,0.0,,,
3097,2024-08-19,7pm-7am,2.0,1.0,-1.0,39.97888,-75.13339,18.0
3157,2025-08-14,7am-7pm,24.0,29.0,5.0,39.92545,-75.15954,18.0
3077,2025-07-20,7am-7pm,6.0,6.0,0.0,39.97207,-75.16351,19.0
3271,2026-03-20,7am-7pm,1.0,1.0,0.0,39.9476,-75.22946,18.0
3032,2024-12-08,7am-7pm,22.0,20.0,-2.0,39.94527,-75.17971,20.0
3434,2026-01-07,7pm-7am,1.0,0.0,-1.0,39.97487,-75.13286,15.0
3100,2024-12-11,7am-7pm,9.0,9.0,0.0,39.92777,-75.15103,38.0
3241,2025-07-26,7pm-7am,1.0,1.0,0.0,39.95225,-75.22637,20.0
3244,2023-05-19,7am-7pm,28.0,24.0,-4.0,,,
3338,2025-04-25,7pm-7am,0.0,3.0,3.0,39.95098,-75.23035,21.0
3353,2026-03-21,7am-7pm,1.0,2.0,1.0,40.00496,-75.15233,22.0
3057,2023-08-13,7am-7pm,53.0,50.0,-3.0,39.96439,-75.17987,26.0
3067,2024-06-01,7pm-7am,2.0,7.0,5.0,39.96411,-75.19973,17.0
3041,2025-01-19,7pm-7am,1.0,2.0,1.0,39.96849,-75.13546,26.0
3337,2023-09-30,7pm-7am,3.0,2.0,-1.0,39.97318,-75.14612,15.0
3021,2025-11-27,7pm-7am,1.0,1.0,0.0,39.9539,-75.16902,34.0
3359,2025-05-21,7pm-7am,10.0,3.0,-7.0,39.94888,-75.16978,29.0
3357,2025-09-11,7am-7pm,4.0,24.0,20.0,39.9104,-75.16588,27.0
3254,2024-07-01,7am-7pm,7.0,9.0,2.0,39.98091,-75.16065,18.0
3321,2025-05-03,7am-7pm,9.0,11.0,2.0,39.95485,-75.17298,21.0
3200,2023-08-25,7pm-7am,3.0,6.0,3.0,39.97583,-75.16846,17.0
3067,2023-12-21,7pm-7am,2.0,2.0,0.0,39.96411,-75.19973,17.0
3359,2024-07-18,7am-7pm,30.0,37.0,7.0,39.94888,-75.16978,29.0
3341,2024-02-26,7am-7pm,4.0,3.0,-1.0,39.98131,-75.12732,20.0
3150,2023-06-21,7pm-7am,0.0,2.0,2.0,39.92884,-75.17021,17.0
3350,2026-03-19,7am-7pm,1.0,2.0,1.0,39.99415,-75.15527,20.0
3349,2025-08-31,7pm-7am,8.0,7.0,-1.0,39.93651,-75.18621,17.0
3285,2025-08-07,7pm-7am,6.0,2.0,-4.0,39.95946,-75.14745,19.0
3350,2026-01-06,7pm-7am,1.0,0.0,-1.0,39.99415,-75.15527,20.0
3152,2025-10-31,7am-7pm,5.0,3.0,-2.0,39.94993,-75.20286,17.0
3356,2025-05-06,7am-7pm,3.0,4.0,1.0,39.89322,-75.17187,19.0
3086,2024-08-20,7am-7pm,15.0,17.0,2.0,39.94019,-75.16691,21.0
3310,2025-08-22,7am-7pm,2.0,0.0,-2.0,39.98024,-75.18651,15.0
3382,2024-07-12,7pm-7am,9.0,4.0,-5.0,39.95038,-75.17309,11.0
3183,2023-12-05,7pm-7am,1.0,0.0,-1.0,39.88994,-75.17679,20.0
3371,2025-01-19,7pm-7am,1.0,1.0,0.0,39.9534,-75.1543,19.0
3359,2025-12-17,7am-7pm,23.0,26.0,3.0,39.94888,-75.16978,29.0
3086,2023-09-12,7am-7pm,14.0,18.0,4.0,39.94019,-75.16691,21.0
3064,2024-02-11,7am-7pm,9.0,10.0,1.0,39.9384,-75.17327,22.0
3168,2024-05-11,7am-7pm,26.0,29.0,3.0,,,
3261,2024-03-22,7am-7pm,6.0,10.0,4.0,39.96304,-75.14099,17.0
3033,2023-04-09,7am-7pm,5.0,16.0,11.0,39.95005,-75.15672,20.0
3039,2024-06-25,7am-7pm,9.0,8.0,-1.0,39.97157,-75.15993,17.0
3077,2023-10-21,7pm-7am,5.0,4.0,-1.0,39.97207,-75.16351,19.0
3016,2024-11-27,7am-7pm,4.0,5.0,1.0,39.96892,-75.1547,15.0
3065,2024-10-16,7pm-7am,1.0,0.0,-1.0,39.9707,-75.15171,15.0
3154,2025-10-13,7pm-7am,1.0,2.0,1.0,39.95924,-75.15821,16.0
3208,2025-06-27,7pm-7am,7.0,12.0,5.0,39.95048,-75.19324,28.0
3399,2025-07-13,7am-7pm,14.0,12.0,-2.0,39.97502,-75.14006,15.0
3205,2025-01-27,7am-7pm,13.0,9.0,-4.0,39.95405,-75.16783,22.0
3114,2024-06-15,7pm-7am,3.0,3.0,0.0,39.93775,-75.18012,17.0
3252,2024-12-15,7pm-7am,1.0,1.0,0.0,39.93882,-75.19324,14.0
3052,2024-03-16,7am-7pm,9.0,10.0,1.0,39.94732,-75.15695,25.0
3287,2023-03-12,7pm-7am,1.0,0.0,-1.0,39.94367,-75.21606,16.0
3168,2023-09-19,7pm-7am,19.0,11.0,-8.0,,,
3321,2024-02-03,7am-7pm,10.0,10.0,0.0,39.95485,-75.17298,21.0
3313,2023-10-16,7pm-7am,5.0,4.0,-1.0,39.9158,-75.1643,9.0
3029,2026-01-13,7am-7pm,23.0,18.0,-5.0,39.9538,-75.19479,17.0
3365,2025-09-15,7pm-7am,9.0,4.0,-5.0,39.96173,-75.18788,17.0
3119,2024-01-29,7am-7pm,4.0,4.0,0.0,39.96674,-75.20799,17.0
3114,2025-05-03,7am-7pm,22.0,17.0,-5.0,39.93775,-75.18012,17.0
3240,2025-09-12,7pm-7am,1.0,1.0,0.0,39.96277,-75.21185,12.0
3255,2025-10-16,7pm-7am,15.0,12.0,-3.0,39.95095,-75.16438,15.0
3297,2025-05-14,7pm-7am,2.0,4.0,2.0,39.95821,-75.16901,19.0
3385,2025-11-05,7pm-7am,1.0,1.0,0.0,39.94974,-75.15424,15.0
3374,2025-01-17,7am-7pm,9.0,5.0,-4.0,39.9728,-75.17971,18.0
3184,2024-08-22,7am-7pm,9.0,15.0,6.0,39.94573,-75.19551,22.0
3067,2026-01-15,7am-7pm,5.0,1.0,-4.0,39.96411,-75.19973,17.0
3342,2024-06-10,7pm-7am,7.0,5.0,-2.0,39.9639,-75.17385,20.0
3263,2025-06-12,7am-7pm,3.0,4.0,1.0,39.9586,-75.2081,18.0
3295,2025-12-20,7pm-7am,14.0,10.0,-4.0,39.95028,-75.16027,21.0
3348,2023-09-19,7am-7pm,7.0,7.0,0.0,,,
3010,2024-08-08,7am-7pm,34.0,51.0,17.0,39.94711,-75.16618,22.0
3155,2025-09-25,7pm-7am,3.0,2.0,-1.0,39.94018,-75.15442,18.0
3252,2024-04-18,7am-7pm,4.0,10.0,6.0,39.93882,-75.19324,14.0
3067,2025-03-10,7am-7pm,2.0,4.0,2.0,39.96411,-75.19973,17.0
3062,2026-03-22,7am-7pm,10.0,8.0,-2.0,,,
3292,2025-05-14,7am-7pm,7.0,8.0,1.0,39.92,-75.1562,17.0
3037,2026-01-10,7am-7pm,4.0,3.0,-1.0,39.95424,-75.16138,21.0
3310,2026-01-25,7am-7pm,1.0,0.0,-1.0,39.98024,-75.18651,15.0
3251,2023-08-21,7am-7pm,5.0,3.0,-2.0,39.93366,-75.19319,16.0
3182,2024-05-05,7am-7pm,5.0,6.0,1.0,,,
3035,2024-09-06,7pm-7am,2.0,5.0,3.0,39.96271,-75.19419,20.0
3243,2025-06-08,7pm-7am,1.0,2.0,1.0,39.9835,-75.14743,12.0
3041,2024-02-13,7am-7pm,3.0,7.0,4.0,39.96849,-75.13546,26.0
3294,2025-03-02,7pm-7am,1.0,1.0,0.0,39.95174,-75.17063,21.0
3188,2025-01-02,7pm-7am,0.0,1.0,1.0,39.90471,-75.1734,56.0
3449,2026-02-10,7pm-7am,1.0,2.0,1.0,39.94628,-75.15138,21.0
3052,2025-12-28,7pm-7am,1.0,2.0,1.0,39.94732,-75.15695,25.0
3204,2023-06-11,7am-7pm,16.0,10.0,-6.0,39.96437,-75.16582,22.0
3342,2023-08-24,7am-7pm,12.0,4.0,-8.0,39.9639,-75.17385,20.0
3253,2026-01-03,7pm-7am,0.0,1.0,1.0,39.93074,-75.18924,21.0
3102,2025-07-24,7am-7pm,22.0,18.0,-4.0,39.96759,-75.17952,26.0
3328,2023-04-03,7pm-7am,1.0,0.0,-1.0,39.98798,-75.1995,23.0
3258,2025-05-01,7am-7pm,4.0,1.0,-3.0,39.95828,-75.22424,20.0
3246,2024-04-22,7am-7pm,7.0,4.0,-3.0,39.94782,-75.22301,17.0
3423,2025-08-27,7am-7pm,1.0,1.0,0.0,40.02826,-75.21106,15.0
3100,2026-01-09,7am-7pm,13.0,13.0,0.0,39.92777,-75.15103,38.0
3334,2023-06-06,7am-7pm,9.0,4.0,-5.0,39.9302,-75.15636,19.0
3250,2025-12-13,7pm-7am,1.0,0.0,-1.0,39.95673,-75.14575,17.0
3201,2025-01-02,7am-7pm,6.0,8.0,2.0,39.95523,-75.1662,20.0
3088,2024-02-05,7am-7pm,5.0,7.0,2.0,39.96984,-75.1418,35.0
3047,2025-03-27,7am-7pm,9.0,8.0,-1.0,39.95073,-75.14947,20.0
3324,2024-06-15,7pm-7am,3.0,2.0,-1.0,39.99484,-75.19242,23.0
3332,2024-04-16,7am-7pm,2.0,1.0,-1.0,40.00537,-75.18143,12.0
3209,2024-01-05,7pm-7am,2.0,1.0,-1.0,39.949,-75.21278,14.0
3125,2025-06-14,7am-7pm,15.0,17.0,2.0,39.94391,-75.16735,16.0
3073,2023-06-11,7am-7pm,8.0,4.0,-4.0,39.96143,-75.15242,15.0
3313,2024-11-24,7am-7pm,7.0,5.0,-2.0,39.9158,-75.1643,9.0
3261,2025-12-15,7am-7pm,4.0,2.0,-2.0,39.96304,-75.14099,17.0
3037,2023-06-11,7am-7pm,30.0,22.0,-8.0,39.95424,-75.16138,21.0
3053,2023-01-14,7pm-7am,2.0,1.0,-1.0,39.93231,-75.18154,19.0
3411,2026-02-28,7am-7pm,2.0,1.0,-1.0,39.96693,-75.23359,15.0
3057,2023-07-04,7am-7pm,8.0,16.0,8.0,39.96439,-75.17987,26.0
3377,2024-08-14,7am-7pm,7.0,6.0,-1.0,,,
3417,2025-09-30,7am-7pm,3.0,2.0,-1.0,39.99146,-75.14808,15.0
3021,2024-11-14,7am-7pm,24.0,25.0,1.0,39.9539,-75.16902,34.0
3301,2023-10-09,7am-7pm,24.0,26.0,2.0,39.95029,-75.17126,15.0
3049,2024-06-21,7pm-7am,16.0,7.0,-9.0,39.94509,-75.1425,29.0
3210,2023-09-11,7am-7pm,19.0,10.0,-9.0,39.98492,-75.15668,18.0
3007,2023-01-07,7pm-7am,5.0,2.0,-3.0,39.94517,-75.15993,20.0
3301,2024-02-25,7pm-7am,4.0,4.0,0.0,39.95029,-75.17126,15.0
3360,2025-12-06,7am-7pm,10.0,6.0,-4.0,39.93304,-75.16822,22.0
3055,2024-06-27,7pm-7am,4.0,5.0,1.0,39.95112,-75.15457,15.0
3093,2025-09-22,7pm-7am,1.0,0.0,-1.0,39.98837,-75.18701,16.0
3287,2024-05-05,7am-7pm,1.0,1.0,0.0,39.94367,-75.21606,16.0
3101,2024-12-01,7pm-7am,4.0,5.0,1.0,39.94295,-75.15955,18.0
3285,2024-02-16,7pm-7am,0.0,1.0,1.0,39.95946,-75.14745,19.0
3410,2025-07-07,7pm-7am,0.0,1.0,1.0,39.94201,-75.21838,11.0
3029,2023-06-23,7pm-7am,7.0,3.0,-4.0,39.9538,-75.19479,17.0
3063,2023-08-14,7am-7pm,24.0,29.0,5.0,39.94633,-75.1698,25.0
3063,2023-12-18,7pm-7am,5.0,5.0,0.0,39.94633,-75.1698,25.0
3267,2024-11-08,7am-7pm,5.0,7.0,2.0,39.918,-75.1796,12.0
3248,2026-02-24,7am-7pm,3.0,2.0,-1.0,39.94213,-75.18335,22.0
3200,2025-08-01,7am-7pm,8.0,4.0,-4.0,39.97583,-75.16846,17.0
3196,2023-08-05,7am-7pm,4.0,3.0,-1.0,39.98717,-75.17477,17.0
3022,2023-12-08,7pm-7am,8.0,8.0,0.0,39.95472,-75.18323,21.0
3328,2023-07-28,7pm-7am,1.0,0.0,-1.0,39.98798,-75.1995,23.0
3296,2023-07-13,7am-7pm,31.0,40.0,9.0,39.95134,-75.16758,21.0
3078,2025-02-27,7am-7pm,17.0,21.0,4.0,39.95355,-75.17192,18.0
3022,2025-10-24,7pm-7am,7.0,14.0,7.0,39.95472,-75.18323,21.0
3069,2023-05-11,7pm-7am,8.0,10.0,2.0,39.93704,-75.15038,23.0
3286,2024-09-26,7pm-7am,2.0,3.0,1.0,39.96409,-75.14769,22.0
3254,2024-02-01,7am-7pm,2.0,2.0,0.0,39.98091,-75.16065,18.0
3349,2024-12-03,7pm-7am,0.0,3.0,3.0,39.93651,-75.18621,17.0
3118,2023-06-01,7am-7pm,8.0,7.0,-1.0,39.95866,-75.21323,20.0
3263,2025-03-14,7pm-7am,1.0,0.0,-1.0,39.9586,-75.2081,18.0
3333,2024-09-30,7pm-7am,8.0,6.0,-2.0,39.9541,-75.16965,25.0
3256,2025-12-04,7am-7pm,21.0,20.0,-1.0,39.95269,-75.17779,23.0
3041,2026-01-12,7am-7pm,3.0,6.0,3.0,39.96849,-75.13546,26.0
3065,2023-03-17,7pm-7am,1.0,0.0,-1.0,39.9707,-75.15171,15.0
3033,2025-09-30,7am-7pm,29.0,20.0,-9.0,39.95005,-75.15672,20.0
3065,2024-10-31,7am-7pm,2.0,0.0,-2.0,39.9707,-75.15171,15.0
3152,2025-11-18,7am-7pm,4.0,4.0,0.0,39.94993,-75.20286,17.0
3211,2025-08-09,7am-7pm,8.0,4.0,-4.0,39.97172,-75.1706,22.0
3075,2024-01-06,7am-7pm,3.0,7.0,4.0,39.96718,-75.16125,12.0
3203,2025-08-10,7pm-7am,6.0,6.0,0.0,39.94077,-75.17227,20.0
3310,2024-06-06,7am-7pm,6.0,2.0,-4.0,39.98024,-75.18651,15.0
3058,2025-12-04,7pm-7am,3.0,3.0,0.0,,,
3031,2025-03-04,7am-7pm,4.0,6.0,2.0,39.98005,-75.15522,21.0
3165,2024-12-15,7am-7pm,3.0,6.0,3.0,39.95819,-75.1782,22.0
3038,2025-03-11,7am-7pm,39.0,29.0,-10.0,39.94781,-75.19409,28.0
3363,2024-04-19,7pm-7am,3.0,4.0,1.0,39.94655,-75.16263,17.0
3286,2023-05-05,7am-7pm,9.0,7.0,-2.0,39.96409,-75.14769,22.0
3120,2024-02-09,7am-7pm,9.0,6.0,-3.0,39.97522,-75.18669,19.0
3328,2025-11-09,7am-7pm,6.0,2.0,-4.0,39.98798,-75.1995,23.0
3154,2025-11-25,7pm-7am,2.0,1.0,-1.0,39.95924,-75.15821,16.0
3298,2026-01-19,7am-7pm,1.0,0.0,-1.0,39.94717,-75.20691,15.0
3331,2025-05-04,7pm-7am,3.0,2.0,-1.0,39.97116,-75.12813,20.0
3321,2023-07-21,7am-7pm,6.0,7.0,1.0,39.95485,-75.17298,21.0
3046,2024-09-23,7am-7pm,21.0,20.0,-1.0,,,
3203,2025-04-26,7pm-7am,3.0,7.0,4.0,39.94077,-75.17227,20.0
3246,2023-08-18,7am-7pm,13.0,13.0,0.0,39.94782,-75.22301,17.0
3062,2024-11-03,7pm-7am,3.0,3.0,0.0,,,
3164,2023-07-08,7pm-7am,6.0,5.0,-1.0,39.92814,-75.16515,18.0
3435,2026-03-29,7am-7pm,3.0,2.0,-1.0,39.98451,-75.12348,13.0
3047,2024-09-23,7am-7pm,11.0,10.0,-1.0,39.95073,-75.14947,20.0
3115,2024-09-03,7pm-7am,3.0,3.0,0.0,39.97263,-75.16757,18.0
3165,2023-05-21,7am-7pm,22.0,24.0,2.0,39.95819,-75.1782,22.0
3409,2025-04-23,7am-7pm,5.0,4.0,-1.0,39.95508,-75.15128,20.0
3112,2025-04-25,7pm-7am,3.0,5.0,2.0,39.95373,-75.21825,18.0
3010,2023-11-22,7pm-7am,13.0,8.0,-5.0,39.94711,-75.16618,22.0
3168,2025-01-28,7pm-7am,9.0,1.0,-8.0,,,
3157,2023-04-24,7pm-7am,3.0,0.0,-3.0,39.92545,-75.15954,18.0
3388,2025-10-01,7pm-7am,2.0,2.0,0.0,39.96634,-75.15097,19.0
3164,2025-05-15,7am-7pm,20.0,22.0,2.0,39.92814,-75.16515,18.0
3110,2026-01-15,7am-7pm,5.0,4.0,-1.0,39.96175,-75.13641,19.0
3124,2023-12-06,7pm-7am,1.0,1.0,0.0,39.95367,-75.13956,17.0
3203,2026-02-17,7am-7pm,14.0,13.0,-1.0,39.94077,-75.17227,20.0
3150,2023-03-12,7pm-7am,2.0,2.0,0.0,39.92884,-75.17021,17.0
3021,2023-01-02,7am-7pm,4.0,3.0,-1.0,39.9539,-75.16902,34.0
3348,2023-10-18,7pm-7am,5.0,3.0,-2.0,,,
3310,2024-04-04,7am-7pm,1.0,0.0,-1.0,39.98024,-75.18651,15.0
3067,2024-06-13,7am-7pm,3.0,2.0,-1.0,39.96411,-75.19973,17.0
3337,2023-11-27,7pm-7am,0.0,1.0,1.0,39.97318,-75.14612,15.0
3004,2023-01-30,7pm-7am,1.0,0.0,-1.0,39.95371,-75.16423,23.0
3259,2025-08-12,7pm-7am,8.0,5.0,-3.0,39.95998,-75.19883,17.0
3374,2025-07-09,7am-7pm,6.0,10.0,4.0,39.9728,-75.17971,18.0
3237,2025-09-21,7pm-7am,8.0,3.0,-5.0,39.91717,-75.17096,21.0
3368,2026-01-30,7am-7pm,1.0,0.0,-1.0,39.97647,-75.17362,17.0
3387,2025-04-17,7am-7pm,7.0,6.0,-1.0,39.97012,-75.14666,19.0
3363,2026-03-22,7pm-7am,10.0,5.0,-5.0,39.94655,-75.16263,17.0
3031,2024-02-03,7am-7pm,9.0,8.0,-1.0,39.98005,-75.15522,21.0
3263,2023-06-18,7am-7pm,2.0,2.0,0.0,39.9586,-75.2081,18.0
3306,2024-12-11,7am-7pm,1.0,1.0,0.0,39.99683,-75.17761,11.0
3263,2024-09-13,7am-7pm,7.0,7.0,0.0,39.9586,-75.2081,18.0
3184,2024-07-24,7am-7pm,13.0,29.0,16.0,39.94573,-75.19551,22.0
3372,2025-08-19,7am-7pm,4.0,3.0,-1.0,39.92528,-75.18672,15.0
3072,2023-03-12,7am-7pm,6.0,6.0,0.0,39.93445,-75.14541,25.0
3325,2025-08-26,7pm-7am,3.0,3.0,0.0,39.9768,-75.12764,22.0
3253,2024-06-05,7am-7pm,3.0,2.0,-1.0,39.93074,-75.18924,21.0
3363,2024-06-05,7pm-7am,10.0,7.0,-3.0,39.94655,-75.16263,17.0
3162,2023-06-30,7pm-7am,6.0,4.0,-2.0,39.94595,-75.18475,34.0
3277,2024-09-28,7pm-7am,1.0,1.0,0.0,39.98306,-75.16738,20.0
3055,2023-08-23,7am-7pm,23.0,23.0,0.0,39.95112,-75.15457,15.0
3345,2024-07-30,7pm-7am,7.0,4.0,-3.0,39.9617,-75.14667,19.0
3341,2025-07-04,7pm-7am,10.0,7.0,-3.0,39.98131,-75.12732,20.0
3154,2024-07-02,7am-7pm,27.0,24.0,-3.0,39.95924,-75.15821,16.0
3055,2025-12-20,7am-7pm,8.0,10.0,2.0,39.95112,-75.15457,15.0
3006,2025-03-16,7am-7pm,2.0,7.0,5.0,39.9522,-75.20311,17.0
3247,2023-01-15,7pm-7am,0.0,1.0,1.0,39.96538,-75.21514,16.0
3097,2023-07-19,7am-7pm,6.0,6.0,0.0,39.97888,-75.13339,18.0
3442,2026-01-18,7pm-7am,0.0,1.0,1.0,39.99426,-75.11791,15.0
3334,2023-12-16,7am-7pm,4.0,0.0,-4.0,39.9302,-75.15636,19.0
3047,2025-10-29,7pm-7am,1.0,3.0,2.0,39.95073,-75.14947,20.0
3246,2023-12-29,7am-7pm,4.0,2.0,-2.0,39.94782,-75.22301,17.0
3351,2024-03-07,7am-7pm,1.0,1.0,0.0,39.99655,-75.14991,18.0
3368,2025-11-26,7am-7pm,4.0,1.0,-3.0,39.97647,-75.17362,17.0
3315,2025-06-16,7pm-7am,0.0,1.0,1.0,39.94235,-75.21138,13.0
3028,2025-01-02,7pm-7am,5.0,6.0,1.0,39.94061,-75.14958,15.0
3249,2025-04-24,7am-7pm,9.0,10.0,1.0,39.95784,-75.19079,22.0
3409,2026-01-21,7pm-7am,2.0,3.0,1.0,39.95508,-75.15128,20.0
3066,2024-06-13,7am-7pm,25.0,15.0,-10.0,39.94561,-75.17348,29.0
3267,2025-05-22,7am-7pm,1.0,1.0,0.0,39.918,-75.1796,12.0
3056,2024-11-18,7am-7pm,3.0,4.0,1.0,39.97669,-75.15813,22.0
3161,2024-06-03,7am-7pm,29.0,17.0,-12.0,39.95486,-75.18091,23.0
3203,2024-08-03,7pm-7am,2.0,1.0,-1.0,39.94077,-75.17227,20.0
3363,2024-10-25,7am-7pm,13.0,13.0,0.0,39.94655,-75.16263,17.0
3067,2026-02-10,7am-7pm,1.0,3.0,2.0,39.96411,-75.19973,17.0
3211,2023-02-16,7pm-7am,2.0,2.0,0.0,39.97172,-75.1706,22.0
3212,2026-02-17,7am-7pm,3.0,3.0,0.0,39.96383,-75.18177,32.0
3047,2025-07-13,7am-7pm,14.0,17.0,3.0,39.95073,-75.14947,20.0
3333,2026-01-07,7am-7pm,14.0,28.0,14.0,39.9541,-75.16965,25.0
3337,2024-05-15,7pm-7am,2.0,4.0,2.0,39.97318,-75.14612,15.0
3111,2025-11-24,7am-7pm,0.0,1.0,1.0,39.97779,-75.21323,14.0
3116,2024-10-29,7am-7pm,9.0,12.0,3.0,39.96006,-75.17198,21.0
3320,2025-10-14,7pm-7am,5.0,6.0,1.0,39.9746,-75.15917,17.0
3203,2026-01-06,7am-7pm,9.0,13.0,4.0,39.94077,-75.17227,20.0
3300,2025-11-08,7am-7pm,14.0,14.0,0.0,39.95511,-75.16287,13.0
3258,2026-03-04,7am-7pm,2.0,3.0,1.0,39.95828,-75.22424,20.0
3207,2026-02-26,7am-7pm,15.0,19.0,4.0,39.95441,-75.192,20.0
3435,2025-09-09,7am-7pm,4.0,5.0,1.0,39.98451,-75.12348,13.0
3301,2023-07-02,7pm-7am,3.0,3.0,0.0,39.95029,-75.17126,15.0
3345,2025-10-01,7am-7pm,12.0,19.0,7.0,39.9617,-75.14667,19.0
3292,2023-12-17,7pm-7am,0.0,1.0,1.0,39.92,-75.1562,17.0
3154,2023-07-06,7am-7pm,27.0,28.0,1.0,39.95924,-75.15821,16.0
3031,2024-02-12,7am-7pm,11.0,12.0,1.0,39.98005,-75.15522,21.0
3284,2023-08-08,7pm-7am,2.0,3.0,1.0,40.01112,-75.19287,14.0
3294,2024-11-29,7am-7pm,7.0,10.0,3.0,39.95174,-75.17063,21.0
3360,2025-02-15,7pm-7am,2.0,3.0,1.0,39.93304,-75.16822,22.0
3263,2024-07-28,7pm-7am,0.0,1.0,1.0,39.9586,-75.2081,18.0
3051,2023-12-07,7am-7pm,12.0,12.0,0.0,39.96744,-75.17507,37.0
3022,2023-03-05,7am-7pm,12.0,13.0,1.0,39.95472,-75.18323,21.0
3164,2025-07-13,7am-7pm,20.0,21.0,1.0,39.92814,-75.16515,18.0
3252,2023-09-17,7pm-7am,3.0,4.0,1.0,39.93882,-75.19324,14.0
3245,2024-04-23,7pm-7am,4.0,2.0,-2.0,39.97887,-75.15777,20.0
3022,2023-02-27,7am-7pm,10.0,13.0,3.0,39.95472,-75.18323,21.0
3361,2025-08-30,7am-7pm,22.0,13.0,-9.0,39.93082,-75.17474,21.0
3331,2023-10-03,7pm-7am,1.0,1.0,0.0,39.97116,-75.12813,20.0
3040,2024-08-22,7am-7pm,24.0,22.0,-2.0,39.96289,-75.16606,21.0
3268,2024-04-07,7am-7pm,0.0,1.0,1.0,39.97633,-75.15101,22.0
3118,2025-09-18,7pm-7am,2.0,1.0,-1.0,39.95866,-75.21323,20.0
3341,2023-10-05,7am-7pm,4.0,4.0,0.0,39.98131,-75.12732,20.0
3324,2025-09-27,7am-7pm,10.0,8.0,-2.0,39.99484,-75.19242,23.0
3310,2026-02-24,7pm-7am,1.0,0.0,-1.0,39.98024,-75.18651,15.0
3165,2023-04-20,7pm-7am,0.0,7.0,7.0,39.95819,-75.1782,22.0
3053,2023-09-03,7pm-7am,3.0,6.0,3.0,39.93231,-75.18154,19.0
3181,2025-04-17,7am-7pm,1.0,1.0,0.0,39.89629,-75.17514,20.0
3078,2024-05-23,7am-7pm,30.0,30.0,0.0,39.95355,-75.17192,18.0
3245,2025-07-28,7am-7pm,12.0,4.0,-8.0,39.97887,-75.15777,20.0
3055,2024-10-20,7am-7pm,17.0,14.0,-3.0,39.95112,-75.15457,15.0
3238,2025-01-02,7pm-7am,1.0,2.0,1.0,39.97674,-75.11995,11.0
3156,2026-01-30,7am-7pm,1.0,2.0,1.0,39.95381,-75.17407,22.0
3261,2024-12-09,7am-7pm,6.0,4.0,-2.0,39.96304,-75.14099,17.0
3244,2025-03-14,7am-7pm,32.0,38.0,6.0,,,
3286,2024-12-15,7am-7pm,6.0,1.0,-5.0,39.96409,-75.14769,22.0
3291,2024-04-14,7am-7pm,12.0,16.0,4.0,40.01022,-75.197,15.0
3096,2024-11-16,7am-7pm,1.0,1.0,0.0,39.99119,-75.17975,14.0
3020,2025-03-29,7pm-7am,7.0,4.0,-3.0,39.94855,-75.19007,36.0
3352,2025-10-17,7pm-7am,1.0,1.0,0.0,40.00143,-75.15256,11.0
3058,2024-11-03,7pm-7am,6.0,9.0,3.0,,,
3322,2024-12-31,7pm-7am,1.0,0.0,-1.0,39.93638,-75.15526,13.0
3012,2024-08-30,7pm-7am,6.0,6.0,0.0,39.94218,-75.17747,27.0
3152,2025-03-01,7pm-7am,1.0,1.0,0.0,39.94993,-75.20286,17.0
3051,2023-07-19,7am-7pm,17.0,20.0,3.0,39.96744,-75.17507,37.0
3063,2023-03-14,7pm-7am,4.0,3.0,-1.0,39.94633,-75.1698,25.0
3256,2024-02-21,7am-7pm,18.0,26.0,8.0,39.95269,-75.17779,23.0
3281,2024-06-19,7am-7pm,1.0,2.0,1.0,39.9323,-75.2162,15.0
3047,2024-08-30,7pm-7am,5.0,2.0,-3.0,39.95073,-75.14947,20.0
3112,2025-12-07,7pm-7am,0.0,2.0,2.0,39.95373,-75.21825,18.0
3344,2023-12-08,7pm-7am,2.0,1.0,-1.0,39.95961,-75.23354,23.0
3266,2025-10-29,7am-7pm,12.0,14.0,2.0,39.9237,-75.14701,22.0
3093,2023-07-06,7am-7pm,4.0,5.0,1.0,39.98837,-75.18701,16.0
3060,2025-12-07,7pm-7am,0.0,2.0,2.0,39.95923,-75.17036,19.0
3285,2025-10-18,7am-7pm,15.0,9.0,-6.0,39.95946,-75.14745,19.0
3267,2023-01-09,7am-7pm,5.0,1.0,-4.0,39.918,-75.1796,12.0
3163,2025-07-22,7am-7pm,43.0,41.0,-2.0,39.94974,-75.18097,22.0
3236,2024-12-25,7am-7pm,4.0,2.0,-2.0,39.96566,-75.17765,18.0
3287,2023-07-24,7am-7pm,4.0,4.0,0.0,39.94367,-75.21606,16.0
3107,2025-06-01,7pm-7am,0.0,1.0,1.0,39.98203,-75.18866,18.0
3244,2024-03-16,7am-7pm,18.0,17.0,-1.0,,,
3012,2024-12-01,7pm-7am,2.0,2.0,0.0,39.94218,-75.17747,27.0
3369,2026-02-21,7am-7pm,2.0,4.0,2.0,40.00772,-75.19194,16.0
3100,2025-12-07,7am-7pm,9.0,9.0,0.0,39.92777,-75.15103,38.0
3285,2025-11-11,7pm-7am,2.0,2.0,0.0,39.95946,-75.14745,19.0
3096,2025-06-01,7pm-7am,0.0,1.0,1.0,39.99119,-75.17975,14.0
3063,2023-03-21,7am-7pm,14.0,18.0,4.0,39.94633,-75.1698,25.0
3067,2024-10-15,7pm-7am,1.0,2.0,1.0,39.96411,-75.19973,17.0
3389,2026-02-04,7pm-7am,1.0,0.0,-1.0,39.94431,-75.18128,16.0
3163,2024-04-02,7am-7pm,5.0,6.0,1.0,39.94974,-75.18097,22.0
3375,2024-02-18,7pm-7am,6.0,3.0,-3.0,39.96036,-75.1402,22.0
3300,2023-04-28,7pm-7am,0.0,1.0,1.0,39.95511,-75.16287,13.0
3006,2024-11-23,7am-7pm,12.0,21.0,9.0,39.9522,-75.20311,17.0
3200,2024-02-20,7pm-7am,1.0,3.0,2.0,39.97583,-75.16846,17.0
3207,2024-05-05,7pm-7am,5.0,4.0,-1.0,39.95441,-75.192,20.0
3397,2026-03-19,7pm-7am,6.0,4.0,-2.0,39.93906,-75.17824,15.0
3166,2024-11-18,7pm-7am,3.0,2.0,-1.0,39.97195,-75.13445,22.0
3394,2025-09-06,7am-7pm,5.0,4.0,-1.0,39.924,-75.16959,14.0
3255,2025-12-27,7pm-7am,4.0,1.0,-3.0,39.95095,-75.16438,15.0
3264,2025-10-29,7pm-7am,0.0,8.0,8.0,39.94571,-75.15508,23.0
3397,2025-10-05,7pm-7am,4.0,2.0,-2.0,39.93906,-75.17824,15.0
3337,2023-05-20,7pm-7am,3.0,4.0,1.0,39.97318,-75.14612,15.0
3235,2025-05-08,7pm-7am,10.0,10.0,0.0,39.96,-75.1651,15.0
3120,2023-02-24,7am-7pm,10.0,8.0,-2.0,39.97522,-75.18669,19.0
3040,2023-01-08,7am-7pm,8.0,7.0,-1.0,39.96289,-75.16606,21.0
3250,2023-06-01,7am-7pm,6.0,6.0,0.0,39.95673,-75.14575,17.0
3157,2024-08-17,7am-7pm,10.0,11.0,1.0,39.92545,-75.15954,18.0
3152,2023-12-12,7pm-7am,1.0,0.0,-1.0,39.94993,-75.20286,17.0
3253,2023-04-03,7am-7pm,4.0,2.0,-2.0,39.93074,-75.18924,21.0
3075,2023-11-21,7am-7pm,5.0,4.0,-1.0,39.96718,-75.16125,12.0
3025,2024-06-24,7pm-7am,13.0,8.0,-5.0,39.93724,-75.1612,15.0
3266,2025-07-10,7am-7pm,11.0,17.0,6.0,39.9237,-75.14701,22.0
3007,2023-05-15,7pm-7am,8.0,7.0,-1.0,39.94517,-75.15993,20.0
3068,2026-02-10,7pm-7am,6.0,1.0,-5.0,39.93549,-75.16711,18.0
3375,2025-04-06,7am-7pm,10.0,3.0,-7.0,39.96036,-75.1402,22.0
3113,2023-04-25,7am-7pm,2.0,1.0,-1.0,39.97472,-75.19781,12.0
3066,2023-07-16,7am-7pm,9.0,7.0,-2.0,39.94561,-75.17348,29.0
3022,2025-12-19,7pm-7am,6.0,6.0,0.0,39.95472,-75.18323,21.0
3166,2024-07-23,7pm-7am,5.0,6.0,1.0,39.97195,-75.13445,22.0
3241,2023-04-07,7am-7pm,4.0,4.0,0.0,39.95225,-75.22637,20.0
3272,2023-10-16,7am-7pm,0.0,1.0,1.0,39.96405,-75.22048,13.0
3256,2024-03-03,7pm-7am,4.0,1.0,-3.0,39.95269,-75.17779,23.0
3376,2025-12-24,7pm-7am,1.0,0.0,-1.0,39.97183,-75.14878,8.0
3338,2024-08-02,7am-7pm,1.0,1.0,0.0,39.95098,-75.23035,21.0
3265,2025-11-23,7pm-7am,3.0,1.0,-2.0,39.95957,-75.19633,13.0
3259,2025-02-03,7pm-7am,1.0,1.0,0.0,39.95998,-75.19883,17.0
3207,2025-03-05,7pm-7am,5.0,0.0,-5.0,39.95441,-75.192,20.0
3093,2023-05-20,7pm-7am,1.0,1.0,0.0,39.98837,-75.18701,16.0
3159,2025-10-20,7pm-7am,4.0,3.0,-1.0,39.95121,-75.19962,23.0
3271,2026-01-06,7am-7pm,2.0,3.0,1.0,39.9476,-75.22946,18.0
3086,2023-11-26,7am-7pm,1.0,1.0,0.0,39.94019,-75.16691,21.0
3168,2025-03-18,7am-7pm,13.0,15.0,2.0,,,
3056,2023-02-08,7pm-7am,5.0,3.0,-2.0,39.97669,-75.15813,22.0
3359,2024-06-26,7am-7pm,41.0,39.0,-2.0,39.94888,-75.16978,29.0
3165,2023-12-12,7am-7pm,11.0,13.0,2.0,39.95819,-75.1782,22.0
3152,2024-02-19,7pm-7am,2.0,2.0,0.0,39.94993,-75.20286,17.0
3073,2024-06-04,7pm-7am,7.0,4.0,-3.0,39.96143,-75.15242,15.0
3246,2023-04-25,7pm-7am,0.0,2.0,2.0,39.94782,-75.22301,17.0
3169,2023-05-04,7pm-7am,5.0,5.0,0.0,39.95382,-75.14263,17.0
3029,2023-11-06,7pm-7am,6.0,2.0,-4.0,39.9538,-75.19479,17.0
3286,2023-03-07,7pm-7am,2.0,3.0,1.0,39.96409,-75.14769,22.0
3182,2023-08-03,7am-7pm,22.0,21.0,-1.0,,,
3049,2023-06-10,7pm-7am,25.0,16.0,-9.0,39.94509,-75.1425,29.0
3038,2023-08-01,7am-7pm,38.0,25.0,-13.0,39.94781,-75.19409,28.0
3212,2024-06-26,7pm-7am,4.0,4.0,0.0,39.96383,-75.18177,32.0
3299,2025-04-02,7am-7pm,9.0,7.0,-2.0,39.94332,-75.15698,22.0
3183,2023-08-19,7pm-7am,2.0,0.0,-2.0,39.88994,-75.17679,20.0
3321,2025-04-22,7am-7pm,12.0,19.0,7.0,39.95485,-75.17298,21.0
3390,2026-03-09,7am-7pm,3.0,1.0,-2.0,39.96,-75.2244,18.0
3358,2023-10-26,7pm-7am,0.0,1.0,1.0,,,
3154,2024-04-30,7pm-7am,3.0,10.0,7.0,39.95924,-75.15821,16.0
3253,2023-07-03,7pm-7am,0.0,3.0,3.0,39.93074,-75.18924,21.0
3376,2024-10-11,7pm-7am,1.0,4.0,3.0,39.97183,-75.14878,8.0
3168,2023-02-25,7pm-7am,11.0,7.0,-4.0,,,
3071,2023-07-31,7pm-7am,8.0,8.0,0.0,,,
3005,2024-04-25,7pm-7am,7.0,5.0,-2.0,39.94733,-75.14403,13.0
3316,2023-03-08,7am-7pm,2.0,1.0,-1.0,39.92255,-75.17337,19.0
3421,2025-06-30,7pm-7am,0.0,5.0,5.0,39.91972,-75.16408,13.0
3150,2023-04-06,7pm-7am,1.0,3.0,2.0,39.92884,-75.17021,17.0
3376,2024-06-30,7pm-7am,1.0,1.0,0.0,39.97183,-75.14878,8.0
3212,2024-08-20,7am-7pm,24.0,23.0,-1.0,39.96383,-75.18177,32.0
3310,2026-01-26,7pm-7am,0.0,1.0,1.0,39.98024,-75.18651,15.0
3235,2025-03-15,7am-7pm,6.0,6.0,0.0,39.96,-75.1651,15.0
3243,2023-04-17,7am-7pm,1.0,0.0,-1.0,39.9835,-75.14743,12.0
3115,2025-06-24,7pm-7am,3.0,0.0,-3.0,39.97263,-75.16757,18.0
3241,2025-10-06,7am-7pm,2.0,4.0,2.0,39.95225,-75.22637,20.0
3025,2023-07-22,7pm-7am,4.0,3.0,-1.0,39.93724,-75.1612,15.0
3326,2023-07-06,7am-7pm,4.0,6.0,2.0,39.99198,-75.19944,17.0
3066,2026-01-22,7pm-7am,5.0,5.0,0.0,39.94561,-75.17348,29.0
3346,2025-04-14,7am-7pm,21.0,17.0,-4.0,39.94883,-75.15097,17.0
3116,2024-09-08,7pm-7am,2.0,3.0,1.0,39.96006,-75.17198,21.0
3372,2026-02-24,7am-7pm,1.0,3.0,2.0,39.92528,-75.18672,15.0
3376,2025-01-15,7am-7pm,2.0,0.0,-2.0,39.97183,-75.14878,8.0
3308,2023-03-09,7am-7pm,2.0,2.0,0.0,,,
3240,2023-06-30,7pm-7am,1.0,1.0,0.0,39.96277,-75.21185,12.0
3119,2024-09-09,7am-7pm,7.0,7.0,0.0,39.96674,-75.20799,17.0
3359,2024-12-30,7pm-7am,6.0,6.0,0.0,39.94888,-75.16978,29.0
3160,2024-03-24,7pm-7am,3.0,3.0,0.0,39.95662,-75.19862,41.0
3252,2023-11-06,7am-7pm,3.0,8.0,5.0,39.93882,-75.19324,14.0
3252,2023-06-06,7pm-7am,5.0,2.0,-3.0,39.93882,-75.19324,14.0
3265,2023-09-22,7pm-7am,3.0,2.0,-1.0,39.95957,-75.19633,13.0
3347,2024-05-23,7pm-7am,6.0,2.0,-4.0,,,
3251,2023-05-19,7pm-7am,1.0,2.0,1.0,39.93366,-75.19319,16.0
3352,2024-08-25,7am-7pm,3.0,2.0,-1.0,40.00143,-75.15256,11.0
3120,2023-03-06,7pm-7am,1.0,8.0,7.0,39.97522,-75.18669,19.0
3375,2025-07-29,7pm-7am,2.0,2.0,0.0,39.96036,-75.1402,22.0
3114,2023-05-16,7pm-7am,5.0,3.0,-2.0,39.93775,-75.18012,17.0
3342,2025-08-15,7pm-7am,6.0,4.0,-2.0,39.9639,-75.17385,20.0
3165,2026-03-16,7pm-7am,2.0,3.0,1.0,39.95819,-75.1782,22.0
3317,2024-06-26,7am-7pm,6.0,2.0,-4.0,,,
3188,2025-12-20,7pm-7am,4.0,1.0,-3.0,39.90471,-75.1734,56.0
3162,2025-07-31,7am-7pm,6.0,8.0,2.0,39.94595,-75.18475,34.0
3314,2023-12-22,7pm-7am,1.0,1.0,0.0,39.93682,-75.14492,17.0
3255,2024-03-20,7pm-7am,4.0,0.0,-4.0,39.95095,-75.16438,15.0
3209,2024-07-29,7am-7pm,8.0,5.0,-3.0,39.949,-75.21278,14.0
3006,2025-12-07,7am-7pm,7.0,8.0,1.0,39.9522,-75.20311,17.0
3161,2024-09-18,7pm-7am,2.0,10.0,8.0,39.95486,-75.18091,23.0
3251,2024-05-09,7am-7pm,4.0,2.0,-2.0,39.93366,-75.19319,16.0
3389,2025-09-14,7am-7pm,8.0,6.0,-2.0,39.94431,-75.18128,16.0
3237,2023-06-10,7pm-7am,2.0,3.0,1.0,39.91717,-75.17096,21.0
3078,2024-07-21,7am-7pm,5.0,11.0,6.0,39.95355,-75.17192,18.0
3070,2023-09-01,7am-7pm,8.0,3.0,-5.0,,,
3254,2023-07-14,7am-7pm,6.0,7.0,1.0,39.98091,-75.16065,18.0
3257,2023-10-19,7pm-7am,1.0,1.0,0.0,,,
3285,2024-12-30,7pm-7am,1.0,2.0,1.0,39.95946,-75.14745,19.0
3356,2023-12-29,7am-7pm,2.0,2.0,0.0,39.89322,-75.17187,19.0
3041,2025-11-09,7pm-7am,11.0,4.0,-7.0,39.96849,-75.13546,26.0
3255,2025-02-03,7pm-7am,7.0,6.0,-1.0,39.95095,-75.16438,15.0
3159,2024-08-22,7pm-7am,8.0,1.0,-7.0,39.95121,-75.19962,23.0
3251,2025-06-03,7am-7pm,4.0,5.0,1.0,39.93366,-75.19319,16.0
3166,2026-01-16,7am-7pm,4.0,6.0,2.0,39.97195,-75.13445,22.0
3203,2024-06-18,7am-7pm,34.0,34.0,0.0,39.94077,-75.17227,20.0
3347,2025-05-05,7am-7pm,9.0,9.0,0.0,,,
3254,2025-03-25,7pm-7am,0.0,2.0,2.0,39.98091,-75.16065,18.0
3277,2023-04-06,7am-7pm,2.0,1.0,-1.0,39.98306,-75.16738,20.0
3276,2024-10-18,7pm-7am,4.0,0.0,-4.0,39.96569,-75.15679,18.0
3074,2024-06-08,7am-7pm,14.0,19.0,5.0,39.95511,-75.20987,15.0
3397,2025-11-16,7pm-7am,3.0,5.0,2.0,39.93906,-75.17824,15.0
3241,2023-02-13,7pm-7am,3.0,4.0,1.0,39.95225,-75.22637,20.0
3399,2026-03-26,7pm-7am,7.0,3.0,-4.0,39.97502,-75.14006,15.0
3305,2024-04-24,7pm-7am,2.0,0.0,-2.0,39.99569,-75.1671,11.0
3154,2023-10-30,7pm-7am,3.0,4.0,1.0,39.95924,-75.15821,16.0
3238,2024-04-30,7am-7pm,28.0,21.0,-7.0,39.97674,-75.11995,11.0
3009,2023-01-05,7pm-7am,4.0,1.0,-3.0,39.95576,-75.18982,14.0
3113,2023-04-14,7am-7pm,5.0,5.0,0.0,39.97472,-75.19781,12.0
3101,2023-09-05,7am-7pm,22.0,20.0,-2.0,39.94295,-75.15955,18.0
3352,2026-02-20,7pm-7am,0.0,1.0,1.0,40.00143,-75.15256,11.0
3120,2025-02-09,7am-7pm,10.0,4.0,-6.0,39.97522,-75.18669,19.0
3411,2025-06-28,7am-7pm,0.0,2.0,2.0,39.96693,-75.23359,15.0
3360,2024-10-06,7pm-7am,3.0,8.0,5.0,39.93304,-75.16822,22.0
3185,2025-02-09,7pm-7am,5.0,5.0,0.0,39.95169,-75.15888,21.0
3016,2025-11-03,7am-7pm,2.0,4.0,2.0,39.96892,-75.1547,15.0
3053,2024-10-12,7am-7pm,21.0,19.0,-2.0,39.93231,-75.18154,19.0
3182,2025-12-08,7pm-7am,5.0,1.0,-4.0,,,
3185,2024-06-11,7pm-7am,7.0,2.0,-5.0,39.95169,-75.15888,21.0
3281,2024-04-26,7am-7pm,2.0,2.0,0.0,39.9323,-75.2162,15.0
3055,2023-08-07,7am-7pm,17.0,18.0,1.0,39.95112,-75.15457,15.0
3154,2025-08-29,7am-7pm,21.0,19.0,-2.0,39.95924,-75.15821,16.0
3264,2025-09-04,7pm-7am,4.0,9.0,5.0,39.94571,-75.15508,23.0
3282,2024-07-13,7am-7pm,1.0,0.0,-1.0,39.98628,-75.14925,15.0
3153,2023-04-16,7pm-7am,2.0,4.0,2.0,,,
3279,2025-09-17,7am-7pm,9.0,6.0,-3.0,39.9265,-75.1668,18.0
3116,2025-06-01,7am-7pm,18.0,20.0,2.0,39.96006,-75.17198,21.0
3350,2025-07-25,7am-7pm,1.0,4.0,3.0,39.99415,-75.15527,20.0
3055,2025-03-20,7pm-7am,2.0,1.0,-1.0,39.95112,-75.15457,15.0
3314,2025-05-25,7pm-7am,6.0,4.0,-2.0,39.93682,-75.14492,17.0
3250,2024-11-07,7am-7pm,8.0,8.0,0.0,39.95673,-75.14575,17.0
3350,2024-02-19,7am-7pm,0.0,1.0,1.0,39.99415,-75.15527,20.0
3334,2025-08-02,7pm-7am,6.0,5.0,-1.0,39.9302,-75.15636,19.0
3107,2023-05-19,7pm-7am,3.0,0.0,-3.0,39.98203,-75.18866,18.0
3253,2024-08-03,7am-7pm,3.0,0.0,-3.0,39.93074,-75.18924,21.0
3304,2025-03-12,7pm-7am,9.0,12.0,3.0,39.94234,-75.15399,21.0
3324,2023-08-06,7am-7pm,22.0,24.0,2.0,39.99484,-75.19242,23.0
3313,2024-11-03,7pm-7am,3.0,1.0,-2.0,39.9158,-75.1643,9.0
3196,2023-06-30,7am-7pm,1.0,0.0,-1.0,39.98717,-75.17477,17.0
3111,2025-08-24,7am-7pm,3.0,4.0,1.0,39.97779,-75.21323,14.0
3051,2024-05-06,7pm-7am,3.0,5.0,2.0,39.96744,-75.17507,37.0
3297,2025-10-28,7pm-7am,1.0,3.0,2.0,39.95821,-75.16901,19.0
3065,2023-01-26,7am-7pm,2.0,2.0,0.0,39.9707,-75.15171,15.0
3160,2023-12-29,7pm-7am,4.0,3.0,-1.0,39.95662,-75.19862,41.0
3038,2026-03-23,7am-7pm,21.0,16.0,-5.0,39.94781,-75.19409,28.0
3313,2025-10-17,7pm-7am,0.0,2.0,2.0,39.9158,-75.1643,9.0
3107,2023-08-18,7am-7pm,7.0,6.0,-1.0,39.98203,-75.18866,18.0
3276,2026-03-23,7pm-7am,2.0,2.0,0.0,39.96569,-75.15679,18.0
3328,2025-04-04,7pm-7am,4.0,4.0,0.0,39.98798,-75.1995,23.0
3251,2024-11-18,7am-7pm,3.0,1.0,-2.0,39.93366,-75.19319,16.0
3237,2023-03-07,7pm-7am,2.0,0.0,-2.0,39.91717,-75.17096,21.0
3110,2025-09-04,7am-7pm,19.0,26.0,7.0,39.96175,-75.13641,19.0
3303,2024-07-26,7pm-7am,7.0,6.0,-1.0,39.9559,-75.2053,20.0
3031,2023-01-25,7pm-7am,3.0,0.0,-3.0,39.98005,-75.15522,21.0
3104,2025-11-09,7am-7pm,5.0,1.0,-4.0,39.96664,-75.19209,13.0
3022,2023-04-03,7pm-7am,11.0,3.0,-8.0,39.95472,-75.18323,21.0
3119,2023-03-02,7pm-7am,0.0,1.0,1.0,39.96674,-75.20799,17.0
3024,2024-07-13,7pm-7am,3.0,3.0,0.0,39.94822,-75.20908,19.0
3019,2024-05-07,7pm-7am,0.0,1.0,1.0,39.95403,-75.14983,15.0
3078,2023-10-03,7am-7pm,27.0,27.0,0.0,39.95355,-75.17192,18.0
3009,2024-05-02,7am-7pm,25.0,33.0,8.0,39.95576,-75.18982,14.0
3096,2025-11-20,7pm-7am,1.0,0.0,-1.0,39.99119,-75.17975,14.0
3253,2024-11-19,7am-7pm,5.0,4.0,-1.0,39.93074,-75.18924,21.0
3039,2023-07-26,7am-7pm,7.0,3.0,-4.0,39.97157,-75.15993,17.0
3037,2023-12-08,7pm-7am,1.0,1.0,0.0,39.95424,-75.16138,21.0
3405,2025-09-15,7pm-7am,2.0,3.0,1.0,39.94167,-75.16502,16.0
3075,2025-01-03,7pm-7am,0.0,1.0,1.0,39.96718,-75.16125,12.0
3307,2025-06-22,7am-7pm,1.0,0.0,-1.0,40.0028,-75.174,11.0
3155,2025-03-18,7pm-7am,4.0,4.0,0.0,39.94018,-75.15442,18.0
3341,2024-08-16,7pm-7am,1.0,5.0,4.0,39.98131,-75.12732,20.0
3107,2025-05-27,7am-7pm,4.0,3.0,-1.0,39.98203,-75.18866,18.0
3074,2025-11-17,7pm-7am,3.0,5.0,2.0,39.95511,-75.20987,15.0
3375,2025-07-02,7am-7pm,10.0,20.0,10.0,39.96036,-75.1402,22.0
3291,2025-04-01,7am-7pm,2.0,2.0,0.0,40.01022,-75.197,15.0
3395,2025-01-02,7pm-7am,0.0,1.0,1.0,39.93866,-75.16351,13.0
3248,2025-03-04,7am-7pm,7.0,8.0,1.0,39.94213,-75.18335,22.0
3097,2023-01-26,7pm-7am,0.0,2.0,2.0,39.97888,-75.13339,18.0
3201,2025-12-16,7pm-7am,0.0,2.0,2.0,39.95523,-75.1662,20.0
3351,2025-10-25,7am-7pm,0.0,1.0,1.0,39.99655,-75.14991,18.0
3164,2025-09-18,7am-7pm,24.0,25.0,1.0,39.92814,-75.16515,18.0
3018,2024-12-26,7am-7pm,3.0,6.0,3.0,39.95273,-75.15979,18.0
3237,2024-07-14,7am-7pm,3.0,1.0,-2.0,39.91717,-75.17096,21.0
3327,2025-10-22,7pm-7am,0.0,4.0,4.0,39.97759,-75.12442,17.0
3374,2025-05-17,7am-7pm,32.0,21.0,-11.0,39.9728,-75.17971,18.0
3073,2023-08-17,7am-7pm,8.0,4.0,-4.0,39.96143,-75.15242,15.0
3038,2024-11-16,7pm-7am,4.0,5.0,1.0,39.94781,-75.19409,28.0
3184,2025-01-31,7pm-7am,1.0,0.0,-1.0,39.94573,-75.19551,22.0
3196,2024-04-22,7am-7pm,1.0,2.0,1.0,39.98717,-75.17477,17.0
3040,2024-07-06,7am-7pm,12.0,9.0,-3.0,39.96289,-75.16606,21.0
3347,2024-09-04,7am-7pm,7.0,11.0,4.0,,,
3329,2023-05-16,7am-7pm,2.0,4.0,2.0,40.02651,-75.22445,15.0
3431,2025-07-25,7am-7pm,2.0,2.0,0.0,39.96239,-75.24522,15.0
3068,2024-01-06,7am-7pm,1.0,3.0,2.0,39.93549,-75.16711,18.0
3340,2026-02-26,7pm-7am,2.0,5.0,3.0,39.96906,-75.18169,17.0
3162,2024-03-06,7pm-7am,1.0,2.0,1.0,39.94595,-75.18475,34.0
3114,2025-07-12,7pm-7am,7.0,5.0,-2.0,39.93775,-75.18012,17.0
3334,2025-08-15,7pm-7am,2.0,11.0,9.0,39.9302,-75.15636,19.0
3185,2024-05-16,7pm-7am,9.0,11.0,2.0,39.95169,-75.15888,21.0
3381,2024-05-27,7am-7pm,1.0,4.0,3.0,39.94845,-75.21807,13.0
3343,2024-06-28,7am-7pm,14.0,11.0,-3.0,,,
3287,2025-12-03,7am-7pm,1.0,3.0,2.0,39.94367,-75.21606,16.0
3276,2024-03-03,7pm-7am,1.0,0.0,-1.0,39.96569,-75.15679,18.0
3403,2025-10-22,7am-7pm,2.0,1.0,-1.0,39.99153,-75.22528,15.0
3070,2023-05-18,7am-7pm,4.0,3.0,-1.0,,,
3256,2024-03-02,7am-7pm,2.0,3.0,1.0,39.95269,-75.17779,23.0
3354,2024-12-18,7pm-7am,0.0,2.0,2.0,39.95628,-75.2387,18.0
3116,2025-03-11,7pm-7am,1.0,2.0,1.0,39.96006,-75.17198,21.0
3263,2026-03-18,7am-7pm,2.0,1.0,-1.0,39.9586,-75.2081,18.0
3184,2024-12-17,7pm-7am,1.0,0.0,-1.0,39.94573,-75.19551,22.0
3244,2024-09-24,7pm-7am,9.0,11.0,2.0,,,
3154,2024-05-30,7am-7pm,14.0,21.0,7.0,39.95924,-75.15821,16.0
3369,2025-07-10,7pm-7am,2.0,2.0,0.0,40.00772,-75.19194,16.0
3021,2026-01-18,7am-7pm,1.0,1.0,0.0,39.9539,-75.16902,34.0
3047,2023-02-13,7am-7pm,13.0,13.0,0.0,39.95073,-75.14947,20.0
3185,2025-10-03,7pm-7am,16.0,24.0,8.0,39.95169,-75.15888,21.0
3056,2025-11-16,7am-7pm,9.0,4.0,-5.0,39.97669,-75.15813,22.0
3316,2025-04-14,7pm-7am,1.0,3.0,2.0,39.92255,-75.17337,19.0
3155,2025-09-05,7am-7pm,24.0,28.0,4.0,39.94018,-75.15442,18.0
3299,2023-05-29,7pm-7am,5.0,4.0,-1.0,39.94332,-75.15698,22.0
3188,2024-08-29,7pm-7am,3.0,1.0,-2.0,39.90471,-75.1734,56.0
3246,2025-12-23,7am-7pm,4.0,4.0,0.0,39.94782,-75.22301,17.0
3078,2025-11-09,7am-7pm,13.0,11.0,-2.0,39.95355,-75.17192,18.0
3210,2024-04-15,7am-7pm,16.0,10.0,-6.0,39.98492,-75.15668,18.0
3012,2025-06-20,7am-7pm,34.0,24.0,-10.0,39.94218,-75.17747,27.0
3411,2025-07-30,7am-7pm,1.0,2.0,1.0,39.96693,-75.23359,15.0
3154,2025-07-04,7am-7pm,9.0,13.0,4.0,39.95924,-75.15821,16.0
3362,2025-06-02,7am-7pm,34.0,27.0,-7.0,39.94816,-75.16226,19.0
3210,2023-02-04,7am-7pm,1.0,1.0,0.0,39.98492,-75.15668,18.0
3093,2023-10-22,7am-7pm,1.0,2.0,1.0,39.98837,-75.18701,16.0
3119,2023-12-14,7am-7pm,6.0,4.0,-2.0,39.96674,-75.20799,17.0
3168,2023-03-12,7am-7pm,16.0,14.0,-2.0,,,
3273,2023-04-19,7pm-7am,5.0,4.0,-1.0,,,
3356,2024-06-06,7am-7pm,2.0,2.0,0.0,39.89322,-75.17187,19.0
3066,2023-07-07,7pm-7am,13.0,11.0,-2.0,39.94561,-75.17348,29.0
3241,2026-01-02,7am-7pm,3.0,1.0,-2.0,39.95225,-75.22637,20.0
3123,2024-05-24,7pm-7am,2.0,2.0,0.0,39.98004,-75.17088,16.0
3393,2024-10-30,7am-7pm,7.0,10.0,3.0,39.96727,-75.13999,18.0
3161,2023-06-08,7am-7pm,15.0,18.0,3.0,39.95486,-75.18091,23.0
3038,2023-02-12,7am-7pm,3.0,8.0,5.0,39.94781,-75.19409,28.0
3024,2023-06-20,7am-7pm,11.0,7.0,-4.0,39.94822,-75.20908,19.0
3307,2023-02-18,7pm-7am,2.0,1.0,-1.0,40.0028,-75.174,11.0
3200,2024-08-02,7am-7pm,6.0,8.0,2.0,39.97583,-75.16846,17.0
3069,2025-05-20,7am-7pm,24.0,18.0,-6.0,39.93704,-75.15038,23.0
3150,2025-09-20,7am-7pm,15.0,10.0,-5.0,39.92884,-75.17021,17.0
3370,2025-08-15,7pm-7am,1.0,0.0,-1.0,40.0163,-75.21241,16.0
3285,2025-12-14,7am-7pm,1.0,0.0,-1.0,39.95946,-75.14745,19.0
3187,2025-10-17,7pm-7am,1.0,0.0,-1.0,39.95725,-75.17232,19.0
3324,2025-03-21,7pm-7am,2.0,1.0,-1.0,39.99484,-75.19242,23.0
3006,2024-10-01,7am-7pm,17.0,17.0,0.0,39.9522,-75.20311,17.0
3201,2026-02-09,7pm-7am,2.0,3.0,1.0,39.95523,-75.1662,20.0
3250,2025-04-15,7am-7pm,7.0,6.0,-1.0,39.95673,-75.14575,17.0
3306,2025-10-24,7pm-7am,1.0,0.0,-1.0,39.99683,-75.17761,11.0
3125,2023-12-10,7am-7pm,10.0,7.0,-3.0,39.94391,-75.16735,16.0
3010,2023-05-03,7am-7pm,33.0,33.0,0.0,39.94711,-75.16618,22.0
3264,2024-10-21,7am-7pm,47.0,29.0,-18.0,39.94571,-75.15508,23.0
3196,2023-10-09,7am-7pm,0.0,1.0,1.0,39.98717,-75.17477,17.0
3022,2025-05-14,7pm-7am,14.0,9.0,-5.0,39.95472,-75.18323,21.0
3362,2024-11-11,7pm-7am,9.0,6.0,-3.0,39.94816,-75.16226,19.0
3323,2025-05-24,7am-7pm,7.0,8.0,1.0,40.02796,-75.2277,18.0
3343,2023-09-04,7am-7pm,4.0,5.0,1.0,,,
3053,2025-12-16,7am-7pm,11.0,11.0,0.0,39.93231,-75.18154,19.0
3254,2024-01-03,7am-7pm,1.0,1.0,0.0,39.98091,-75.16065,18.0
3075,2024-09-14,7am-7pm,13.0,12.0,-1.0,39.96718,-75.16125,12.0
3350,2025-05-08,7pm-7am,2.0,0.0,-2.0,39.99415,-75.15527,20.0
3361,2023-12-10,7am-7pm,4.0,3.0,-1.0,39.93082,-75.17474,21.0
3026,2024-06-08,7pm-7am,19.0,15.0,-4.0,39.94182,-75.1455,17.0
3165,2024-11-04,7pm-7am,26.0,14.0,-12.0,39.95819,-75.1782,22.0
3388,2024-11-12,7pm-7am,3.0,1.0,-2.0,39.96634,-75.15097,19.0
3166,2025-05-19,7pm-7am,8.0,3.0,-5.0,39.97195,-75.13445,22.0
3249,2024-12-10,7pm-7am,2.0,1.0,-1.0,39.95784,-75.19079,22.0
3197,2025-02-20,7pm-7am,0.0,1.0,1.0,39.92083,-75.17033,23.0
3051,2023-01-07,7pm-7am,2.0,1.0,-1.0,39.96744,-75.17507,37.0
3016,2026-03-29,7pm-7am,0.0,1.0,1.0,39.96892,-75.1547,15.0
3256,2023-10-25,7pm-7am,10.0,6.0,-4.0,39.95269,-75.17779,23.0
3007,2026-02-04,7am-7pm,10.0,4.0,-6.0,39.94517,-75.15993,20.0
3059,2025-09-05,7am-7pm,33.0,36.0,3.0,39.96244,-75.16121,21.0
3375,2025-06-01,7pm-7am,10.0,6.0,-4.0,39.96036,-75.1402,22.0
3267,2023-01-31,7am-7pm,2.0,1.0,-1.0,39.918,-75.1796,12.0
3077,2025-10-06,7pm-7am,6.0,6.0,0.0,39.97207,-75.16351,19.0
3018,2025-07-23,7pm-7am,8.0,9.0,1.0,39.95273,-75.15979,18.0
3165,2023-04-20,7am-7pm,15.0,13.0,-2.0,39.95819,-75.1782,22.0
3088,2023-04-23,7pm-7am,2.0,4.0,2.0,39.96984,-75.1418,35.0
3056,2023-04-24,7pm-7am,1.0,0.0,-1.0,39.97669,-75.15813,22.0
3162,2025-11-12,7pm-7am,4.0,5.0,1.0,39.94595,-75.18475,34.0
3049,2025-12-09,7am-7pm,3.0,4.0,1.0,39.94509,-75.1425,29.0
3253,2023-04-10,7pm-7am,0.0,4.0,4.0,39.93074,-75.18924,21.0
3069,2023-02-09,7am-7pm,10.0,9.0,-1.0,39.93704,-75.15038,23.0
3291,2025-11-17,7pm-7am,0.0,1.0,1.0,40.01022,-75.197,15.0
3170,2023-01-13,7pm-7am,4.0,1.0,-3.0,,,
3060,2026-01-26,7am-7pm,2.0,0.0,-2.0,39.95923,-75.17036,19.0
3255,2025-07-20,7pm-7am,16.0,7.0,-9.0,39.95095,-75.16438,15.0
3033,2025-09-04,7am-7pm,35.0,28.0,-7.0,39.95005,-75.15672,20.0
3233,2023-12-25,7pm-7am,1.0,0.0,-1.0,,,
3258,2024-11-02,7am-7pm,3.0,4.0,1.0,39.95828,-75.22424,20.0
3355,2024-03-19,7am-7pm,2.0,3.0,1.0,,,
3359,2025-10-20,7pm-7am,10.0,5.0,-5.0,39.94888,-75.16978,29.0
3165,2024-11-11,7pm-7am,4.0,2.0,-2.0,39.95819,-75.1782,22.0
3263,2023-10-03,7pm-7am,3.0,2.0,-1.0,39.9586,-75.2081,18.0
3184,2025-06-29,7pm-7am,2.0,2.0,0.0,39.94573,-75.19551,22.0
3112,2026-01-14,7pm-7am,2.0,5.0,3.0,39.95373,-75.21825,18.0
3237,2023-06-04,7am-7pm,1.0,3.0,2.0,39.91717,-75.17096,21.0
3116,2023-06-05,7pm-7am,4.0,6.0,2.0,39.96006,-75.17198,21.0
3112,2023-11-30,7am-7pm,3.0,4.0,1.0,39.95373,-75.21825,18.0
3371,2026-03-13,7pm-7am,4.0,0.0,-4.0,39.9534,-75.1543,19.0
3338,2025-06-12,7am-7pm,1.0,0.0,-1.0,39.95098,-75.23035,21.0
3017,2025-04-01,7am-7pm,6.0,6.0,0.0,39.98003,-75.14371,15.0
3119,2024-10-20,7pm-7am,2.0,2.0,0.0,39.96674,-75.20799,17.0
3251,2025-10-19,7am-7pm,3.0,0.0,-3.0,39.93366,-75.19319,16.0
3075,2023-07-16,7pm-7am,5.0,5.0,0.0,39.96718,-75.16125,12.0
3352,2025-03-12,7pm-7am,1.0,1.0,0.0,40.00143,-75.15256,11.0
3248,2024-02-01,7am-7pm,8.0,4.0,-4.0,39.94213,-75.18335,22.0
3117,2025-06-25,7pm-7am,4.0,2.0,-2.0,39.97841,-75.22399,14.0
3185,2025-04-10,7pm-7am,7.0,5.0,-2.0,39.95169,-75.15888,21.0
3034,2025-06-28,7am-7pm,23.0,18.0,-5.0,39.93315,-75.16248,16.0
3354,2024-12-07,7am-7pm,1.0,0.0,-1.0,39.95628,-75.2387,18.0
3264,2025-10-14,7am-7pm,24.0,20.0,-4.0,39.94571,-75.15508,23.0
3418,2025-05-08,7am-7pm,1.0,0.0,-1.0,40.00924,-75.15198,17.0
3018,2023-07-09,7pm-7am,6.0,7.0,1.0,39.95273,-75.15979,18.0
3034,2025-12-31,7pm-7am,5.0,6.0,1.0,39.93315,-75.16248,16.0
3007,2025-06-09,7pm-7am,3.0,2.0,-1.0,39.94517,-75.15993,20.0
3325,2026-03-20,7am-7pm,5.0,5.0,0.0,39.9768,-75.12764,22.0
3017,2023-02-16,7am-7pm,7.0,6.0,-1.0,39.98003,-75.14371,15.0
3099,2026-03-30,7am-7pm,10.0,13.0,3.0,39.93401,-75.15094,19.0
3345,2025-08-11,7pm-7am,2.0,6.0,4.0,39.9617,-75.14667,19.0
3335,2024-12-10,7am-7pm,3.0,0.0,-3.0,40.02237,-75.218,18.0
3352,2024-06-04,7am-7pm,4.0,3.0,-1.0,40.00143,-75.15256,11.0
3188,2023-09-10,7am-7pm,5.0,8.0,3.0,39.90471,-75.1734,56.0
3187,2025-02-09,7pm-7am,1.0,0.0,-1.0,39.95725,-75.17232,19.0
3102,2023-05-29,7pm-7am,9.0,14.0,5.0,39.96759,-75.17952,26.0
3051,2026-01-09,7am-7pm,18.0,23.0,5.0,39.96744,-75.17507,37.0
3100,2024-09-29,7am-7pm,15.0,17.0,2.0,39.92777,-75.15103,38.0
3161,2025-10-28,7pm-7am,5.0,17.0,12.0,39.95486,-75.18091,23.0
3249,2025-04-05,7pm-7am,5.0,2.0,-3.0,39.95784,-75.19079,22.0
3261,2025-09-22,7pm-7am,1.0,7.0,6.0,39.96304,-75.14099,17.0
3102,2025-07-19,7pm-7am,4.0,2.0,-2.0,39.96759,-75.17952,26.0
3335,2025-11-05,7pm-7am,2.0,1.0,-1.0,40.02237,-75.218,18.0
3345,2024-12-31,7am-7pm,11.0,10.0,-1.0,39.9617,-75.14667,19.0
3010,2025-07-21,7am-7pm,51.0,44.0,-7.0,39.94711,-75.16618,22.0
3350,2025-09-17,7pm-7am,0.0,2.0,2.0,39.99415,-75.15527,20.0
3165,2023-08-11,7pm-7am,9.0,4.0,-5.0,39.95819,-75.1782,22.0
3246,2025-11-07,7pm-7am,3.0,1.0,-2.0,39.94782,-75.22301,17.0
3117,2023-02-24,7am-7pm,0.0,1.0,1.0,39.97841,-75.22399,14.0
3374,2025-10-27,7pm-7am,7.0,4.0,-3.0,39.9728,-75.17971,18.0
3053,2025-11-16,7pm-7am,4.0,5.0,1.0,39.93231,-75.18154,19.0
3249,2023-04-09,7pm-7am,3.0,1.0,-2.0,39.95784,-75.19079,22.0
3247,2024-02-18,7pm-7am,0.0,1.0,1.0,39.96538,-75.21514,16.0
3106,2023-08-07,7pm-7am,2.0,0.0,-2.0,39.99179,-75.18637,17.0
3070,2023-05-12,7pm-7am,2.0,2.0,0.0,,,
3102,2024-11-22,7pm-7am,8.0,4.0,-4.0,39.96759,-75.17952,26.0
3118,2025-04-24,7pm-7am,1.0,1.0,0.0,39.95866,-75.21323,20.0
3113,2023-11-13,7am-7pm,2.0,0.0,-2.0,39.97472,-75.19781,12.0
3093,2023-11-02,7pm-7am,0.0,1.0,1.0,39.98837,-75.18701,16.0
3271,2024-12-02,7pm-7am,1.0,0.0,-1.0,39.9476,-75.22946,18.0
3209,2024-10-28,7pm-7am,2.0,3.0,1.0,39.949,-75.21278,14.0
3028,2025-02-08,7am-7pm,16.0,17.0,1.0,39.94061,-75.14958,15.0
3039,2025-06-13,7am-7pm,5.0,6.0,1.0,39.97157,-75.15993,17.0
3184,2024-12-29,7pm-7am,1.0,0.0,-1.0,39.94573,-75.19551,22.0
3279,2025-02-02,7am-7pm,3.0,4.0,1.0,39.9265,-75.1668,18.0
3258,2024-02-06,7am-7pm,0.0,2.0,2.0,39.95828,-75.22424,20.0
3097,2023-05-07,7am-7pm,9.0,11.0,2.0,39.97888,-75.13339,18.0
3334,2024-03-25,7pm-7am,1.0,2.0,1.0,39.9302,-75.15636,19.0
3010,2023-11-29,7am-7pm,40.0,51.0,11.0,39.94711,-75.16618,22.0
3383,2024-05-21,7am-7pm,10.0,14.0,4.0,39.96634,-75.14222,19.0
3287,2024-03-16,7pm-7am,0.0,2.0,2.0,39.94367,-75.21606,16.0
3021,2024-11-24,7pm-7am,0.0,2.0,2.0,39.9539,-75.16902,34.0
3152,2025-08-29,7pm-7am,3.0,3.0,0.0,39.94993,-75.20286,17.0
3169,2023-04-01,7pm-7am,2.0,1.0,-1.0,39.95382,-75.14263,17.0
3064,2023-02-04,7pm-7am,1.0,3.0,2.0,39.9384,-75.17327,22.0
3273,2023-11-12,7pm-7am,0.0,2.0,2.0,,,
3344,2024-03-01,7pm-7am,1.0,1.0,0.0,39.95961,-75.23354,23.0
3061,2025-03-13,7pm-7am,5.0,5.0,0.0,,,
3295,2023-05-01,7pm-7am,8.0,8.0,0.0,39.95028,-75.16027,21.0
3378,2024-07-06,7am-7pm,11.0,14.0,3.0,39.95238,-75.14728,18.0
3245,2025-01-07,7am-7pm,2.0,0.0,-2.0,39.97887,-75.15777,20.0
3052,2025-02-09,7am-7pm,7.0,7.0,0.0,39.94732,-75.15695,25.0
3233,2025-03-19,7am-7pm,1.0,3.0,2.0,,,
3029,2024-08-31,7pm-7am,9.0,9.0,0.0,39.9538,-75.19479,17.0
3162,2024-05-18,7pm-7am,5.0,2.0,-3.0,39.94595,-75.18475,34.0
3296,2023-01-05,7pm-7am,12.0,9.0,-3.0,39.95134,-75.16758,21.0
3333,2025-09-21,7am-7pm,10.0,7.0,-3.0,39.9541,-75.16965,25.0
3056,2025-12-15,7am-7pm,4.0,0.0,-4.0,39.97669,-75.15813,22.0
3025,2023-10-04,7pm-7am,8.0,8.0,0.0,39.93724,-75.1612,15.0
3099,2025-03-26,7pm-7am,2.0,1.0,-1.0,39.93401,-75.15094,19.0
3310,2025-05-21,7am-7pm,1.0,1.0,0.0,39.98024,-75.18651,15.0
3047,2023-12-13,7am-7pm,13.0,13.0,0.0,39.95073,-75.14947,20.0
3394,2025-04-04,7am-7pm,7.0,5.0,-2.0,39.924,-75.16959,14.0
3068,2023-09-29,7pm-7am,3.0,5.0,2.0,39.93549,-75.16711,18.0
3248,2024-06-28,7am-7pm,19.0,20.0,1.0,39.94213,-75.18335,22.0
3370,2025-11-17,7am-7pm,1.0,2.0,1.0,40.0163,-75.21241,16.0
3398,2025-03-04,7am-7pm,2.0,2.0,0.0,39.91551,-75.15474,15.0
3369,2024-05-10,7am-7pm,1.0,1.0,0.0,40.00772,-75.19194,16.0
3073,2025-03-23,7am-7pm,2.0,2.0,0.0,39.96143,-75.15242,15.0
3041,2024-12-18,7am-7pm,7.0,11.0,4.0,39.96849,-75.13546,26.0
3357,2024-04-24,7am-7pm,1.0,1.0,0.0,39.9104,-75.16588,27.0
3184,2025-02-08,7am-7pm,0.0,1.0,1.0,39.94573,-75.19551,22.0
3102,2024-06-30,7am-7pm,11.0,10.0,-1.0,39.96759,-75.17952,26.0
3287,2024-12-30,7am-7pm,0.0,1.0,1.0,39.94367,-75.21606,16.0
3411,2025-09-05,7pm-7am,2.0,1.0,-1.0,39.96693,-75.23359,15.0
3058,2026-01-14,7pm-7am,6.0,6.0,0.0,,,
3196,2024-09-17,7am-7pm,2.0,3.0,1.0,39.98717,-75.17477,17.0
3251,2025-08-30,7pm-7am,1.0,3.0,2.0,39.93366,-75.19319,16.0
3336,2023-05-31,7pm-7am,3.0,1.0,-2.0,39.95719,-75.19388,20.0
3008,2024-10-12,7pm-7am,3.0,1.0,-2.0,39.98081,-75.15067,17.0
3007,2023-10-08,7am-7pm,47.0,48.0,1.0,39.94517,-75.15993,20.0
3006,2023-06-19,7am-7pm,10.0,10.0,0.0,39.9522,-75.20311,17.0
3283,2023-10-03,7pm-7am,1.0,1.0,0.0,,,
3062,2025-12-31,7am-7pm,3.0,3.0,0.0,,,
3303,2023-08-22,7pm-7am,4.0,5.0,1.0,39.9559,-75.2053,20.0
3314,2024-09-16,7am-7pm,15.0,13.0,-2.0,39.93682,-75.14492,17.0
3160,2024-08-01,7am-7pm,23.0,14.0,-9.0,39.95662,-75.19862,41.0
3299,2023-06-14,7am-7pm,13.0,11.0,-2.0,39.94332,-75.15698,22.0
3350,2025-02-02,7am-7pm,0.0,1.0,1.0,39.99415,-75.15527,20.0
3201,2025-02-20,7pm-7am,2.0,2.0,0.0,39.95523,-75.1662,20.0
3097,2024-09-01,7am-7pm,7.0,9.0,2.0,39.97888,-75.13339,18.0
3034,2025-04-01,7am-7pm,33.0,26.0,-7.0,39.93315,-75.16248,16.0
3300,2024-02-04,7am-7pm,4.0,3.0,-1.0,39.95511,-75.16287,13.0
3331,2025-12-10,7pm-7am,0.0,3.0,3.0,39.97116,-75.12813,20.0
3057,2024-02-28,7pm-7am,0.0,2.0,2.0,39.96439,-75.17987,26.0
3086,2024-08-18,7pm-7am,8.0,0.0,-8.0,39.94019,-75.16691,21.0
3360,2025-01-05,7pm-7am,2.0,2.0,0.0,39.93304,-75.16822,22.0
3021,2023-02-19,7am-7pm,7.0,9.0,2.0,39.9539,-75.16902,34.0
3276,2024-08-20,7am-7pm,9.0,8.0,-1.0,39.96569,-75.15679,18.0
3297,2025-03-23,7am-7pm,8.0,10.0,2.0,39.95821,-75.16901,19.0
3251,2023-07-27,7am-7pm,3.0,2.0,-1.0,39.93366,-75.19319,16.0
3188,2025-03-27,7am-7pm,3.0,4.0,1.0,39.90471,-75.1734,56.0
3299,2025-07-09,7am-7pm,19.0,17.0,-2.0,39.94332,-75.15698,22.0
3160,2024-04-21,7am-7pm,10.0,7.0,-3.0,39.95662,-75.19862,41.0
3028,2026-02-18,7pm-7am,10.0,9.0,-1.0,39.94061,-75.14958,15.0
3295,2023-12-09,7am-7pm,31.0,37.0,6.0,39.95028,-75.16027,21.0
3207,2023-09-20,7pm-7am,11.0,4.0,-7.0,39.95441,-75.192,20.0
3226,2023-08-30,7pm-7am,6.0,5.0,-1.0,39.98101,-75.13721,18.0
3333,2024-03-24,7am-7pm,7.0,2.0,-5.0,39.9541,-75.16965,25.0
3008,2023-09-08,7pm-7am,0.0,2.0,2.0,39.98081,-75.15067,17.0
3040,2024-01-11,7pm-7am,3.0,2.0,-1.0,39.96289,-75.16606,21.0
3346,2024-10-20,7am-7pm,21.0,21.0,0.0,39.94883,-75.15097,17.0
3376,2024-02-18,7pm-7am,0.0,2.0,2.0,39.97183,-75.14878,8.0
3030,2025-12-22,7am-7pm,19.0,15.0,-4.0,,,
3387,2025-07-22,7am-7pm,3.0,6.0,3.0,39.97012,-75.14666,19.0
3251,2024-07-03,7am-7pm,5.0,1.0,-4.0,39.93366,-75.19319,16.0
3107,2024-08-20,7am-7pm,9.0,7.0,-2.0,39.98203,-75.18866,18.0
3323,2023-11-04,7am-7pm,7.0,6.0,-1.0,40.02796,-75.2277,18.0
3378,2026-03-28,7am-7pm,7.0,6.0,-1.0,39.95238,-75.14728,18.0
3159,2025-03-22,7am-7pm,14.0,17.0,3.0,39.95121,-75.19962,23.0
3065,2024-09-06,7am-7pm,5.0,2.0,-3.0,39.9707,-75.15171,15.0
3261,2023-05-12,7pm-7am,6.0,8.0,2.0,39.96304,-75.14099,17.0
3016,2025-09-03,7am-7pm,8.0,5.0,-3.0,39.96892,-75.1547,15.0
3304,2023-09-14,7pm-7am,8.0,10.0,2.0,39.94234,-75.15399,21.0
3208,2025-07-04,7pm-7am,11.0,7.0,-4.0,39.95048,-75.19324,28.0
3318,2023-10-14,7am-7pm,8.0,8.0,0.0,39.95182,-75.16395,20.0
3258,2025-08-24,7am-7pm,2.0,3.0,1.0,39.95828,-75.22424,20.0
3201,2023-03-17,7am-7pm,12.0,10.0,-2.0,39.95523,-75.1662,20.0
3298,2024-11-10,7am-7pm,1.0,0.0,-1.0,39.94717,-75.20691,15.0
3324,2023-06-27,7am-7pm,3.0,1.0,-2.0,39.99484,-75.19242,23.0
3299,2024-01-17,7pm-7am,2.0,1.0,-1.0,39.94332,-75.15698,22.0
3034,2025-10-21,7am-7pm,36.0,36.0,0.0,39.93315,-75.16248,16.0
3020,2026-02-18,7pm-7am,6.0,13.0,7.0,39.94855,-75.19007,36.0
3345,2024-05-09,7am-7pm,12.0,14.0,2.0,39.9617,-75.14667,19.0
3341,2024-12-26,7pm-7am,0.0,2.0,2.0,39.98131,-75.12732,20.0
3039,2024-02-04,7pm-7am,1.0,3.0,2.0,39.97157,-75.15993,17.0
3285,2023-07-27,7am-7pm,5.0,7.0,2.0,39.95946,-75.14745,19.0
3152,2023-01-12,7pm-7am,1.0,0.0,-1.0,39.94993,-75.20286,17.0
3034,2024-04-15,7am-7pm,27.0,25.0,-2.0,39.93315,-75.16248,16.0
3317,2023-05-15,7pm-7am,0.0,3.0,3.0,,,
3207,2025-05-17,7am-7pm,18.0,19.0,1.0,39.95441,-75.192,20.0
3407,2025-09-11,7am-7pm,7.0,7.0,0.0,39.9785,-75.13911,15.0
3187,2023-01-22,7am-7pm,0.0,2.0,2.0,39.95725,-75.17232,19.0
3025,2026-02-26,7am-7pm,15.0,12.0,-3.0,39.93724,-75.1612,15.0
3112,2025-05-16,7pm-7am,6.0,6.0,0.0,39.95373,-75.21825,18.0
3255,2023-11-17,7pm-7am,14.0,12.0,-2.0,39.95095,-75.16438,15.0
3154,2024-12-12,7pm-7am,3.0,7.0,4.0,39.95924,-75.15821,16.0
3055,2023-02-17,7pm-7am,1.0,3.0,2.0,39.95112,-75.15457,15.0
3115,2025-10-23,7am-7pm,9.0,3.0,-6.0,39.97263,-75.16757,18.0
3303,2024-02-04,7pm-7am,0.0,1.0,1.0,39.9559,-75.2053,20.0
3414,2025-06-15,7am-7pm,2.0,0.0,-2.0,39.93922,-75.22347,13.0
3124,2024-01-22,7pm-7am,0.0,1.0,1.0,39.95367,-75.13956,17.0
3104,2023-03-14,7am-7pm,2.0,1.0,-1.0,39.96664,-75.19209,13.0
3158,2024-05-30,7am-7pm,10.0,14.0,4.0,39.92552,-75.16904,15.0
3054,2023-08-16,7am-7pm,28.0,26.0,-2.0,39.9625,-75.1742,35.0
3031,2024-02-29,7am-7pm,15.0,12.0,-3.0,39.98005,-75.15522,21.0
3182,2024-04-09,7am-7pm,10.0,13.0,3.0,,,
3347,2025-05-19,7pm-7am,3.0,5.0,2.0,,,
3210,2024-11-01,7pm-7am,10.0,7.0,-3.0,39.98492,-75.15668,18.0
3100,2024-06-26,7am-7pm,20.0,23.0,3.0,39.92777,-75.15103,38.0
3110,2023-11-12,7am-7pm,7.0,5.0,-2.0,39.96175,-75.13641,19.0
3261,2025-03-29,7pm-7am,4.0,5.0,1.0,39.96304,-75.14099,17.0
3375,2025-05-31,7pm-7am,2.0,4.0,2.0,39.96036,-75.1402,22.0
3100,2023-02-20,7pm-7am,5.0,6.0,1.0,39.92777,-75.15103,38.0
3115,2023-04-25,7am-7pm,4.0,5.0,1.0,39.97263,-75.16757,18.0
3150,2025-05-13,7am-7pm,4.0,3.0,-1.0,39.92884,-75.17021,17.0
3226,2024-02-06,7pm-7am,1.0,2.0,1.0,39.98101,-75.13721,18.0
3040,2024-12-21,7am-7pm,8.0,5.0,-3.0,39.96289,-75.16606,21.0
3033,2024-05-29,7pm-7am,9.0,10.0,1.0,39.95005,-75.15672,20.0
3265,2023-07-16,7pm-7am,0.0,1.0,1.0,39.95957,-75.19633,13.0
3102,2023-10-26,7am-7pm,33.0,28.0,-5.0,39.96759,-75.17952,26.0
3097,2023-02-10,7pm-7am,2.0,1.0,-1.0,39.97888,-75.13339,18.0
3393,2026-03-09,7pm-7am,4.0,10.0,6.0,39.96727,-75.13999,18.0
3268,2025-09-10,7am-7pm,6.0,4.0,-2.0,39.97633,-75.15101,22.0
3212,2024-11-30,7am-7pm,2.0,5.0,3.0,39.96383,-75.18177,32.0
3316,2025-10-17,7am-7pm,4.0,4.0,0.0,39.92255,-75.17337,19.0
3251,2023-06-13,7pm-7am,1.0,3.0,2.0,39.93366,-75.19319,16.0
3211,2026-01-26,7am-7pm,2.0,0.0,-2.0,39.97172,-75.1706,22.0
3088,2023-05-06,7am-7pm,20.0,13.0,-7.0,39.96984,-75.1418,35.0
3100,2024-07-02,7am-7pm,34.0,26.0,-8.0,39.92777,-75.15103,38.0
3061,2026-03-09,7pm-7am,27.0,13.0,-14.0,,,
3258,2024-11-13,7am-7pm,8.0,6.0,-2.0,39.95828,-75.22424,20.0
3159,2023-10-22,7pm-7am,1.0,3.0,2.0,39.95121,-75.19962,23.0
3098,2024-08-22,7am-7pm,22.0,13.0,-9.0,39.93431,-75.16042,19.0
3187,2024-04-02,7am-7pm,5.0,5.0,0.0,39.95725,-75.17232,19.0
3275,2023-09-19,7am-7pm,9.0,8.0,-1.0,39.97576,-75.12157,22.0
3297,2025-05-09,7pm-7am,4.0,2.0,-2.0,39.95821,-75.16901,19.0
3400,2025-04-27,7am-7pm,15.0,14.0,-1.0,39.949,-75.16081,18.0
3304,2024-01-22,7am-7pm,7.0,7.0,0.0,39.94234,-75.15399,21.0
3245,2023-05-05,7pm-7am,2.0,2.0,0.0,39.97887,-75.15777,20.0
3271,2024-05-03,7am-7pm,3.0,1.0,-2.0,39.9476,-75.22946,18.0
3073,2024-05-14,7am-7pm,7.0,14.0,7.0,39.96143,-75.15242,15.0
3250,2023-11-11,7pm-7am,1.0,0.0,-1.0,39.95673,-75.14575,17.0
3158,2026-01-15,7am-7pm,9.0,8.0,-1.0,39.92552,-75.16904,15.0
3208,2023-11-04,7am-7pm,27.0,35.0,8.0,39.95048,-75.19324,28.0
3088,2024-09-10,7am-7pm,15.0,18.0,3.0,39.96984,-75.1418,35.0
3188,2025-12-26,7am-7pm,2.0,2.0,0.0,39.90471,-75.1734,56.0
3020,2025-08-18,7pm-7am,5.0,21.0,16.0,39.94855,-75.19007,36.0
3250,2026-01-03,7am-7pm,2.0,2.0,0.0,39.95673,-75.14575,17.0
3305,2024-04-20,7pm-7am,1.0,1.0,0.0,39.99569,-75.1671,11.0
3066,2026-01-01,7pm-7am,2.0,1.0,-1.0,39.94561,-75.17348,29.0
3390,2025-11-25,7pm-7am,1.0,0.0,-1.0,39.96,-75.2244,18.0
3063,2025-05-22,7pm-7am,5.0,3.0,-2.0,39.94633,-75.1698,25.0
3311,2023-03-28,7pm-7am,2.0,1.0,-1.0,,,
3117,2024-02-17,7am-7pm,0.0,1.0,1.0,39.97841,-75.22399,14.0
3275,2025-11-26,7pm-7am,2.0,1.0,-1.0,39.97576,-75.12157,22.0
3209,2023-06-03,7am-7pm,24.0,27.0,3.0,39.949,-75.21278,14.0
3061,2025-04-07,7pm-7am,6.0,3.0,-3.0,,,
3278,2023-06-25,7am-7pm,1.0,1.0,0.0,39.99301,-75.1681,11.0
3351,2023-10-16,7pm-7am,2.0,0.0,-2.0,39.99655,-75.14991,18.0
3267,2024-02-19,7pm-7am,2.0,2.0,0.0,39.918,-75.1796,12.0
3062,2023-04-01,7am-7pm,3.0,4.0,1.0,,,
3005,2023-04-09,7am-7pm,5.0,10.0,5.0,39.94733,-75.14403,13.0
3304,2024-12-09,7pm-7am,6.0,4.0,-2.0,39.94234,-75.15399,21.0
3296,2024-07-19,7am-7pm,34.0,39.0,5.0,39.95134,-75.16758,21.0
3066,2023-09-25,7pm-7am,7.0,11.0,4.0,39.94561,-75.17348,29.0
3254,2024-09-19,7pm-7am,4.0,7.0,3.0,39.98091,-75.16065,18.0
3069,2023-07-08,7am-7pm,8.0,12.0,4.0,39.93704,-75.15038,23.0
3207,2023-12-08,7pm-7am,9.0,7.0,-2.0,39.95441,-75.192,20.0
3211,2023-12-28,7pm-7am,0.0,1.0,1.0,39.97172,-75.1706,22.0
3072,2025-01-29,7pm-7am,4.0,2.0,-2.0,39.93445,-75.14541,25.0
3086,2023-09-04,7pm-7am,1.0,2.0,1.0,39.94019,-75.16691,21.0
3294,2023-11-30,7am-7pm,17.0,17.0,0.0,39.95174,-75.17063,21.0
3361,2025-06-21,7am-7pm,23.0,18.0,-5.0,39.93082,-75.17474,21.0
3247,2023-01-23,7am-7pm,1.0,0.0,-1.0,39.96538,-75.21514,16.0
3321,2023-12-09,7pm-7am,1.0,1.0,0.0,39.95485,-75.17298,21.0
3226,2023-10-10,7pm-7am,0.0,1.0,1.0,39.98101,-75.13721,18.0
3313,2023-05-27,7pm-7am,1.0,1.0,0.0,39.9158,-75.1643,9.0
3244,2023-12-04,7pm-7am,6.0,6.0,0.0,,,
3197,2024-07-02,7pm-7am,6.0,6.0,0.0,39.92083,-75.17033,23.0
3006,2023-10-08,7am-7pm,15.0,10.0,-5.0,39.9522,-75.20311,17.0
3102,2025-01-03,7pm-7am,3.0,1.0,-2.0,39.96759,-75.17952,26.0
3054,2023-05-21,7pm-7am,6.0,6.0,0.0,39.9625,-75.1742,35.0
3255,2025-04-06,7pm-7am,7.0,4.0,-3.0,39.95095,-75.16438,15.0
3032,2026-02-27,7pm-7am,5.0,7.0,2.0,39.94527,-75.17971,20.0
3059,2025-11-01,7pm-7am,10.0,13.0,3.0,39.96244,-75.16121,21.0
3233,2025-03-05,7am-7pm,2.0,1.0,-1.0,,,
3211,2023-05-08,7am-7pm,6.0,4.0,-2.0,39.97172,-75.1706,22.0
3310,2024-08-01,7pm-7am,2.0,2.0,0.0,39.98024,-75.18651,15.0
3116,2025-01-24,7pm-7am,1.0,0.0,-1.0,39.96006,-75.17198,21.0
3251,2026-01-29,7pm-7am,0.0,1.0,1.0,39.93366,-75.19319,16.0
3102,2025-10-09,7pm-7am,9.0,10.0,1.0,39.96759,-75.17952,26.0
3362,2024-12-29,7pm-7am,11.0,5.0,-6.0,39.94816,-75.16226,19.0
3154,2025-02-23,7am-7pm,7.0,2.0,-5.0,39.95924,-75.15821,16.0
3162,2024-09-04,7am-7pm,33.0,21.0,-12.0,39.94595,-75.18475,34.0
3034,2025-09-16,7pm-7am,4.0,4.0,0.0,39.93315,-75.16248,16.0
3123,2023-10-13,7am-7pm,2.0,0.0,-2.0,39.98004,-75.17088,16.0
3017,2024-05-05,7pm-7am,3.0,2.0,-1.0,39.98003,-75.14371,15.0
3349,2023-11-11,7am-7pm,4.0,4.0,0.0,39.93651,-75.18621,17.0
3295,2024-06-12,7pm-7am,21.0,23.0,2.0,39.95028,-75.16027,21.0
3160,2023-07-10,7am-7pm,23.0,14.0,-9.0,39.95662,-75.19862,41.0
3325,2024-03-15,7pm-7am,0.0,1.0,1.0,39.9768,-75.12764,22.0
3187,2024-04-05,7am-7pm,14.0,9.0,-5.0,39.95725,-75.17232,19.0
3116,2023-01-25,7am-7pm,4.0,3.0,-1.0,39.96006,-75.17198,21.0
3332,2025-07-03,7am-7pm,1.0,1.0,0.0,40.00537,-75.18143,12.0
3340,2025-01-27,7am-7pm,7.0,11.0,4.0,39.96906,-75.18169,17.0
3064,2023-06-14,7pm-7am,4.0,9.0,5.0,39.9384,-75.17327,22.0
3155,2024-09-09,7pm-7am,2.0,7.0,5.0,39.94018,-75.15442,18.0
3113,2023-08-04,7am-7pm,7.0,6.0,-1.0,39.97472,-75.19781,12.0
3383,2024-07-28,7pm-7am,5.0,8.0,3.0,39.96634,-75.14222,19.0
3099,2024-09-03,7am-7pm,20.0,13.0,-7.0,39.93401,-75.15094,19.0
3046,2024-11-10,7pm-7am,7.0,1.0,-6.0,,,
3159,2025-03-29,7pm-7am,3.0,7.0,4.0,39.95121,-75.19962,23.0
3025,2025-10-07,7am-7pm,22.0,20.0,-2.0,39.93724,-75.1612,15.0
3248,2024-03-11,7pm-7am,2.0,6.0,4.0,39.94213,-75.18335,22.0
3014,2025-11-17,7am-7pm,6.0,5.0,-1.0,39.95886,-75.17369,25.0
3088,2023-10-12,7am-7pm,21.0,16.0,-5.0,39.96984,-75.1418,35.0
3170,2023-02-03,7pm-7am,1.0,1.0,0.0,,,
3272,2025-04-30,7am-7pm,8.0,4.0,-4.0,39.96405,-75.22048,13.0
3213,2025-10-30,7am-7pm,22.0,25.0,3.0,39.93887,-75.16663,25.0
3395,2025-09-02,7pm-7am,4.0,0.0,-4.0,39.93866,-75.16351,13.0
3365,2025-02-11,7pm-7am,1.0,1.0,0.0,39.96173,-75.18788,17.0
3052,2024-01-15,7am-7pm,9.0,6.0,-3.0,39.94732,-75.15695,25.0
3331,2024-10-27,7am-7pm,9.0,7.0,-2.0,39.97116,-75.12813,20.0
3196,2026-01-22,7am-7pm,2.0,1.0,-1.0,39.98717,-75.17477,17.0
3385,2025-07-31,7am-7pm,5.0,10.0,5.0,39.94974,-75.15424,15.0
3327,2025-09-15,7am-7pm,6.0,5.0,-1.0,39.97759,-75.12442,17.0
3233,2024-09-06,7pm-7am,1.0,0.0,-1.0,,,
3237,2023-01-20,7am-7pm,4.0,2.0,-2.0,39.91717,-75.17096,21.0
3313,2023-04-14,7pm-7am,1.0,3.0,2.0,39.9158,-75.1643,9.0
3324,2023-05-19,7pm-7am,5.0,8.0,3.0,39.99484,-75.19242,23.0
3331,2023-11-20,7pm-7am,1.0,0.0,-1.0,39.97116,-75.12813,20.0
3235,2023-03-20,7am-7pm,10.0,6.0,-4.0,39.96,-75.1651,15.0
3110,2025-04-10,7pm-7am,6.0,2.0,-4.0,39.96175,-75.13641,19.0
3425,2025-11-22,7pm-7am,0.0,1.0,1.0,39.9849,-75.13255,15.0
3035,2024-09-26,7am-7pm,19.0,14.0,-5.0,39.96271,-75.19419,20.0
3059,2023-01-29,7am-7pm,11.0,15.0,4.0,39.96244,-75.16121,21.0
3107,2024-11-05,7pm-7am,0.0,1.0,1.0,39.98203,-75.18866,18.0
3246,2024-10-05,7pm-7am,0.0,2.0,2.0,39.94782,-75.22301,17.0
3166,2024-08-12,7am-7pm,12.0,13.0,1.0,39.97195,-75.13445,22.0
3026,2024-05-16,7am-7pm,18.0,19.0,1.0,39.94182,-75.1455,17.0
3062,2025-09-19,7pm-7am,5.0,10.0,5.0,,,
3033,2025-04-25,7pm-7am,8.0,4.0,-4.0,39.95005,-75.15672,20.0
3245,2024-04-22,7am-7pm,9.0,8.0,-1.0,39.97887,-75.15777,20.0
3211,2025-04-02,7pm-7am,2.0,1.0,-1.0,39.97172,-75.1706,22.0
3250,2023-06-19,7am-7pm,5.0,1.0,-4.0,39.95673,-75.14575,17.0
3053,2025-06-18,7am-7pm,28.0,22.0,-6.0,39.93231,-75.18154,19.0
3332,2023-08-15,7am-7pm,1.0,0.0,-1.0,40.00537,-75.18143,12.0
3408,2025-04-24,7pm-7am,1.0,4.0,3.0,39.9216,-75.15,17.0
3150,2024-06-22,7am-7pm,12.0,3.0,-9.0,39.92884,-75.17021,17.0
3039,2023-08-04,7am-7pm,12.0,9.0,-3.0,39.97157,-75.15993,17.0
3093,2025-08-12,7pm-7am,0.0,1.0,1.0,39.98837,-75.18701,16.0
3210,2025-06-21,7pm-7am,8.0,5.0,-3.0,39.98492,-75.15668,18.0
3236,2024-04-13,7am-7pm,5.0,4.0,-1.0,39.96566,-75.17765,18.0
3266,2023-06-04,7am-7pm,12.0,13.0,1.0,39.9237,-75.14701,22.0
3317,2023-04-23,7am-7pm,6.0,5.0,-1.0,,,
3158,2026-01-08,7am-7pm,8.0,8.0,0.0,39.92552,-75.16904,15.0
3207,2025-03-05,7am-7pm,10.0,14.0,4.0,39.95441,-75.192,20.0
3154,2026-01-08,7am-7pm,13.0,9.0,-4.0,39.95924,-75.15821,16.0
3110,2023-08-10,7pm-7am,6.0,2.0,-4.0,39.96175,-75.13641,19.0
3052,2023-07-20,7am-7pm,41.0,41.0,0.0,39.94732,-75.15695,25.0
3055,2025-12-27,7am-7pm,2.0,4.0,2.0,39.95112,-75.15457,15.0
3031,2024-03-20,7am-7pm,7.0,12.0,5.0,39.98005,-75.15522,21.0
3069,2023-01-27,7pm-7am,4.0,2.0,-2.0,39.93704,-75.15038,23.0
3248,2025-03-05,7am-7pm,7.0,4.0,-3.0,39.94213,-75.18335,22.0
3017,2024-07-26,7pm-7am,7.0,6.0,-1.0,39.98003,-75.14371,15.0
3187,2023-03-18,7pm-7am,3.0,2.0,-1.0,39.95725,-75.17232,19.0
3436,2026-01-21,7pm-7am,1.0,1.0,0.0,39.98287,-75.10121,13.0
3238,2024-03-08,7am-7pm,13.0,24.0,11.0,39.97674,-75.11995,11.0
3326,2023-05-21,7am-7pm,8.0,11.0,3.0,39.99198,-75.19944,17.0
3325,2025-12-13,7am-7pm,1.0,4.0,3.0,39.9768,-75.12764,22.0
3169,2025-08-21,7pm-7am,7.0,3.0,-4.0,39.95382,-75.14263,17.0
3318,2023-08-25,7am-7pm,22.0,17.0,-5.0,39.95182,-75.16395,20.0
3043,2023-05-24,7am-7pm,19.0,15.0,-4.0,,,
3165,2024-03-17,7pm-7am,2.0,2.0,0.0,39.95819,-75.1782,22.0
3017,2025-05-11,7pm-7am,0.0,4.0,4.0,39.98003,-75.14371,15.0
3099,2023-09-08,7pm-7am,5.0,10.0,5.0,39.93401,-75.15094,19.0
3029,2025-06-19,7am-7pm,9.0,10.0,1.0,39.9538,-75.19479,17.0
3038,2025-03-16,7pm-7am,3.0,4.0,1.0,39.94781,-75.19409,28.0
3169,2024-11-29,7pm-7am,2.0,1.0,-1.0,39.95382,-75.14263,17.0
3098,2025-07-17,7am-7pm,17.0,19.0,2.0,39.93431,-75.16042,19.0
3249,2023-07-28,7am-7pm,10.0,10.0,0.0,39.95784,-75.19079,22.0
3046,2025-01-13,7pm-7am,3.0,2.0,-1.0,,,
3409,2026-02-23,7am-7pm,0.0,1.0,1.0,39.95508,-75.15128,20.0
3362,2025-08-26,7am-7pm,20.0,23.0,3.0,39.94816,-75.16226,19.0
3371,2024-08-29,7am-7pm,13.0,16.0,3.0,39.9534,-75.1543,19.0
3165,2025-02-14,7pm-7am,3.0,3.0,0.0,39.95819,-75.1782,22.0
3325,2023-08-11,7am-7pm,1.0,4.0,3.0,39.9768,-75.12764,22.0
3268,2026-03-28,7am-7pm,2.0,2.0,0.0,39.97633,-75.15101,22.0
3318,2025-06-07,7am-7pm,12.0,16.0,4.0,39.95182,-75.16395,20.0
3304,2025-02-09,7pm-7am,1.0,2.0,1.0,39.94234,-75.15399,21.0
3336,2024-09-25,7pm-7am,4.0,1.0,-3.0,39.95719,-75.19388,20.0
3279,2025-04-06,7am-7pm,8.0,9.0,1.0,39.9265,-75.1668,18.0
3188,2023-04-08,7am-7pm,14.0,21.0,7.0,39.90471,-75.1734,56.0
3065,2025-11-05,7am-7pm,3.0,2.0,-1.0,39.9707,-75.15171,15.0
3022,2023-06-27,7am-7pm,19.0,24.0,5.0,39.95472,-75.18323,21.0
3283,2023-04-04,7am-7pm,5.0,1.0,-4.0,,,
3249,2024-01-13,7am-7pm,9.0,5.0,-4.0,39.95784,-75.19079,22.0
3258,2026-02-03,7am-7pm,0.0,1.0,1.0,39.95828,-75.22424,20.0
3390,2024-09-25,7pm-7am,2.0,2.0,0.0,39.96,-75.2244,18.0
3331,2025-06-29,7pm-7am,1.0,2.0,1.0,39.97116,-75.12813,20.0
3204,2025-11-27,7am-7pm,5.0,2.0,-3.0,39.96437,-75.16582,22.0
3029,2024-11-04,7pm-7am,9.0,8.0,-1.0,39.9538,-75.19479,17.0
3252,2026-02-21,7am-7pm,4.0,2.0,-2.0,39.93882,-75.19324,14.0
3099,2025-11-28,7am-7pm,6.0,5.0,-1.0,39.93401,-75.15094,19.0
3029,2025-09-05,7am-7pm,33.0,34.0,1.0,39.9538,-75.19479,17.0
3350,2025-08-16,7am-7pm,3.0,3.0,0.0,39.99415,-75.15527,20.0
3020,2025-08-16,7am-7pm,9.0,17.0,8.0,39.94855,-75.19007,36.0
3373,2025-10-30,7pm-7am,14.0,9.0,-5.0,39.95817,-75.15668,15.0
3241,2025-09-23,7am-7pm,4.0,3.0,-1.0,39.95225,-75.22637,20.0
3397,2026-01-17,7pm-7am,2.0,1.0,-1.0,39.93906,-75.17824,15.0
3052,2025-03-23,7pm-7am,5.0,1.0,-4.0,39.94732,-75.15695,25.0
3275,2023-04-09,7am-7pm,2.0,4.0,2.0,39.97576,-75.12157,22.0
3311,2023-11-23,7am-7pm,2.0,3.0,1.0,,,
3314,2023-10-13,7am-7pm,11.0,4.0,-7.0,39.93682,-75.14492,17.0
3181,2024-10-10,7am-7pm,1.0,0.0,-1.0,39.89629,-75.17514,20.0
3259,2024-10-07,7am-7pm,11.0,15.0,4.0,39.95998,-75.19883,17.0
3155,2024-08-17,7pm-7am,2.0,1.0,-1.0,39.94018,-75.15442,18.0
3331,2024-07-05,7am-7pm,2.0,6.0,4.0,39.97116,-75.12813,20.0
3249,2024-05-26,7pm-7am,5.0,7.0,2.0,39.95784,-75.19079,22.0
3257,2024-09-15,7pm-7am,4.0,5.0,1.0,,,
3025,2025-07-29,7am-7pm,13.0,20.0,7.0,39.93724,-75.1612,15.0
3438,2025-11-22,7am-7pm,2.0,2.0,0.0,39.98421,-75.11304,13.0
3297,2023-12-16,7am-7pm,1.0,3.0,2.0,39.95821,-75.16901,19.0
3324,2024-07-01,7am-7pm,7.0,9.0,2.0,39.99484,-75.19242,23.0
3381,2024-08-27,7pm-7am,0.0,3.0,3.0,39.94845,-75.21807,13.0
3400,2026-03-02,7pm-7am,6.0,6.0,0.0,39.949,-75.16081,18.0
3022,2025-07-21,7am-7pm,40.0,31.0,-9.0,39.95472,-75.18323,21.0
3342,2025-05-09,7am-7pm,11.0,11.0,0.0,39.9639,-75.17385,20.0
3422,2026-02-28,7pm-7am,0.0,2.0,2.0,39.95619,-75.18647,10.0
3383,2024-11-16,7am-7pm,7.0,6.0,-1.0,39.96634,-75.14222,19.0
3331,2024-06-11,7pm-7am,2.0,1.0,-1.0,39.97116,-75.12813,20.0
3035,2024-04-23,7pm-7am,3.0,10.0,7.0,39.96271,-75.19419,20.0
3152,2024-01-09,7pm-7am,0.0,1.0,1.0,39.94993,-75.20286,17.0
3303,2023-09-02,7pm-7am,0.0,6.0,6.0,39.9559,-75.2053,20.0
3183,2025-03-27,7pm-7am,0.0,1.0,1.0,39.88994,-75.17679,20.0
3385,2025-02-14,7am-7pm,10.0,3.0,-7.0,39.94974,-75.15424,15.0
3268,2024-10-26,7pm-7am,1.0,1.0,0.0,39.97633,-75.15101,22.0
3208,2024-06-27,7pm-7am,3.0,8.0,5.0,39.95048,-75.19324,28.0
3267,2024-02-27,7am-7pm,0.0,4.0,4.0,39.918,-75.1796,12.0
3163,2024-10-27,7am-7pm,36.0,36.0,0.0,39.94974,-75.18097,22.0
3088,2023-12-31,7am-7pm,7.0,7.0,0.0,39.96984,-75.1418,35.0
3040,2023-02-15,7pm-7am,8.0,6.0,-2.0,39.96289,-75.16606,21.0
3325,2024-06-12,7am-7pm,5.0,7.0,2.0,39.9768,-75.12764,22.0
3310,2025-02-06,7am-7pm,3.0,2.0,-1.0,39.98024,-75.18651,15.0
3344,2024-01-27,7am-7pm,1.0,1.0,0.0,39.95961,-75.23354,23.0
3210,2025-05-26,7am-7pm,7.0,9.0,2.0,39.98492,-75.15668,18.0
3335,2025-06-07,7am-7pm,4.0,5.0,1.0,40.02237,-75.218,18.0
3342,2025-06-17,7am-7pm,11.0,9.0,-2.0,39.9639,-75.17385,20.0
3331,2025-10-31,7pm-7am,4.0,1.0,-3.0,39.97116,-75.12813,20.0
3357,2024-11-25,7pm-7am,0.0,1.0,1.0,39.9104,-75.16588,27.0
3073,2025-07-08,7pm-7am,8.0,4.0,-4.0,39.96143,-75.15242,15.0
3385,2025-09-12,7pm-7am,2.0,4.0,2.0,39.94974,-75.15424,15.0
3118,2023-12-19,7pm-7am,0.0,1.0,1.0,39.95866,-75.21323,20.0
3372,2025-08-15,7am-7pm,4.0,2.0,-2.0,39.92528,-75.18672,15.0
3110,2023-05-22,7pm-7am,8.0,6.0,-2.0,39.96175,-75.13641,19.0
3115,2024-07-19,7am-7pm,1.0,2.0,1.0,39.97263,-75.16757,18.0
3246,2026-03-01,7am-7pm,5.0,4.0,-1.0,39.94782,-75.22301,17.0
3098,2024-12-02,7am-7pm,5.0,4.0,-1.0,39.93431,-75.16042,19.0
3445,2026-02-21,7am-7pm,2.0,3.0,1.0,39.97235,-75.13426,3.0
3116,2023-02-06,7am-7pm,8.0,10.0,2.0,39.96006,-75.17198,21.0
3366,2024-07-18,7am-7pm,2.0,1.0,-1.0,,,
3320,2024-08-16,7am-7pm,7.0,3.0,-4.0,39.9746,-75.15917,17.0
3378,2025-02-26,7pm-7am,1.0,3.0,2.0,39.95238,-75.14728,18.0
3417,2025-11-09,7am-7pm,0.0,1.0,1.0,39.99146,-75.14808,15.0
3322,2024-08-12,7am-7pm,11.0,18.0,7.0,39.93638,-75.15526,13.0
3051,2025-11-06,7pm-7am,5.0,7.0,2.0,39.96744,-75.17507,37.0
3086,2023-10-20,7pm-7am,4.0,1.0,-3.0,39.94019,-75.16691,21.0
3033,2026-03-13,7pm-7am,3.0,10.0,7.0,39.95005,-75.15672,20.0
3374,2024-08-17,7pm-7am,5.0,5.0,0.0,39.9728,-75.17971,18.0
3347,2024-11-20,7pm-7am,4.0,0.0,-4.0,,,
3014,2024-08-19,7am-7pm,10.0,6.0,-4.0,39.95886,-75.17369,25.0
3066,2025-03-04,7am-7pm,34.0,25.0,-9.0,39.94561,-75.17348,29.0
3258,2025-10-28,7pm-7am,1.0,4.0,3.0,39.95828,-75.22424,20.0
3029,2024-11-06,7am-7pm,37.0,40.0,3.0,39.9538,-75.19479,17.0
3237,2023-07-10,7pm-7am,3.0,2.0,-1.0,39.91717,-75.17096,21.0
3342,2024-04-23,7am-7pm,11.0,10.0,-1.0,39.9639,-75.17385,20.0
3350,2025-03-01,7pm-7am,0.0,1.0,1.0,39.99415,-75.15527,20.0
3399,2026-01-02,7am-7pm,3.0,5.0,2.0,39.97502,-75.14006,15.0
3123,2024-07-15,7pm-7am,0.0,2.0,2.0,39.98004,-75.17088,16.0
3382,2024-08-07,7am-7pm,10.0,11.0,1.0,39.95038,-75.17309,11.0
3306,2023-06-15,7pm-7am,2.0,0.0,-2.0,39.99683,-75.17761,11.0
3012,2023-11-27,7am-7pm,28.0,23.0,-5.0,39.94218,-75.17747,27.0
3277,2026-01-15,7am-7pm,4.0,1.0,-3.0,39.98306,-75.16738,20.0
3028,2024-03-20,7pm-7am,7.0,5.0,-2.0,39.94061,-75.14958,15.0
3285,2025-03-07,7pm-7am,3.0,1.0,-2.0,39.95946,-75.14745,19.0
3264,2024-10-05,7am-7pm,8.0,11.0,3.0,39.94571,-75.15508,23.0
3323,2023-05-18,7am-7pm,9.0,10.0,1.0,40.02796,-75.2277,18.0
3062,2025-01-27,7pm-7am,1.0,2.0,1.0,,,
3320,2025-02-10,7am-7pm,2.0,3.0,1.0,39.9746,-75.15917,17.0
3007,2024-06-04,7pm-7am,23.0,16.0,-7.0,39.94517,-75.15993,20.0
3337,2025-03-11,7am-7pm,5.0,7.0,2.0,39.97318,-75.14612,15.0
3278,2023-05-15,7am-7pm,1.0,0.0,-1.0,39.99301,-75.1681,11.0
3393,2025-12-03,7am-7pm,6.0,8.0,2.0,39.96727,-75.13999,18.0
3034,2026-03-03,7pm-7am,0.0,4.0,4.0,39.93315,-75.16248,16.0
3328,2024-07-07,7pm-7am,2.0,2.0,0.0,39.98798,-75.1995,23.0
3152,2024-02-01,7pm-7am,1.0,1.0,0.0,39.94993,-75.20286,17.0
3073,2023-07-11,7am-7pm,9.0,6.0,-3.0,39.96143,-75.15242,15.0
3005,2025-07-15,7pm-7am,17.0,12.0,-5.0,39.94733,-75.14403,13.0
3099,2024-01-18,7am-7pm,2.0,1.0,-1.0,39.93401,-75.15094,19.0
3233,2023-07-03,7am-7pm,5.0,4.0,-1.0,,,
3418,2025-10-29,7am-7pm,2.0,1.0,-1.0,40.00924,-75.15198,17.0
3039,2023-11-30,7pm-7am,1.0,3.0,2.0,39.97157,-75.15993,17.0
3211,2024-07-29,7pm-7am,0.0,2.0,2.0,39.97172,-75.1706,22.0
3257,2024-11-10,7am-7pm,6.0,6.0,0.0,,,
3374,2025-07-29,7pm-7am,4.0,8.0,4.0,39.9728,-75.17971,18.0
3250,2024-10-11,7am-7pm,11.0,6.0,-5.0,39.95673,-75.14575,17.0
3107,2025-06-02,7am-7pm,6.0,5.0,-1.0,39.98203,-75.18866,18.0
3252,2026-03-01,7am-7pm,1.0,0.0,-1.0,39.93882,-75.19324,14.0
3184,2025-11-01,7pm-7am,2.0,0.0,-2.0,39.94573,-75.19551,22.0
3261,2024-03-19,7pm-7am,3.0,1.0,-2.0,39.96304,-75.14099,17.0
3212,2023-07-22,7am-7pm,53.0,62.0,9.0,39.96383,-75.18177,32.0
3019,2023-06-14,7pm-7am,3.0,2.0,-1.0,39.95403,-75.14983,15.0
3078,2025-10-06,7am-7pm,23.0,23.0,0.0,39.95355,-75.17192,18.0
3063,2023-07-22,7pm-7am,13.0,12.0,-1.0,39.94633,-75.1698,25.0
3275,2025-02-09,7pm-7am,2.0,6.0,4.0,39.97576,-75.12157,22.0
3430,2025-11-05,7pm-7am,1.0,3.0,2.0,39.97408,-75.1801,14.0
3371,2025-05-14,7am-7pm,9.0,11.0,2.0,39.9534,-75.1543,19.0
3185,2025-03-20,7am-7pm,23.0,25.0,2.0,39.95169,-75.15888,21.0
3008,2026-02-08,7am-7pm,2.0,3.0,1.0,39.98081,-75.15067,17.0
3272,2024-08-27,7am-7pm,4.0,4.0,0.0,39.96405,-75.22048,13.0
3086,2025-11-24,7am-7pm,13.0,12.0,-1.0,39.94019,-75.16691,21.0
3300,2024-02-24,7pm-7am,1.0,2.0,1.0,39.95511,-75.16287,13.0
3331,2024-03-18,7am-7pm,3.0,7.0,4.0,39.97116,-75.12813,20.0
3295,2026-01-08,7pm-7am,9.0,9.0,0.0,39.95028,-75.16027,21.0
3278,2023-09-20,7am-7pm,0.0,1.0,1.0,39.99301,-75.1681,11.0
3059,2024-09-06,7am-7pm,30.0,26.0,-4.0,39.96244,-75.16121,21.0
3051,2026-02-06,7am-7pm,10.0,4.0,-6.0,39.96744,-75.17507,37.0
3204,2023-03-20,7pm-7am,3.0,2.0,-1.0,39.96437,-75.16582,22.0
3207,2025-07-20,7pm-7am,10.0,5.0,-5.0,39.95441,-75.192,20.0
3322,2024-08-10,7pm-7am,6.0,5.0,-1.0,39.93638,-75.15526,13.0
3349,2024-04-07,7pm-7am,4.0,4.0,0.0,39.93651,-75.18621,17.0
3166,2026-01-23,7pm-7am,3.0,1.0,-2.0,39.97195,-75.13445,22.0
3261,2024-03-10,7pm-7am,4.0,2.0,-2.0,39.96304,-75.14099,17.0
3360,2023-12-08,7am-7pm,14.0,8.0,-6.0,39.93304,-75.16822,22.0
3267,2024-06-20,7pm-7am,0.0,1.0,1.0,39.918,-75.1796,12.0
3436,2025-08-31,7pm-7am,0.0,1.0,1.0,39.98287,-75.10121,13.0
3152,2026-01-17,7pm-7am,1.0,1.0,0.0,39.94993,-75.20286,17.0
3243,2024-11-24,7am-7pm,2.0,1.0,-1.0,39.9835,-75.14743,12.0
3168,2025-02-19,7pm-7am,7.0,0.0,-7.0,,,
3068,2025-07-08,7pm-7am,4.0,5.0,1.0,39.93549,-75.16711,18.0
3205,2025-02-13,7pm-7am,5.0,8.0,3.0,39.95405,-75.16783,22.0
3304,2025-12-27,7pm-7am,3.0,5.0,2.0,39.94234,-75.15399,21.0
3097,2023-09-08,7am-7pm,7.0,8.0,1.0,39.97888,-75.13339,18.0
3209,2023-07-13,7pm-7am,6.0,4.0,-2.0,39.949,-75.21278,14.0
3377,2024-03-25,7am-7pm,3.0,2.0,-1.0,,,
3096,2023-09-03,7am-7pm,3.0,3.0,0.0,39.99119,-75.17975,14.0
3333,2024-08-18,7pm-7am,4.0,2.0,-2.0,39.9541,-75.16965,25.0
3204,2024-08-21,7am-7pm,22.0,15.0,-7.0,39.96437,-75.16582,22.0
3059,2023-08-19,7pm-7am,5.0,10.0,5.0,39.96244,-75.16121,21.0
3086,2023-11-08,7pm-7am,5.0,2.0,-3.0,39.94019,-75.16691,21.0
3019,2023-10-04,7am-7pm,10.0,10.0,0.0,39.95403,-75.14983,15.0
3009,2025-08-12,7am-7pm,23.0,29.0,6.0,39.95576,-75.18982,14.0
3185,2025-10-27,7am-7pm,36.0,30.0,-6.0,39.95169,-75.15888,21.0
3029,2024-04-12,7pm-7am,8.0,6.0,-2.0,39.9538,-75.19479,17.0
3349,2023-10-10,7am-7pm,5.0,7.0,2.0,39.93651,-75.18621,17.0
3396,2025-08-12,7am-7pm,5.0,4.0,-1.0,39.92327,-75.1821,16.0
3016,2023-07-29,7am-7pm,2.0,2.0,0.0,39.96892,-75.1547,15.0
3182,2024-09-15,7am-7pm,14.0,16.0,2.0,,,
3204,2025-09-04,7am-7pm,25.0,20.0,-5.0,39.96437,-75.16582,22.0
3183,2023-05-31,7am-7pm,1.0,1.0,0.0,39.88994,-75.17679,20.0
3037,2026-03-14,7pm-7am,5.0,3.0,-2.0,39.95424,-75.16138,21.0
3212,2025-11-06,7pm-7am,5.0,5.0,0.0,39.96383,-75.18177,32.0
3254,2023-08-09,7pm-7am,4.0,1.0,-3.0,39.98091,-75.16065,18.0
3025,2025-07-25,7pm-7am,13.0,7.0,-6.0,39.93724,-75.1612,15.0
3383,2026-02-25,7pm-7am,0.0,3.0,3.0,39.96634,-75.14222,19.0
3031,2025-01-29,7am-7pm,5.0,7.0,2.0,39.98005,-75.15522,21.0
3320,2026-02-18,7am-7pm,3.0,1.0,-2.0,39.9746,-75.15917,17.0
3313,2025-10-26,7am-7pm,11.0,8.0,-3.0,39.9158,-75.1643,9.0
3169,2023-12-06,7am-7pm,6.0,5.0,-1.0,39.95382,-75.14263,17.0
3061,2026-03-13,7am-7pm,19.0,17.0,-2.0,,,
3319,2026-02-27,7pm-7am,1.0,1.0,0.0,39.96672,-75.12964,16.0
3283,2023-05-16,7am-7pm,3.0,3.0,0.0,,,
3247,2024-06-27,7pm-7am,2.0,0.0,-2.0,39.96538,-75.21514,16.0
3107,2024-06-30,7am-7pm,4.0,2.0,-2.0,39.98203,-75.18866,18.0
3447,2025-12-27,7pm-7am,5.0,4.0,-1.0,39.95009,-75.14467,25.0
3062,2024-06-20,7am-7pm,13.0,13.0,0.0,,,
3012,2024-12-18,7am-7pm,34.0,27.0,-7.0,39.94218,-75.17747,27.0
3354,2025-05-05,7am-7pm,0.0,1.0,1.0,39.95628,-75.2387,18.0
3101,2024-09-28,7pm-7am,7.0,8.0,1.0,39.94295,-75.15955,18.0
3299,2025-08-26,7pm-7am,12.0,7.0,-5.0,39.94332,-75.15698,22.0
3111,2023-03-17,7am-7pm,1.0,2.0,1.0,39.97779,-75.21323,14.0
3421,2025-06-08,7am-7pm,2.0,0.0,-2.0,39.91972,-75.16408,13.0
3101,2024-06-01,7pm-7am,10.0,4.0,-6.0,39.94295,-75.15955,18.0
3326,2025-09-22,7am-7pm,6.0,5.0,-1.0,39.99198,-75.19944,17.0
3004,2023-01-17,7pm-7am,0.0,2.0,2.0,39.95371,-75.16423,23.0
3038,2023-02-14,7am-7pm,20.0,21.0,1.0,39.94781,-75.19409,28.0
3021,2024-05-17,7pm-7am,5.0,1.0,-4.0,39.9539,-75.16902,34.0
3170,2023-09-18,7pm-7am,0.0,3.0,3.0,,,
3266,2025-08-10,7am-7pm,13.0,19.0,6.0,39.9237,-75.14701,22.0
3075,2024-11-21,7pm-7am,4.0,2.0,-2.0,39.96718,-75.16125,12.0
3238,2023-08-19,7pm-7am,6.0,8.0,2.0,39.97674,-75.11995,11.0
3164,2024-08-31,7am-7pm,22.0,17.0,-5.0,39.92814,-75.16515,18.0
3054,2024-08-12,7am-7pm,30.0,28.0,-2.0,39.9625,-75.1742,35.0
3160,2023-01-28,7pm-7am,5.0,6.0,1.0,39.95662,-75.19862,41.0
3210,2023-04-26,7pm-7am,3.0,4.0,1.0,39.98492,-75.15668,18.0
3039,2023-11-11,7pm-7am,1.0,1.0,0.0,39.97157,-75.15993,17.0
3168,2024-02-15,7pm-7am,8.0,6.0,-2.0,,,
3308,2024-01-04,7am-7pm,5.0,4.0,-1.0,,,
3257,2024-01-25,7pm-7am,0.0,2.0,2.0,,,
3400,2025-10-10,7am-7pm,15.0,11.0,-4.0,39.949,-75.16081,18.0
3022,2023-02-04,7am-7pm,3.0,8.0,5.0,39.95472,-75.18323,21.0
3256,2024-02-15,7am-7pm,14.0,23.0,9.0,39.95269,-75.17779,23.0
3238,2025-07-14,7pm-7am,0.0,4.0,4.0,39.97674,-75.11995,11.0
3376,2024-07-25,7pm-7am,3.0,2.0,-1.0,39.97183,-75.14878,8.0
3264,2024-08-10,7pm-7am,11.0,3.0,-8.0,39.94571,-75.15508,23.0
3351,2025-05-07,7am-7pm,2.0,2.0,0.0,39.99655,-75.14991,18.0
3118,2024-12-16,7am-7pm,1.0,1.0,0.0,39.95866,-75.21323,20.0
3204,2024-11-26,7am-7pm,9.0,7.0,-2.0,39.96437,-75.16582,22.0
3375,2025-10-03,7pm-7am,4.0,2.0,-2.0,39.96036,-75.1402,22.0
3326,2025-07-21,7pm-7am,3.0,3.0,0.0,39.99198,-75.19944,17.0
3053,2024-11-10,7am-7pm,14.0,10.0,-4.0,39.93231,-75.18154,19.0
3160,2024-09-07,7am-7pm,1.0,6.0,5.0,39.95662,-75.19862,41.0
3113,2025-12-21,7am-7pm,3.0,1.0,-2.0,39.97472,-75.19781,12.0
3030,2025-04-03,7am-7pm,17.0,14.0,-3.0,,,
3310,2026-01-22,7pm-7am,1.0,1.0,0.0,39.98024,-75.18651,15.0
3336,2024-07-06,7pm-7am,1.0,1.0,0.0,39.95719,-75.19388,20.0
3019,2024-03-29,7pm-7am,0.0,1.0,1.0,39.95403,-75.14983,15.0
3328,2023-07-31,7am-7pm,2.0,2.0,0.0,39.98798,-75.1995,23.0
3256,2023-11-25,7pm-7am,4.0,2.0,-2.0,39.95269,-75.17779,23.0
3209,2023-01-04,7am-7pm,5.0,4.0,-1.0,39.949,-75.21278,14.0
3022,2023-08-20,7am-7pm,10.0,17.0,7.0,39.95472,-75.18323,21.0
3017,2023-08-09,7am-7pm,8.0,10.0,2.0,39.98003,-75.14371,15.0
3164,2025-08-18,7am-7pm,16.0,20.0,4.0,39.92814,-75.16515,18.0
3297,2024-07-05,7pm-7am,8.0,7.0,-1.0,39.95821,-75.16901,19.0
3197,2024-11-24,7pm-7am,2.0,4.0,2.0,39.92083,-75.17033,23.0
3301,2025-11-03,7pm-7am,10.0,6.0,-4.0,39.95029,-75.17126,15.0
3102,2023-04-23,7pm-7am,1.0,4.0,3.0,39.96759,-75.17952,26.0
3197,2025-10-27,7pm-7am,2.0,1.0,-1.0,39.92083,-75.17033,23.0
3352,2025-08-01,7pm-7am,1.0,4.0,3.0,40.00143,-75.15256,11.0
3204,2023-03-30,7am-7pm,14.0,9.0,-5.0,39.96437,-75.16582,22.0
3388,2025-06-04,7am-7pm,5.0,3.0,-2.0,39.96634,-75.15097,19.0
3183,2023-11-11,7pm-7am,0.0,1.0,1.0,39.88994,-75.17679,20.0
3284,2024-09-27,7am-7pm,3.0,3.0,0.0,40.01112,-75.19287,14.0
3266,2025-10-18,7am-7pm,7.0,11.0,4.0,39.9237,-75.14701,22.0
3337,2023-08-09,7am-7pm,9.0,11.0,2.0,39.97318,-75.14612,15.0
3209,2026-03-23,7pm-7am,2.0,1.0,-1.0,39.949,-75.21278,14.0
3317,2023-08-06,7pm-7am,0.0,1.0,1.0,,,
3051,2023-10-19,7pm-7am,13.0,17.0,4.0,39.96744,-75.17507,37.0
3067,2025-01-14,7pm-7am,1.0,0.0,-1.0,39.96411,-75.19973,17.0
3068,2023-08-29,7am-7pm,23.0,19.0,-4.0,39.93549,-75.16711,18.0
3077,2023-08-27,7am-7pm,6.0,3.0,-3.0,39.97207,-75.16351,19.0
3243,2024-12-06,7am-7pm,1.0,0.0,-1.0,39.9835,-75.14743,12.0
3075,2023-05-18,7am-7pm,10.0,14.0,4.0,39.96718,-75.16125,12.0
3296,2025-09-03,7am-7pm,43.0,44.0,1.0,39.95134,-75.16758,21.0
3241,2023-09-04,7am-7pm,4.0,6.0,2.0,39.95225,-75.22637,20.0
3184,2024-10-22,7pm-7am,0.0,1.0,1.0,39.94573,-75.19551,22.0
3287,2023-06-06,7pm-7am,1.0,5.0,4.0,39.94367,-75.21606,16.0
3008,2023-08-01,7am-7pm,6.0,6.0,0.0,39.98081,-75.15067,17.0
3295,2024-05-07,7am-7pm,30.0,32.0,2.0,39.95028,-75.16027,21.0
3250,2025-09-23,7am-7pm,5.0,6.0,1.0,39.95673,-75.14575,17.0
3365,2024-06-24,7am-7pm,13.0,14.0,1.0,39.96173,-75.18788,17.0
3125,2025-01-07,7pm-7am,4.0,2.0,-2.0,39.94391,-75.16735,16.0
3029,2025-09-11,7am-7pm,49.0,52.0,3.0,39.9538,-75.19479,17.0
3181,2023-09-10,7am-7pm,1.0,1.0,0.0,39.89629,-75.17514,20.0
3184,2025-07-19,7am-7pm,2.0,3.0,1.0,39.94573,-75.19551,22.0
3113,2025-04-01,7am-7pm,1.0,1.0,0.0,39.97472,-75.19781,12.0
3284,2024-07-24,7am-7pm,3.0,0.0,-3.0,40.01112,-75.19287,14.0
3154,2025-09-04,7am-7pm,19.0,21.0,2.0,39.95924,-75.15821,16.0
3318,2025-09-25,7pm-7am,13.0,12.0,-1.0,39.95182,-75.16395,20.0
3017,2026-03-11,7pm-7am,2.0,5.0,3.0,39.98003,-75.14371,15.0
3123,2023-01-30,7pm-7am,0.0,1.0,1.0,39.98004,-75.17088,16.0
3389,2025-11-25,7pm-7am,1.0,0.0,-1.0,39.94431,-75.18128,16.0
3051,2023-05-05,7am-7pm,13.0,11.0,-2.0,39.96744,-75.17507,37.0
3359,2024-11-15,7am-7pm,37.0,36.0,-1.0,39.94888,-75.16978,29.0
3250,2024-06-05,7am-7pm,10.0,6.0,-4.0,39.95673,-75.14575,17.0
3286,2024-10-13,7am-7pm,7.0,6.0,-1.0,39.96409,-75.14769,22.0
3041,2025-10-18,7pm-7am,17.0,17.0,0.0,39.96849,-75.13546,26.0
3294,2024-11-11,7pm-7am,3.0,2.0,-1.0,39.95174,-75.17063,21.0
3319,2026-03-16,7am-7pm,5.0,7.0,2.0,39.96672,-75.12964,16.0
3075,2024-11-10,7am-7pm,10.0,12.0,2.0,39.96718,-75.16125,12.0
3349,2024-08-21,7pm-7am,3.0,2.0,-1.0,39.93651,-75.18621,17.0
3310,2025-12-28,7am-7pm,1.0,0.0,-1.0,39.98024,-75.18651,15.0
3018,2024-12-16,7pm-7am,2.0,2.0,0.0,39.95273,-75.15979,18.0
3375,2024-05-15,7am-7pm,8.0,7.0,-1.0,39.96036,-75.1402,22.0
3447,2026-01-03,7pm-7am,5.0,7.0,2.0,39.95009,-75.14467,25.0
3168,2023-02-14,7am-7pm,21.0,26.0,5.0,,,
3248,2023-10-31,7am-7pm,11.0,9.0,-2.0,39.94213,-75.18335,22.0
3298,2024-09-09,7pm-7am,0.0,3.0,3.0,39.94717,-75.20691,15.0
3336,2026-03-14,7am-7pm,2.0,2.0,0.0,39.95719,-75.19388,20.0
3359,2025-01-13,7pm-7am,7.0,5.0,-2.0,39.94888,-75.16978,29.0
3280,2023-08-19,7am-7pm,2.0,1.0,-1.0,39.93968,-75.21362,18.0
3347,2024-10-07,7pm-7am,9.0,4.0,-5.0,,,
3104,2026-03-13,7pm-7am,4.0,4.0,0.0,39.96664,-75.19209,13.0
3421,2026-02-17,7am-7pm,1.0,1.0,0.0,39.91972,-75.16408,13.0
3030,2024-07-18,7pm-7am,7.0,9.0,2.0,,,
3333,2024-04-20,7am-7pm,17.0,15.0,-2.0,39.9541,-75.16965,25.0
3034,2024-12-17,7am-7pm,20.0,17.0,-3.0,39.93315,-75.16248,16.0
3370,2024-08-15,7pm-7am,1.0,1.0,0.0,40.0163,-75.21241,16.0
3150,2024-08-11,7pm-7am,2.0,4.0,2.0,39.92884,-75.17021,17.0
3286,2024-03-22,7pm-7am,2.0,4.0,2.0,39.96409,-75.14769,22.0
3124,2026-03-03,7am-7pm,3.0,2.0,-1.0,39.95367,-75.13956,17.0
3435,2026-01-07,7am-7pm,2.0,1.0,-1.0,39.98451,-75.12348,13.0
3098,2024-04-19,7pm-7am,3.0,2.0,-1.0,39.93431,-75.16042,19.0
3303,2025-11-26,7am-7pm,7.0,8.0,1.0,39.9559,-75.2053,20.0
3400,2025-09-25,7pm-7am,6.0,4.0,-2.0,39.949,-75.16081,18.0
3187,2024-03-17,7pm-7am,4.0,2.0,-2.0,39.95725,-75.17232,19.0
3164,2024-08-28,7am-7pm,25.0,21.0,-4.0,39.92814,-75.16515,18.0
3197,2023-07-26,7pm-7am,3.0,4.0,1.0,39.92083,-75.17033,23.0
3246,2024-04-20,7pm-7am,6.0,1.0,-5.0,39.94782,-75.22301,17.0
3320,2023-04-24,7am-7pm,10.0,10.0,0.0,39.9746,-75.15917,17.0
3009,2023-08-17,7am-7pm,22.0,30.0,8.0,39.95576,-75.18982,14.0
3074,2023-08-21,7pm-7am,9.0,4.0,-5.0,39.95511,-75.20987,15.0
3114,2025-08-23,7am-7pm,16.0,8.0,-8.0,39.93775,-75.18012,17.0
3327,2024-08-16,7am-7pm,1.0,4.0,3.0,39.97759,-75.12442,17.0
3120,2025-05-19,7pm-7am,5.0,5.0,0.0,39.97522,-75.18669,19.0
3110,2023-05-09,7pm-7am,5.0,4.0,-1.0,39.96175,-75.13641,19.0
3318,2025-11-16,7pm-7am,5.0,4.0,-1.0,39.95182,-75.16395,20.0
3119,2025-07-19,7pm-7am,2.0,4.0,2.0,39.96674,-75.20799,17.0
3277,2025-09-07,7pm-7am,4.0,5.0,1.0,39.98306,-75.16738,20.0
3259,2024-08-12,7pm-7am,1.0,3.0,2.0,39.95998,-75.19883,17.0
3031,2023-05-14,7am-7pm,3.0,3.0,0.0,39.98005,-75.15522,21.0
3323,2025-09-12,7am-7pm,0.0,3.0,3.0,40.02796,-75.2277,18.0
3055,2025-05-02,7am-7pm,14.0,17.0,3.0,39.95112,-75.15457,15.0
3113,2023-05-21,7am-7pm,0.0,2.0,2.0,39.97472,-75.19781,12.0
3019,2025-09-02,7am-7pm,13.0,13.0,0.0,39.95403,-75.14983,15.0
3070,2023-10-23,7am-7pm,3.0,5.0,2.0,,,
3425,2025-10-15,7pm-7am,1.0,4.0,3.0,39.9849,-75.13255,15.0
3169,2023-02-02,7am-7pm,10.0,5.0,-5.0,39.95382,-75.14263,17.0
3286,2025-07-01,7pm-7am,1.0,2.0,1.0,39.96409,-75.14769,22.0
3168,2025-05-19,7pm-7am,10.0,4.0,-6.0,,,
3362,2025-07-28,7am-7pm,35.0,29.0,-6.0,39.94816,-75.16226,19.0
3065,2024-04-28,7am-7pm,2.0,0.0,-2.0,39.9707,-75.15171,15.0
3112,2024-10-28,7am-7pm,8.0,5.0,-3.0,39.95373,-75.21825,18.0
3275,2025-08-16,7am-7pm,5.0,6.0,1.0,39.97576,-75.12157,22.0
3327,2025-05-26,7am-7pm,1.0,3.0,2.0,39.97759,-75.12442,17.0
3119,2025-02-27,7am-7pm,3.0,3.0,0.0,39.96674,-75.20799,17.0
3446,2025-11-20,7am-7pm,0.0,1.0,1.0,39.9906,-75.249,13.0
3152,2025-08-04,7pm-7am,2.0,1.0,-1.0,39.94993,-75.20286,17.0
3077,2025-07-02,7am-7pm,6.0,6.0,0.0,39.97207,-75.16351,19.0
3064,2025-02-06,7am-7pm,8.0,7.0,-1.0,39.9384,-75.17327,22.0
3258,2024-05-05,7am-7pm,2.0,2.0,0.0,39.95828,-75.22424,20.0
3007,2025-10-03,7am-7pm,29.0,25.0,-4.0,39.94517,-75.15993,20.0
3250,2025-05-03,7pm-7am,1.0,3.0,2.0,39.95673,-75.14575,17.0
3299,2024-07-15,7pm-7am,7.0,7.0,0.0,39.94332,-75.15698,22.0
3388,2024-08-30,7am-7pm,1.0,0.0,-1.0,39.96634,-75.15097,19.0
3157,2023-03-11,7pm-7am,1.0,1.0,0.0,39.92545,-75.15954,18.0
3238,2024-03-13,7am-7pm,28.0,27.0,-1.0,39.97674,-75.11995,11.0
3422,2025-12-02,7am-7pm,2.0,5.0,3.0,39.95619,-75.18647,10.0
3106,2023-09-14,7am-7pm,2.0,1.0,-1.0,39.99179,-75.18637,17.0
3086,2024-08-06,7pm-7am,1.0,2.0,1.0,39.94019,-75.16691,21.0
3047,2025-12-20,7am-7pm,2.0,4.0,2.0,39.95073,-75.14947,20.0
3226,2025-03-29,7am-7pm,2.0,4.0,2.0,39.98101,-75.13721,18.0
3158,2026-03-29,7pm-7am,1.0,2.0,1.0,39.92552,-75.16904,15.0
3114,2023-12-14,7pm-7am,1.0,4.0,3.0,39.93775,-75.18012,17.0
3056,2024-07-06,7pm-7am,5.0,4.0,-1.0,39.97669,-75.15813,22.0
3383,2026-03-20,7am-7pm,7.0,9.0,2.0,39.96634,-75.14222,19.0
3282,2024-01-26,7am-7pm,2.0,1.0,-1.0,39.98628,-75.14925,15.0
3349,2025-05-10,7am-7pm,7.0,5.0,-2.0,39.93651,-75.18621,17.0
3125,2025-04-12,7am-7pm,15.0,13.0,-2.0,39.94391,-75.16735,16.0
3196,2025-05-26,7pm-7am,1.0,1.0,0.0,39.98717,-75.17477,17.0
3287,2025-03-14,7am-7pm,1.0,0.0,-1.0,39.94367,-75.21606,16.0
3015,2025-12-24,7pm-7am,0.0,2.0,2.0,39.94735,-75.14886,11.0
3067,2023-05-13,7pm-7am,1.0,2.0,1.0,39.96411,-75.19973,17.0
3152,2024-02-01,7am-7pm,3.0,2.0,-1.0,39.94993,-75.20286,17.0
3248,2025-01-30,7pm-7am,0.0,4.0,4.0,39.94213,-75.18335,22.0
3279,2024-04-20,7am-7pm,9.0,7.0,-2.0,39.9265,-75.1668,18.0
3211,2025-06-07,7am-7pm,4.0,3.0,-1.0,39.97172,-75.1706,22.0
3157,2023-10-28,7am-7pm,15.0,16.0,1.0,39.92545,-75.15954,18.0
3411,2025-12-22,7am-7pm,5.0,5.0,0.0,39.96693,-75.23359,15.0
3234,2023-02-13,7am-7pm,8.0,7.0,-1.0,,,
3015,2025-02-25,7pm-7am,3.0,1.0,-2.0,39.94735,-75.14886,11.0
3261,2024-03-16,7am-7pm,12.0,12.0,0.0,39.96304,-75.14099,17.0
3258,2024-04-11,7pm-7am,1.0,0.0,-1.0,39.95828,-75.22424,20.0
3183,2025-03-17,7pm-7am,1.0,0.0,-1.0,39.88994,-75.17679,20.0
3055,2025-02-04,7am-7pm,14.0,18.0,4.0,39.95112,-75.15457,15.0
3266,2024-08-04,7am-7pm,11.0,13.0,2.0,39.9237,-75.14701,22.0
3064,2023-12-07,7pm-7am,3.0,4.0,1.0,39.9384,-75.17327,22.0
3062,2024-05-18,7am-7pm,1.0,5.0,4.0,,,
3014,2025-02-05,7pm-7am,4.0,0.0,-4.0,39.95886,-75.17369,25.0
3068,2025-06-16,7pm-7am,2.0,6.0,4.0,39.93549,-75.16711,18.0
3124,2024-11-06,7am-7pm,7.0,6.0,-1.0,39.95367,-75.13956,17.0
3353,2025-08-06,7am-7pm,1.0,4.0,3.0,40.00496,-75.15233,22.0
3383,2026-01-08,7am-7pm,6.0,10.0,4.0,39.96634,-75.14222,19.0
3015,2025-12-03,7pm-7am,3.0,0.0,-3.0,39.94735,-75.14886,11.0
3264,2023-02-22,7am-7pm,13.0,10.0,-3.0,39.94571,-75.15508,23.0
3301,2024-02-14,7pm-7am,4.0,1.0,-3.0,39.95029,-75.17126,15.0
3010,2024-01-14,7am-7pm,11.0,14.0,3.0,39.94711,-75.16618,22.0
3117,2025-11-04,7am-7pm,2.0,2.0,0.0,39.97841,-75.22399,14.0
3210,2025-09-21,7am-7pm,7.0,9.0,2.0,39.98492,-75.15668,18.0
3033,2024-04-08,7am-7pm,18.0,18.0,0.0,39.95005,-75.15672,20.0
3292,2023-10-04,7pm-7am,3.0,5.0,2.0,39.92,-75.1562,17.0
3315,2024-06-09,7am-7pm,1.0,2.0,1.0,39.94235,-75.21138,13.0
3037,2023-07-13,7pm-7am,5.0,4.0,-1.0,39.95424,-75.16138,21.0
3313,2023-03-09,7pm-7am,0.0,1.0,1.0,39.9158,-75.1643,9.0
3074,2023-10-31,7am-7pm,8.0,10.0,2.0,39.95511,-75.20987,15.0
3158,2024-01-08,7pm-7am,2.0,1.0,-1.0,39.92552,-75.16904,15.0
3308,2024-01-22,7pm-7am,1.0,1.0,0.0,,,
3381,2024-06-01,7pm-7am,2.0,2.0,0.0,39.94845,-75.21807,13.0
3297,2024-12-01,7pm-7am,3.0,1.0,-2.0,39.95821,-75.16901,19.0
3066,2023-09-29,7am-7pm,35.0,29.0,-6.0,39.94561,-75.17348,29.0
3411,2025-06-09,7am-7pm,3.0,2.0,-1.0,39.96693,-75.23359,15.0
3101,2025-01-01,7am-7pm,9.0,14.0,5.0,39.94295,-75.15955,18.0
3072,2024-07-02,7am-7pm,22.0,16.0,-6.0,39.93445,-75.14541,25.0
3008,2023-09-14,7pm-7am,1.0,2.0,1.0,39.98081,-75.15067,17.0
3235,2024-01-13,7am-7pm,6.0,2.0,-4.0,39.96,-75.1651,15.0
3318,2024-04-17,7am-7pm,18.0,27.0,9.0,39.95182,-75.16395,20.0
3334,2025-04-17,7am-7pm,12.0,7.0,-5.0,39.9302,-75.15636,19.0
3276,2025-10-15,7pm-7am,3.0,7.0,4.0,39.96569,-75.15679,18.0
3204,2024-04-10,7am-7pm,18.0,20.0,2.0,39.96437,-75.16582,22.0
3170,2024-04-28,7am-7pm,8.0,5.0,-3.0,,,
3075,2025-07-02,7am-7pm,10.0,12.0,2.0,39.96718,-75.16125,12.0
3410,2026-03-24,7pm-7am,2.0,3.0,1.0,39.94201,-75.21838,11.0
3324,2025-11-09,7am-7pm,3.0,4.0,1.0,39.99484,-75.19242,23.0
3304,2024-08-16,7am-7pm,18.0,14.0,-4.0,39.94234,-75.15399,21.0
3248,2023-06-22,7pm-7am,4.0,3.0,-1.0,39.94213,-75.18335,22.0
3119,2025-04-01,7pm-7am,1.0,1.0,0.0,39.96674,-75.20799,17.0
3410,2026-02-13,7am-7pm,3.0,2.0,-1.0,39.94201,-75.21838,11.0
3062,2024-03-30,7am-7pm,10.0,13.0,3.0,,,
3110,2023-01-17,7am-7pm,8.0,7.0,-1.0,39.96175,-75.13641,19.0
3373,2025-11-22,7am-7pm,11.0,12.0,1.0,39.95817,-75.15668,15.0
3299,2026-03-17,7am-7pm,14.0,11.0,-3.0,39.94332,-75.15698,22.0
3099,2025-12-22,7pm-7am,2.0,2.0,0.0,39.93401,-75.15094,19.0
3010,2026-03-07,7pm-7am,14.0,15.0,1.0,39.94711,-75.16618,22.0
3208,2025-03-30,7pm-7am,1.0,6.0,5.0,39.95048,-75.19324,28.0
3368,2025-01-07,7am-7pm,1.0,1.0,0.0,39.97647,-75.17362,17.0
3028,2026-01-15,7am-7pm,20.0,26.0,6.0,39.94061,-75.14958,15.0
3162,2023-06-08,7am-7pm,6.0,11.0,5.0,39.94595,-75.18475,34.0
3104,2023-03-29,7pm-7am,1.0,0.0,-1.0,39.96664,-75.19209,13.0
3116,2023-10-09,7pm-7am,1.0,3.0,2.0,39.96006,-75.17198,21.0
3258,2023-03-06,7am-7pm,4.0,0.0,-4.0,39.95828,-75.22424,20.0
3282,2023-07-10,7pm-7am,1.0,1.0,0.0,39.98628,-75.14925,15.0
3155,2024-01-11,7am-7pm,13.0,9.0,-4.0,39.94018,-75.15442,18.0
3314,2025-05-17,7am-7pm,6.0,6.0,0.0,39.93682,-75.14492,17.0
3029,2025-10-08,7pm-7am,12.0,4.0,-8.0,39.9538,-75.19479,17.0
3340,2025-05-30,7pm-7am,0.0,5.0,5.0,39.96906,-75.18169,17.0
3100,2025-03-04,7am-7pm,19.0,18.0,-1.0,39.92777,-75.15103,38.0
3077,2024-09-01,7pm-7am,3.0,3.0,0.0,39.97207,-75.16351,19.0
3114,2024-08-05,7am-7pm,9.0,15.0,6.0,39.93775,-75.18012,17.0
3298,2023-11-06,7pm-7am,0.0,1.0,1.0,39.94717,-75.20691,15.0
3159,2024-10-12,7am-7pm,3.0,9.0,6.0,39.95121,-75.19962,23.0
3188,2023-02-15,7am-7pm,0.0,7.0,7.0,39.90471,-75.1734,56.0
3332,2025-05-17,7pm-7am,1.0,1.0,0.0,40.00537,-75.18143,12.0
3075,2023-03-08,7am-7pm,9.0,12.0,3.0,39.96718,-75.16125,12.0
3210,2025-09-15,7am-7pm,12.0,8.0,-4.0,39.98492,-75.15668,18.0
3008,2024-10-17,7pm-7am,2.0,2.0,0.0,39.98081,-75.15067,17.0
3267,2023-04-02,7pm-7am,1.0,0.0,-1.0,39.918,-75.1796,12.0
3210,2024-04-19,7pm-7am,4.0,7.0,3.0,39.98492,-75.15668,18.0
3005,2024-07-01,7pm-7am,6.0,2.0,-4.0,39.94733,-75.14403,13.0
3337,2025-06-08,7pm-7am,0.0,1.0,1.0,39.97318,-75.14612,15.0
3024,2025-02-17,7pm-7am,0.0,1.0,1.0,39.94822,-75.20908,19.0
3390,2025-10-08,7pm-7am,2.0,2.0,0.0,39.96,-75.2244,18.0
3313,2024-10-24,7pm-7am,3.0,2.0,-1.0,39.9158,-75.1643,9.0
3332,2023-11-17,7am-7pm,1.0,0.0,-1.0,40.00537,-75.18143,12.0
3169,2025-08-17,7pm-7am,4.0,7.0,3.0,39.95382,-75.14263,17.0
3387,2025-11-04,7am-7pm,5.0,10.0,5.0,39.97012,-75.14666,19.0
3041,2025-02-16,7pm-7am,1.0,4.0,3.0,39.96849,-75.13546,26.0
3303,2023-04-15,7pm-7am,3.0,4.0,1.0,39.9559,-75.2053,20.0
3336,2024-12-31,7pm-7am,0.0,1.0,1.0,39.95719,-75.19388,20.0
3049,2024-09-26,7am-7pm,10.0,15.0,5.0,39.94509,-75.1425,29.0
3284,2023-10-31,7am-7pm,1.0,0.0,-1.0,40.01112,-75.19287,14.0
3247,2023-07-03,7am-7pm,4.0,2.0,-2.0,39.96538,-75.21514,16.0
3066,2023-06-05,7pm-7am,8.0,12.0,4.0,39.94561,-75.17348,29.0
3210,2024-07-16,7am-7pm,6.0,3.0,-3.0,39.98492,-75.15668,18.0
3204,2024-06-12,7am-7pm,25.0,17.0,-8.0,39.96437,-75.16582,22.0
3057,2023-05-14,7am-7pm,48.0,39.0,-9.0,39.96439,-75.17987,26.0
3014,2024-08-15,7am-7pm,9.0,7.0,-2.0,39.95886,-75.17369,25.0
3088,2023-05-24,7am-7pm,11.0,12.0,1.0,39.96984,-75.1418,35.0
3150,2023-08-15,7pm-7am,3.0,2.0,-1.0,39.92884,-75.17021,17.0
3102,2025-06-09,7pm-7am,7.0,7.0,0.0,39.96759,-75.17952,26.0
3265,2025-08-04,7pm-7am,0.0,3.0,3.0,39.95957,-75.19633,13.0
3259,2024-12-14,7pm-7am,7.0,3.0,-4.0,39.95998,-75.19883,17.0
3212,2024-03-27,7am-7pm,3.0,1.0,-2.0,39.96383,-75.18177,32.0
3265,2024-06-26,7am-7pm,12.0,9.0,-3.0,39.95957,-75.19633,13.0
3376,2024-03-21,7am-7pm,4.0,3.0,-1.0,39.97183,-75.14878,8.0
3210,2025-06-30,7am-7pm,7.0,9.0,2.0,39.98492,-75.15668,18.0
3376,2024-08-18,7am-7pm,5.0,4.0,-1.0,39.97183,-75.14878,8.0
3034,2024-03-17,7am-7pm,20.0,21.0,1.0,39.93315,-75.16248,16.0
3051,2023-04-12,7pm-7am,5.0,5.0,0.0,39.96744,-75.17507,37.0
3204,2024-05-02,7pm-7am,1.0,5.0,4.0,39.96437,-75.16582,22.0
3024,2023-07-02,7pm-7am,4.0,5.0,1.0,39.94822,-75.20908,19.0
3106,2023-04-01,7am-7pm,2.0,1.0,-1.0,39.99179,-75.18637,17.0
3113,2025-07-19,7am-7pm,2.0,10.0,8.0,39.97472,-75.19781,12.0
3356,2026-03-15,7am-7pm,2.0,1.0,-1.0,39.89322,-75.17187,19.0
3154,2025-01-25,7am-7pm,6.0,3.0,-3.0,39.95924,-75.15821,16.0
3006,2023-05-31,7am-7pm,20.0,19.0,-1.0,39.9522,-75.20311,17.0
3393,2025-05-14,7pm-7am,7.0,5.0,-2.0,39.96727,-75.13999,18.0
3235,2024-02-04,7am-7pm,2.0,1.0,-1.0,39.96,-75.1651,15.0
3161,2025-05-03,7am-7pm,21.0,33.0,12.0,39.95486,-75.18091,23.0
3099,2024-07-22,7am-7pm,9.0,9.0,0.0,39.93401,-75.15094,19.0
3164,2023-02-26,7am-7pm,7.0,4.0,-3.0,39.92814,-75.16515,18.0
3034,2026-03-27,7pm-7am,2.0,9.0,7.0,39.93315,-75.16248,16.0
3111,2025-12-08,7am-7pm,1.0,1.0,0.0,39.97779,-75.21323,14.0
3162,2024-05-10,7pm-7am,2.0,2.0,0.0,39.94595,-75.18475,34.0
3158,2023-08-18,7pm-7am,5.0,3.0,-2.0,39.92552,-75.16904,15.0
3418,2025-09-24,7am-7pm,2.0,0.0,-2.0,40.00924,-75.15198,17.0
3256,2026-02-11,7pm-7am,3.0,2.0,-1.0,39.95269,-75.17779,23.0
3058,2024-04-24,7pm-7am,9.0,12.0,3.0,,,
3187,2023-02-26,7pm-7am,0.0,1.0,1.0,39.95725,-75.17232,19.0
3435,2025-09-08,7pm-7am,1.0,1.0,0.0,39.98451,-75.12348,13.0
3276,2023-04-06,7pm-7am,0.0,1.0,1.0,39.96569,-75.15679,18.0
3123,2023-11-24,7am-7pm,0.0,2.0,2.0,39.98004,-75.17088,16.0
3086,2023-09-22,7am-7pm,21.0,19.0,-2.0,39.94019,-75.16691,21.0
3249,2024-01-09,7am-7pm,2.0,3.0,1.0,39.95784,-75.19079,22.0
3299,2025-04-28,7pm-7am,6.0,2.0,-4.0,39.94332,-75.15698,22.0
3059,2024-01-08,7am-7pm,13.0,17.0,4.0,39.96244,-75.16121,21.0
3154,2024-05-05,7pm-7am,5.0,8.0,3.0,39.95924,-75.15821,16.0
3369,2024-01-22,7pm-7am,0.0,1.0,1.0,40.00772,-75.19194,16.0
3164,2026-03-17,7pm-7am,7.0,2.0,-5.0,39.92814,-75.16515,18.0
3155,2025-10-13,7pm-7am,3.0,1.0,-2.0,39.94018,-75.15442,18.0
3344,2024-05-23,7am-7pm,2.0,1.0,-1.0,39.95961,-75.23354,23.0
3345,2025-04-29,7am-7pm,5.0,8.0,3.0,39.9617,-75.14667,19.0
3047,2025-05-04,7am-7pm,2.0,4.0,2.0,39.95073,-75.14947,20.0
3308,2024-05-05,7pm-7am,7.0,6.0,-1.0,,,
3101,2024-04-25,7am-7pm,29.0,27.0,-2.0,39.94295,-75.15955,18.0
3319,2024-11-11,7am-7pm,1.0,4.0,3.0,39.96672,-75.12964,16.0
3183,2025-05-29,7am-7pm,7.0,5.0,-2.0,39.88994,-75.17679,20.0
3067,2025-04-14,7am-7pm,6.0,4.0,-2.0,39.96411,-75.19973,17.0
3015,2025-05-27,7am-7pm,15.0,17.0,2.0,39.94735,-75.14886,11.0
3340,2024-08-10,7pm-7am,6.0,11.0,5.0,39.96906,-75.18169,17.0
3099,2025-01-25,7am-7pm,4.0,4.0,0.0,39.93401,-75.15094,19.0
3392,2025-06-29,7pm-7am,1.0,4.0,3.0,39.93633,-75.19447,13.0
3266,2024-01-04,7am-7pm,5.0,6.0,1.0,39.9237,-75.14701,22.0
3208,2024-10-06,7am-7pm,19.0,13.0,-6.0,39.95048,-75.19324,28.0
3373,2024-06-22,7pm-7am,4.0,7.0,3.0,39.95817,-75.15668,15.0
3226,2025-11-29,7am-7pm,0.0,2.0,2.0,39.98101,-75.13721,18.0
3046,2023-02-27,7pm-7am,3.0,1.0,-2.0,,,
3110,2024-09-15,7am-7pm,16.0,15.0,-1.0,39.96175,-75.13641,19.0
3371,2024-07-02,7am-7pm,13.0,14.0,1.0,39.9534,-75.1543,19.0
3074,2023-03-14,7am-7pm,3.0,3.0,0.0,39.95511,-75.20987,15.0
3345,2024-03-01,7am-7pm,5.0,5.0,0.0,39.9617,-75.14667,19.0
3372,2025-12-04,7pm-7am,0.0,3.0,3.0,39.92528,-75.18672,15.0
3261,2026-02-04,7am-7pm,2.0,3.0,1.0,39.96304,-75.14099,17.0
3077,2026-03-06,7pm-7am,2.0,5.0,3.0,39.97207,-75.16351,19.0
3165,2024-01-09,7am-7pm,3.0,1.0,-2.0,39.95819,-75.1782,22.0
3118,2026-03-03,7am-7pm,5.0,3.0,-2.0,39.95866,-75.21323,20.0
3292,2023-04-12,7am-7pm,1.0,2.0,1.0,39.92,-75.1562,17.0
3237,2025-11-27,7am-7pm,3.0,3.0,0.0,39.91717,-75.17096,21.0
3052,2025-09-18,7pm-7am,5.0,14.0,9.0,39.94732,-75.15695,25.0
3297,2023-08-03,7am-7pm,13.0,13.0,0.0,39.95821,-75.16901,19.0
3112,2023-09-29,7am-7pm,6.0,6.0,0.0,39.95373,-75.21825,18.0
3163,2024-10-30,7am-7pm,21.0,29.0,8.0,39.94974,-75.18097,22.0
3030,2023-04-20,7pm-7am,7.0,9.0,2.0,,,
3040,2025-06-09,7am-7pm,11.0,11.0,0.0,39.96289,-75.16606,21.0
3363,2024-03-19,7pm-7am,6.0,5.0,-1.0,39.94655,-75.16263,17.0
3028,2023-10-01,7pm-7am,9.0,6.0,-3.0,39.94061,-75.14958,15.0
3073,2024-11-22,7pm-7am,2.0,1.0,-1.0,39.96143,-75.15242,15.0
3250,2026-03-14,7pm-7am,2.0,1.0,-1.0,39.95673,-75.14575,17.0
3106,2024-04-16,7am-7pm,0.0,1.0,1.0,39.99179,-75.18637,17.0
3078,2023-01-25,7pm-7am,0.0,4.0,4.0,39.95355,-75.17192,18.0
3255,2023-03-15,7pm-7am,3.0,2.0,-1.0,39.95095,-75.16438,15.0
3157,2024-03-07,7am-7pm,12.0,9.0,-3.0,39.92545,-75.15954,18.0
3015,2025-06-07,7am-7pm,5.0,4.0,-1.0,39.94735,-75.14886,11.0
3188,2023-02-20,7am-7pm,3.0,3.0,0.0,39.90471,-75.1734,56.0
3155,2023-04-28,7pm-7am,1.0,1.0,0.0,39.94018,-75.15442,18.0
3334,2023-06-03,7pm-7am,2.0,4.0,2.0,39.9302,-75.15636,19.0
3118,2025-08-06,7pm-7am,1.0,0.0,-1.0,39.95866,-75.21323,20.0
3159,2025-08-05,7pm-7am,2.0,9.0,7.0,39.95121,-75.19962,23.0
3342,2025-01-13,7am-7pm,6.0,5.0,-1.0,39.9639,-75.17385,20.0
3315,2026-03-06,7am-7pm,1.0,2.0,1.0,39.94235,-75.21138,13.0
3160,2025-02-24,7pm-7am,5.0,3.0,-2.0,39.95662,-75.19862,41.0
3382,2025-03-17,7am-7pm,10.0,13.0,3.0,39.95038,-75.17309,11.0
3397,2024-12-11,7am-7pm,1.0,6.0,5.0,39.93906,-75.17824,15.0
3161,2023-01-03,7pm-7am,5.0,5.0,0.0,39.95486,-75.18091,23.0
3241,2024-02-25,7pm-7am,1.0,1.0,0.0,39.95225,-75.22637,20.0
3233,2024-03-10,7pm-7am,1.0,0.0,-1.0,,,
3120,2023-07-04,7pm-7am,6.0,9.0,3.0,39.97522,-75.18669,19.0
3055,2026-03-15,7pm-7am,4.0,3.0,-1.0,39.95112,-75.15457,15.0
3018,2023-08-04,7pm-7am,7.0,7.0,0.0,39.95273,-75.15979,18.0
3032,2024-09-01,7pm-7am,8.0,15.0,7.0,39.94527,-75.17971,20.0
3359,2024-01-07,7am-7pm,13.0,15.0,2.0,39.94888,-75.16978,29.0
3318,2023-10-07,7am-7pm,10.0,12.0,2.0,39.95182,-75.16395,20.0
3445,2025-11-11,7pm-7am,1.0,0.0,-1.0,39.97235,-75.13426,3.0
3161,2025-02-01,7pm-7am,2.0,0.0,-2.0,39.95486,-75.18091,23.0
3306,2025-05-10,7am-7pm,1.0,1.0,0.0,39.99683,-75.17761,11.0
3258,2023-05-27,7pm-7am,1.0,0.0,-1.0,39.95828,-75.22424,20.0
3337,2026-02-10,7pm-7am,1.0,0.0,-1.0,39.97318,-75.14612,15.0
3285,2025-07-25,7am-7pm,16.0,11.0,-5.0,39.95946,-75.14745,19.0
3275,2023-05-25,7pm-7am,1.0,4.0,3.0,39.97576,-75.12157,22.0
3341,2025-05-21,7pm-7am,1.0,2.0,1.0,39.98131,-75.12732,20.0
3311,2023-12-26,7am-7pm,4.0,5.0,1.0,,,
3301,2025-02-23,7am-7pm,6.0,12.0,6.0,39.95029,-75.17126,15.0
3052,2023-01-02,7am-7pm,6.0,7.0,1.0,39.94732,-75.15695,25.0
3385,2025-04-07,7pm-7am,1.0,1.0,0.0,39.94974,-75.15424,15.0
3208,2024-11-26,7pm-7am,3.0,12.0,9.0,39.95048,-75.19324,28.0
3200,2023-07-02,7am-7pm,5.0,5.0,0.0,39.97583,-75.16846,17.0
3292,2023-09-03,7am-7pm,4.0,4.0,0.0,39.92,-75.1562,17.0
3102,2023-06-04,7am-7pm,40.0,34.0,-6.0,39.96759,-75.17952,26.0
3250,2025-03-19,7am-7pm,3.0,1.0,-2.0,39.95673,-75.14575,17.0
3072,2025-03-12,7pm-7am,4.0,4.0,0.0,39.93445,-75.14541,25.0
3160,2025-12-20,7pm-7am,0.0,1.0,1.0,39.95662,-75.19862,41.0
3253,2024-12-30,7pm-7am,1.0,0.0,-1.0,39.93074,-75.18924,21.0
3332,2024-10-18,7am-7pm,1.0,2.0,1.0,40.00537,-75.18143,12.0
3310,2025-08-03,7am-7pm,1.0,0.0,-1.0,39.98024,-75.18651,15.0
3281,2023-02-14,7am-7pm,1.0,0.0,-1.0,39.9323,-75.2162,15.0
3077,2025-06-16,7am-7pm,4.0,4.0,0.0,39.97207,-75.16351,19.0
3188,2025-07-04,7am-7pm,2.0,26.0,24.0,39.90471,-75.1734,56.0
3207,2025-08-05,7am-7pm,28.0,27.0,-1.0,39.95441,-75.192,20.0
3072,2024-06-13,7pm-7am,9.0,13.0,4.0,39.93445,-75.14541,25.0
3124,2023-08-04,7am-7pm,9.0,17.0,8.0,39.95367,-75.13956,17.0
3119,2025-02-17,7pm-7am,0.0,1.0,1.0,39.96674,-75.20799,17.0
3338,2024-02-06,7pm-7am,0.0,1.0,1.0,39.95098,-75.23035,21.0
3327,2023-07-09,7am-7pm,1.0,0.0,-1.0,39.97759,-75.12442,17.0
3028,2024-04-06,7am-7pm,31.0,35.0,4.0,39.94061,-75.14958,15.0
3033,2023-01-27,7am-7pm,10.0,9.0,-1.0,39.95005,-75.15672,20.0
3064,2026-02-05,7pm-7am,5.0,3.0,-2.0,39.9384,-75.17327,22.0
3038,2023-02-27,7am-7pm,21.0,18.0,-3.0,39.94781,-75.19409,28.0
3204,2025-02-02,7pm-7am,0.0,4.0,4.0,39.96437,-75.16582,22.0
3251,2024-07-02,7pm-7am,0.0,3.0,3.0,39.93366,-75.19319,16.0
3241,2024-05-22,7am-7pm,8.0,6.0,-2.0,39.95225,-75.22637,20.0
3277,2024-02-21,7pm-7am,0.0,1.0,1.0,39.98306,-75.16738,20.0
3392,2025-01-27,7am-7pm,2.0,0.0,-2.0,39.93633,-75.19447,13.0
3252,2025-03-19,7pm-7am,1.0,1.0,0.0,39.93882,-75.19324,14.0
3150,2025-10-28,7am-7pm,19.0,15.0,-4.0,39.92884,-75.17021,17.0
3299,2023-05-27,7am-7pm,13.0,12.0,-1.0,39.94332,-75.15698,22.0
3258,2023-02-21,7pm-7am,1.0,0.0,-1.0,39.95828,-75.22424,20.0
3118,2024-10-08,7pm-7am,2.0,0.0,-2.0,39.95866,-75.21323,20.0
3043,2023-06-14,7pm-7am,13.0,16.0,3.0,,,
3296,2025-08-27,7pm-7am,17.0,15.0,-2.0,39.95134,-75.16758,21.0
3273,2023-08-26,7am-7pm,15.0,14.0,-1.0,,,
3030,2023-03-24,7am-7pm,12.0,18.0,6.0,,,
3019,2023-03-22,7pm-7am,0.0,1.0,1.0,39.95403,-75.14983,15.0
3349,2023-12-31,7am-7pm,2.0,2.0,0.0,39.93651,-75.18621,17.0
3324,2025-09-29,7pm-7am,1.0,0.0,-1.0,39.99484,-75.19242,23.0
3346,2024-03-24,7am-7pm,2.0,6.0,4.0,39.94883,-75.15097,17.0
3060,2025-08-29,7am-7pm,13.0,16.0,3.0,39.95923,-75.17036,19.0
3316,2025-07-07,7pm-7am,3.0,4.0,1.0,39.92255,-75.17337,19.0
3207,2026-01-09,7pm-7am,3.0,1.0,-2.0,39.95441,-75.192,20.0
3099,2023-05-25,7am-7pm,8.0,11.0,3.0,39.93401,-75.15094,19.0
3026,2025-12-19,7am-7pm,11.0,16.0,5.0,39.94182,-75.1455,17.0
3267,2023-06-13,7am-7pm,7.0,6.0,-1.0,39.918,-75.1796,12.0
3072,2024-02-28,7am-7pm,5.0,3.0,-2.0,39.93445,-75.14541,25.0
3321,2024-02-24,7pm-7am,1.0,1.0,0.0,39.95485,-75.17298,21.0
3354,2026-01-18,7am-7pm,2.0,2.0,0.0,39.95628,-75.2387,18.0
3328,2025-01-29,7am-7pm,2.0,1.0,-1.0,39.98798,-75.1995,23.0
3410,2025-08-18,7pm-7am,2.0,2.0,0.0,39.94201,-75.21838,11.0
3317,2024-03-10,7pm-7am,0.0,1.0,1.0,,,
3060,2024-07-04,7am-7pm,12.0,15.0,3.0,39.95923,-75.17036,19.0
3068,2026-03-22,7am-7pm,12.0,10.0,-2.0,39.93549,-75.16711,18.0
3314,2024-08-10,7am-7pm,12.0,8.0,-4.0,39.93682,-75.14492,17.0
3294,2024-12-29,7am-7pm,6.0,13.0,7.0,39.95174,-75.17063,21.0
3077,2024-05-23,7pm-7am,1.0,5.0,4.0,39.97207,-75.16351,19.0
3098,2024-07-13,7am-7pm,12.0,13.0,1.0,39.93431,-75.16042,19.0
3160,2023-11-25,7pm-7am,1.0,1.0,0.0,39.95662,-75.19862,41.0
3104,2023-11-20,7pm-7am,1.0,1.0,0.0,39.96664,-75.19209,13.0
3250,2024-11-17,7am-7pm,1.0,1.0,0.0,39.95673,-75.14575,17.0
3124,2025-09-13,7pm-7am,13.0,9.0,-4.0,39.95367,-75.13956,17.0
3017,2024-06-15,7am-7pm,8.0,9.0,1.0,39.98003,-75.14371,15.0
3361,2024-08-15,7am-7pm,15.0,12.0,-3.0,39.93082,-75.17474,21.0
3316,2024-06-08,7am-7pm,13.0,10.0,-3.0,39.92255,-75.17337,19.0
3165,2026-02-20,7am-7pm,6.0,2.0,-4.0,39.95819,-75.1782,22.0
3301,2024-10-04,7pm-7am,10.0,9.0,-1.0,39.95029,-75.17126,15.0
3253,2025-01-08,7am-7pm,2.0,3.0,1.0,39.93074,-75.18924,21.0
3370,2024-05-02,7am-7pm,1.0,8.0,7.0,40.0163,-75.21241,16.0
3063,2025-01-30,7am-7pm,25.0,18.0,-7.0,39.94633,-75.1698,25.0
3240,2024-05-01,7am-7pm,2.0,2.0,0.0,39.96277,-75.21185,12.0
3074,2023-03-10,7am-7pm,3.0,2.0,-1.0,39.95511,-75.20987,15.0
3203,2024-10-02,7pm-7am,13.0,13.0,0.0,39.94077,-75.17227,20.0
3047,2023-05-10,7pm-7am,5.0,4.0,-1.0,39.95073,-75.14947,20.0
3244,2023-09-06,7am-7pm,37.0,34.0,-3.0,,,
3400,2025-04-29,7am-7pm,12.0,11.0,-1.0,39.949,-75.16081,18.0
3187,2025-07-17,7am-7pm,11.0,13.0,2.0,39.95725,-75.17232,19.0
3226,2024-01-02,7am-7pm,2.0,1.0,-1.0,39.98101,-75.13721,18.0
3314,2024-06-02,7am-7pm,4.0,5.0,1.0,39.93682,-75.14492,17.0
3124,2026-02-02,7am-7pm,1.0,3.0,2.0,39.95367,-75.13956,17.0
3412,2025-08-24,7am-7pm,0.0,1.0,1.0,39.93771,-75.23373,15.0
3100,2024-05-28,7pm-7am,10.0,13.0,3.0,39.92777,-75.15103,38.0
3156,2024-07-24,7am-7pm,25.0,31.0,6.0,39.95381,-75.17407,22.0
3299,2023-08-04,7pm-7am,9.0,5.0,-4.0,39.94332,-75.15698,22.0
3020,2023-01-31,7am-7pm,16.0,11.0,-5.0,39.94855,-75.19007,36.0
3026,2024-10-04,7am-7pm,24.0,23.0,-1.0,39.94182,-75.1455,17.0
3244,2023-10-10,7am-7pm,50.0,49.0,-1.0,,,
3115,2023-12-29,7am-7pm,9.0,8.0,-1.0,39.97263,-75.16757,18.0
3243,2024-07-25,7pm-7am,0.0,3.0,3.0,39.9835,-75.14743,12.0
3110,2024-08-22,7am-7pm,12.0,15.0,3.0,39.96175,-75.13641,19.0
3157,2024-01-28,7am-7pm,2.0,0.0,-2.0,39.92545,-75.15954,18.0
3061,2023-12-05,7pm-7am,14.0,4.0,-10.0,,,
3038,2023-12-05,7pm-7am,12.0,11.0,-1.0,39.94781,-75.19409,28.0
3056,2024-03-04,7pm-7am,3.0,1.0,-2.0,39.97669,-75.15813,22.0
3018,2025-06-29,7am-7pm,25.0,35.0,10.0,39.95273,-75.15979,18.0
3201,2025-11-04,7pm-7am,6.0,5.0,-1.0,39.95523,-75.1662,20.0
3117,2025-11-24,7pm-7am,0.0,1.0,1.0,39.97841,-75.22399,14.0
3007,2023-10-16,7pm-7am,14.0,9.0,-5.0,39.94517,-75.15993,20.0
3285,2023-05-09,7am-7pm,9.0,11.0,2.0,39.95946,-75.14745,19.0
3196,2024-05-07,7am-7pm,3.0,2.0,-1.0,39.98717,-75.17477,17.0
3271,2025-08-21,7am-7pm,2.0,0.0,-2.0,39.9476,-75.22946,18.0
3279,2023-11-07,7am-7pm,3.0,2.0,-1.0,39.9265,-75.1668,18.0
3340,2024-01-27,7pm-7am,1.0,1.0,0.0,39.96906,-75.18169,17.0
3349,2025-04-14,7pm-7am,1.0,3.0,2.0,39.93651,-75.18621,17.0
3291,2024-05-11,7am-7pm,10.0,9.0,-1.0,40.01022,-75.197,15.0
3024,2023-08-20,7am-7pm,6.0,6.0,0.0,39.94822,-75.20908,19.0
3294,2024-12-07,7am-7pm,11.0,11.0,0.0,39.95174,-75.17063,21.0
3022,2024-05-30,7am-7pm,65.0,64.0,-1.0,39.95472,-75.18323,21.0
3162,2023-05-18,7am-7pm,14.0,10.0,-4.0,39.94595,-75.18475,34.0
3008,2023-04-30,7pm-7am,3.0,4.0,1.0,39.98081,-75.15067,17.0
3162,2024-06-18,7pm-7am,7.0,3.0,-4.0,39.94595,-75.18475,34.0
3363,2024-03-16,7pm-7am,8.0,6.0,-2.0,39.94655,-75.16263,17.0
3297,2023-03-29,7am-7pm,5.0,1.0,-4.0,39.95821,-75.16901,19.0
3226,2024-03-15,7pm-7am,0.0,1.0,1.0,39.98101,-75.13721,18.0
3101,2026-03-12,7am-7pm,8.0,7.0,-1.0,39.94295,-75.15955,18.0
3209,2023-04-14,7pm-7am,4.0,5.0,1.0,39.949,-75.21278,14.0
3328,2025-05-19,7am-7pm,11.0,10.0,-1.0,39.98798,-75.1995,23.0
3169,2024-09-22,7pm-7am,5.0,4.0,-1.0,39.95382,-75.14263,17.0
3006,2023-08-17,7pm-7am,8.0,3.0,-5.0,39.9522,-75.20311,17.0
3208,2025-06-07,7pm-7am,2.0,0.0,-2.0,39.95048,-75.19324,28.0
3102,2026-03-11,7am-7pm,37.0,15.0,-22.0,39.96759,-75.17952,26.0
3226,2025-07-21,7am-7pm,4.0,1.0,-3.0,39.98101,-75.13721,18.0
3056,2023-12-28,7pm-7am,1.0,1.0,0.0,39.97669,-75.15813,22.0
3041,2023-07-19,7pm-7am,6.0,6.0,0.0,39.96849,-75.13546,26.0
3374,2024-06-11,7am-7pm,19.0,13.0,-6.0,39.9728,-75.17971,18.0
3287,2023-10-02,7pm-7am,1.0,0.0,-1.0,39.94367,-75.21606,16.0
3277,2023-05-05,7pm-7am,2.0,2.0,0.0,39.98306,-75.16738,20.0
3304,2026-02-14,7am-7pm,13.0,18.0,5.0,39.94234,-75.15399,21.0
3115,2023-09-14,7am-7pm,7.0,4.0,-3.0,39.97263,-75.16757,18.0
3012,2023-09-07,7am-7pm,39.0,30.0,-9.0,39.94218,-75.17747,27.0
3430,2025-12-06,7pm-7am,2.0,2.0,0.0,39.97408,-75.1801,14.0
3101,2023-02-27,7pm-7am,1.0,3.0,2.0,39.94295,-75.15955,18.0
3319,2025-11-27,7pm-7am,1.0,0.0,-1.0,39.96672,-75.12964,16.0
3075,2025-09-29,7am-7pm,18.0,19.0,1.0,39.96718,-75.16125,12.0
3296,2023-01-13,7pm-7am,3.0,6.0,3.0,39.95134,-75.16758,21.0
3298,2025-10-26,7pm-7am,0.0,3.0,3.0,39.94717,-75.20691,15.0
3243,2024-10-01,7am-7pm,5.0,1.0,-4.0,39.9835,-75.14743,12.0
3101,2024-02-18,7pm-7am,6.0,2.0,-4.0,39.94295,-75.15955,18.0
3119,2023-01-12,7am-7pm,4.0,2.0,-2.0,39.96674,-75.20799,17.0
3064,2023-12-11,7am-7pm,7.0,13.0,6.0,39.9384,-75.17327,22.0
3259,2026-03-05,7pm-7am,2.0,2.0,0.0,39.95998,-75.19883,17.0
3320,2024-11-22,7am-7pm,5.0,4.0,-1.0,39.9746,-75.15917,17.0
3318,2023-08-07,7pm-7am,3.0,3.0,0.0,39.95182,-75.16395,20.0
3005,2023-12-17,7pm-7am,4.0,1.0,-3.0,39.94733,-75.14403,13.0
3157,2024-12-01,7am-7pm,9.0,9.0,0.0,39.92545,-75.15954,18.0
3249,2025-02-14,7pm-7am,3.0,2.0,-1.0,39.95784,-75.19079,22.0
3383,2025-06-18,7pm-7am,1.0,2.0,1.0,39.96634,-75.14222,19.0
3321,2023-09-21,7pm-7am,9.0,6.0,-3.0,39.95485,-75.17298,21.0
3244,2023-08-12,7pm-7am,11.0,13.0,2.0,,,
3030,2024-06-13,7pm-7am,6.0,11.0,5.0,,,
3326,2024-07-08,7pm-7am,0.0,2.0,2.0,39.99198,-75.19944,17.0
3271,2025-04-21,7am-7pm,2.0,1.0,-1.0,39.9476,-75.22946,18.0
3160,2023-02-13,7am-7pm,14.0,16.0,2.0,39.95662,-75.19862,41.0
3226,2023-06-24,7am-7pm,1.0,2.0,1.0,39.98101,-75.13721,18.0
3208,2024-09-09,7pm-7am,9.0,24.0,15.0,39.95048,-75.19324,28.0
3034,2024-04-14,7pm-7am,7.0,2.0,-5.0,39.93315,-75.16248,16.0
3029,2025-06-16,7am-7pm,16.0,14.0,-2.0,39.9538,-75.19479,17.0
3072,2025-07-10,7am-7pm,17.0,13.0,-4.0,39.93445,-75.14541,25.0
3300,2023-09-13,7pm-7am,2.0,3.0,1.0,39.95511,-75.16287,13.0
3062,2023-11-02,7am-7pm,10.0,15.0,5.0,,,
3271,2025-03-03,7pm-7am,1.0,0.0,-1.0,39.9476,-75.22946,18.0
3233,2024-10-01,7pm-7am,1.0,1.0,0.0,,,
3276,2025-02-18,7am-7pm,5.0,7.0,2.0,39.96569,-75.15679,18.0
3163,2025-11-13,7am-7pm,29.0,18.0,-11.0,39.94974,-75.18097,22.0
3046,2024-05-06,7pm-7am,15.0,18.0,3.0,,,
3251,2025-09-29,7pm-7am,3.0,5.0,2.0,39.93366,-75.19319,16.0
3334,2026-01-10,7pm-7am,1.0,2.0,1.0,39.9302,-75.15636,19.0
3062,2025-08-06,7am-7pm,10.0,8.0,-2.0,,,
3065,2025-06-29,7pm-7am,1.0,0.0,-1.0,39.9707,-75.15171,15.0
3272,2023-05-01,7am-7pm,2.0,3.0,1.0,39.96405,-75.22048,13.0
3331,2026-02-05,7am-7pm,3.0,3.0,0.0,39.97116,-75.12813,20.0
3342,2025-04-29,7pm-7am,6.0,6.0,0.0,39.9639,-75.17385,20.0
3370,2024-06-25,7pm-7am,1.0,0.0,-1.0,40.0163,-75.21241,16.0
3123,2026-02-02,7am-7pm,1.0,2.0,1.0,39.98004,-75.17088,16.0
3291,2025-03-03,7am-7pm,1.0,0.0,-1.0,40.01022,-75.197,15.0
3074,2025-07-08,7pm-7am,4.0,4.0,0.0,39.95511,-75.20987,15.0
3021,2023-09-14,7am-7pm,36.0,28.0,-8.0,39.9539,-75.16902,34.0
3119,2024-09-16,7pm-7am,4.0,3.0,-1.0,39.96674,-75.20799,17.0
3162,2023-09-12,7pm-7am,4.0,4.0,0.0,39.94595,-75.18475,34.0
3025,2025-10-16,7pm-7am,2.0,5.0,3.0,39.93724,-75.1612,15.0
3331,2023-09-05,7pm-7am,2.0,0.0,-2.0,39.97116,-75.12813,20.0
3360,2025-05-10,7pm-7am,2.0,13.0,11.0,39.93304,-75.16822,22.0
3251,2023-09-08,7pm-7am,1.0,2.0,1.0,39.93366,-75.19319,16.0
3243,2023-07-23,7pm-7am,0.0,1.0,1.0,39.9835,-75.14743,12.0
3297,2025-07-15,7am-7pm,10.0,12.0,2.0,39.95821,-75.16901,19.0
3026,2025-06-02,7am-7pm,15.0,24.0,9.0,39.94182,-75.1455,17.0
3368,2024-02-23,7am-7pm,2.0,1.0,-1.0,39.97647,-75.17362,17.0
3279,2024-12-06,7am-7pm,6.0,5.0,-1.0,39.9265,-75.1668,18.0
3351,2024-02-03,7am-7pm,2.0,1.0,-1.0,39.99655,-75.14991,18.0
3297,2023-08-15,7pm-7am,8.0,2.0,-6.0,39.95821,-75.16901,19.0
3093,2025-05-12,7pm-7am,0.0,1.0,1.0,39.98837,-75.18701,16.0
3153,2023-02-04,7pm-7am,1.0,0.0,-1.0,,,
3267,2025-01-28,7am-7pm,1.0,1.0,0.0,39.918,-75.1796,12.0
3016,2025-04-02,7am-7pm,6.0,4.0,-2.0,39.96892,-75.1547,15.0
3097,2024-11-04,7am-7pm,7.0,6.0,-1.0,39.97888,-75.13339,18.0
3041,2025-10-28,7am-7pm,15.0,17.0,2.0,39.96849,-75.13546,26.0
3314,2025-04-26,7am-7pm,8.0,4.0,-4.0,39.93682,-75.14492,17.0
3049,2025-02-16,7am-7pm,2.0,0.0,-2.0,39.94509,-75.1425,29.0
3068,2025-10-15,7am-7pm,18.0,16.0,-2.0,39.93549,-75.16711,18.0
3169,2023-02-08,7pm-7am,1.0,3.0,2.0,39.95382,-75.14263,17.0
3114,2025-04-10,7am-7pm,17.0,14.0,-3.0,39.93775,-75.18012,17.0
3205,2023-02-04,7am-7pm,3.0,2.0,-1.0,39.95405,-75.16783,22.0
3272,2025-05-09,7pm-7am,2.0,1.0,-1.0,39.96405,-75.22048,13.0
3010,2024-10-07,7am-7pm,61.0,72.0,11.0,39.94711,-75.16618,22.0
3205,2025-07-30,7pm-7am,4.0,8.0,4.0,39.95405,-75.16783,22.0
3316,2025-10-30,7pm-7am,0.0,1.0,1.0,39.92255,-75.17337,19.0
3163,2023-01-10,7pm-7am,1.0,4.0,3.0,39.94974,-75.18097,22.0
3064,2024-06-05,7am-7pm,32.0,27.0,-5.0,39.9384,-75.17327,22.0
3314,2024-09-20,7pm-7am,3.0,1.0,-2.0,39.93682,-75.14492,17.0
3158,2023-10-30,7am-7pm,9.0,9.0,0.0,39.92552,-75.16904,15.0
3334,2024-09-09,7am-7pm,19.0,13.0,-6.0,39.9302,-75.15636,19.0
3025,2023-08-21,7am-7pm,14.0,15.0,1.0,39.93724,-75.1612,15.0
3208,2023-03-29,7am-7pm,40.0,34.0,-6.0,39.95048,-75.19324,28.0
3060,2023-06-18,7pm-7am,3.0,3.0,0.0,39.95923,-75.17036,19.0
3311,2023-11-05,7am-7pm,2.0,3.0,1.0,,,
3098,2024-01-14,7pm-7am,3.0,3.0,0.0,39.93431,-75.16042,19.0
3111,2024-12-19,7am-7pm,1.0,0.0,-1.0,39.97779,-75.21323,14.0
3246,2023-01-28,7am-7pm,1.0,1.0,0.0,39.94782,-75.22301,17.0
3060,2023-07-03,7am-7pm,9.0,11.0,2.0,39.95923,-75.17036,19.0
3187,2023-11-07,7pm-7am,8.0,5.0,-3.0,39.95725,-75.17232,19.0
3037,2025-09-27,7am-7pm,32.0,31.0,-1.0,39.95424,-75.16138,21.0
3028,2024-01-09,7pm-7am,2.0,0.0,-2.0,39.94061,-75.14958,15.0
3286,2026-02-14,7am-7pm,1.0,0.0,-1.0,39.96409,-75.14769,22.0
3261,2024-12-22,7pm-7am,1.0,1.0,0.0,39.96304,-75.14099,17.0
3277,2025-10-14,7pm-7am,1.0,2.0,1.0,39.98306,-75.16738,20.0
3050,2023-12-11,7am-7pm,6.0,8.0,2.0,,,
3033,2024-10-05,7am-7pm,10.0,15.0,5.0,39.95005,-75.15672,20.0
3118,2023-02-15,7am-7pm,6.0,4.0,-2.0,39.95866,-75.21323,20.0
3335,2025-02-05,7am-7pm,2.0,1.0,-1.0,40.02237,-75.218,18.0
3004,2023-03-10,7am-7pm,3.0,5.0,2.0,39.95371,-75.16423,23.0
3057,2024-01-03,7am-7pm,1.0,1.0,0.0,39.96439,-75.17987,26.0
3078,2024-06-09,7pm-7am,5.0,6.0,1.0,39.95355,-75.17192,18.0
3154,2026-01-19,7pm-7am,2.0,4.0,2.0,39.95924,-75.15821,16.0
3029,2023-11-01,7pm-7am,3.0,2.0,-1.0,39.9538,-75.19479,17.0
3382,2024-09-24,7pm-7am,3.0,0.0,-3.0,39.95038,-75.17309,11.0
3375,2024-02-21,7am-7pm,3.0,3.0,0.0,39.96036,-75.1402,22.0
3371,2026-01-05,7pm-7am,1.0,0.0,-1.0,39.9534,-75.1543,19.0
3373,2024-03-07,7pm-7am,2.0,1.0,-1.0,39.95817,-75.15668,15.0
3321,2024-08-01,7am-7pm,6.0,10.0,4.0,39.95485,-75.17298,21.0
3408,2025-04-14,7am-7pm,7.0,4.0,-3.0,39.9216,-75.15,17.0
3240,2023-10-07,7am-7pm,1.0,1.0,0.0,39.96277,-75.21185,12.0
3425,2025-09-14,7am-7pm,5.0,6.0,1.0,39.9849,-75.13255,15.0
3342,2023-12-29,7pm-7am,1.0,0.0,-1.0,39.9639,-75.17385,20.0
3276,2025-04-23,7am-7pm,8.0,7.0,-1.0,39.96569,-75.15679,18.0
3259,2025-04-16,7am-7pm,6.0,3.0,-3.0,39.95998,-75.19883,17.0
3096,2023-11-15,7am-7pm,1.0,1.0,0.0,39.99119,-75.17975,14.0
3162,2025-12-17,7pm-7am,2.0,2.0,0.0,39.94595,-75.18475,34.0
3357,2024-01-28,7pm-7am,0.0,1.0,1.0,39.9104,-75.16588,27.0
3252,2025-08-15,7am-7pm,9.0,9.0,0.0,39.93882,-75.19324,14.0
3297,2025-09-01,7am-7pm,7.0,2.0,-5.0,39.95821,-75.16901,19.0
3442,2026-02-10,7am-7pm,2.0,1.0,-1.0,39.99426,-75.11791,15.0
3373,2024-11-17,7am-7pm,12.0,12.0,0.0,39.95817,-75.15668,15.0
3362,2025-08-28,7am-7pm,22.0,21.0,-1.0,39.94816,-75.16226,19.0
3369,2025-10-23,7am-7pm,6.0,10.0,4.0,40.00772,-75.19194,16.0
3107,2024-03-13,7am-7pm,3.0,3.0,0.0,39.98203,-75.18866,18.0
3160,2025-03-05,7am-7pm,6.0,7.0,1.0,39.95662,-75.19862,41.0
3034,2023-01-27,7pm-7am,4.0,7.0,3.0,39.93315,-75.16248,16.0
3066,2026-02-06,7pm-7am,1.0,5.0,4.0,39.94561,-75.17348,29.0
3019,2024-03-22,7am-7pm,3.0,2.0,-1.0,39.95403,-75.14983,15.0
3344,2023-09-03,7pm-7am,4.0,6.0,2.0,39.95961,-75.23354,23.0
3376,2024-03-07,7am-7pm,3.0,2.0,-1.0,39.97183,-75.14878,8.0
3317,2023-06-30,7am-7pm,2.0,0.0,-2.0,,,
3314,2024-01-27,7pm-7am,2.0,2.0,0.0,39.93682,-75.14492,17.0
3026,2024-08-16,7am-7pm,16.0,24.0,8.0,39.94182,-75.1455,17.0
3345,2024-02-23,7pm-7am,3.0,2.0,-1.0,39.9617,-75.14667,19.0
3421,2026-01-05,7pm-7am,2.0,4.0,2.0,39.91972,-75.16408,13.0
3319,2025-10-20,7pm-7am,1.0,2.0,1.0,39.96672,-75.12964,16.0
3123,2023-08-19,7pm-7am,1.0,1.0,0.0,39.98004,-75.17088,16.0
3022,2024-07-29,7pm-7am,13.0,12.0,-1.0,39.95472,-75.18323,21.0
3254,2023-02-26,7pm-7am,1.0,0.0,-1.0,39.98091,-75.16065,18.0
3251,2025-09-25,7am-7pm,3.0,0.0,-3.0,39.93366,-75.19319,16.0
3334,2025-11-04,7am-7pm,14.0,13.0,-1.0,39.9302,-75.15636,19.0
3062,2023-08-14,7am-7pm,11.0,10.0,-1.0,,,
3335,2024-11-29,7am-7pm,4.0,1.0,-3.0,40.02237,-75.218,18.0
3116,2025-06-03,7pm-7am,4.0,4.0,0.0,39.96006,-75.17198,21.0
3275,2023-01-09,7am-7pm,2.0,3.0,1.0,39.97576,-75.12157,22.0
3124,2025-08-30,7pm-7am,12.0,8.0,-4.0,39.95367,-75.13956,17.0
3077,2026-01-20,7am-7pm,3.0,2.0,-1.0,39.97207,-75.16351,19.0
3041,2024-06-16,7am-7pm,17.0,7.0,-10.0,39.96849,-75.13546,26.0
3068,2024-01-22,7pm-7am,4.0,2.0,-2.0,39.93549,-75.16711,18.0
3268,2024-05-29,7am-7pm,3.0,2.0,-1.0,39.97633,-75.15101,22.0
3156,2023-04-24,7pm-7am,6.0,1.0,-5.0,39.95381,-75.17407,22.0
3208,2023-01-19,7am-7pm,19.0,19.0,0.0,39.95048,-75.19324,28.0
3114,2025-09-03,7am-7pm,25.0,25.0,0.0,39.93775,-75.18012,17.0
3250,2025-09-03,7pm-7am,0.0,1.0,1.0,39.95673,-75.14575,17.0
3159,2023-08-13,7pm-7am,3.0,3.0,0.0,39.95121,-75.19962,23.0
3190,2023-02-15,7pm-7am,10.0,4.0,-6.0,,,
3163,2023-01-03,7am-7pm,5.0,3.0,-2.0,39.94974,-75.18097,22.0
3201,2024-10-31,7am-7pm,31.0,32.0,1.0,39.95523,-75.1662,20.0
3340,2023-09-02,7am-7pm,8.0,5.0,-3.0,39.96906,-75.18169,17.0
3188,2023-05-04,7pm-7am,2.0,1.0,-1.0,39.90471,-75.1734,56.0
3006,2025-03-11,7am-7pm,8.0,8.0,0.0,39.9522,-75.20311,17.0
3210,2025-09-03,7am-7pm,11.0,12.0,1.0,39.98492,-75.15668,18.0
3279,2025-08-03,7am-7pm,6.0,7.0,1.0,39.9265,-75.1668,18.0
3341,2025-08-19,7pm-7am,2.0,3.0,1.0,39.98131,-75.12732,20.0
3021,2024-02-12,7pm-7am,1.0,1.0,0.0,39.9539,-75.16902,34.0
3317,2023-05-20,7am-7pm,1.0,0.0,-1.0,,,
3150,2024-02-03,7pm-7am,2.0,2.0,0.0,39.92884,-75.17021,17.0
3245,2024-03-13,7pm-7am,5.0,4.0,-1.0,39.97887,-75.15777,20.0
3113,2025-04-28,7am-7pm,2.0,2.0,0.0,39.97472,-75.19781,12.0
3331,2023-08-31,7pm-7am,3.0,3.0,0.0,39.97116,-75.12813,20.0
3314,2024-11-02,7am-7pm,10.0,7.0,-3.0,39.93682,-75.14492,17.0
3056,2025-02-27,7pm-7am,4.0,3.0,-1.0,39.97669,-75.15813,22.0
3319,2025-07-28,7pm-7am,4.0,6.0,2.0,39.96672,-75.12964,16.0
3161,2024-07-06,7am-7pm,10.0,19.0,9.0,39.95486,-75.18091,23.0
3363,2025-06-23,7pm-7am,15.0,13.0,-2.0,39.94655,-75.16263,17.0
3102,2025-05-24,7pm-7am,6.0,5.0,-1.0,39.96759,-75.17952,26.0
3329,2023-10-08,7am-7pm,5.0,3.0,-2.0,40.02651,-75.22445,15.0
3077,2025-06-14,7am-7pm,7.0,7.0,0.0,39.97207,-75.16351,19.0
3160,2024-01-10,7am-7pm,13.0,10.0,-3.0,39.95662,-75.19862,41.0
3150,2025-08-29,7pm-7am,4.0,8.0,4.0,39.92884,-75.17021,17.0
3028,2025-10-15,7am-7pm,31.0,43.0,12.0,39.94061,-75.14958,15.0
3356,2025-07-03,7pm-7am,2.0,2.0,0.0,39.89322,-75.17187,19.0
3160,2024-12-24,7am-7pm,4.0,3.0,-1.0,39.95662,-75.19862,41.0
3115,2024-05-12,7pm-7am,2.0,3.0,1.0,39.97263,-75.16757,18.0
3125,2026-01-08,7pm-7am,6.0,7.0,1.0,39.94391,-75.16735,16.0
3039,2025-08-20,7pm-7am,3.0,3.0,0.0,39.97157,-75.15993,17.0
3038,2025-08-04,7am-7pm,38.0,25.0,-13.0,39.94781,-75.19409,28.0
3124,2023-09-15,7pm-7am,8.0,7.0,-1.0,39.95367,-75.13956,17.0
3113,2025-04-09,7pm-7am,0.0,1.0,1.0,39.97472,-75.19781,12.0
3101,2025-06-17,7pm-7am,9.0,6.0,-3.0,39.94295,-75.15955,18.0
3168,2024-06-17,7am-7pm,17.0,35.0,18.0,,,
3391,2025-05-23,7am-7pm,0.0,1.0,1.0,39.99667,-75.23482,13.0
3072,2023-01-22,7am-7pm,4.0,5.0,1.0,39.93445,-75.14541,25.0
3046,2023-05-17,7am-7pm,19.0,33.0,14.0,,,
3263,2025-11-08,7am-7pm,7.0,4.0,-3.0,39.9586,-75.2081,18.0
3117,2023-11-21,7am-7pm,1.0,2.0,1.0,39.97841,-75.22399,14.0
3034,2024-02-24,7am-7pm,10.0,9.0,-1.0,39.93315,-75.16248,16.0
3333,2024-11-09,7pm-7am,2.0,2.0,0.0,39.9541,-75.16965,25.0
3310,2024-10-13,7am-7pm,3.0,3.0,0.0,39.98024,-75.18651,15.0
3035,2024-08-08,7pm-7am,6.0,10.0,4.0,39.96271,-75.19419,20.0
3075,2023-04-22,7am-7pm,8.0,8.0,0.0,39.96718,-75.16125,12.0
3123,2026-01-24,7am-7pm,0.0,1.0,1.0,39.98004,-75.17088,16.0
3292,2026-02-17,7pm-7am,0.0,1.0,1.0,39.92,-75.1562,17.0
3159,2024-11-02,7am-7pm,6.0,6.0,0.0,39.95121,-75.19962,23.0
3098,2025-10-10,7am-7pm,21.0,22.0,1.0,39.93431,-75.16042,19.0
3359,2024-06-22,7am-7pm,29.0,29.0,0.0,39.94888,-75.16978,29.0
3303,2025-12-15,7pm-7am,0.0,1.0,1.0,39.9559,-75.2053,20.0
3347,2023-09-29,7am-7pm,11.0,10.0,-1.0,,,
3360,2025-02-05,7pm-7am,2.0,4.0,2.0,39.93304,-75.16822,22.0
3266,2025-01-01,7pm-7am,6.0,1.0,-5.0,39.9237,-75.14701,22.0
3164,2023-12-20,7am-7pm,10.0,10.0,0.0,39.92814,-75.16515,18.0
3184,2023-12-01,7am-7pm,2.0,8.0,6.0,39.94573,-75.19551,22.0
3077,2024-10-23,7am-7pm,10.0,6.0,-4.0,39.97207,-75.16351,19.0
3160,2024-04-15,7pm-7am,5.0,6.0,1.0,39.95662,-75.19862,41.0
3007,2024-12-11,7am-7pm,11.0,8.0,-3.0,39.94517,-75.15993,20.0
3018,2024-08-20,7pm-7am,6.0,11.0,5.0,39.95273,-75.15979,18.0
3245,2024-02-01,7am-7pm,8.0,10.0,2.0,39.97887,-75.15777,20.0
3319,2025-04-26,7pm-7am,7.0,6.0,-1.0,39.96672,-75.12964,16.0
3205,2024-10-04,7pm-7am,8.0,9.0,1.0,39.95405,-75.16783,22.0
3016,2023-08-16,7pm-7am,3.0,1.0,-2.0,39.96892,-75.1547,15.0
3345,2025-06-27,7pm-7am,6.0,9.0,3.0,39.9617,-75.14667,19.0
3116,2024-03-23,7pm-7am,1.0,3.0,2.0,39.96006,-75.17198,21.0
3010,2024-06-08,7pm-7am,27.0,26.0,-1.0,39.94711,-75.16618,22.0
3181,2023-12-28,7pm-7am,1.0,0.0,-1.0,39.89629,-75.17514,20.0
3353,2025-10-06,7am-7pm,5.0,4.0,-1.0,40.00496,-75.15233,22.0
3164,2024-02-19,7am-7pm,6.0,9.0,3.0,39.92814,-75.16515,18.0
3363,2025-02-08,7pm-7am,3.0,0.0,-3.0,39.94655,-75.16263,17.0
3241,2025-12-17,7am-7pm,1.0,1.0,0.0,39.95225,-75.22637,20.0
3067,2025-05-28,7am-7pm,1.0,1.0,0.0,39.96411,-75.19973,17.0
3017,2024-04-22,7am-7pm,3.0,2.0,-1.0,39.98003,-75.14371,15.0
3315,2024-03-11,7am-7pm,1.0,0.0,-1.0,39.94235,-75.21138,13.0
3165,2023-08-19,7am-7pm,19.0,21.0,2.0,39.95819,-75.1782,22.0
3067,2023-11-18,7pm-7am,0.0,2.0,2.0,39.96411,-75.19973,17.0
3334,2024-07-30,7pm-7am,2.0,7.0,5.0,39.9302,-75.15636,19.0
3363,2025-02-08,7am-7pm,12.0,9.0,-3.0,39.94655,-75.16263,17.0
3009,2023-01-06,7pm-7am,5.0,2.0,-3.0,39.95576,-75.18982,14.0
3030,2023-08-20,7am-7pm,23.0,26.0,3.0,,,
3226,2024-01-10,7am-7pm,3.0,3.0,0.0,39.98101,-75.13721,18.0
3120,2025-04-08,7am-7pm,7.0,7.0,0.0,39.97522,-75.18669,19.0
3418,2025-07-22,7pm-7am,2.0,1.0,-1.0,40.00924,-75.15198,17.0
3294,2025-09-30,7am-7pm,6.0,14.0,8.0,39.95174,-75.17063,21.0
3263,2023-12-03,7am-7pm,2.0,1.0,-1.0,39.9586,-75.2081,18.0
3324,2025-09-10,7am-7pm,1.0,2.0,1.0,39.99484,-75.19242,23.0
3070,2023-09-02,7pm-7am,4.0,6.0,2.0,,,
3009,2025-06-29,7am-7pm,11.0,12.0,1.0,39.95576,-75.18982,14.0
3246,2023-12-22,7pm-7am,0.0,1.0,1.0,39.94782,-75.22301,17.0
3062,2025-12-19,7am-7pm,8.0,4.0,-4.0,,,
3261,2025-01-13,7am-7pm,4.0,6.0,2.0,39.96304,-75.14099,17.0
3295,2025-03-31,7pm-7am,8.0,9.0,1.0,39.95028,-75.16027,21.0
3037,2026-03-12,7am-7pm,4.0,11.0,7.0,39.95424,-75.16138,21.0
3282,2023-09-23,7pm-7am,0.0,1.0,1.0,39.98628,-75.14925,15.0
3187,2023-12-18,7am-7pm,2.0,2.0,0.0,39.95725,-75.17232,19.0
3154,2024-03-29,7pm-7am,5.0,8.0,3.0,39.95924,-75.15821,16.0
3425,2025-07-19,7pm-7am,2.0,0.0,-2.0,39.9849,-75.13255,15.0
3029,2023-01-25,7am-7pm,11.0,17.0,6.0,39.9538,-75.19479,17.0
3116,2023-04-17,7pm-7am,2.0,4.0,2.0,39.96006,-75.17198,21.0
3398,2025-12-23,7am-7pm,1.0,1.0,0.0,39.91551,-75.15474,15.0
3235,2024-04-29,7pm-7am,5.0,3.0,-2.0,39.96,-75.1651,15.0
3021,2025-11-19,7pm-7am,4.0,2.0,-2.0,39.9539,-75.16902,34.0
3150,2024-12-28,7pm-7am,3.0,4.0,1.0,39.92884,-75.17021,17.0
3400,2025-05-27,7am-7pm,21.0,22.0,1.0,39.949,-75.16081,18.0
3074,2025-03-12,7am-7pm,3.0,9.0,6.0,39.95511,-75.20987,15.0
3154,2023-03-06,7pm-7am,7.0,8.0,1.0,39.95924,-75.15821,16.0
3342,2023-10-05,7pm-7am,4.0,7.0,3.0,39.9639,-75.17385,20.0
3203,2024-12-28,7am-7pm,3.0,4.0,1.0,39.94077,-75.17227,20.0
3009,2024-02-21,7am-7pm,16.0,15.0,-1.0,39.95576,-75.18982,14.0
3251,2023-05-24,7am-7pm,2.0,3.0,1.0,39.93366,-75.19319,16.0
3067,2024-06-11,7am-7pm,9.0,6.0,-3.0,39.96411,-75.19973,17.0
3061,2023-02-09,7am-7pm,12.0,12.0,0.0,,,
3168,2024-07-29,7am-7pm,18.0,19.0,1.0,,,
3277,2025-07-03,7am-7pm,3.0,4.0,1.0,39.98306,-75.16738,20.0
3208,2024-10-17,7am-7pm,42.0,40.0,-2.0,39.95048,-75.19324,28.0
3362,2025-02-26,7am-7pm,21.0,20.0,-1.0,39.94816,-75.16226,19.0
3237,2026-03-13,7pm-7am,2.0,0.0,-2.0,39.91717,-75.17096,21.0
3016,2024-08-28,7pm-7am,1.0,1.0,0.0,39.96892,-75.1547,15.0
3389,2025-11-21,7pm-7am,3.0,5.0,2.0,39.94431,-75.18128,16.0
3104,2025-07-24,7am-7pm,7.0,3.0,-4.0,39.96664,-75.19209,13.0
3152,2024-03-27,7pm-7am,2.0,3.0,1.0,39.94993,-75.20286,17.0
3325,2025-11-05,7am-7pm,8.0,6.0,-2.0,39.9768,-75.12764,22.0
3333,2025-06-22,7am-7pm,4.0,5.0,1.0,39.9541,-75.16965,25.0
3034,2024-09-30,7pm-7am,7.0,9.0,2.0,39.93315,-75.16248,16.0
3266,2025-05-06,7am-7pm,9.0,14.0,5.0,39.9237,-75.14701,22.0
3005,2025-06-10,7pm-7am,16.0,15.0,-1.0,39.94733,-75.14403,13.0
3405,2025-06-05,7pm-7am,3.0,5.0,2.0,39.94167,-75.16502,16.0
3430,2025-10-24,7pm-7am,4.0,6.0,2.0,39.97408,-75.1801,14.0
3316,2025-10-13,7pm-7am,1.0,3.0,2.0,39.92255,-75.17337,19.0
3065,2025-05-06,7am-7pm,3.0,1.0,-2.0,39.9707,-75.15171,15.0
3016,2024-05-18,7am-7pm,3.0,2.0,-1.0,39.96892,-75.1547,15.0
3183,2024-01-01,7am-7pm,5.0,5.0,0.0,39.88994,-75.17679,20.0
3097,2024-01-12,7am-7pm,4.0,3.0,-1.0,39.97888,-75.13339,18.0
3200,2025-04-08,7pm-7am,3.0,1.0,-2.0,39.97583,-75.16846,17.0
3319,2025-08-13,7pm-7am,3.0,1.0,-2.0,39.96672,-75.12964,16.0
3025,2025-12-03,7pm-7am,2.0,2.0,0.0,39.93724,-75.1612,15.0
3292,2026-02-28,7pm-7am,1.0,1.0,0.0,39.92,-75.1562,17.0
3326,2023-05-10,7am-7pm,1.0,1.0,0.0,39.99198,-75.19944,17.0
3255,2025-12-27,7am-7pm,5.0,4.0,-1.0,39.95095,-75.16438,15.0
3370,2024-02-29,7am-7pm,2.0,1.0,-1.0,40.0163,-75.21241,16.0
3052,2023-08-20,7pm-7am,8.0,4.0,-4.0,39.94732,-75.15695,25.0
3197,2023-02-10,7am-7pm,10.0,5.0,-5.0,39.92083,-75.17033,23.0
3016,2025-02-25,7am-7pm,5.0,6.0,1.0,39.96892,-75.1547,15.0
3391,2024-12-04,7am-7pm,1.0,1.0,0.0,39.99667,-75.23482,13.0
3119,2024-05-26,7pm-7am,2.0,2.0,0.0,39.96674,-75.20799,17.0
3211,2023-09-20,7am-7pm,16.0,8.0,-8.0,39.97172,-75.1706,22.0
3243,2025-07-09,7pm-7am,0.0,1.0,1.0,39.9835,-75.14743,12.0
3068,2025-07-07,7am-7pm,14.0,17.0,3.0,39.93549,-75.16711,18.0
3345,2025-01-07,7pm-7am,1.0,1.0,0.0,39.9617,-75.14667,19.0
3061,2024-01-24,7am-7pm,25.0,22.0,-3.0,,,
3399,2025-06-23,7am-7pm,6.0,8.0,2.0,39.97502,-75.14006,15.0
3382,2024-05-19,7am-7pm,19.0,19.0,0.0,39.95038,-75.17309,11.0
3068,2024-09-16,7pm-7am,4.0,9.0,5.0,39.93549,-75.16711,18.0
3241,2024-07-05,7pm-7am,1.0,1.0,0.0,39.95225,-75.22637,20.0
3295,2025-10-19,7am-7pm,22.0,16.0,-6.0,39.95028,-75.16027,21.0
3119,2023-10-02,7am-7pm,7.0,3.0,-4.0,39.96674,-75.20799,17.0
3241,2025-06-12,7am-7pm,7.0,6.0,-1.0,39.95225,-75.22637,20.0
3169,2024-12-04,7pm-7am,1.0,2.0,1.0,39.95382,-75.14263,17.0
3264,2025-04-04,7am-7pm,16.0,14.0,-2.0,39.94571,-75.15508,23.0
3040,2024-08-27,7pm-7am,4.0,2.0,-2.0,39.96289,-75.16606,21.0
3249,2023-03-12,7am-7pm,2.0,1.0,-1.0,39.95784,-75.19079,22.0
3372,2026-02-16,7pm-7am,0.0,1.0,1.0,39.92528,-75.18672,15.0
3299,2024-03-29,7am-7pm,7.0,8.0,1.0,39.94332,-75.15698,22.0
3341,2024-10-29,7pm-7am,3.0,6.0,3.0,39.98131,-75.12732,20.0
3018,2025-11-11,7pm-7am,2.0,2.0,0.0,39.95273,-75.15979,18.0
3168,2024-12-17,7pm-7am,7.0,1.0,-6.0,,,
3047,2026-02-02,7pm-7am,1.0,0.0,-1.0,39.95073,-75.14947,20.0
3359,2023-11-25,7am-7pm,14.0,22.0,8.0,39.94888,-75.16978,29.0
3295,2023-11-18,7pm-7am,29.0,33.0,4.0,39.95028,-75.16027,21.0
3200,2024-10-24,7pm-7am,4.0,3.0,-1.0,39.97583,-75.16846,17.0
3066,2024-01-03,7am-7pm,29.0,25.0,-4.0,39.94561,-75.17348,29.0
3056,2025-08-14,7pm-7am,7.0,6.0,-1.0,39.97669,-75.15813,22.0
3020,2025-04-26,7am-7pm,10.0,11.0,1.0,39.94855,-75.19007,36.0
3235,2024-11-26,7pm-7am,3.0,4.0,1.0,39.96,-75.1651,15.0
3165,2025-11-07,7pm-7am,5.0,10.0,5.0,39.95819,-75.1782,22.0
3008,2024-03-29,7pm-7am,3.0,0.0,-3.0,39.98081,-75.15067,17.0
3162,2024-04-03,7pm-7am,1.0,1.0,0.0,39.94595,-75.18475,34.0
3303,2024-05-25,7pm-7am,2.0,2.0,0.0,39.9559,-75.2053,20.0
3074,2024-07-16,7pm-7am,7.0,4.0,-3.0,39.95511,-75.20987,15.0
3245,2025-04-01,7pm-7am,7.0,6.0,-1.0,39.97887,-75.15777,20.0
3157,2024-11-11,7pm-7am,6.0,3.0,-3.0,39.92545,-75.15954,18.0
3072,2025-11-10,7am-7pm,13.0,10.0,-3.0,39.93445,-75.14541,25.0
3335,2023-07-22,7pm-7am,6.0,5.0,-1.0,40.02237,-75.218,18.0
3256,2023-06-20,7am-7pm,20.0,26.0,6.0,39.95269,-75.17779,23.0
3409,2025-12-23,7am-7pm,3.0,4.0,1.0,39.95508,-75.15128,20.0
3375,2024-10-13,7am-7pm,11.0,11.0,0.0,39.96036,-75.1402,22.0
3188,2025-08-27,7am-7pm,4.0,4.0,0.0,39.90471,-75.1734,56.0
3395,2025-08-12,7pm-7am,2.0,3.0,1.0,39.93866,-75.16351,13.0
3335,2025-08-16,7pm-7am,1.0,0.0,-1.0,40.02237,-75.218,18.0
3374,2026-02-15,7pm-7am,0.0,2.0,2.0,39.9728,-75.17971,18.0
3098,2024-01-07,7pm-7am,0.0,2.0,2.0,39.93431,-75.16042,19.0
3448,2025-12-24,7am-7pm,1.0,1.0,0.0,39.93995,-75.16604,5.0
3430,2026-03-01,7am-7pm,10.0,7.0,-3.0,39.97408,-75.1801,14.0
3392,2025-11-15,7am-7pm,3.0,2.0,-1.0,39.93633,-75.19447,13.0
3238,2025-05-30,7am-7pm,33.0,30.0,-3.0,39.97674,-75.11995,11.0
3314,2024-07-31,7am-7pm,13.0,11.0,-2.0,39.93682,-75.14492,17.0
3110,2024-12-18,7pm-7am,0.0,1.0,1.0,39.96175,-75.13641,19.0
3072,2023-06-11,7pm-7am,1.0,3.0,2.0,39.93445,-75.14541,25.0
3009,2023-04-19,7pm-7am,3.0,7.0,4.0,39.95576,-75.18982,14.0
3295,2023-08-07,7pm-7am,7.0,7.0,0.0,39.95028,-75.16027,21.0
3197,2024-10-31,7am-7pm,17.0,10.0,-7.0,39.92083,-75.17033,23.0
3063,2023-12-17,7am-7pm,9.0,7.0,-2.0,39.94633,-75.1698,25.0
3254,2023-02-03,7pm-7am,1.0,1.0,0.0,39.98091,-75.16065,18.0
3028,2023-03-13,7pm-7am,4.0,1.0,-3.0,39.94061,-75.14958,15.0
3067,2023-06-20,7pm-7am,0.0,1.0,1.0,39.96411,-75.19973,17.0
3021,2025-12-28,7am-7pm,2.0,4.0,2.0,39.9539,-75.16902,34.0
3246,2023-10-30,7pm-7am,1.0,0.0,-1.0,39.94782,-75.22301,17.0
3124,2025-06-10,7pm-7am,7.0,4.0,-3.0,39.95367,-75.13956,17.0
3120,2025-05-01,7am-7pm,23.0,21.0,-2.0,39.97522,-75.18669,19.0
3414,2025-10-02,7am-7pm,3.0,5.0,2.0,39.93922,-75.22347,13.0
3279,2026-02-03,7am-7pm,2.0,0.0,-2.0,39.9265,-75.1668,18.0
3016,2024-02-24,7am-7pm,2.0,2.0,0.0,39.96892,-75.1547,15.0
3263,2023-11-23,7pm-7am,0.0,1.0,1.0,39.9586,-75.2081,18.0
3208,2024-09-03,7am-7pm,50.0,49.0,-1.0,39.95048,-75.19324,28.0
3086,2024-06-05,7am-7pm,16.0,13.0,-3.0,39.94019,-75.16691,21.0
3120,2023-01-16,7pm-7am,1.0,2.0,1.0,39.97522,-75.18669,19.0
3342,2024-05-02,7am-7pm,20.0,15.0,-5.0,39.9639,-75.17385,20.0
3097,2023-09-20,7pm-7am,6.0,6.0,0.0,39.97888,-75.13339,18.0
3041,2023-04-27,7am-7pm,4.0,9.0,5.0,39.96849,-75.13546,26.0
3273,2023-05-26,7am-7pm,8.0,11.0,3.0,,,
3264,2025-04-12,7am-7pm,4.0,3.0,-1.0,39.94571,-75.15508,23.0
3334,2025-10-08,7am-7pm,14.0,9.0,-5.0,39.9302,-75.15636,19.0
3357,2023-11-02,7am-7pm,1.0,1.0,0.0,39.9104,-75.16588,27.0
3033,2023-02-13,7pm-7am,3.0,3.0,0.0,39.95005,-75.15672,20.0
3047,2024-04-04,7am-7pm,6.0,9.0,3.0,39.95073,-75.14947,20.0
3395,2024-11-20,7pm-7am,4.0,5.0,1.0,39.93866,-75.16351,13.0
3052,2023-06-25,7pm-7am,3.0,2.0,-1.0,39.94732,-75.15695,25.0
3049,2024-03-02,7am-7pm,0.0,2.0,2.0,39.94509,-75.1425,29.0
3253,2024-08-25,7am-7pm,2.0,0.0,-2.0,39.93074,-75.18924,21.0
3277,2025-05-20,7pm-7am,1.0,1.0,0.0,39.98306,-75.16738,20.0
3437,2026-01-04,7am-7pm,6.0,4.0,-2.0,39.93931,-75.20336,15.0
3073,2025-08-01,7am-7pm,14.0,18.0,4.0,39.96143,-75.15242,15.0
3259,2025-10-14,7am-7pm,10.0,8.0,-2.0,39.95998,-75.19883,17.0
3382,2026-01-03,7pm-7am,5.0,0.0,-5.0,39.95038,-75.17309,11.0
3184,2024-03-09,7pm-7am,0.0,1.0,1.0,39.94573,-75.19551,22.0
3241,2023-06-22,7pm-7am,0.0,2.0,2.0,39.95225,-75.22637,20.0
3022,2024-11-03,7am-7pm,26.0,17.0,-9.0,39.95472,-75.18323,21.0
3378,2026-03-08,7am-7pm,2.0,4.0,2.0,39.95238,-75.14728,18.0
3248,2023-01-13,7pm-7am,1.0,3.0,2.0,39.94213,-75.18335,22.0
3187,2024-01-23,7am-7pm,8.0,8.0,0.0,39.95725,-75.17232,19.0
3034,2023-01-23,7am-7pm,7.0,12.0,5.0,39.93315,-75.16248,16.0
3378,2024-12-26,7am-7pm,2.0,2.0,0.0,39.95238,-75.14728,18.0
3014,2023-12-11,7pm-7am,1.0,1.0,0.0,39.95886,-75.17369,25.0
3034,2025-10-24,7am-7pm,24.0,16.0,-8.0,39.93315,-75.16248,16.0
3102,2025-05-07,7am-7pm,23.0,24.0,1.0,39.96759,-75.17952,26.0
3281,2024-06-29,7am-7pm,0.0,2.0,2.0,39.9323,-75.2162,15.0
3357,2024-05-28,7pm-7am,1.0,1.0,0.0,39.9104,-75.16588,27.0
3028,2026-01-22,7pm-7am,6.0,5.0,-1.0,39.94061,-75.14958,15.0
3030,2025-11-26,7am-7pm,26.0,30.0,4.0,,,
3258,2024-10-20,7pm-7am,0.0,1.0,1.0,39.95828,-75.22424,20.0
3430,2025-11-04,7pm-7am,0.0,5.0,5.0,39.97408,-75.1801,14.0
3345,2024-02-19,7pm-7am,1.0,2.0,1.0,39.9617,-75.14667,19.0
3064,2025-09-09,7pm-7am,9.0,17.0,8.0,39.9384,-75.17327,22.0
3096,2025-09-25,7pm-7am,1.0,0.0,-1.0,39.99119,-75.17975,14.0
3324,2023-07-15,7pm-7am,3.0,5.0,2.0,39.99484,-75.19242,23.0
3043,2023-08-23,7am-7pm,17.0,15.0,-2.0,,,
3168,2024-09-20,7pm-7am,11.0,13.0,2.0,,,
3034,2025-11-13,7am-7pm,27.0,23.0,-4.0,39.93315,-75.16248,16.0
3373,2024-05-11,7pm-7am,2.0,3.0,1.0,39.95817,-75.15668,15.0
3063,2025-10-20,7am-7pm,23.0,27.0,4.0,39.94633,-75.1698,25.0
3067,2024-02-02,7am-7pm,1.0,2.0,1.0,39.96411,-75.19973,17.0
3111,2023-03-31,7pm-7am,4.0,2.0,-2.0,39.97779,-75.21323,14.0
3368,2024-01-02,7pm-7am,1.0,1.0,0.0,39.97647,-75.17362,17.0
3381,2026-01-13,7am-7pm,2.0,1.0,-1.0,39.94845,-75.21807,13.0
3046,2023-11-05,7pm-7am,8.0,5.0,-3.0,,,
3272,2025-12-10,7am-7pm,1.0,0.0,-1.0,39.96405,-75.22048,13.0
3156,2023-06-10,7am-7pm,15.0,10.0,-5.0,39.95381,-75.17407,22.0
3241,2024-04-11,7pm-7am,0.0,1.0,1.0,39.95225,-75.22637,20.0
3057,2023-08-17,7am-7pm,24.0,19.0,-5.0,39.96439,-75.17987,26.0
3320,2023-09-13,7am-7pm,6.0,6.0,0.0,39.9746,-75.15917,17.0
3162,2026-01-08,7pm-7am,3.0,3.0,0.0,39.94595,-75.18475,34.0
3264,2023-11-13,7am-7pm,19.0,15.0,-4.0,39.94571,-75.15508,23.0
3378,2025-01-04,7am-7pm,5.0,3.0,-2.0,39.95238,-75.14728,18.0
3022,2024-04-06,7pm-7am,5.0,5.0,0.0,39.95472,-75.18323,21.0
3075,2023-08-04,7am-7pm,17.0,18.0,1.0,39.96718,-75.16125,12.0
3315,2023-12-25,7pm-7am,1.0,1.0,0.0,39.94235,-75.21138,13.0
3362,2024-12-28,7pm-7am,11.0,6.0,-5.0,39.94816,-75.16226,19.0
3017,2023-09-28,7am-7pm,12.0,13.0,1.0,39.98003,-75.14371,15.0
3026,2023-02-20,7pm-7am,2.0,0.0,-2.0,39.94182,-75.1455,17.0
3078,2025-09-12,7pm-7am,8.0,10.0,2.0,39.95355,-75.17192,18.0
3168,2025-09-25,7pm-7am,2.0,1.0,-1.0,,,
3359,2024-04-28,7am-7pm,34.0,37.0,3.0,39.94888,-75.16978,29.0
3321,2024-12-17,7pm-7am,3.0,2.0,-1.0,39.95485,-75.17298,21.0
3060,2024-11-17,7pm-7am,1.0,0.0,-1.0,39.95923,-75.17036,19.0
3350,2023-12-18,7am-7pm,2.0,1.0,-1.0,39.99415,-75.15527,20.0
3098,2024-10-07,7am-7pm,15.0,12.0,-3.0,39.93431,-75.16042,19.0
3028,2025-10-11,7pm-7am,13.0,12.0,-1.0,39.94061,-75.14958,15.0
3258,2025-10-24,7pm-7am,1.0,2.0,1.0,39.95828,-75.22424,20.0
3258,2026-01-20,7am-7pm,3.0,1.0,-2.0,39.95828,-75.22424,20.0
3298,2025-07-24,7am-7pm,2.0,0.0,-2.0,39.94717,-75.20691,15.0
3010,2025-04-20,7am-7pm,32.0,38.0,6.0,39.94711,-75.16618,22.0
3436,2025-09-25,7pm-7am,0.0,1.0,1.0,39.98287,-75.10121,13.0
3320,2025-08-23,7am-7pm,11.0,4.0,-7.0,39.9746,-75.15917,17.0
3349,2026-02-10,7pm-7am,1.0,2.0,1.0,39.93651,-75.18621,17.0
3308,2024-05-07,7pm-7am,4.0,2.0,-2.0,,,
3246,2023-08-26,7pm-7am,2.0,4.0,2.0,39.94782,-75.22301,17.0
3249,2023-10-24,7pm-7am,2.0,1.0,-1.0,39.95784,-75.19079,22.0
3150,2025-06-23,7pm-7am,2.0,4.0,2.0,39.92884,-75.17021,17.0
3024,2023-06-15,7pm-7am,6.0,2.0,-4.0,39.94822,-75.20908,19.0
3190,2023-10-02,7pm-7am,14.0,12.0,-2.0,,,
3341,2024-12-25,7am-7pm,2.0,1.0,-1.0,39.98131,-75.12732,20.0
3070,2023-02-23,7pm-7am,0.0,1.0,1.0,,,
3182,2024-12-03,7pm-7am,11.0,5.0,-6.0,,,
3250,2024-12-14,7am-7pm,1.0,3.0,2.0,39.95673,-75.14575,17.0
3155,2023-09-13,7pm-7am,4.0,3.0,-1.0,39.94018,-75.15442,18.0
3099,2023-10-05,7am-7pm,9.0,8.0,-1.0,39.93401,-75.15094,19.0
3037,2025-01-20,7am-7pm,7.0,5.0,-2.0,39.95424,-75.16138,21.0
3301,2025-06-27,7am-7pm,10.0,21.0,11.0,39.95029,-75.17126,15.0
3245,2023-09-16,7pm-7am,4.0,3.0,-1.0,39.97887,-75.15777,20.0
3070,2023-01-10,7am-7pm,2.0,4.0,2.0,,,
3125,2025-03-13,7am-7pm,16.0,17.0,1.0,39.94391,-75.16735,16.0
3066,2025-01-30,7am-7pm,19.0,21.0,2.0,39.94561,-75.17348,29.0
3375,2024-12-10,7pm-7am,2.0,3.0,1.0,39.96036,-75.1402,22.0
3111,2023-04-25,7am-7pm,1.0,2.0,1.0,39.97779,-75.21323,14.0
3400,2025-03-02,7am-7pm,6.0,5.0,-1.0,39.949,-75.16081,18.0
3373,2024-08-04,7pm-7am,2.0,1.0,-1.0,39.95817,-75.15668,15.0
3236,2024-06-27,7am-7pm,12.0,4.0,-8.0,39.96566,-75.17765,18.0
3264,2025-05-24,7pm-7am,1.0,3.0,2.0,39.94571,-75.15508,23.0
3345,2024-09-30,7am-7pm,13.0,15.0,2.0,39.9617,-75.14667,19.0
3123,2023-06-17,7pm-7am,3.0,2.0,-1.0,39.98004,-75.17088,16.0
3077,2023-01-13,7am-7pm,2.0,3.0,1.0,39.97207,-75.16351,19.0
3355,2024-02-04,7pm-7am,1.0,0.0,-1.0,,,
3093,2025-05-05,7pm-7am,1.0,2.0,1.0,39.98837,-75.18701,16.0
3007,2025-12-03,7am-7pm,23.0,20.0,-3.0,39.94517,-75.15993,20.0
3055,2026-03-29,7am-7pm,8.0,11.0,3.0,39.95112,-75.15457,15.0
3181,2025-07-10,7am-7pm,1.0,1.0,0.0,39.89629,-75.17514,20.0
3272,2025-08-20,7pm-7am,2.0,1.0,-1.0,39.96405,-75.22048,13.0
3022,2026-02-05,7am-7pm,12.0,19.0,7.0,39.95472,-75.18323,21.0
3344,2025-05-17,7pm-7am,1.0,1.0,0.0,39.95961,-75.23354,23.0
3164,2026-01-21,7am-7pm,13.0,11.0,-2.0,39.92814,-75.16515,18.0
3152,2023-03-14,7am-7pm,1.0,0.0,-1.0,39.94993,-75.20286,17.0
3005,2024-12-11,7am-7pm,2.0,2.0,0.0,39.94733,-75.14403,13.0
3034,2024-08-12,7pm-7am,9.0,8.0,-1.0,39.93315,-75.16248,16.0
3007,2024-10-04,7am-7pm,27.0,24.0,-3.0,39.94517,-75.15993,20.0
3015,2025-10-15,7pm-7am,1.0,1.0,0.0,39.94735,-75.14886,11.0
3056,2024-07-07,7am-7pm,6.0,5.0,-1.0,39.97669,-75.15813,22.0
3285,2024-09-27,7am-7pm,2.0,4.0,2.0,39.95946,-75.14745,19.0
3041,2023-09-07,7am-7pm,5.0,9.0,4.0,39.96849,-75.13546,26.0
3053,2024-10-13,7am-7pm,24.0,14.0,-10.0,39.93231,-75.18154,19.0
3271,2025-05-14,7pm-7am,0.0,1.0,1.0,39.9476,-75.22946,18.0
3241,2023-07-22,7am-7pm,1.0,4.0,3.0,39.95225,-75.22637,20.0
3007,2025-11-13,7am-7pm,14.0,22.0,8.0,39.94517,-75.15993,20.0
3169,2024-09-21,7am-7pm,8.0,10.0,2.0,39.95382,-75.14263,17.0
3053,2026-02-17,7am-7pm,16.0,21.0,5.0,39.93231,-75.18154,19.0
3311,2023-11-16,7am-7pm,4.0,2.0,-2.0,,,
3295,2023-04-28,7am-7pm,15.0,19.0,4.0,39.95028,-75.16027,21.0
3104,2023-04-06,7am-7pm,1.0,4.0,3.0,39.96664,-75.19209,13.0
3052,2026-03-04,7pm-7am,4.0,4.0,0.0,39.94732,-75.15695,25.0
3150,2025-03-05,7am-7pm,7.0,2.0,-5.0,39.92884,-75.17021,17.0
3241,2023-12-05,7am-7pm,3.0,2.0,-1.0,39.95225,-75.22637,20.0
3318,2025-08-14,7pm-7am,3.0,3.0,0.0,39.95182,-75.16395,20.0
3258,2024-01-11,7pm-7am,1.0,0.0,-1.0,39.95828,-75.22424,20.0
3063,2024-08-08,7am-7pm,25.0,18.0,-7.0,39.94633,-75.1698,25.0
3371,2024-12-23,7am-7pm,1.0,1.0,0.0,39.9534,-75.1543,19.0
3252,2024-11-30,7am-7pm,2.0,1.0,-1.0,39.93882,-75.19324,14.0
3099,2023-07-06,7pm-7am,2.0,3.0,1.0,39.93401,-75.15094,19.0
3100,2025-12-27,7pm-7am,0.0,3.0,3.0,39.92777,-75.15103,38.0
3276,2024-10-25,7pm-7am,3.0,6.0,3.0,39.96569,-75.15679,18.0
3316,2025-04-16,7pm-7am,2.0,1.0,-1.0,39.92255,-75.17337,19.0
3342,2024-01-27,7pm-7am,2.0,2.0,0.0,39.9639,-75.17385,20.0
3197,2023-12-06,7pm-7am,2.0,3.0,1.0,39.92083,-75.17033,23.0
3254,2024-09-05,7pm-7am,3.0,5.0,2.0,39.98091,-75.16065,18.0
3418,2025-11-02,7pm-7am,0.0,1.0,1.0,40.00924,-75.15198,17.0
3313,2024-04-27,7am-7pm,4.0,6.0,2.0,39.9158,-75.1643,9.0
3031,2024-11-07,7pm-7am,3.0,1.0,-2.0,39.98005,-75.15522,21.0
3066,2023-10-11,7am-7pm,34.0,34.0,0.0,39.94561,-75.17348,29.0
3098,2023-01-13,7pm-7am,2.0,2.0,0.0,39.93431,-75.16042,19.0
3338,2024-12-09,7am-7pm,1.0,2.0,1.0,39.95098,-75.23035,21.0
3331,2025-09-28,7am-7pm,4.0,4.0,0.0,39.97116,-75.12813,20.0
3104,2023-12-28,7am-7pm,1.0,2.0,1.0,39.96664,-75.19209,13.0
3166,2023-10-02,7am-7pm,5.0,5.0,0.0,39.97195,-75.13445,22.0
3263,2026-01-01,7am-7pm,2.0,3.0,1.0,39.9586,-75.2081,18.0
3021,2024-10-25,7am-7pm,11.0,5.0,-6.0,39.9539,-75.16902,34.0
3210,2023-04-28,7am-7pm,6.0,6.0,0.0,39.98492,-75.15668,18.0
3097,2024-04-11,7am-7pm,9.0,6.0,-3.0,39.97888,-75.13339,18.0
3371,2025-08-11,7pm-7am,3.0,6.0,3.0,39.9534,-75.1543,19.0
3028,2024-08-05,7pm-7am,18.0,15.0,-3.0,39.94061,-75.14958,15.0
3266,2023-10-19,7am-7pm,3.0,6.0,3.0,39.9237,-75.14701,22.0
3052,2023-02-23,7am-7pm,32.0,25.0,-7.0,39.94732,-75.15695,25.0
3368,2025-07-28,7pm-7am,1.0,4.0,3.0,39.97647,-75.17362,17.0
3072,2023-11-05,7am-7pm,12.0,6.0,-6.0,39.93445,-75.14541,25.0
3445,2025-12-20,7am-7pm,1.0,0.0,-1.0,39.97235,-75.13426,3.0
3264,2025-12-19,7am-7pm,20.0,10.0,-10.0,39.94571,-75.15508,23.0
3391,2025-04-08,7pm-7am,1.0,0.0,-1.0,39.99667,-75.23482,13.0
3017,2024-02-25,7am-7pm,3.0,2.0,-1.0,39.98003,-75.14371,15.0
3393,2024-09-25,7pm-7am,2.0,7.0,5.0,39.96727,-75.13999,18.0
3123,2025-09-28,7pm-7am,2.0,3.0,1.0,39.98004,-75.17088,16.0
3114,2024-02-13,7am-7pm,9.0,10.0,1.0,39.93775,-75.18012,17.0
3247,2024-06-18,7pm-7am,1.0,1.0,0.0,39.96538,-75.21514,16.0
3034,2023-09-09,7am-7pm,20.0,21.0,1.0,39.93315,-75.16248,16.0
3327,2024-05-13,7am-7pm,2.0,7.0,5.0,39.97759,-75.12442,17.0
3152,2024-08-25,7am-7pm,7.0,5.0,-2.0,39.94993,-75.20286,17.0
3116,2024-12-16,7am-7pm,3.0,1.0,-2.0,39.96006,-75.17198,21.0
3325,2025-12-17,7pm-7am,2.0,1.0,-1.0,39.9768,-75.12764,22.0
3009,2024-02-14,7pm-7am,4.0,6.0,2.0,39.95576,-75.18982,14.0
3183,2023-02-14,7am-7pm,0.0,1.0,1.0,39.88994,-75.17679,20.0
3318,2025-07-08,7am-7pm,22.0,25.0,3.0,39.95182,-75.16395,20.0
3152,2024-05-02,7pm-7am,2.0,1.0,-1.0,39.94993,-75.20286,17.0
3301,2023-01-30,7pm-7am,2.0,1.0,-1.0,39.95029,-75.17126,15.0
3399,2025-06-12,7am-7pm,7.0,12.0,5.0,39.97502,-75.14006,15.0
3078,2024-05-13,7am-7pm,23.0,27.0,4.0,39.95355,-75.17192,18.0
3033,2024-11-30,7am-7pm,3.0,4.0,1.0,39.95005,-75.15672,20.0
3342,2024-04-16,7am-7pm,12.0,14.0,2.0,39.9639,-75.17385,20.0
3342,2024-01-07,7pm-7am,1.0,2.0,1.0,39.9639,-75.17385,20.0
3305,2025-07-21,7pm-7am,0.0,1.0,1.0,39.99569,-75.1671,11.0
3331,2024-11-25,7pm-7am,1.0,1.0,0.0,39.97116,-75.12813,20.0
3019,2023-06-23,7am-7pm,5.0,5.0,0.0,39.95403,-75.14983,15.0
3277,2024-07-23,7pm-7am,1.0,2.0,1.0,39.98306,-75.16738,20.0
3375,2026-02-19,7pm-7am,3.0,3.0,0.0,39.96036,-75.1402,22.0
3200,2025-10-09,7am-7pm,8.0,5.0,-3.0,39.97583,-75.16846,17.0
3279,2023-01-26,7am-7pm,1.0,0.0,-1.0,39.9265,-75.1668,18.0
3245,2023-12-16,7pm-7am,1.0,3.0,2.0,39.97887,-75.15777,20.0
3077,2023-09-06,7am-7pm,5.0,2.0,-3.0,39.97207,-75.16351,19.0
3243,2025-11-17,7pm-7am,0.0,1.0,1.0,39.9835,-75.14743,12.0
3334,2025-11-08,7am-7pm,21.0,11.0,-10.0,39.9302,-75.15636,19.0
3414,2025-10-01,7am-7pm,4.0,2.0,-2.0,39.93922,-75.22347,13.0
3060,2023-01-14,7am-7pm,1.0,0.0,-1.0,39.95923,-75.17036,19.0
3257,2024-04-26,7am-7pm,6.0,10.0,4.0,,,
3388,2025-09-03,7pm-7am,0.0,2.0,2.0,39.96634,-75.15097,19.0
3052,2024-02-02,7pm-7am,2.0,7.0,5.0,39.94732,-75.15695,25.0
3248,2024-12-26,7am-7pm,1.0,2.0,1.0,39.94213,-75.18335,22.0
3117,2023-03-30,7am-7pm,0.0,1.0,1.0,39.97841,-75.22399,14.0
3163,2023-11-23,7pm-7am,3.0,3.0,0.0,39.94974,-75.18097,22.0
3203,2023-04-29,7am-7pm,8.0,10.0,2.0,39.94077,-75.17227,20.0
3022,2024-11-01,7am-7pm,32.0,43.0,11.0,39.95472,-75.18323,21.0
3049,2024-09-28,7am-7pm,13.0,9.0,-4.0,39.94509,-75.1425,29.0
3185,2026-01-24,7pm-7am,5.0,4.0,-1.0,39.95169,-75.15888,21.0
3181,2023-07-30,7am-7pm,8.0,8.0,0.0,39.89629,-75.17514,20.0
3007,2024-06-15,7pm-7am,7.0,11.0,4.0,39.94517,-75.15993,20.0
3025,2023-09-22,7pm-7am,14.0,8.0,-6.0,39.93724,-75.1612,15.0
3300,2025-08-06,7am-7pm,11.0,15.0,4.0,39.95511,-75.16287,13.0
3159,2023-01-11,7am-7pm,6.0,9.0,3.0,39.95121,-75.19962,23.0
3285,2023-08-29,7am-7pm,4.0,5.0,1.0,39.95946,-75.14745,19.0
3237,2023-05-12,7pm-7am,1.0,0.0,-1.0,39.91717,-75.17096,21.0
3246,2025-07-13,7pm-7am,1.0,5.0,4.0,39.94782,-75.22301,17.0
3022,2023-03-14,7pm-7am,5.0,4.0,-1.0,39.95472,-75.18323,21.0
3064,2025-11-08,7am-7pm,21.0,18.0,-3.0,39.9384,-75.17327,22.0
3163,2025-01-29,7am-7pm,20.0,23.0,3.0,39.94974,-75.18097,22.0
3397,2025-05-06,7am-7pm,9.0,9.0,0.0,39.93906,-75.17824,15.0
3246,2023-01-22,7am-7pm,2.0,0.0,-2.0,39.94782,-75.22301,17.0
3287,2024-05-17,7pm-7am,0.0,1.0,1.0,39.94367,-75.21606,16.0
3152,2024-03-05,7am-7pm,0.0,1.0,1.0,39.94993,-75.20286,17.0
3361,2024-05-27,7pm-7am,3.0,5.0,2.0,39.93082,-75.17474,21.0
3278,2024-11-02,7pm-7am,1.0,2.0,1.0,39.99301,-75.1681,11.0
3057,2024-05-26,7am-7pm,76.0,63.0,-13.0,39.96439,-75.17987,26.0
3238,2024-01-18,7pm-7am,3.0,0.0,-3.0,39.97674,-75.11995,11.0
3050,2023-09-27,7am-7pm,15.0,10.0,-5.0,,,
3164,2025-08-23,7am-7pm,27.0,23.0,-4.0,39.92814,-75.16515,18.0
3104,2023-12-12,7am-7pm,9.0,4.0,-5.0,39.96664,-75.19209,13.0
3028,2024-08-30,7am-7pm,29.0,39.0,10.0,39.94061,-75.14958,15.0
3165,2023-02-12,7am-7pm,5.0,2.0,-3.0,39.95819,-75.1782,22.0
3347,2025-06-18,7pm-7am,13.0,9.0,-4.0,,,
3024,2024-10-12,7pm-7am,4.0,1.0,-3.0,39.94822,-75.20908,19.0
3440,2025-11-01,7am-7pm,2.0,0.0,-2.0,39.98306,-75.10836,13.0
3347,2024-08-22,7am-7pm,10.0,7.0,-3.0,,,
3115,2025-06-09,7pm-7am,2.0,0.0,-2.0,39.97263,-75.16757,18.0
3041,2023-11-02,7pm-7am,4.0,1.0,-3.0,39.96849,-75.13546,26.0
3341,2025-12-09,7am-7pm,4.0,2.0,-2.0,39.98131,-75.12732,20.0
3345,2024-04-22,7am-7pm,10.0,9.0,-1.0,39.9617,-75.14667,19.0
3382,2026-02-12,7am-7pm,7.0,7.0,0.0,39.95038,-75.17309,11.0
3020,2025-10-22,7pm-7am,19.0,18.0,-1.0,39.94855,-75.19007,36.0
3258,2024-11-22,7pm-7am,0.0,1.0,1.0,39.95828,-75.22424,20.0
3356,2025-08-22,7pm-7am,0.0,1.0,1.0,39.89322,-75.17187,19.0
3039,2023-03-12,7pm-7am,4.0,3.0,-1.0,39.97157,-75.15993,17.0
3284,2023-07-02,7am-7pm,0.0,3.0,3.0,40.01112,-75.19287,14.0
3110,2024-07-30,7pm-7am,4.0,2.0,-2.0,39.96175,-75.13641,19.0
3409,2025-11-15,7am-7pm,0.0,1.0,1.0,39.95508,-75.15128,20.0
3022,2023-07-20,7pm-7am,16.0,22.0,6.0,39.95472,-75.18323,21.0
3096,2024-07-15,7pm-7am,1.0,1.0,0.0,39.99119,-75.17975,14.0
3277,2026-01-14,7am-7pm,5.0,5.0,0.0,39.98306,-75.16738,20.0
3047,2024-10-10,7pm-7am,5.0,1.0,-4.0,39.95073,-75.14947,20.0
3258,2023-09-27,7am-7pm,3.0,2.0,-1.0,39.95828,-75.22424,20.0
3361,2024-04-14,7am-7pm,22.0,20.0,-2.0,39.93082,-75.17474,21.0
3300,2025-11-06,7pm-7am,4.0,1.0,-3.0,39.95511,-75.16287,13.0
3093,2023-01-23,7pm-7am,0.0,1.0,1.0,39.98837,-75.18701,16.0
3020,2025-04-08,7pm-7am,2.0,14.0,12.0,39.94855,-75.19007,36.0
3264,2023-10-17,7am-7pm,24.0,17.0,-7.0,39.94571,-75.15508,23.0
3064,2025-09-17,7pm-7am,5.0,6.0,1.0,39.9384,-75.17327,22.0
3245,2024-10-27,7pm-7am,5.0,4.0,-1.0,39.97887,-75.15777,20.0
3107,2025-11-22,7am-7pm,12.0,5.0,-7.0,39.98203,-75.18866,18.0
3296,2024-01-11,7pm-7am,7.0,1.0,-6.0,39.95134,-75.16758,21.0
3124,2023-08-05,7am-7pm,26.0,30.0,4.0,39.95367,-75.13956,17.0
3324,2024-07-20,7pm-7am,1.0,1.0,0.0,39.99484,-75.19242,23.0
3054,2023-01-14,7am-7pm,16.0,13.0,-3.0,39.9625,-75.1742,35.0
3209,2025-01-01,7am-7pm,0.0,1.0,1.0,39.949,-75.21278,14.0
3246,2023-05-27,7am-7pm,3.0,7.0,4.0,39.94782,-75.22301,17.0
3297,2023-06-05,7am-7pm,7.0,6.0,-1.0,39.95821,-75.16901,19.0
3346,2023-10-16,7am-7pm,15.0,11.0,-4.0,39.94883,-75.15097,17.0
3022,2024-09-06,7pm-7am,8.0,16.0,8.0,39.95472,-75.18323,21.0
3203,2024-10-12,7pm-7am,4.0,7.0,3.0,39.94077,-75.17227,20.0
3294,2023-09-05,7pm-7am,13.0,9.0,-4.0,39.95174,-75.17063,21.0
3308,2024-06-07,7am-7pm,11.0,10.0,-1.0,,,
3439,2026-03-20,7am-7pm,3.0,1.0,-2.0,39.99033,-75.12759,15.0
3029,2023-08-09,7pm-7am,9.0,7.0,-2.0,39.9538,-75.19479,17.0
3039,2023-06-06,7am-7pm,17.0,7.0,-10.0,39.97157,-75.15993,17.0
3347,2023-11-10,7pm-7am,5.0,2.0,-3.0,,,
3152,2023-05-29,7am-7pm,4.0,2.0,-2.0,39.94993,-75.20286,17.0
3338,2023-07-01,7pm-7am,1.0,1.0,0.0,39.95098,-75.23035,21.0
3025,2025-08-29,7pm-7am,15.0,12.0,-3.0,39.93724,-75.1612,15.0
3030,2023-06-28,7pm-7am,4.0,5.0,1.0,,,
3383,2024-10-12,7am-7pm,11.0,11.0,0.0,39.96634,-75.14222,19.0
3157,2025-07-13,7am-7pm,14.0,15.0,1.0,39.92545,-75.15954,18.0
3277,2023-03-26,7am-7pm,0.0,1.0,1.0,39.98306,-75.16738,20.0
3182,2024-11-25,7am-7pm,22.0,30.0,8.0,,,
3266,2023-11-01,7am-7pm,2.0,4.0,2.0,39.9237,-75.14701,22.0
3241,2025-07-16,7am-7pm,5.0,4.0,-1.0,39.95225,-75.22637,20.0
3064,2025-05-01,7pm-7am,7.0,6.0,-1.0,39.9384,-75.17327,22.0
3200,2025-01-28,7pm-7am,2.0,2.0,0.0,39.97583,-75.16846,17.0
3154,2025-10-20,7am-7pm,21.0,16.0,-5.0,39.95924,-75.15821,16.0
3187,2023-08-09,7pm-7am,3.0,3.0,0.0,39.95725,-75.17232,19.0
3168,2025-01-15,7am-7pm,18.0,11.0,-7.0,,,
3183,2025-09-29,7am-7pm,12.0,5.0,-7.0,39.88994,-75.17679,20.0
3029,2023-11-10,7am-7pm,20.0,20.0,0.0,39.9538,-75.19479,17.0
3012,2026-02-15,7pm-7am,0.0,3.0,3.0,39.94218,-75.17747,27.0
3116,2023-03-23,7pm-7am,0.0,1.0,1.0,39.96006,-75.17198,21.0
3033,2025-11-16,7pm-7am,7.0,2.0,-5.0,39.95005,-75.15672,20.0
3168,2024-12-07,7pm-7am,10.0,3.0,-7.0,,,
3182,2025-02-24,7am-7pm,12.0,17.0,5.0,,,
3188,2025-08-23,7am-7pm,32.0,25.0,-7.0,39.90471,-75.1734,56.0
3207,2025-03-11,7am-7pm,17.0,12.0,-5.0,39.95441,-75.192,20.0
3098,2023-11-28,7am-7pm,5.0,10.0,5.0,39.93431,-75.16042,19.0
3248,2023-07-19,7am-7pm,12.0,11.0,-1.0,39.94213,-75.18335,22.0
3238,2025-03-08,7am-7pm,13.0,9.0,-4.0,39.97674,-75.11995,11.0
3067,2025-08-21,7am-7pm,7.0,7.0,0.0,39.96411,-75.19973,17.0
3207,2024-04-01,7pm-7am,3.0,3.0,0.0,39.95441,-75.192,20.0
3065,2024-11-17,7am-7pm,2.0,2.0,0.0,39.9707,-75.15171,15.0
3182,2025-06-18,7am-7pm,18.0,21.0,3.0,,,
3154,2024-08-27,7pm-7am,8.0,4.0,-4.0,39.95924,-75.15821,16.0
3009,2023-09-16,7pm-7am,6.0,5.0,-1.0,39.95576,-75.18982,14.0
3067,2026-01-04,7am-7pm,1.0,2.0,1.0,39.96411,-75.19973,17.0
3162,2023-06-23,7am-7pm,3.0,4.0,1.0,39.94595,-75.18475,34.0
3052,2024-07-23,7pm-7am,9.0,11.0,2.0,39.94732,-75.15695,25.0
3370,2025-07-04,7pm-7am,5.0,0.0,-5.0,40.0163,-75.21241,16.0
3019,2023-06-26,7am-7pm,10.0,11.0,1.0,39.95403,-75.14983,15.0
3342,2025-04-06,7pm-7am,2.0,4.0,2.0,39.9639,-75.17385,20.0
3032,2024-09-06,7pm-7am,13.0,9.0,-4.0,39.94527,-75.17971,20.0
3359,2023-11-13,7pm-7am,10.0,6.0,-4.0,39.94888,-75.16978,29.0
3394,2025-12-29,7am-7pm,5.0,0.0,-5.0,39.924,-75.16959,14.0
3264,2024-03-03,7am-7pm,11.0,7.0,-4.0,39.94571,-75.15508,23.0
3161,2023-05-15,7am-7pm,30.0,23.0,-7.0,39.95486,-75.18091,23.0
3362,2025-10-12,7am-7pm,6.0,11.0,5.0,39.94816,-75.16226,19.0
3363,2025-02-09,7pm-7am,14.0,14.0,0.0,39.94655,-75.16263,17.0
3310,2025-03-14,7pm-7am,0.0,1.0,1.0,39.98024,-75.18651,15.0
3190,2023-06-11,7pm-7am,9.0,7.0,-2.0,,,
3155,2023-10-04,7am-7pm,20.0,22.0,2.0,39.94018,-75.15442,18.0
3360,2026-03-19,7pm-7am,5.0,3.0,-2.0,39.93304,-75.16822,22.0
3285,2023-02-15,7pm-7am,2.0,0.0,-2.0,39.95946,-75.14745,19.0
3360,2026-03-22,7am-7pm,15.0,9.0,-6.0,39.93304,-75.16822,22.0
3319,2023-04-21,7pm-7am,0.0,1.0,1.0,39.96672,-75.12964,16.0
3362,2025-06-16,7am-7pm,29.0,27.0,-2.0,39.94816,-75.16226,19.0
3110,2025-04-09,7pm-7am,5.0,2.0,-3.0,39.96175,-75.13641,19.0
3371,2025-09-15,7am-7pm,14.0,16.0,2.0,39.9534,-75.1543,19.0
3395,2024-10-24,7am-7pm,12.0,13.0,1.0,39.93866,-75.16351,13.0
3114,2023-07-19,7pm-7am,3.0,6.0,3.0,39.93775,-75.18012,17.0
3249,2023-03-24,7pm-7am,2.0,0.0,-2.0,39.95784,-75.19079,22.0
3360,2025-10-25,7pm-7am,7.0,10.0,3.0,39.93304,-75.16822,22.0
3346,2023-12-31,7am-7pm,8.0,7.0,-1.0,39.94883,-75.15097,17.0
3156,2023-10-09,7am-7pm,32.0,35.0,3.0,39.95381,-75.17407,22.0
3030,2023-12-06,7pm-7am,4.0,7.0,3.0,,,
3324,2023-08-07,7pm-7am,1.0,0.0,-1.0,39.99484,-75.19242,23.0
3110,2024-05-20,7am-7pm,6.0,8.0,2.0,39.96175,-75.13641,19.0
3028,2023-05-30,7am-7pm,29.0,36.0,7.0,39.94061,-75.14958,15.0
3363,2025-06-30,7pm-7am,6.0,3.0,-3.0,39.94655,-75.16263,17.0
3115,2024-11-15,7am-7pm,1.0,1.0,0.0,39.97263,-75.16757,18.0
3315,2025-07-09,7pm-7am,0.0,1.0,1.0,39.94235,-75.21138,13.0
3078,2024-12-28,7am-7pm,1.0,3.0,2.0,39.95355,-75.17192,18.0
3212,2023-04-20,7pm-7am,7.0,3.0,-4.0,39.96383,-75.18177,32.0
3077,2025-07-12,7pm-7am,3.0,6.0,3.0,39.97207,-75.16351,19.0
3039,2024-08-16,7pm-7am,2.0,3.0,1.0,39.97157,-75.15993,17.0
3150,2023-01-17,7am-7pm,9.0,10.0,1.0,39.92884,-75.17021,17.0
3005,2025-09-18,7pm-7am,19.0,11.0,-8.0,39.94733,-75.14403,13.0
3244,2024-08-17,7pm-7am,3.0,4.0,1.0,,,
3301,2024-06-01,7pm-7am,20.0,11.0,-9.0,39.95029,-75.17126,15.0
3435,2026-01-14,7pm-7am,0.0,1.0,1.0,39.98451,-75.12348,13.0
3365,2025-06-30,7pm-7am,4.0,4.0,0.0,39.96173,-75.18788,17.0
3330,2023-09-15,7pm-7am,3.0,2.0,-1.0,,,
3049,2025-10-15,7am-7pm,19.0,22.0,3.0,39.94509,-75.1425,29.0
3342,2025-07-03,7pm-7am,6.0,3.0,-3.0,39.9639,-75.17385,20.0
3313,2025-10-26,7pm-7am,4.0,1.0,-3.0,39.9158,-75.1643,9.0
3052,2024-01-21,7am-7pm,0.0,2.0,2.0,39.94732,-75.15695,25.0
3114,2023-05-12,7pm-7am,5.0,7.0,2.0,39.93775,-75.18012,17.0
3117,2025-06-10,7pm-7am,1.0,0.0,-1.0,39.97841,-75.22399,14.0
3350,2024-10-05,7am-7pm,1.0,2.0,1.0,39.99415,-75.15527,20.0
3281,2025-06-10,7am-7pm,1.0,3.0,2.0,39.9323,-75.2162,15.0
3101,2025-03-26,7pm-7am,10.0,9.0,-1.0,39.94295,-75.15955,18.0
3047,2025-06-25,7pm-7am,3.0,1.0,-2.0,39.95073,-75.14947,20.0
3078,2024-01-10,7am-7pm,25.0,21.0,-4.0,39.95355,-75.17192,18.0
3204,2024-07-25,7am-7pm,17.0,16.0,-1.0,39.96437,-75.16582,22.0
3056,2023-07-24,7am-7pm,8.0,10.0,2.0,39.97669,-75.15813,22.0
3066,2023-09-05,7pm-7am,7.0,7.0,0.0,39.94561,-75.17348,29.0
3201,2023-12-29,7pm-7am,4.0,4.0,0.0,39.95523,-75.1662,20.0
3047,2026-01-06,7am-7pm,7.0,14.0,7.0,39.95073,-75.14947,20.0
3212,2025-06-23,7am-7pm,8.0,12.0,4.0,39.96383,-75.18177,32.0
3296,2025-11-25,7pm-7am,5.0,7.0,2.0,39.95134,-75.16758,21.0
3291,2025-08-29,7am-7pm,6.0,7.0,1.0,40.01022,-75.197,15.0
3378,2026-03-12,7am-7pm,2.0,2.0,0.0,39.95238,-75.14728,18.0
3119,2024-08-15,7pm-7am,4.0,2.0,-2.0,39.96674,-75.20799,17.0
3356,2025-01-14,7am-7pm,1.0,1.0,0.0,39.89322,-75.17187,19.0
3030,2023-12-14,7am-7pm,25.0,20.0,-5.0,,,
3123,2023-04-10,7am-7pm,2.0,2.0,0.0,39.98004,-75.17088,16.0
3248,2025-12-22,7am-7pm,3.0,3.0,0.0,39.94213,-75.18335,22.0
3237,2025-08-30,7am-7pm,7.0,6.0,-1.0,39.91717,-75.17096,21.0
3156,2024-11-20,7pm-7am,8.0,6.0,-2.0,39.95381,-75.17407,22.0
3197,2023-09-20,7am-7pm,16.0,9.0,-7.0,39.92083,-75.17033,23.0
3257,2024-11-26,7am-7pm,9.0,11.0,2.0,,,
3077,2025-10-09,7pm-7am,8.0,2.0,-6.0,39.97207,-75.16351,19.0
3243,2025-04-30,7pm-7am,0.0,2.0,2.0,39.9835,-75.14743,12.0
3238,2024-04-24,7am-7pm,26.0,26.0,0.0,39.97674,-75.11995,11.0
3329,2025-06-22,7am-7pm,0.0,1.0,1.0,40.02651,-75.22445,15.0
3443,2025-11-22,7am-7pm,1.0,1.0,0.0,40.02155,-75.21339,10.0
3165,2025-08-02,7am-7pm,38.0,30.0,-8.0,39.95819,-75.1782,22.0
3226,2024-10-31,7pm-7am,4.0,5.0,1.0,39.98101,-75.13721,18.0
3060,2025-10-31,7pm-7am,2.0,3.0,1.0,39.95923,-75.17036,19.0
3308,2023-12-16,7pm-7am,0.0,1.0,1.0,,,
3152,2024-01-12,7pm-7am,0.0,1.0,1.0,39.94993,-75.20286,17.0
3343,2023-10-02,7am-7pm,15.0,12.0,-3.0,,,
3005,2023-05-03,7am-7pm,5.0,8.0,3.0,39.94733,-75.14403,13.0
3158,2025-09-03,7am-7pm,18.0,12.0,-6.0,39.92552,-75.16904,15.0
3249,2023-10-14,7am-7pm,1.0,5.0,4.0,39.95784,-75.19079,22.0
3334,2024-09-28,7pm-7am,2.0,7.0,5.0,39.9302,-75.15636,19.0
3265,2024-11-17,7am-7pm,4.0,4.0,0.0,39.95957,-75.19633,13.0
3032,2024-01-03,7pm-7am,6.0,5.0,-1.0,39.94527,-75.17971,20.0
3252,2024-03-15,7am-7pm,7.0,7.0,0.0,39.93882,-75.19324,14.0
3039,2026-03-20,7pm-7am,1.0,2.0,1.0,39.97157,-75.15993,17.0
3320,2025-08-05,7pm-7am,3.0,6.0,3.0,39.9746,-75.15917,17.0
3016,2024-08-01,7pm-7am,1.0,1.0,0.0,39.96892,-75.1547,15.0
3372,2024-03-07,7am-7pm,1.0,0.0,-1.0,39.92528,-75.18672,15.0
3166,2025-07-14,7pm-7am,4.0,2.0,-2.0,39.97195,-75.13445,22.0
3205,2024-10-21,7pm-7am,7.0,5.0,-2.0,39.95405,-75.16783,22.0
3093,2025-03-23,7am-7pm,4.0,4.0,0.0,39.98837,-75.18701,16.0
3329,2024-05-15,7pm-7am,0.0,1.0,1.0,40.02651,-75.22445,15.0
3287,2024-04-13,7pm-7am,0.0,1.0,1.0,39.94367,-75.21606,16.0
3008,2025-09-24,7pm-7am,1.0,1.0,0.0,39.98081,-75.15067,17.0
3297,2025-11-27,7am-7pm,7.0,4.0,-3.0,39.95821,-75.16901,19.0
3388,2024-10-19,7pm-7am,1.0,0.0,-1.0,39.96634,-75.15097,19.0
3112,2023-03-18,7pm-7am,0.0,2.0,2.0,39.95373,-75.21825,18.0
3360,2024-07-29,7am-7pm,19.0,14.0,-5.0,39.93304,-75.16822,22.0
3010,2023-12-29,7am-7pm,32.0,32.0,0.0,39.94711,-75.16618,22.0
3334,2026-01-12,7am-7pm,8.0,8.0,0.0,39.9302,-75.15636,19.0
3161,2023-09-04,7pm-7am,4.0,3.0,-1.0,39.95486,-75.18091,23.0
3059,2024-05-18,7pm-7am,13.0,8.0,-5.0,39.96244,-75.16121,21.0
3010,2025-01-31,7am-7pm,20.0,23.0,3.0,39.94711,-75.16618,22.0
3110,2024-06-04,7pm-7am,4.0,7.0,3.0,39.96175,-75.13641,19.0
3161,2024-03-21,7am-7pm,27.0,29.0,2.0,39.95486,-75.18091,23.0
3277,2023-09-13,7am-7pm,2.0,3.0,1.0,39.98306,-75.16738,20.0
3335,2025-05-20,7am-7pm,1.0,2.0,1.0,40.02237,-75.218,18.0
3359,2024-09-30,7am-7pm,41.0,46.0,5.0,39.94888,-75.16978,29.0
3378,2026-02-05,7am-7pm,1.0,2.0,1.0,39.95238,-75.14728,18.0
3022,2023-12-19,7am-7pm,23.0,25.0,2.0,39.95472,-75.18323,21.0
3360,2024-12-06,7pm-7am,4.0,5.0,1.0,39.93304,-75.16822,22.0
3099,2023-02-11,7pm-7am,1.0,2.0,1.0,39.93401,-75.15094,19.0
3053,2025-11-04,7am-7pm,24.0,17.0,-7.0,39.93231,-75.18154,19.0
3029,2023-02-10,7am-7pm,14.0,19.0,5.0,39.9538,-75.19479,17.0
3387,2026-03-28,7pm-7am,0.0,3.0,3.0,39.97012,-75.14666,19.0
3162,2026-02-05,7am-7pm,3.0,5.0,2.0,39.94595,-75.18475,34.0
3008,2025-11-12,7pm-7am,1.0,0.0,-1.0,39.98081,-75.15067,17.0
3045,2023-03-17,7am-7pm,22.0,31.0,9.0,,,
3275,2023-10-04,7am-7pm,6.0,6.0,0.0,39.97576,-75.12157,22.0
3182,2023-11-22,7am-7pm,12.0,14.0,2.0,,,
3188,2023-06-27,7am-7pm,2.0,3.0,1.0,39.90471,-75.1734,56.0
3236,2025-01-16,7pm-7am,0.0,1.0,1.0,39.96566,-75.17765,18.0
3024,2024-03-15,7pm-7am,5.0,2.0,-3.0,39.94822,-75.20908,19.0
3405,2025-08-09,7pm-7am,1.0,2.0,1.0,39.94167,-75.16502,16.0
3157,2025-03-30,7am-7pm,12.0,9.0,-3.0,39.92545,-75.15954,18.0
3007,2026-02-13,7am-7pm,12.0,8.0,-4.0,39.94517,-75.15993,20.0
3301,2023-11-13,7pm-7am,3.0,2.0,-1.0,39.95029,-75.17126,15.0
3279,2024-08-23,7pm-7am,1.0,2.0,1.0,39.9265,-75.1668,18.0
3297,2023-05-01,7pm-7am,3.0,0.0,-3.0,39.95821,-75.16901,19.0
3306,2024-05-26,7am-7pm,1.0,1.0,0.0,39.99683,-75.17761,11.0
3123,2025-05-08,7am-7pm,2.0,1.0,-1.0,39.98004,-75.17088,16.0
3124,2025-03-06,7pm-7am,1.0,0.0,-1.0,39.95367,-75.13956,17.0
3354,2024-07-24,7am-7pm,1.0,0.0,-1.0,39.95628,-75.2387,18.0
3115,2023-08-07,7am-7pm,11.0,4.0,-7.0,39.97263,-75.16757,18.0
3031,2024-03-31,7pm-7am,1.0,3.0,2.0,39.98005,-75.15522,21.0
3124,2025-12-24,7am-7pm,8.0,5.0,-3.0,39.95367,-75.13956,17.0
3037,2024-05-16,7pm-7am,3.0,1.0,-2.0,39.95424,-75.16138,21.0
3052,2024-11-19,7pm-7am,3.0,10.0,7.0,39.94732,-75.15695,25.0
3022,2025-02-22,7am-7pm,8.0,14.0,6.0,39.95472,-75.18323,21.0
3342,2024-08-14,7am-7pm,10.0,9.0,-1.0,39.9639,-75.17385,20.0
3009,2026-03-08,7pm-7am,3.0,6.0,3.0,39.95576,-75.18982,14.0
3346,2024-07-12,7am-7pm,10.0,10.0,0.0,39.94883,-75.15097,17.0
3213,2025-09-09,7am-7pm,49.0,56.0,7.0,39.93887,-75.16663,25.0
3150,2024-06-14,7am-7pm,15.0,14.0,-1.0,39.92884,-75.17021,17.0
3235,2024-01-10,7am-7pm,13.0,7.0,-6.0,39.96,-75.1651,15.0
3313,2025-12-10,7pm-7am,0.0,1.0,1.0,39.9158,-75.1643,9.0
3304,2023-02-12,7am-7pm,5.0,3.0,-2.0,39.94234,-75.15399,21.0
3160,2023-11-22,7pm-7am,1.0,3.0,2.0,39.95662,-75.19862,41.0
3099,2024-11-28,7am-7pm,0.0,1.0,1.0,39.93401,-75.15094,19.0
3041,2023-10-17,7pm-7am,2.0,4.0,2.0,39.96849,-75.13546,26.0
3449,2026-01-24,7pm-7am,1.0,0.0,-1.0,39.94628,-75.15138,21.0
3271,2024-05-07,7am-7pm,1.0,3.0,2.0,39.9476,-75.22946,18.0
3349,2024-07-22,7pm-7am,0.0,5.0,5.0,39.93651,-75.18621,17.0
3008,2023-01-02,7am-7pm,3.0,2.0,-1.0,39.98081,-75.15067,17.0
3073,2024-12-11,7pm-7am,3.0,0.0,-3.0,39.96143,-75.15242,15.0
3304,2025-08-15,7am-7pm,28.0,32.0,4.0,39.94234,-75.15399,21.0
3116,2024-05-03,7am-7pm,16.0,16.0,0.0,39.96006,-75.17198,21.0
3155,2023-12-29,7pm-7am,6.0,2.0,-4.0,39.94018,-75.15442,18.0
3363,2024-08-24,7pm-7am,16.0,9.0,-7.0,39.94655,-75.16263,17.0
3045,2023-03-14,7am-7pm,12.0,13.0,1.0,,,
3318,2024-01-28,7am-7pm,1.0,2.0,1.0,39.95182,-75.16395,20.0
3370,2025-06-30,7pm-7am,2.0,0.0,-2.0,40.0163,-75.21241,16.0
3159,2024-08-25,7am-7pm,15.0,14.0,-1.0,39.95121,-75.19962,23.0
3245,2023-03-24,7am-7pm,4.0,4.0,0.0,39.97887,-75.15777,20.0
3296,2025-04-23,7am-7pm,37.0,39.0,2.0,39.95134,-75.16758,21.0
3039,2024-10-24,7am-7pm,9.0,5.0,-4.0,39.97157,-75.15993,17.0
3421,2025-11-24,7am-7pm,4.0,2.0,-2.0,39.91972,-75.16408,13.0
3024,2025-02-13,7am-7pm,0.0,1.0,1.0,39.94822,-75.20908,19.0
3074,2024-10-17,7pm-7am,9.0,7.0,-2.0,39.95511,-75.20987,15.0
3043,2023-10-11,7pm-7am,10.0,9.0,-1.0,,,
3351,2025-08-27,7pm-7am,0.0,1.0,1.0,39.99655,-75.14991,18.0
3313,2023-12-16,7pm-7am,1.0,0.0,-1.0,39.9158,-75.1643,9.0
3370,2025-10-29,7pm-7am,2.0,0.0,-2.0,40.0163,-75.21241,16.0
3387,2025-12-15,7am-7pm,1.0,2.0,1.0,39.97012,-75.14666,19.0
3187,2024-12-27,7am-7pm,7.0,5.0,-2.0,39.95725,-75.17232,19.0
3392,2025-10-04,7am-7pm,5.0,5.0,0.0,39.93633,-75.19447,13.0
3437,2025-09-26,7am-7pm,3.0,5.0,2.0,39.93931,-75.20336,15.0
3160,2024-12-14,7am-7pm,5.0,3.0,-2.0,39.95662,-75.19862,41.0
3204,2024-10-02,7am-7pm,14.0,11.0,-3.0,39.96437,-75.16582,22.0
3360,2024-02-01,7am-7pm,15.0,7.0,-8.0,39.93304,-75.16822,22.0
3156,2025-01-27,7pm-7am,5.0,2.0,-3.0,39.95381,-75.17407,22.0
3069,2025-01-26,7am-7pm,6.0,4.0,-2.0,39.93704,-75.15038,23.0
3280,2025-07-30,7pm-7am,3.0,1.0,-2.0,39.93968,-75.21362,18.0
3159,2024-11-16,7pm-7am,4.0,6.0,2.0,39.95121,-75.19962,23.0
3040,2026-01-13,7am-7pm,17.0,17.0,0.0,39.96289,-75.16606,21.0
3052,2024-12-26,7am-7pm,6.0,7.0,1.0,39.94732,-75.15695,25.0
3034,2025-06-27,7pm-7am,5.0,13.0,8.0,39.93315,-75.16248,16.0
3047,2025-08-21,7pm-7am,8.0,4.0,-4.0,39.95073,-75.14947,20.0
3120,2024-01-02,7pm-7am,2.0,1.0,-1.0,39.97522,-75.18669,19.0
3233,2023-03-04,7pm-7am,0.0,1.0,1.0,,,
3152,2026-02-20,7pm-7am,2.0,2.0,0.0,39.94993,-75.20286,17.0
3162,2023-08-15,7am-7pm,9.0,9.0,0.0,39.94595,-75.18475,34.0
3025,2025-05-05,7pm-7am,3.0,4.0,1.0,39.93724,-75.1612,15.0
3185,2025-03-09,7pm-7am,10.0,3.0,-7.0,39.95169,-75.15888,21.0
3373,2025-11-23,7am-7pm,14.0,9.0,-5.0,39.95817,-75.15668,15.0
3058,2026-02-08,7am-7pm,1.0,7.0,6.0,,,
3035,2024-12-08,7am-7pm,1.0,3.0,2.0,39.96271,-75.19419,20.0
3163,2026-02-21,7pm-7am,1.0,2.0,1.0,39.94974,-75.18097,22.0
3344,2024-06-28,7pm-7am,0.0,2.0,2.0,39.95961,-75.23354,23.0
3017,2023-12-30,7am-7pm,2.0,1.0,-1.0,39.98003,-75.14371,15.0
3319,2024-02-10,7pm-7am,1.0,0.0,-1.0,39.96672,-75.12964,16.0
3353,2025-06-20,7am-7pm,0.0,2.0,2.0,40.00496,-75.15233,22.0
3053,2025-12-31,7am-7pm,8.0,8.0,0.0,39.93231,-75.18154,19.0
3282,2024-03-18,7am-7pm,1.0,1.0,0.0,39.98628,-75.14925,15.0
3060,2024-10-25,7pm-7am,1.0,0.0,-1.0,39.95923,-75.17036,19.0
3346,2024-03-02,7pm-7am,2.0,0.0,-2.0,39.94883,-75.15097,17.0
3078,2023-09-18,7am-7pm,18.0,20.0,2.0,39.95355,-75.17192,18.0
3343,2024-02-01,7pm-7am,0.0,1.0,1.0,,,
3164,2023-12-02,7pm-7am,6.0,3.0,-3.0,39.92814,-75.16515,18.0
3026,2024-12-24,7pm-7am,1.0,1.0,0.0,39.94182,-75.1455,17.0
3341,2024-04-09,7pm-7am,0.0,1.0,1.0,39.98131,-75.12732,20.0
3007,2023-12-10,7am-7pm,17.0,12.0,-5.0,39.94517,-75.15993,20.0
3018,2024-07-21,7am-7pm,40.0,33.0,-7.0,39.95273,-75.15979,18.0
3111,2024-07-05,7am-7pm,2.0,1.0,-1.0,39.97779,-75.21323,14.0
3112,2023-10-26,7am-7pm,12.0,9.0,-3.0,39.95373,-75.21825,18.0
3039,2024-11-22,7pm-7am,1.0,2.0,1.0,39.97157,-75.15993,17.0
3119,2023-03-17,7pm-7am,1.0,2.0,1.0,39.96674,-75.20799,17.0
3114,2025-08-24,7am-7pm,15.0,15.0,0.0,39.93775,-75.18012,17.0
3165,2024-05-08,7pm-7am,6.0,12.0,6.0,39.95819,-75.1782,22.0
3183,2025-03-18,7am-7pm,2.0,3.0,1.0,39.88994,-75.17679,20.0
3120,2025-09-27,7pm-7am,3.0,5.0,2.0,39.97522,-75.18669,19.0
3304,2025-03-22,7am-7pm,27.0,21.0,-6.0,39.94234,-75.15399,21.0
3014,2024-05-11,7pm-7am,1.0,0.0,-1.0,39.95886,-75.17369,25.0
3099,2025-10-04,7am-7pm,16.0,10.0,-6.0,39.93401,-75.15094,19.0
3166,2024-11-09,7pm-7am,7.0,2.0,-5.0,39.97195,-75.13445,22.0
3321,2024-03-04,7am-7pm,4.0,9.0,5.0,39.95485,-75.17298,21.0
3052,2026-01-25,7pm-7am,1.0,0.0,-1.0,39.94732,-75.15695,25.0
3297,2025-09-18,7pm-7am,3.0,3.0,0.0,39.95821,-75.16901,19.0
3247,2024-06-09,7pm-7am,1.0,0.0,-1.0,39.96538,-75.21514,16.0
3014,2023-09-13,7pm-7am,2.0,3.0,1.0,39.95886,-75.17369,25.0
3063,2023-12-15,7am-7pm,25.0,23.0,-2.0,39.94633,-75.1698,25.0
3334,2023-05-25,7pm-7am,9.0,4.0,-5.0,39.9302,-75.15636,19.0
3271,2025-09-12,7am-7pm,6.0,4.0,-2.0,39.9476,-75.22946,18.0
3150,2024-05-11,7pm-7am,3.0,2.0,-1.0,39.92884,-75.17021,17.0
3110,2024-01-22,7am-7pm,2.0,0.0,-2.0,39.96175,-75.13641,19.0
3345,2025-07-13,7pm-7am,7.0,8.0,1.0,39.9617,-75.14667,19.0
3032,2025-12-08,7am-7pm,30.0,30.0,0.0,39.94527,-75.17971,20.0
3329,2025-10-03,7pm-7am,1.0,0.0,-1.0,40.02651,-75.22445,15.0
3208,2026-02-22,7am-7pm,5.0,6.0,1.0,39.95048,-75.19324,28.0
3125,2024-03-12,7pm-7am,9.0,5.0,-4.0,39.94391,-75.16735,16.0
3346,2025-05-05,7pm-7am,3.0,1.0,-2.0,39.94883,-75.15097,17.0
3025,2025-08-02,7am-7pm,39.0,31.0,-8.0,39.93724,-75.1612,15.0
3212,2023-01-18,7am-7pm,10.0,9.0,-1.0,39.96383,-75.18177,32.0
3297,2023-03-04,7am-7pm,1.0,2.0,1.0,39.95821,-75.16901,19.0
3275,2024-12-03,7pm-7am,2.0,1.0,-1.0,39.97576,-75.12157,22.0
3370,2025-08-14,7am-7pm,3.0,4.0,1.0,40.0163,-75.21241,16.0
3297,2023-09-15,7pm-7am,2.0,1.0,-1.0,39.95821,-75.16901,19.0
3037,2023-02-02,7pm-7am,4.0,3.0,-1.0,39.95424,-75.16138,21.0
3038,2023-12-13,7pm-7am,6.0,3.0,-3.0,39.94781,-75.19409,28.0
3350,2025-10-22,7pm-7am,1.0,1.0,0.0,39.99415,-75.15527,20.0
3099,2025-04-23,7pm-7am,5.0,7.0,2.0,39.93401,-75.15094,19.0
3031,2025-04-21,7pm-7am,10.0,6.0,-4.0,39.98005,-75.15522,21.0
3069,2024-11-22,7pm-7am,2.0,3.0,1.0,39.93704,-75.15038,23.0
3098,2023-01-08,7pm-7am,5.0,9.0,4.0,39.93431,-75.16042,19.0
3104,2024-04-13,7pm-7am,5.0,4.0,-1.0,39.96664,-75.19209,13.0
3050,2023-01-25,7am-7pm,8.0,7.0,-1.0,,,
3021,2024-11-09,7pm-7am,1.0,2.0,1.0,39.9539,-75.16902,34.0
3282,2023-07-29,7am-7pm,1.0,2.0,1.0,39.98628,-75.14925,15.0
3253,2026-03-01,7am-7pm,1.0,0.0,-1.0,39.93074,-75.18924,21.0
3101,2024-07-11,7am-7pm,36.0,38.0,2.0,39.94295,-75.15955,18.0
3291,2023-06-20,7pm-7am,0.0,1.0,1.0,40.01022,-75.197,15.0
3309,2023-12-20,7pm-7am,0.0,1.0,1.0,,,
3118,2026-01-24,7pm-7am,0.0,2.0,2.0,39.95866,-75.21323,20.0
3120,2025-05-05,7pm-7am,3.0,3.0,0.0,39.97522,-75.18669,19.0
3249,2023-07-23,7pm-7am,7.0,5.0,-2.0,39.95784,-75.19079,22.0
3014,2024-11-07,7am-7pm,2.0,1.0,-1.0,39.95886,-75.17369,25.0
3313,2025-09-26,7am-7pm,4.0,4.0,0.0,39.9158,-75.1643,9.0
3317,2023-07-05,7am-7pm,3.0,3.0,0.0,,,
3059,2025-05-10,7am-7pm,21.0,17.0,-4.0,39.96244,-75.16121,21.0
3315,2025-10-25,7am-7pm,2.0,4.0,2.0,39.94235,-75.21138,13.0
3047,2025-04-04,7am-7pm,14.0,9.0,-5.0,39.95073,-75.14947,20.0
3233,2025-02-23,7pm-7am,1.0,1.0,0.0,,,
3331,2024-08-12,7pm-7am,3.0,3.0,0.0,39.97116,-75.12813,20.0
3285,2023-04-29,7am-7pm,3.0,3.0,0.0,39.95946,-75.14745,19.0
3063,2024-08-27,7pm-7am,9.0,10.0,1.0,39.94633,-75.1698,25.0
3333,2023-08-15,7pm-7am,1.0,3.0,2.0,39.9541,-75.16965,25.0
3120,2023-08-17,7am-7pm,17.0,12.0,-5.0,39.97522,-75.18669,19.0
3041,2025-07-04,7am-7pm,13.0,9.0,-4.0,39.96849,-75.13546,26.0
3159,2023-06-01,7pm-7am,4.0,2.0,-2.0,39.95121,-75.19962,23.0
3074,2023-09-24,7am-7pm,3.0,4.0,1.0,39.95511,-75.20987,15.0
3236,2023-02-13,7pm-7am,1.0,3.0,2.0,39.96566,-75.17765,18.0
3325,2024-10-31,7pm-7am,0.0,1.0,1.0,39.9768,-75.12764,22.0
3054,2023-03-24,7pm-7am,5.0,4.0,-1.0,39.9625,-75.1742,35.0
3187,2024-12-02,7pm-7am,1.0,3.0,2.0,39.95725,-75.17232,19.0
3205,2023-04-13,7am-7pm,21.0,20.0,-1.0,39.95405,-75.16783,22.0
3125,2024-11-26,7am-7pm,7.0,10.0,3.0,39.94391,-75.16735,16.0
3100,2023-09-22,7am-7pm,23.0,25.0,2.0,39.92777,-75.15103,38.0
3075,2023-05-29,7pm-7am,4.0,5.0,1.0,39.96718,-75.16125,12.0
3251,2024-05-21,7am-7pm,3.0,4.0,1.0,39.93366,-75.19319,16.0
3077,2025-02-02,7am-7pm,3.0,1.0,-2.0,39.97207,-75.16351,19.0
3018,2025-03-01,7pm-7am,2.0,1.0,-1.0,39.95273,-75.15979,18.0
3235,2025-01-30,7am-7pm,1.0,7.0,6.0,39.96,-75.1651,15.0
3078,2026-03-21,7am-7pm,12.0,20.0,8.0,39.95355,-75.17192,18.0
3124,2025-09-22,7am-7pm,18.0,20.0,2.0,39.95367,-75.13956,17.0
3024,2026-01-08,7am-7pm,5.0,2.0,-3.0,39.94822,-75.20908,19.0
3049,2023-10-26,7am-7pm,7.0,6.0,-1.0,39.94509,-75.1425,29.0
3236,2024-02-06,7am-7pm,8.0,6.0,-2.0,39.96566,-75.17765,18.0
3104,2023-10-05,7am-7pm,9.0,8.0,-1.0,39.96664,-75.19209,13.0
3063,2025-01-23,7am-7pm,7.0,9.0,2.0,39.94633,-75.1698,25.0
3285,2024-03-16,7am-7pm,8.0,12.0,4.0,39.95946,-75.14745,19.0
3265,2025-08-06,7am-7pm,4.0,5.0,1.0,39.95957,-75.19633,13.0
3275,2023-05-09,7am-7pm,4.0,9.0,5.0,39.97576,-75.12157,22.0
3066,2025-08-05,7pm-7am,23.0,9.0,-14.0,39.94561,-75.17348,29.0
3378,2025-11-05,7am-7pm,7.0,10.0,3.0,39.95238,-75.14728,18.0
3236,2024-06-23,7pm-7am,1.0,1.0,0.0,39.96566,-75.17765,18.0
3200,2023-07-19,7am-7pm,7.0,5.0,-2.0,39.97583,-75.16846,17.0
3255,2023-06-07,7pm-7am,7.0,2.0,-5.0,39.95095,-75.16438,15.0
3343,2024-08-26,7pm-7am,4.0,1.0,-3.0,,,
3210,2024-12-08,7am-7pm,4.0,3.0,-1.0,39.98492,-75.15668,18.0
3303,2024-04-03,7pm-7am,0.0,2.0,2.0,39.9559,-75.2053,20.0
3256,2026-01-26,7am-7pm,3.0,4.0,1.0,39.95269,-75.17779,23.0
3075,2024-10-04,7am-7pm,18.0,14.0,-4.0,39.96718,-75.16125,12.0
3020,2024-12-28,7pm-7am,3.0,0.0,-3.0,39.94855,-75.19007,36.0
3066,2023-06-13,7pm-7am,8.0,11.0,3.0,39.94561,-75.17348,29.0
3062,2023-08-05,7pm-7am,2.0,2.0,0.0,,,
3328,2024-03-14,7pm-7am,10.0,9.0,-1.0,39.98798,-75.1995,23.0
3408,2025-11-28,7am-7pm,2.0,1.0,-1.0,39.9216,-75.15,17.0
3074,2023-11-20,7pm-7am,1.0,3.0,2.0,39.95511,-75.20987,15.0
3255,2025-08-10,7am-7pm,14.0,20.0,6.0,39.95095,-75.16438,15.0
3021,2024-01-20,7am-7pm,3.0,3.0,0.0,39.9539,-75.16902,34.0
3250,2023-04-22,7pm-7am,0.0,2.0,2.0,39.95673,-75.14575,17.0
3256,2023-04-14,7pm-7am,11.0,9.0,-2.0,39.95269,-75.17779,23.0
3412,2025-06-22,7pm-7am,1.0,0.0,-1.0,39.93771,-75.23373,15.0
3154,2025-06-06,7am-7pm,19.0,11.0,-8.0,39.95924,-75.15821,16.0
3205,2025-10-23,7am-7pm,27.0,26.0,-1.0,39.95405,-75.16783,22.0
3378,2024-07-02,7am-7pm,8.0,7.0,-1.0,39.95238,-75.14728,18.0
3124,2023-12-25,7am-7pm,3.0,4.0,1.0,39.95367,-75.13956,17.0
3169,2024-06-13,7pm-7am,10.0,5.0,-5.0,39.95382,-75.14263,17.0
3276,2026-01-17,7am-7pm,4.0,4.0,0.0,39.96569,-75.15679,18.0
3063,2024-05-15,7pm-7am,14.0,8.0,-6.0,39.94633,-75.1698,25.0
3124,2023-08-17,7am-7pm,10.0,14.0,4.0,39.95367,-75.13956,17.0
3058,2023-03-27,7am-7pm,10.0,7.0,-3.0,,,
3299,2025-04-02,7pm-7am,4.0,1.0,-3.0,39.94332,-75.15698,22.0
3299,2024-10-18,7pm-7am,10.0,2.0,-8.0,39.94332,-75.15698,22.0
3119,2025-09-25,7am-7pm,4.0,3.0,-1.0,39.96674,-75.20799,17.0
3158,2025-03-02,7pm-7am,0.0,1.0,1.0,39.92552,-75.16904,15.0
3104,2025-09-07,7am-7pm,5.0,5.0,0.0,39.96664,-75.19209,13.0
3029,2026-01-06,7am-7pm,19.0,19.0,0.0,39.9538,-75.19479,17.0
3394,2025-05-31,7am-7pm,6.0,7.0,1.0,39.924,-75.16959,14.0
3267,2023-03-13,7am-7pm,1.0,4.0,3.0,39.918,-75.1796,12.0
3342,2023-07-20,7am-7pm,9.0,2.0,-7.0,39.9639,-75.17385,20.0
3326,2023-10-07,7am-7pm,0.0,1.0,1.0,39.99198,-75.19944,17.0
3252,2023-10-03,7pm-7am,5.0,2.0,-3.0,39.93882,-75.19324,14.0
3039,2024-07-28,7am-7pm,15.0,17.0,2.0,39.97157,-75.15993,17.0
3362,2024-08-28,7am-7pm,22.0,27.0,5.0,39.94816,-75.16226,19.0
3125,2024-06-15,7pm-7am,16.0,9.0,-7.0,39.94391,-75.16735,16.0
3292,2023-10-14,7pm-7am,2.0,1.0,-1.0,39.92,-75.1562,17.0
3030,2024-05-06,7am-7pm,32.0,22.0,-10.0,,,
3279,2024-08-06,7am-7pm,6.0,3.0,-3.0,39.9265,-75.1668,18.0
3117,2024-11-14,7pm-7am,1.0,1.0,0.0,39.97841,-75.22399,14.0
3363,2024-08-11,7pm-7am,16.0,14.0,-2.0,39.94655,-75.16263,17.0
3304,2025-03-08,7am-7pm,14.0,18.0,4.0,39.94234,-75.15399,21.0
3254,2025-04-19,7pm-7am,1.0,1.0,0.0,39.98091,-75.16065,18.0
3124,2023-05-12,7am-7pm,11.0,17.0,6.0,39.95367,-75.13956,17.0
3203,2023-09-24,7am-7pm,7.0,7.0,0.0,39.94077,-75.17227,20.0
3117,2025-07-11,7am-7pm,2.0,2.0,0.0,39.97841,-75.22399,14.0
3104,2023-09-12,7pm-7am,2.0,5.0,3.0,39.96664,-75.19209,13.0
3086,2025-11-30,7pm-7am,1.0,0.0,-1.0,39.94019,-75.16691,21.0
3249,2025-09-17,7am-7pm,6.0,8.0,2.0,39.95784,-75.19079,22.0
3207,2024-10-20,7pm-7am,4.0,6.0,2.0,39.95441,-75.192,20.0
3337,2024-03-10,7am-7pm,3.0,4.0,1.0,39.97318,-75.14612,15.0
3124,2023-09-24,7pm-7am,3.0,6.0,3.0,39.95367,-75.13956,17.0
3030,2024-02-13,7am-7pm,10.0,9.0,-1.0,,,
3244,2024-08-26,7am-7pm,40.0,44.0,4.0,,,
3211,2023-03-20,7pm-7am,0.0,1.0,1.0,39.97172,-75.1706,22.0
3352,2024-06-29,7am-7pm,1.0,3.0,2.0,40.00143,-75.15256,11.0
3022,2023-08-07,7am-7pm,38.0,38.0,0.0,39.95472,-75.18323,21.0
3110,2023-01-18,7am-7pm,3.0,3.0,0.0,39.96175,-75.13641,19.0
3100,2024-07-23,7pm-7am,14.0,15.0,1.0,39.92777,-75.15103,38.0
3271,2023-06-28,7pm-7am,3.0,2.0,-1.0,39.9476,-75.22946,18.0
3062,2024-02-08,7am-7pm,10.0,9.0,-1.0,,,
3152,2025-07-31,7am-7pm,7.0,2.0,-5.0,39.94993,-75.20286,17.0
3333,2023-09-11,7am-7pm,13.0,14.0,1.0,39.9541,-75.16965,25.0
3264,2024-05-11,7pm-7am,4.0,3.0,-1.0,39.94571,-75.15508,23.0
3104,2023-11-28,7pm-7am,1.0,0.0,-1.0,39.96664,-75.19209,13.0
3359,2024-12-06,7pm-7am,8.0,6.0,-2.0,39.94888,-75.16978,29.0
3359,2025-01-07,7am-7pm,10.0,15.0,5.0,39.94888,-75.16978,29.0
3292,2023-09-25,7am-7pm,0.0,2.0,2.0,39.92,-75.1562,17.0
3099,2024-07-04,7am-7pm,11.0,6.0,-5.0,39.93401,-75.15094,19.0
3205,2024-04-11,7pm-7am,2.0,3.0,1.0,39.95405,-75.16783,22.0
3331,2026-01-07,7pm-7am,2.0,3.0,1.0,39.97116,-75.12813,20.0
3359,2025-05-09,7pm-7am,9.0,6.0,-3.0,39.94888,-75.16978,29.0
3029,2026-02-18,7am-7pm,18.0,21.0,3.0,39.9538,-75.19479,17.0
3303,2024-08-05,7am-7pm,10.0,9.0,-1.0,39.9559,-75.2053,20.0
3315,2023-10-04,7am-7pm,1.0,1.0,0.0,39.94235,-75.21138,13.0
3012,2023-12-29,7am-7pm,16.0,8.0,-8.0,39.94218,-75.17747,27.0
3066,2025-11-16,7pm-7am,3.0,5.0,2.0,39.94561,-75.17348,29.0
3303,2024-04-21,7am-7pm,6.0,3.0,-3.0,39.9559,-75.2053,20.0
3207,2025-04-15,7pm-7am,8.0,4.0,-4.0,39.95441,-75.192,20.0
3158,2025-10-21,7pm-7am,2.0,3.0,1.0,39.92552,-75.16904,15.0
3246,2023-05-13,7am-7pm,3.0,2.0,-1.0,39.94782,-75.22301,17.0
3041,2025-09-27,7am-7pm,24.0,24.0,0.0,39.96849,-75.13546,26.0
3236,2023-12-30,7pm-7am,1.0,1.0,0.0,39.96566,-75.17765,18.0
3006,2023-02-13,7am-7pm,9.0,12.0,3.0,39.9522,-75.20311,17.0
3170,2024-01-04,7am-7pm,5.0,6.0,1.0,,,
3052,2026-03-27,7am-7pm,20.0,17.0,-3.0,39.94732,-75.15695,25.0
3325,2025-01-12,7am-7pm,3.0,1.0,-2.0,39.9768,-75.12764,22.0
3278,2023-05-24,7am-7pm,1.0,0.0,-1.0,39.99301,-75.1681,11.0
3335,2025-07-25,7pm-7am,0.0,3.0,3.0,40.02237,-75.218,18.0
3073,2024-02-27,7am-7pm,10.0,11.0,1.0,39.96143,-75.15242,15.0
3281,2024-03-06,7am-7pm,0.0,1.0,1.0,39.9323,-75.2162,15.0
3315,2023-10-16,7am-7pm,1.0,2.0,1.0,39.94235,-75.21138,13.0
3203,2023-10-11,7pm-7am,11.0,12.0,1.0,39.94077,-75.17227,20.0
3212,2025-11-23,7pm-7am,1.0,12.0,11.0,39.96383,-75.18177,32.0
3404,2025-09-23,7am-7pm,1.0,1.0,0.0,39.97347,-75.23491,15.0
3088,2023-02-02,7pm-7am,3.0,4.0,1.0,39.96984,-75.1418,35.0
3277,2025-07-04,7am-7pm,6.0,3.0,-3.0,39.98306,-75.16738,20.0
3209,2025-02-16,7am-7pm,2.0,4.0,2.0,39.949,-75.21278,14.0
3062,2023-08-23,7am-7pm,12.0,12.0,0.0,,,
3408,2025-10-04,7pm-7am,3.0,7.0,4.0,39.9216,-75.15,17.0
3378,2025-07-05,7am-7pm,13.0,12.0,-1.0,39.95238,-75.14728,18.0
3157,2024-12-31,7am-7pm,14.0,13.0,-1.0,39.92545,-75.15954,18.0
3033,2023-07-15,7am-7pm,5.0,15.0,10.0,39.95005,-75.15672,20.0
3112,2025-06-20,7am-7pm,8.0,11.0,3.0,39.95373,-75.21825,18.0
3323,2026-03-25,7pm-7am,0.0,1.0,1.0,40.02796,-75.2277,18.0
3252,2026-01-26,7am-7pm,1.0,0.0,-1.0,39.93882,-75.19324,14.0
3263,2023-07-04,7pm-7am,3.0,3.0,0.0,39.9586,-75.2081,18.0
3125,2025-12-13,7pm-7am,4.0,1.0,-3.0,39.94391,-75.16735,16.0
3157,2025-11-24,7am-7pm,13.0,14.0,1.0,39.92545,-75.15954,18.0
3049,2024-12-01,7am-7pm,3.0,3.0,0.0,39.94509,-75.1425,29.0
3030,2024-02-01,7am-7pm,16.0,10.0,-6.0,,,
3163,2024-10-10,7pm-7am,16.0,14.0,-2.0,39.94974,-75.18097,22.0
3068,2024-11-09,7pm-7am,5.0,3.0,-2.0,39.93549,-75.16711,18.0
3318,2026-02-03,7pm-7am,7.0,1.0,-6.0,39.95182,-75.16395,20.0
3022,2023-01-12,7am-7pm,15.0,16.0,1.0,39.95472,-75.18323,21.0
3238,2024-02-05,7pm-7am,2.0,1.0,-1.0,39.97674,-75.11995,11.0
3369,2026-02-28,7pm-7am,0.0,1.0,1.0,40.00772,-75.19194,16.0
3333,2024-02-01,7am-7pm,9.0,15.0,6.0,39.9541,-75.16965,25.0
3026,2023-04-10,7am-7pm,10.0,18.0,8.0,39.94182,-75.1455,17.0
3287,2023-02-09,7am-7pm,1.0,1.0,0.0,39.94367,-75.21606,16.0
3244,2023-04-01,7am-7pm,15.0,17.0,2.0,,,
3279,2023-03-03,7am-7pm,4.0,2.0,-2.0,39.9265,-75.1668,18.0
3353,2025-06-17,7am-7pm,3.0,1.0,-2.0,40.00496,-75.15233,22.0
3396,2025-09-19,7am-7pm,9.0,8.0,-1.0,39.92327,-75.1821,16.0
3411,2026-01-16,7am-7pm,0.0,2.0,2.0,39.96693,-75.23359,15.0
3098,2024-08-22,7pm-7am,4.0,11.0,7.0,39.93431,-75.16042,19.0
3303,2025-01-03,7am-7pm,2.0,3.0,1.0,39.9559,-75.2053,20.0
3287,2023-11-11,7pm-7am,3.0,0.0,-3.0,39.94367,-75.21606,16.0
3019,2024-09-16,7am-7pm,9.0,8.0,-1.0,39.95403,-75.14983,15.0
3393,2025-10-09,7pm-7am,2.0,3.0,1.0,39.96727,-75.13999,18.0
3019,2025-11-07,7am-7pm,5.0,6.0,1.0,39.95403,-75.14983,15.0
3292,2023-08-08,7pm-7am,3.0,1.0,-2.0,39.92,-75.1562,17.0
3375,2024-12-15,7pm-7am,4.0,2.0,-2.0,39.96036,-75.1402,22.0
3025,2023-02-01,7am-7pm,9.0,7.0,-2.0,39.93724,-75.1612,15.0
3125,2025-07-25,7pm-7am,17.0,6.0,-11.0,39.94391,-75.16735,16.0
3235,2025-10-05,7pm-7am,3.0,12.0,9.0,39.96,-75.1651,15.0
3359,2025-01-20,7pm-7am,3.0,0.0,-3.0,39.94888,-75.16978,29.0
3165,2024-02-04,7am-7pm,7.0,11.0,4.0,39.95819,-75.1782,22.0
3088,2024-01-04,7pm-7am,3.0,2.0,-1.0,39.96984,-75.1418,35.0
3276,2024-09-29,7pm-7am,2.0,5.0,3.0,39.96569,-75.15679,18.0
3304,2023-11-24,7am-7pm,13.0,15.0,2.0,39.94234,-75.15399,21.0
3115,2024-07-30,7pm-7am,3.0,5.0,2.0,39.97263,-75.16757,18.0
3022,2024-07-26,7pm-7am,11.0,12.0,1.0,39.95472,-75.18323,21.0
3360,2025-01-23,7am-7pm,8.0,5.0,-3.0,39.93304,-75.16822,22.0
3047,2023-02-10,7am-7pm,7.0,11.0,4.0,39.95073,-75.14947,20.0
3282,2024-08-26,7am-7pm,1.0,1.0,0.0,39.98628,-75.14925,15.0
3285,2024-10-31,7pm-7am,2.0,4.0,2.0,39.95946,-75.14745,19.0
3266,2023-09-16,7am-7pm,15.0,11.0,-4.0,39.9237,-75.14701,22.0
3015,2023-12-12,7pm-7am,0.0,1.0,1.0,39.94735,-75.14886,11.0
3313,2024-07-23,7am-7pm,6.0,4.0,-2.0,39.9158,-75.1643,9.0
3246,2024-02-13,7am-7pm,1.0,1.0,0.0,39.94782,-75.22301,17.0
3005,2023-02-03,7pm-7am,0.0,1.0,1.0,39.94733,-75.14403,13.0
3207,2025-12-02,7am-7pm,8.0,12.0,4.0,39.95441,-75.192,20.0
3342,2025-03-30,7pm-7am,3.0,6.0,3.0,39.9639,-75.17385,20.0
3298,2025-04-17,7am-7pm,1.0,2.0,1.0,39.94717,-75.20691,15.0
3203,2026-01-10,7pm-7am,1.0,2.0,1.0,39.94077,-75.17227,20.0
3061,2024-04-03,7pm-7am,7.0,3.0,-4.0,,,
3165,2025-01-23,7am-7pm,7.0,8.0,1.0,39.95819,-75.1782,22.0
3106,2025-10-11,7am-7pm,4.0,4.0,0.0,39.99179,-75.18637,17.0
3267,2025-01-03,7pm-7am,1.0,0.0,-1.0,39.918,-75.1796,12.0
3334,2024-02-27,7pm-7am,3.0,2.0,-1.0,39.9302,-75.15636,19.0
3060,2023-11-23,7pm-7am,1.0,0.0,-1.0,39.95923,-75.17036,19.0
3243,2025-09-04,7am-7pm,1.0,0.0,-1.0,39.9835,-75.14743,12.0
3024,2025-02-17,7am-7pm,1.0,0.0,-1.0,39.94822,-75.20908,19.0
3328,2024-08-18,7am-7pm,16.0,15.0,-1.0,39.98798,-75.1995,23.0
3249,2023-04-13,7am-7pm,10.0,9.0,-1.0,39.95784,-75.19079,22.0
3005,2024-06-05,7am-7pm,8.0,15.0,7.0,39.94733,-75.14403,13.0
3243,2025-02-19,7pm-7am,0.0,1.0,1.0,39.9835,-75.14743,12.0
3324,2023-10-30,7am-7pm,4.0,4.0,0.0,39.99484,-75.19242,23.0
3016,2025-07-01,7am-7pm,4.0,2.0,-2.0,39.96892,-75.1547,15.0
3315,2024-12-09,7am-7pm,2.0,0.0,-2.0,39.94235,-75.21138,13.0
3298,2024-12-05,7am-7pm,1.0,0.0,-1.0,39.94717,-75.20691,15.0
3297,2024-09-25,7am-7pm,1.0,7.0,6.0,39.95821,-75.16901,19.0
3058,2023-03-06,7am-7pm,14.0,13.0,-1.0,,,
3009,2023-10-01,7am-7pm,20.0,24.0,4.0,39.95576,-75.18982,14.0
3015,2025-04-08,7pm-7am,2.0,1.0,-1.0,39.94735,-75.14886,11.0
3063,2023-04-12,7pm-7am,5.0,6.0,1.0,39.94633,-75.1698,25.0
3285,2025-03-16,7pm-7am,3.0,2.0,-1.0,39.95946,-75.14745,19.0
3268,2024-11-03,7am-7pm,3.0,1.0,-2.0,39.97633,-75.15101,22.0
3333,2023-11-29,7pm-7am,3.0,1.0,-2.0,39.9541,-75.16965,25.0
3037,2026-03-16,7pm-7am,1.0,1.0,0.0,39.95424,-75.16138,21.0
3268,2025-12-09,7am-7pm,2.0,1.0,-1.0,39.97633,-75.15101,22.0
3449,2026-03-09,7pm-7am,4.0,2.0,-2.0,39.94628,-75.15138,21.0
3074,2023-02-09,7am-7pm,9.0,7.0,-2.0,39.95511,-75.20987,15.0
3182,2024-01-11,7am-7pm,12.0,10.0,-2.0,,,
3113,2025-06-15,7pm-7am,0.0,1.0,1.0,39.97472,-75.19781,12.0
3034,2025-04-08,7am-7pm,26.0,25.0,-1.0,39.93315,-75.16248,16.0
3201,2024-05-26,7pm-7am,3.0,8.0,5.0,39.95523,-75.1662,20.0
3328,2024-04-06,7am-7pm,5.0,3.0,-2.0,39.98798,-75.1995,23.0
3360,2025-10-03,7pm-7am,9.0,5.0,-4.0,39.93304,-75.16822,22.0
3009,2025-11-22,7am-7pm,14.0,15.0,1.0,39.95576,-75.18982,14.0
3110,2023-02-25,7pm-7am,0.0,2.0,2.0,39.96175,-75.13641,19.0
3066,2024-07-15,7am-7pm,45.0,35.0,-10.0,39.94561,-75.17348,29.0
3363,2026-01-22,7pm-7am,4.0,3.0,-1.0,39.94655,-75.16263,17.0
3298,2025-07-20,7pm-7am,1.0,1.0,0.0,39.94717,-75.20691,15.0
3345,2026-03-28,7am-7pm,13.0,7.0,-6.0,39.9617,-75.14667,19.0
3243,2024-08-28,7pm-7am,6.0,6.0,0.0,39.9835,-75.14743,12.0
3074,2023-02-25,7am-7pm,2.0,2.0,0.0,39.95511,-75.20987,15.0
3015,2023-04-15,7pm-7am,9.0,3.0,-6.0,39.94735,-75.14886,11.0
3327,2025-06-02,7am-7pm,4.0,4.0,0.0,39.97759,-75.12442,17.0
3024,2023-04-29,7pm-7am,0.0,1.0,1.0,39.94822,-75.20908,19.0
3035,2025-06-01,7pm-7am,6.0,14.0,8.0,39.96271,-75.19419,20.0
3335,2024-08-15,7pm-7am,0.0,4.0,4.0,40.02237,-75.218,18.0
3015,2025-01-29,7am-7pm,13.0,11.0,-2.0,39.94735,-75.14886,11.0
3188,2025-02-07,7am-7pm,2.0,1.0,-1.0,39.90471,-75.1734,56.0
3329,2024-04-19,7pm-7am,0.0,1.0,1.0,40.02651,-75.22445,15.0
3263,2025-06-08,7pm-7am,2.0,1.0,-1.0,39.9586,-75.2081,18.0
3382,2024-07-16,7am-7pm,18.0,18.0,0.0,39.95038,-75.17309,11.0
3188,2025-03-04,7am-7pm,2.0,3.0,1.0,39.90471,-75.1734,56.0
3031,2024-04-08,7am-7pm,11.0,12.0,1.0,39.98005,-75.15522,21.0
3078,2023-04-21,7pm-7am,1.0,3.0,2.0,39.95355,-75.17192,18.0
3114,2025-04-05,7pm-7am,2.0,7.0,5.0,39.93775,-75.18012,17.0
3266,2025-04-22,7pm-7am,3.0,4.0,1.0,39.9237,-75.14701,22.0
3333,2025-03-13,7pm-7am,2.0,1.0,-1.0,39.9541,-75.16965,25.0
3064,2023-02-24,7pm-7am,5.0,5.0,0.0,39.9384,-75.17327,22.0
3017,2026-01-04,7am-7pm,2.0,4.0,2.0,39.98003,-75.14371,15.0
3336,2024-11-12,7pm-7am,3.0,3.0,0.0,39.95719,-75.19388,20.0
3253,2025-03-23,7am-7pm,3.0,3.0,0.0,39.93074,-75.18924,21.0
3248,2025-01-15,7pm-7am,1.0,3.0,2.0,39.94213,-75.18335,22.0
3034,2025-09-08,7am-7pm,30.0,29.0,-1.0,39.93315,-75.16248,16.0
3012,2026-01-10,7pm-7am,1.0,3.0,2.0,39.94218,-75.17747,27.0
3112,2024-03-11,7am-7pm,5.0,3.0,-2.0,39.95373,-75.21825,18.0
3170,2023-07-03,7pm-7am,4.0,5.0,1.0,,,
3246,2023-05-09,7am-7pm,6.0,6.0,0.0,39.94782,-75.22301,17.0
3361,2024-05-04,7am-7pm,9.0,8.0,-1.0,39.93082,-75.17474,21.0
3160,2025-07-13,7pm-7am,1.0,4.0,3.0,39.95662,-75.19862,41.0
3032,2025-04-02,7pm-7am,10.0,7.0,-3.0,39.94527,-75.17971,20.0
3188,2025-04-02,7pm-7am,1.0,1.0,0.0,39.90471,-75.1734,56.0
3112,2025-11-18,7am-7pm,13.0,9.0,-4.0,39.95373,-75.21825,18.0
3333,2025-09-29,7pm-7am,5.0,4.0,-1.0,39.9541,-75.16965,25.0
3163,2025-10-29,7am-7pm,28.0,33.0,5.0,39.94974,-75.18097,22.0
3346,2024-09-28,7am-7pm,8.0,11.0,3.0,39.94883,-75.15097,17.0
3236,2024-12-27,7am-7pm,2.0,3.0,1.0,39.96566,-75.17765,18.0
3020,2023-01-24,7pm-7am,2.0,6.0,4.0,39.94855,-75.19007,36.0
3209,2025-12-28,7pm-7am,1.0,1.0,0.0,39.949,-75.21278,14.0
3310,2025-09-21,7pm-7am,0.0,1.0,1.0,39.98024,-75.18651,15.0
3319,2024-12-17,7am-7pm,3.0,4.0,1.0,39.96672,-75.12964,16.0
3088,2024-09-21,7am-7pm,18.0,13.0,-5.0,39.96984,-75.1418,35.0
3337,2023-11-15,7am-7pm,12.0,13.0,1.0,39.97318,-75.14612,15.0
3012,2025-11-30,7pm-7am,3.0,2.0,-1.0,39.94218,-75.17747,27.0
3032,2025-06-19,7am-7pm,36.0,39.0,3.0,39.94527,-75.17971,20.0
3265,2024-06-11,7am-7pm,13.0,13.0,0.0,39.95957,-75.19633,13.0
3321,2025-10-02,7am-7pm,13.0,12.0,-1.0,39.95485,-75.17298,21.0
3258,2023-12-29,7am-7pm,1.0,1.0,0.0,39.95828,-75.22424,20.0
3350,2023-11-06,7am-7pm,2.0,1.0,-1.0,39.99415,-75.15527,20.0
3256,2025-05-29,7pm-7am,16.0,10.0,-6.0,39.95269,-75.17779,23.0
3060,2023-11-29,7am-7pm,6.0,6.0,0.0,39.95923,-75.17036,19.0
3007,2025-05-13,7am-7pm,15.0,21.0,6.0,39.94517,-75.15993,20.0
3243,2024-04-08,7pm-7am,1.0,0.0,-1.0,39.9835,-75.14743,12.0
3024,2024-09-23,7pm-7am,5.0,3.0,-2.0,39.94822,-75.20908,19.0
3165,2023-06-30,7am-7pm,23.0,14.0,-9.0,39.95819,-75.1782,22.0
3010,2023-11-06,7am-7pm,48.0,54.0,6.0,39.94711,-75.16618,22.0
3347,2026-03-13,7am-7pm,9.0,13.0,4.0,,,
3102,2025-03-28,7am-7pm,23.0,23.0,0.0,39.96759,-75.17952,26.0
3110,2023-07-06,7am-7pm,4.0,13.0,9.0,39.96175,-75.13641,19.0
3009,2024-03-13,7am-7pm,20.0,19.0,-1.0,39.95576,-75.18982,14.0
3307,2024-08-22,7am-7pm,0.0,1.0,1.0,40.0028,-75.174,11.0
3188,2023-10-10,7am-7pm,6.0,9.0,3.0,39.90471,-75.1734,56.0
3067,2024-10-17,7pm-7am,2.0,3.0,1.0,39.96411,-75.19973,17.0
3188,2024-11-11,7pm-7am,1.0,4.0,3.0,39.90471,-75.1734,56.0
3300,2023-12-09,7am-7pm,5.0,4.0,-1.0,39.95511,-75.16287,13.0
3034,2023-01-24,7pm-7am,3.0,7.0,4.0,39.93315,-75.16248,16.0
3251,2023-02-04,7am-7pm,1.0,1.0,0.0,39.93366,-75.19319,16.0
3062,2025-04-12,7am-7pm,3.0,5.0,2.0,,,
3306,2023-05-14,7pm-7am,1.0,0.0,-1.0,39.99683,-75.17761,11.0
3034,2026-01-25,7pm-7am,1.0,0.0,-1.0,39.93315,-75.16248,16.0
3349,2025-01-26,7pm-7am,2.0,2.0,0.0,39.93651,-75.18621,17.0
3266,2024-08-13,7am-7pm,12.0,12.0,0.0,39.9237,-75.14701,22.0
3150,2024-12-19,7am-7pm,12.0,10.0,-2.0,39.92884,-75.17021,17.0
3310,2024-12-03,7am-7pm,3.0,3.0,0.0,39.98024,-75.18651,15.0
3200,2024-01-25,7pm-7am,0.0,4.0,4.0,39.97583,-75.16846,17.0
3061,2025-11-12,7pm-7am,21.0,14.0,-7.0,,,
3019,2023-06-27,7pm-7am,1.0,3.0,2.0,39.95403,-75.14983,15.0
3357,2024-11-03,7pm-7am,19.0,1.0,-18.0,39.9104,-75.16588,27.0
3125,2023-06-21,7am-7pm,10.0,11.0,1.0,39.94391,-75.16735,16.0
3307,2024-09-23,7am-7pm,0.0,1.0,1.0,40.0028,-75.174,11.0
3005,2024-10-14,7pm-7am,3.0,2.0,-1.0,39.94733,-75.14403,13.0
3259,2026-01-04,7am-7pm,1.0,2.0,1.0,39.95998,-75.19883,17.0
3304,2024-10-13,7am-7pm,14.0,12.0,-2.0,39.94234,-75.15399,21.0
3054,2023-10-25,7am-7pm,30.0,31.0,1.0,39.9625,-75.1742,35.0
3097,2024-07-25,7pm-7am,0.0,2.0,2.0,39.97888,-75.13339,18.0
3361,2024-07-07,7am-7pm,12.0,10.0,-2.0,39.93082,-75.17474,21.0
3320,2025-05-28,7pm-7am,1.0,5.0,4.0,39.9746,-75.15917,17.0
3106,2025-12-09,7am-7pm,1.0,0.0,-1.0,39.99179,-75.18637,17.0
3351,2024-03-08,7pm-7am,0.0,1.0,1.0,39.99655,-75.14991,18.0
3236,2025-02-07,7am-7pm,2.0,8.0,6.0,39.96566,-75.17765,18.0
3052,2024-07-25,7pm-7am,20.0,12.0,-8.0,39.94732,-75.15695,25.0
3264,2024-06-09,7pm-7am,5.0,5.0,0.0,39.94571,-75.15508,23.0
3069,2023-03-18,7pm-7am,6.0,1.0,-5.0,39.93704,-75.15038,23.0
3345,2026-03-16,7pm-7am,1.0,0.0,-1.0,39.9617,-75.14667,19.0
3251,2025-11-01,7am-7pm,3.0,0.0,-3.0,39.93366,-75.19319,16.0
3152,2024-07-17,7pm-7am,2.0,0.0,-2.0,39.94993,-75.20286,17.0
3016,2024-09-05,7am-7pm,4.0,1.0,-3.0,39.96892,-75.1547,15.0
3252,2023-05-30,7am-7pm,4.0,10.0,6.0,39.93882,-75.19324,14.0
3017,2023-09-20,7pm-7am,5.0,6.0,1.0,39.98003,-75.14371,15.0
3187,2024-01-06,7am-7pm,0.0,1.0,1.0,39.95725,-75.17232,19.0
3325,2025-07-30,7am-7pm,5.0,5.0,0.0,39.9768,-75.12764,22.0
3015,2025-03-20,7am-7pm,9.0,10.0,1.0,39.94735,-75.14886,11.0
3062,2023-12-07,7pm-7am,4.0,1.0,-3.0,,,
3357,2025-11-01,7am-7pm,4.0,4.0,0.0,39.9104,-75.16588,27.0
3086,2025-04-19,7am-7pm,6.0,5.0,-1.0,39.94019,-75.16691,21.0
3008,2024-09-29,7am-7pm,1.0,2.0,1.0,39.98081,-75.15067,17.0
3074,2025-05-10,7pm-7am,5.0,7.0,2.0,39.95511,-75.20987,15.0
3163,2025-12-20,7pm-7am,1.0,1.0,0.0,39.94974,-75.18097,22.0
3088,2025-10-28,7am-7pm,11.0,10.0,-1.0,39.96984,-75.1418,35.0
3120,2023-02-27,7am-7pm,3.0,3.0,0.0,39.97522,-75.18669,19.0
3077,2023-10-23,7am-7pm,9.0,10.0,1.0,39.97207,-75.16351,19.0
3252,2024-01-30,7am-7pm,2.0,2.0,0.0,39.93882,-75.19324,14.0
3376,2025-07-02,7pm-7am,6.0,5.0,-1.0,39.97183,-75.14878,8.0
3212,2023-03-22,7pm-7am,8.0,5.0,-3.0,39.96383,-75.18177,32.0
3114,2025-01-11,7am-7pm,6.0,5.0,-1.0,39.93775,-75.18012,17.0
3333,2025-04-06,7am-7pm,3.0,6.0,3.0,39.9541,-75.16965,25.0
3057,2024-03-31,7am-7pm,25.0,33.0,8.0,39.96439,-75.17987,26.0
3335,2024-01-03,7am-7pm,2.0,2.0,0.0,40.02237,-75.218,18.0
3124,2024-07-28,7am-7pm,24.0,24.0,0.0,39.95367,-75.13956,17.0
3335,2024-12-19,7am-7pm,2.0,2.0,0.0,40.02237,-75.218,18.0
3034,2023-03-20,7pm-7am,0.0,2.0,2.0,39.93315,-75.16248,16.0
3301,2023-08-15,7am-7pm,30.0,37.0,7.0,39.95029,-75.17126,15.0
3160,2023-06-28,7pm-7am,4.0,9.0,5.0,39.95662,-75.19862,41.0
3321,2024-11-02,7am-7pm,9.0,16.0,7.0,39.95485,-75.17298,21.0
3279,2026-02-17,7pm-7am,1.0,1.0,0.0,39.9265,-75.1668,18.0
3093,2025-03-03,7am-7pm,1.0,0.0,-1.0,39.98837,-75.18701,16.0
3373,2026-03-19,7am-7pm,11.0,14.0,3.0,39.95817,-75.15668,15.0
3405,2025-10-18,7am-7pm,5.0,4.0,-1.0,39.94167,-75.16502,16.0
3255,2023-08-29,7am-7pm,13.0,11.0,-2.0,39.95095,-75.16438,15.0
3073,2023-06-25,7am-7pm,6.0,5.0,-1.0,39.96143,-75.15242,15.0
3368,2025-07-01,7pm-7am,0.0,1.0,1.0,39.97647,-75.17362,17.0
3237,2025-09-08,7am-7pm,11.0,10.0,-1.0,39.91717,-75.17096,21.0
3294,2025-03-04,7am-7pm,14.0,13.0,-1.0,39.95174,-75.17063,21.0
3114,2023-09-15,7am-7pm,22.0,15.0,-7.0,39.93775,-75.18012,17.0
3160,2025-09-25,7pm-7am,3.0,3.0,0.0,39.95662,-75.19862,41.0
3235,2024-06-21,7pm-7am,3.0,7.0,4.0,39.96,-75.1651,15.0
3337,2024-06-10,7pm-7am,3.0,6.0,3.0,39.97318,-75.14612,15.0
3068,2025-09-02,7am-7pm,13.0,17.0,4.0,39.93549,-75.16711,18.0
3110,2025-08-13,7am-7pm,10.0,13.0,3.0,39.96175,-75.13641,19.0
3437,2025-08-17,7pm-7am,1.0,0.0,-1.0,39.93931,-75.20336,15.0
3374,2025-04-23,7pm-7am,5.0,6.0,1.0,39.9728,-75.17971,18.0
3327,2024-09-06,7pm-7am,0.0,2.0,2.0,39.97759,-75.12442,17.0
3247,2025-05-20,7am-7pm,0.0,1.0,1.0,39.96538,-75.21514,16.0
3154,2024-11-23,7am-7pm,15.0,10.0,-5.0,39.95924,-75.15821,16.0
3104,2023-06-13,7am-7pm,7.0,7.0,0.0,39.96664,-75.19209,13.0
3264,2023-05-28,7pm-7am,3.0,3.0,0.0,39.94571,-75.15508,23.0
3277,2023-04-15,7pm-7am,0.0,1.0,1.0,39.98306,-75.16738,20.0
3212,2025-08-01,7pm-7am,16.0,14.0,-2.0,39.96383,-75.18177,32.0
3371,2025-10-27,7am-7pm,14.0,12.0,-2.0,39.9534,-75.1543,19.0
3156,2025-10-12,7pm-7am,3.0,0.0,-3.0,39.95381,-75.17407,22.0
3258,2023-05-17,7pm-7am,1.0,0.0,-1.0,39.95828,-75.22424,20.0
3324,2024-11-08,7pm-7am,2.0,1.0,-1.0,39.99484,-75.19242,23.0
3440,2025-09-18,7pm-7am,1.0,4.0,3.0,39.98306,-75.10836,13.0
3359,2025-01-20,7am-7pm,5.0,12.0,7.0,39.94888,-75.16978,29.0
3316,2025-04-25,7am-7pm,8.0,6.0,-2.0,39.92255,-75.17337,19.0
3098,2023-02-02,7pm-7am,2.0,2.0,0.0,39.93431,-75.16042,19.0
3305,2024-04-22,7am-7pm,2.0,1.0,-1.0,39.99569,-75.1671,11.0
3305,2024-06-26,7pm-7am,0.0,1.0,1.0,39.99569,-75.1671,11.0
3361,2024-02-16,7pm-7am,4.0,5.0,1.0,39.93082,-75.17474,21.0
3052,2024-09-30,7am-7pm,40.0,34.0,-6.0,39.94732,-75.15695,25.0
3313,2023-09-27,7am-7pm,3.0,3.0,0.0,39.9158,-75.1643,9.0
3056,2024-01-04,7pm-7am,5.0,1.0,-4.0,39.97669,-75.15813,22.0
3237,2026-01-22,7pm-7am,2.0,1.0,-1.0,39.91717,-75.17096,21.0
3031,2023-07-28,7am-7pm,3.0,4.0,1.0,39.98005,-75.15522,21.0
3118,2023-02-26,7pm-7am,1.0,3.0,2.0,39.95866,-75.21323,20.0
3266,2024-04-18,7am-7pm,6.0,12.0,6.0,39.9237,-75.14701,22.0
3258,2024-05-28,7pm-7am,2.0,0.0,-2.0,39.95828,-75.22424,20.0
3169,2023-07-24,7pm-7am,2.0,2.0,0.0,39.95382,-75.14263,17.0
3243,2023-06-13,7am-7pm,0.0,1.0,1.0,39.9835,-75.14743,12.0
3305,2024-10-17,7pm-7am,1.0,2.0,1.0,39.99569,-75.1671,11.0
3162,2023-11-29,7pm-7am,4.0,4.0,0.0,39.94595,-75.18475,34.0
3256,2024-02-27,7am-7pm,16.0,22.0,6.0,39.95269,-75.17779,23.0
3115,2024-07-07,7pm-7am,1.0,0.0,-1.0,39.97263,-75.16757,18.0
3316,2025-07-18,7am-7pm,4.0,4.0,0.0,39.92255,-75.17337,19.0
3378,2024-09-29,7pm-7am,6.0,2.0,-4.0,39.95238,-75.14728,18.0
3361,2025-10-10,7am-7pm,29.0,18.0,-11.0,39.93082,-75.17474,21.0
3209,2023-06-01,7am-7pm,15.0,10.0,-5.0,39.949,-75.21278,14.0
3362,2025-06-05,7am-7pm,33.0,36.0,3.0,39.94816,-75.16226,19.0
3038,2023-11-11,7am-7pm,11.0,10.0,-1.0,39.94781,-75.19409,28.0
3212,2023-08-19,7am-7pm,60.0,62.0,2.0,39.96383,-75.18177,32.0
3309,2023-08-31,7pm-7am,2.0,1.0,-1.0,,,
3157,2025-11-03,7pm-7am,5.0,8.0,3.0,39.92545,-75.15954,18.0
3414,2025-10-29,7pm-7am,0.0,1.0,1.0,39.93922,-75.22347,13.0
3019,2025-12-15,7pm-7am,1.0,0.0,-1.0,39.95403,-75.14983,15.0
3010,2025-12-11,7pm-7am,21.0,12.0,-9.0,39.94711,-75.16618,22.0
3370,2024-10-20,7am-7pm,8.0,8.0,0.0,40.0163,-75.21241,16.0
3153,2023-06-12,7pm-7am,0.0,1.0,1.0,,,
3316,2023-10-22,7am-7pm,8.0,8.0,0.0,39.92255,-75.17337,19.0
3150,2024-11-13,7am-7pm,15.0,18.0,3.0,39.92884,-75.17021,17.0
3010,2023-05-06,7pm-7am,23.0,14.0,-9.0,39.94711,-75.16618,22.0
3247,2023-11-29,7pm-7am,0.0,1.0,1.0,39.96538,-75.21514,16.0
3287,2025-05-04,7am-7pm,3.0,1.0,-2.0,39.94367,-75.21606,16.0
3037,2024-12-06,7pm-7am,5.0,1.0,-4.0,39.95424,-75.16138,21.0
3287,2024-09-03,7am-7pm,3.0,3.0,0.0,39.94367,-75.21606,16.0
3389,2025-05-09,7pm-7am,4.0,1.0,-3.0,39.94431,-75.18128,16.0
3292,2024-04-04,7pm-7am,1.0,2.0,1.0,39.92,-75.1562,17.0
3347,2025-06-10,7pm-7am,20.0,7.0,-13.0,,,
3072,2023-12-15,7pm-7am,3.0,2.0,-1.0,39.93445,-75.14541,25.0
3351,2024-06-02,7pm-7am,0.0,1.0,1.0,39.99655,-75.14991,18.0
3205,2023-04-23,7am-7pm,4.0,4.0,0.0,39.95405,-75.16783,22.0
3152,2023-11-28,7pm-7am,1.0,1.0,0.0,39.94993,-75.20286,17.0
3322,2025-04-14,7pm-7am,1.0,1.0,0.0,39.93638,-75.15526,13.0
3159,2024-09-02,7am-7pm,22.0,16.0,-6.0,39.95121,-75.19962,23.0
3240,2024-02-17,7am-7pm,1.0,0.0,-1.0,39.96277,-75.21185,12.0
3291,2024-12-23,7am-7pm,3.0,0.0,-3.0,40.01022,-75.197,15.0
3052,2024-12-22,7am-7pm,7.0,8.0,1.0,39.94732,-75.15695,25.0
3019,2023-05-19,7am-7pm,8.0,8.0,0.0,39.95403,-75.14983,15.0
3125,2026-03-04,7am-7pm,14.0,15.0,1.0,39.94391,-75.16735,16.0
3056,2025-07-21,7pm-7am,8.0,8.0,0.0,39.97669,-75.15813,22.0
3161,2025-12-08,7am-7pm,35.0,19.0,-16.0,39.95486,-75.18091,23.0
3333,2024-12-02,7am-7pm,13.0,13.0,0.0,39.9541,-75.16965,25.0
3033,2026-01-08,7pm-7am,5.0,6.0,1.0,39.95005,-75.15672,20.0
3154,2025-07-20,7am-7pm,10.0,14.0,4.0,39.95924,-75.15821,16.0
3040,2023-01-01,7am-7pm,5.0,6.0,1.0,39.96289,-75.16606,21.0
3024,2025-01-30,7pm-7am,1.0,0.0,-1.0,39.94822,-75.20908,19.0
3438,2025-09-04,7pm-7am,0.0,3.0,3.0,39.98421,-75.11304,13.0
3209,2023-01-24,7pm-7am,1.0,1.0,0.0,39.949,-75.21278,14.0
3022,2025-10-13,7pm-7am,10.0,6.0,-4.0,39.95472,-75.18323,21.0
3329,2025-09-29,7am-7pm,1.0,0.0,-1.0,40.02651,-75.22445,15.0
3298,2025-04-12,7am-7pm,0.0,3.0,3.0,39.94717,-75.20691,15.0
3275,2025-09-16,7pm-7am,3.0,6.0,3.0,39.97576,-75.12157,22.0
3372,2024-05-07,7pm-7am,9.0,8.0,-1.0,39.92528,-75.18672,15.0
3093,2024-09-17,7pm-7am,2.0,3.0,1.0,39.98837,-75.18701,16.0
3254,2024-09-12,7pm-7am,2.0,5.0,3.0,39.98091,-75.16065,18.0
3399,2025-05-03,7am-7pm,12.0,11.0,-1.0,39.97502,-75.14006,15.0
3154,2024-02-26,7pm-7am,4.0,4.0,0.0,39.95924,-75.15821,16.0
3053,2026-03-08,7am-7pm,17.0,11.0,-6.0,39.93231,-75.18154,19.0
3370,2025-01-23,7am-7pm,1.0,0.0,-1.0,40.0163,-75.21241,16.0
3321,2023-06-22,7pm-7am,7.0,1.0,-6.0,39.95485,-75.17298,21.0
3021,2026-02-02,7pm-7am,3.0,2.0,-1.0,39.9539,-75.16902,34.0
3295,2024-01-13,7am-7pm,25.0,28.0,3.0,39.95028,-75.16027,21.0
3124,2024-06-15,7am-7pm,9.0,24.0,15.0,39.95367,-75.13956,17.0
3381,2025-01-27,7pm-7am,0.0,1.0,1.0,39.94845,-75.21807,13.0
3255,2024-05-09,7am-7pm,24.0,29.0,5.0,39.95095,-75.16438,15.0
3200,2025-03-08,7am-7pm,2.0,0.0,-2.0,39.97583,-75.16846,17.0
3073,2024-09-28,7am-7pm,1.0,3.0,2.0,39.96143,-75.15242,15.0
3086,2025-09-05,7pm-7am,3.0,2.0,-1.0,39.94019,-75.16691,21.0
3053,2025-08-11,7am-7pm,24.0,16.0,-8.0,39.93231,-75.18154,19.0
3338,2024-09-11,7am-7pm,5.0,5.0,0.0,39.95098,-75.23035,21.0
3341,2025-11-28,7pm-7am,1.0,3.0,2.0,39.98131,-75.12732,20.0
3365,2024-05-28,7am-7pm,19.0,18.0,-1.0,39.96173,-75.18788,17.0
3345,2023-10-14,7am-7pm,2.0,3.0,1.0,39.9617,-75.14667,19.0
3190,2023-04-26,7am-7pm,25.0,22.0,-3.0,,,
3244,2023-01-25,7pm-7am,0.0,2.0,2.0,,,
3363,2024-07-25,7pm-7am,17.0,12.0,-5.0,39.94655,-75.16263,17.0
3286,2023-12-02,7am-7pm,6.0,4.0,-2.0,39.96409,-75.14769,22.0
3156,2024-12-11,7pm-7am,2.0,0.0,-2.0,39.95381,-75.17407,22.0
3150,2024-09-18,7am-7pm,15.0,16.0,1.0,39.92884,-75.17021,17.0
3263,2023-06-04,7pm-7am,6.0,5.0,-1.0,39.9586,-75.2081,18.0
3343,2024-02-21,7am-7pm,8.0,4.0,-4.0,,,
3336,2023-11-18,7am-7pm,7.0,6.0,-1.0,39.95719,-75.19388,20.0
3261,2023-03-31,7pm-7am,1.0,4.0,3.0,39.96304,-75.14099,17.0
3025,2024-11-05,7pm-7am,9.0,7.0,-2.0,39.93724,-75.1612,15.0
3286,2023-07-21,7am-7pm,9.0,8.0,-1.0,39.96409,-75.14769,22.0
3310,2025-12-13,7am-7pm,3.0,0.0,-3.0,39.98024,-75.18651,15.0
3282,2024-10-15,7am-7pm,2.0,1.0,-1.0,39.98628,-75.14925,15.0
3351,2024-12-09,7pm-7am,1.0,1.0,0.0,39.99655,-75.14991,18.0
3059,2023-10-10,7pm-7am,6.0,8.0,2.0,39.96244,-75.16121,21.0
3299,2024-10-07,7am-7pm,21.0,20.0,-1.0,39.94332,-75.15698,22.0
3378,2024-03-22,7am-7pm,5.0,4.0,-1.0,39.95238,-75.14728,18.0
3361,2024-08-30,7am-7pm,18.0,16.0,-2.0,39.93082,-75.17474,21.0
3246,2023-01-09,7am-7pm,2.0,3.0,1.0,39.94782,-75.22301,17.0
3285,2023-02-25,7am-7pm,3.0,4.0,1.0,39.95946,-75.14745,19.0
3257,2024-07-14,7am-7pm,5.0,4.0,-1.0,,,
3341,2025-07-12,7pm-7am,1.0,2.0,1.0,39.98131,-75.12732,20.0
3015,2025-06-17,7am-7pm,16.0,18.0,2.0,39.94735,-75.14886,11.0
3156,2023-09-10,7pm-7am,3.0,2.0,-1.0,39.95381,-75.17407,22.0
3284,2025-05-20,7pm-7am,1.0,0.0,-1.0,40.01112,-75.19287,14.0
3392,2024-10-30,7pm-7am,1.0,1.0,0.0,39.93633,-75.19447,13.0
3342,2025-07-10,7pm-7am,4.0,3.0,-1.0,39.9639,-75.17385,20.0
3275,2024-01-07,7pm-7am,0.0,1.0,1.0,39.97576,-75.12157,22.0
3033,2025-09-18,7am-7pm,33.0,32.0,-1.0,39.95005,-75.15672,20.0
3383,2026-02-07,7am-7pm,2.0,1.0,-1.0,39.96634,-75.14222,19.0
3043,2023-07-14,7pm-7am,5.0,2.0,-3.0,,,
3097,2024-12-18,7am-7pm,13.0,10.0,-3.0,39.97888,-75.13339,18.0
3060,2025-12-01,7pm-7am,1.0,0.0,-1.0,39.95923,-75.17036,19.0
3040,2024-02-14,7am-7pm,11.0,8.0,-3.0,39.96289,-75.16606,21.0
3439,2025-10-29,7am-7pm,3.0,1.0,-2.0,39.99033,-75.12759,15.0
3012,2024-01-21,7am-7pm,5.0,3.0,-2.0,39.94218,-75.17747,27.0
3181,2024-08-12,7am-7pm,3.0,2.0,-1.0,39.89629,-75.17514,20.0
3014,2024-06-15,7pm-7am,3.0,3.0,0.0,39.95886,-75.17369,25.0
3112,2025-03-14,7pm-7am,2.0,1.0,-1.0,39.95373,-75.21825,18.0
3351,2024-03-10,7am-7pm,0.0,1.0,1.0,39.99655,-75.14991,18.0
3277,2025-07-13,7am-7pm,5.0,4.0,-1.0,39.98306,-75.16738,20.0
3319,2026-03-30,7am-7pm,7.0,8.0,1.0,39.96672,-75.12964,16.0
3120,2025-01-12,7am-7pm,4.0,2.0,-2.0,39.97522,-75.18669,19.0
3277,2024-11-05,7pm-7am,3.0,5.0,2.0,39.98306,-75.16738,20.0
3240,2023-04-26,7am-7pm,2.0,3.0,1.0,39.96277,-75.21185,12.0
3258,2023-12-10,7pm-7am,1.0,0.0,-1.0,39.95828,-75.22424,20.0
3114,2025-04-14,7pm-7am,1.0,4.0,3.0,39.93775,-75.18012,17.0
3196,2023-01-13,7am-7pm,1.0,2.0,1.0,39.98717,-75.17477,17.0
3280,2024-09-18,7pm-7am,1.0,0.0,-1.0,39.93968,-75.21362,18.0
3297,2023-05-07,7am-7pm,6.0,3.0,-3.0,39.95821,-75.16901,19.0
3049,2023-06-03,7am-7pm,34.0,39.0,5.0,39.94509,-75.1425,29.0
3374,2025-02-17,7am-7pm,13.0,6.0,-7.0,39.9728,-75.17971,18.0
3243,2023-10-06,7pm-7am,0.0,1.0,1.0,39.9835,-75.14743,12.0
3088,2024-04-13,7pm-7am,6.0,8.0,2.0,39.96984,-75.1418,35.0
3320,2025-05-18,7pm-7am,2.0,7.0,5.0,39.9746,-75.15917,17.0
3093,2024-11-10,7am-7pm,2.0,3.0,1.0,39.98837,-75.18701,16.0
3371,2025-02-25,7am-7pm,9.0,9.0,0.0,39.9534,-75.1543,19.0
3226,2023-01-21,7pm-7am,0.0,1.0,1.0,39.98101,-75.13721,18.0
3071,2023-02-14,7pm-7am,1.0,1.0,0.0,,,
3370,2024-11-04,7pm-7am,1.0,0.0,-1.0,40.0163,-75.21241,16.0
3381,2025-08-05,7pm-7am,1.0,4.0,3.0,39.94845,-75.21807,13.0
3316,2025-04-24,7pm-7am,1.0,3.0,2.0,39.92255,-75.17337,19.0
3203,2025-09-13,7pm-7am,1.0,7.0,6.0,39.94077,-75.17227,20.0
3074,2025-03-13,7am-7pm,12.0,8.0,-4.0,39.95511,-75.20987,15.0
3054,2024-02-04,7am-7pm,19.0,21.0,2.0,39.9625,-75.1742,35.0
3107,2023-10-28,7am-7pm,4.0,1.0,-3.0,39.98203,-75.18866,18.0
3208,2023-03-11,7pm-7am,2.0,1.0,-1.0,39.95048,-75.19324,28.0
3331,2025-11-11,7am-7pm,5.0,4.0,-1.0,39.97116,-75.12813,20.0
3387,2025-09-16,7am-7pm,3.0,8.0,5.0,39.97012,-75.14666,19.0
3062,2025-06-27,7am-7pm,17.0,18.0,1.0,,,
3119,2024-02-12,7pm-7am,0.0,2.0,2.0,39.96674,-75.20799,17.0
3024,2024-12-11,7pm-7am,0.0,1.0,1.0,39.94822,-75.20908,19.0
3430,2026-01-13,7am-7pm,10.0,9.0,-1.0,39.97408,-75.1801,14.0
3337,2025-09-23,7am-7pm,16.0,13.0,-3.0,39.97318,-75.14612,15.0
3021,2024-01-28,7am-7pm,1.0,2.0,1.0,39.9539,-75.16902,34.0
3098,2023-01-28,7pm-7am,2.0,4.0,2.0,39.93431,-75.16042,19.0
3184,2025-11-17,7am-7pm,16.0,10.0,-6.0,39.94573,-75.19551,22.0
3166,2024-11-25,7pm-7am,2.0,0.0,-2.0,39.97195,-75.13445,22.0
3164,2024-07-09,7am-7pm,16.0,21.0,5.0,39.92814,-75.16515,18.0
3254,2026-03-03,7pm-7am,2.0,5.0,3.0,39.98091,-75.16065,18.0
3397,2025-03-23,7pm-7am,1.0,2.0,1.0,39.93906,-75.17824,15.0
3235,2023-11-01,7pm-7am,1.0,5.0,4.0,39.96,-75.1651,15.0
3287,2024-10-30,7pm-7am,1.0,1.0,0.0,39.94367,-75.21606,16.0
3314,2024-05-13,7am-7pm,5.0,13.0,8.0,39.93682,-75.14492,17.0
3162,2023-09-05,7pm-7am,10.0,6.0,-4.0,39.94595,-75.18475,34.0
3284,2023-07-13,7am-7pm,0.0,1.0,1.0,40.01112,-75.19287,14.0
3064,2023-03-14,7pm-7am,1.0,0.0,-1.0,39.9384,-75.17327,22.0
3285,2023-01-05,7am-7pm,3.0,4.0,1.0,39.95946,-75.14745,19.0
3028,2023-01-09,7am-7pm,22.0,25.0,3.0,39.94061,-75.14958,15.0
3281,2024-04-19,7am-7pm,1.0,2.0,1.0,39.9323,-75.2162,15.0
3314,2024-12-23,7am-7pm,5.0,6.0,1.0,39.93682,-75.14492,17.0
3197,2023-05-10,7pm-7am,4.0,4.0,0.0,39.92083,-75.17033,23.0
3093,2023-07-18,7am-7pm,1.0,0.0,-1.0,39.98837,-75.18701,16.0
3060,2025-03-06,7pm-7am,1.0,1.0,0.0,39.95923,-75.17036,19.0
3249,2025-02-20,7pm-7am,3.0,0.0,-3.0,39.95784,-75.19079,22.0
3283,2023-07-24,7pm-7am,2.0,1.0,-1.0,,,
3373,2024-10-02,7pm-7am,6.0,1.0,-5.0,39.95817,-75.15668,15.0
3053,2024-02-02,7am-7pm,20.0,16.0,-4.0,39.93231,-75.18154,19.0
3247,2025-01-11,7pm-7am,0.0,1.0,1.0,39.96538,-75.21514,16.0
3285,2024-06-30,7am-7pm,5.0,7.0,2.0,39.95946,-75.14745,19.0
3039,2023-10-24,7am-7pm,9.0,11.0,2.0,39.97157,-75.15993,17.0
3320,2023-03-20,7pm-7am,2.0,2.0,0.0,39.9746,-75.15917,17.0
3368,2026-01-01,7pm-7am,0.0,1.0,1.0,39.97647,-75.17362,17.0
3093,2025-10-08,7am-7pm,2.0,0.0,-2.0,39.98837,-75.18701,16.0
3313,2024-02-08,7pm-7am,1.0,1.0,0.0,39.9158,-75.1643,9.0
3107,2024-05-15,7am-7pm,3.0,1.0,-2.0,39.98203,-75.18866,18.0
3075,2024-12-28,7pm-7am,2.0,1.0,-1.0,39.96718,-75.16125,12.0
3245,2025-04-30,7pm-7am,4.0,4.0,0.0,39.97887,-75.15777,20.0
3005,2024-03-01,7am-7pm,2.0,9.0,7.0,39.94733,-75.14403,13.0
3411,2025-09-21,7pm-7am,1.0,0.0,-1.0,39.96693,-75.23359,15.0
3064,2025-11-10,7am-7pm,9.0,15.0,6.0,39.9384,-75.17327,22.0
3077,2023-04-10,7pm-7am,4.0,1.0,-3.0,39.97207,-75.16351,19.0
3099,2024-07-29,7am-7pm,14.0,15.0,1.0,39.93401,-75.15094,19.0
3238,2024-04-05,7pm-7am,5.0,3.0,-2.0,39.97674,-75.11995,11.0
3188,2025-11-22,7am-7pm,4.0,2.0,-2.0,39.90471,-75.1734,56.0
3058,2025-12-02,7pm-7am,3.0,1.0,-2.0,,,
3266,2024-12-22,7pm-7am,0.0,1.0,1.0,39.9237,-75.14701,22.0
3031,2024-09-18,7am-7pm,18.0,17.0,-1.0,39.98005,-75.15522,21.0
3111,2025-03-27,7am-7pm,2.0,2.0,0.0,39.97779,-75.21323,14.0
3038,2023-05-03,7pm-7am,7.0,7.0,0.0,39.94781,-75.19409,28.0
3123,2025-09-11,7pm-7am,6.0,5.0,-1.0,39.98004,-75.17088,16.0
3007,2025-11-20,7pm-7am,12.0,9.0,-3.0,39.94517,-75.15993,20.0
3261,2025-03-01,7am-7pm,8.0,11.0,3.0,39.96304,-75.14099,17.0
3162,2024-10-07,7pm-7am,7.0,3.0,-4.0,39.94595,-75.18475,34.0
3188,2023-07-04,7am-7pm,8.0,10.0,2.0,39.90471,-75.1734,56.0
3101,2024-02-20,7am-7pm,14.0,20.0,6.0,39.94295,-75.15955,18.0
3017,2023-11-05,7pm-7am,1.0,2.0,1.0,39.98003,-75.14371,15.0
3075,2024-07-29,7pm-7am,8.0,7.0,-1.0,39.96718,-75.16125,12.0
3055,2025-10-12,7am-7pm,12.0,12.0,0.0,39.95112,-75.15457,15.0
3295,2023-12-18,7pm-7am,12.0,10.0,-2.0,39.95028,-75.16027,21.0
3250,2025-11-12,7am-7pm,2.0,4.0,2.0,39.95673,-75.14575,17.0
3097,2025-04-17,7pm-7am,2.0,3.0,1.0,39.97888,-75.13339,18.0
3279,2024-09-16,7am-7pm,10.0,6.0,-4.0,39.9265,-75.1668,18.0
3006,2024-12-11,7am-7pm,5.0,6.0,1.0,39.9522,-75.20311,17.0
3005,2024-07-03,7pm-7am,8.0,5.0,-3.0,39.94733,-75.14403,13.0
3112,2025-03-19,7am-7pm,8.0,4.0,-4.0,39.95373,-75.21825,18.0
3382,2026-03-12,7pm-7am,7.0,4.0,-3.0,39.95038,-75.17309,11.0
3369,2025-01-17,7am-7pm,0.0,1.0,1.0,40.00772,-75.19194,16.0
3026,2023-11-21,7am-7pm,11.0,14.0,3.0,39.94182,-75.1455,17.0
3037,2023-09-03,7am-7pm,16.0,9.0,-7.0,39.95424,-75.16138,21.0
3342,2024-10-13,7am-7pm,12.0,7.0,-5.0,39.9639,-75.17385,20.0
3325,2024-11-15,7pm-7am,2.0,0.0,-2.0,39.9768,-75.12764,22.0
3208,2023-05-30,7am-7pm,38.0,24.0,-14.0,39.95048,-75.19324,28.0
3033,2026-02-11,7pm-7am,0.0,4.0,4.0,39.95005,-75.15672,20.0
3078,2023-12-26,7am-7pm,4.0,8.0,4.0,39.95355,-75.17192,18.0
3265,2025-09-04,7am-7pm,7.0,6.0,-1.0,39.95957,-75.19633,13.0
3243,2025-07-21,7pm-7am,0.0,1.0,1.0,39.9835,-75.14743,12.0
3405,2026-03-23,7pm-7am,4.0,2.0,-2.0,39.94167,-75.16502,16.0
3039,2024-04-01,7pm-7am,3.0,4.0,1.0,39.97157,-75.15993,17.0
3236,2025-08-25,7pm-7am,3.0,4.0,1.0,39.96566,-75.17765,18.0
3396,2024-12-30,7am-7pm,5.0,4.0,-1.0,39.92327,-75.1821,16.0
3286,2023-05-09,7am-7pm,12.0,9.0,-3.0,39.96409,-75.14769,22.0
3294,2023-03-23,7pm-7am,4.0,4.0,0.0,39.95174,-75.17063,21.0
3059,2024-07-14,7am-7pm,23.0,24.0,1.0,39.96244,-75.16121,21.0
3296,2023-01-30,7am-7pm,28.0,29.0,1.0,39.95134,-75.16758,21.0
3061,2023-04-16,7pm-7am,3.0,5.0,2.0,,,
3170,2024-04-24,7pm-7am,6.0,9.0,3.0,,,
3051,2024-03-16,7am-7pm,12.0,9.0,-3.0,39.96744,-75.17507,37.0
3110,2023-05-27,7am-7pm,27.0,28.0,1.0,39.96175,-75.13641,19.0
3182,2025-08-08,7am-7pm,15.0,25.0,10.0,,,
3164,2023-01-19,7am-7pm,4.0,2.0,-2.0,39.92814,-75.16515,18.0
3119,2025-07-06,7pm-7am,2.0,2.0,0.0,39.96674,-75.20799,17.0
3005,2025-08-23,7am-7pm,21.0,24.0,3.0,39.94733,-75.14403,13.0
3371,2025-04-26,7pm-7am,2.0,3.0,1.0,39.9534,-75.1543,19.0
3018,2025-08-19,7am-7pm,28.0,28.0,0.0,39.95273,-75.15979,18.0
3276,2024-02-16,7pm-7am,1.0,3.0,2.0,39.96569,-75.15679,18.0
3236,2023-04-14,7pm-7am,3.0,0.0,-3.0,39.96566,-75.17765,18.0
3073,2024-04-05,7pm-7am,5.0,4.0,-1.0,39.96143,-75.15242,15.0
3276,2023-02-15,7pm-7am,2.0,3.0,1.0,39.96569,-75.15679,18.0
3097,2025-11-09,7am-7pm,6.0,10.0,4.0,39.97888,-75.13339,18.0
3154,2026-03-09,7pm-7am,4.0,6.0,2.0,39.95924,-75.15821,16.0
3201,2025-03-07,7am-7pm,7.0,7.0,0.0,39.95523,-75.1662,20.0
3300,2026-03-21,7pm-7am,1.0,0.0,-1.0,39.95511,-75.16287,13.0
3335,2024-06-18,7pm-7am,1.0,2.0,1.0,40.02237,-75.218,18.0
3190,2023-04-21,7pm-7am,12.0,8.0,-4.0,,,
3056,2023-05-28,7pm-7am,0.0,8.0,8.0,39.97669,-75.15813,22.0
3068,2024-12-23,7am-7pm,6.0,3.0,-3.0,39.93549,-75.16711,18.0
3245,2026-01-21,7am-7pm,5.0,6.0,1.0,39.97887,-75.15777,20.0
3308,2024-09-15,7pm-7am,0.0,2.0,2.0,,,
3112,2025-10-28,7am-7pm,11.0,6.0,-5.0,39.95373,-75.21825,18.0
3052,2023-04-07,7am-7pm,13.0,16.0,3.0,39.94732,-75.15695,25.0
3304,2025-06-11,7am-7pm,24.0,21.0,-3.0,39.94234,-75.15399,21.0
3331,2025-04-02,7am-7pm,9.0,6.0,-3.0,39.97116,-75.12813,20.0
3047,2023-07-28,7am-7pm,20.0,28.0,8.0,39.95073,-75.14947,20.0
3168,2024-11-08,7am-7pm,14.0,18.0,4.0,,,
3255,2023-11-04,7pm-7am,4.0,5.0,1.0,39.95095,-75.16438,15.0
3247,2025-07-14,7pm-7am,1.0,1.0,0.0,39.96538,-75.21514,16.0
3157,2025-07-19,7am-7pm,13.0,17.0,4.0,39.92545,-75.15954,18.0
3375,2025-11-13,7am-7pm,8.0,5.0,-3.0,39.96036,-75.1402,22.0
3124,2025-12-31,7pm-7am,1.0,1.0,0.0,39.95367,-75.13956,17.0
3039,2024-03-19,7am-7pm,7.0,3.0,-4.0,39.97157,-75.15993,17.0
3093,2024-06-05,7am-7pm,1.0,4.0,3.0,39.98837,-75.18701,16.0
3246,2023-08-20,7pm-7am,6.0,8.0,2.0,39.94782,-75.22301,17.0
3301,2023-01-28,7am-7pm,8.0,7.0,-1.0,39.95029,-75.17126,15.0
3012,2024-12-16,7am-7pm,18.0,15.0,-3.0,39.94218,-75.17747,27.0
3280,2026-03-11,7am-7pm,1.0,1.0,0.0,39.93968,-75.21362,18.0
3063,2026-01-10,7am-7pm,4.0,1.0,-3.0,39.94633,-75.1698,25.0
3118,2025-09-29,7pm-7am,2.0,2.0,0.0,39.95866,-75.21323,20.0
3317,2024-04-14,7am-7pm,3.0,4.0,1.0,,,
3243,2023-10-21,7am-7pm,1.0,2.0,1.0,39.9835,-75.14743,12.0
3086,2025-07-09,7am-7pm,9.0,11.0,2.0,39.94019,-75.16691,21.0
3322,2024-09-17,7am-7pm,15.0,14.0,-1.0,39.93638,-75.15526,13.0
3004,2023-04-11,7pm-7am,1.0,2.0,1.0,39.95371,-75.16423,23.0
3116,2025-08-06,7pm-7am,4.0,4.0,0.0,39.96006,-75.17198,21.0
3275,2023-12-04,7am-7pm,0.0,1.0,1.0,39.97576,-75.12157,22.0
3372,2025-12-20,7pm-7am,0.0,2.0,2.0,39.92528,-75.18672,15.0
3098,2024-10-03,7am-7pm,16.0,17.0,1.0,39.93431,-75.16042,19.0
3292,2024-03-31,7am-7pm,5.0,5.0,0.0,39.92,-75.1562,17.0
3357,2025-07-15,7pm-7am,1.0,1.0,0.0,39.9104,-75.16588,27.0
3304,2025-02-14,7am-7pm,11.0,17.0,6.0,39.94234,-75.15399,21.0
3034,2023-03-04,7pm-7am,2.0,5.0,3.0,39.93315,-75.16248,16.0
3337,2024-02-20,7am-7pm,6.0,5.0,-1.0,39.97318,-75.14612,15.0
3047,2023-07-29,7am-7pm,17.0,23.0,6.0,39.95073,-75.14947,20.0
3115,2024-05-28,7pm-7am,0.0,1.0,1.0,39.97263,-75.16757,18.0
3038,2023-12-04,7pm-7am,6.0,10.0,4.0,39.94781,-75.19409,28.0
3066,2023-05-09,7am-7pm,26.0,22.0,-4.0,39.94561,-75.17348,29.0
3212,2024-02-01,7pm-7am,0.0,1.0,1.0,39.96383,-75.18177,32.0
3078,2025-12-29,7pm-7am,1.0,3.0,2.0,39.95355,-75.17192,18.0
3049,2023-07-28,7am-7pm,7.0,15.0,8.0,39.94509,-75.1425,29.0
3409,2025-05-17,7pm-7am,2.0,4.0,2.0,39.95508,-75.15128,20.0
3097,2025-05-27,7am-7pm,7.0,9.0,2.0,39.97888,-75.13339,18.0
3287,2024-06-24,7am-7pm,3.0,1.0,-2.0,39.94367,-75.21606,16.0
3300,2025-06-20,7am-7pm,13.0,10.0,-3.0,39.95511,-75.16287,13.0
3047,2026-01-19,7am-7pm,3.0,4.0,1.0,39.95073,-75.14947,20.0
3040,2024-09-23,7am-7pm,22.0,21.0,-1.0,39.96289,-75.16606,21.0
3066,2023-03-30,7pm-7am,8.0,10.0,2.0,39.94561,-75.17348,29.0
3237,2023-05-16,7am-7pm,2.0,4.0,2.0,39.91717,-75.17096,21.0
3032,2025-11-18,7pm-7am,18.0,15.0,-3.0,39.94527,-75.17971,20.0
3226,2025-03-07,7am-7pm,4.0,4.0,0.0,39.98101,-75.13721,18.0
3100,2025-12-01,7am-7pm,13.0,18.0,5.0,39.92777,-75.15103,38.0
3383,2024-09-14,7am-7pm,20.0,14.0,-6.0,39.96634,-75.14222,19.0
3099,2023-12-23,7am-7pm,4.0,5.0,1.0,39.93401,-75.15094,19.0
3088,2024-06-30,7am-7pm,10.0,6.0,-4.0,39.96984,-75.1418,35.0
3022,2023-07-01,7pm-7am,3.0,7.0,4.0,39.95472,-75.18323,21.0
3318,2024-08-18,7am-7pm,9.0,11.0,2.0,39.95182,-75.16395,20.0
3156,2024-06-19,7am-7pm,26.0,34.0,8.0,39.95381,-75.17407,22.0
3303,2025-07-07,7am-7pm,6.0,3.0,-3.0,39.9559,-75.2053,20.0
3211,2024-03-11,7am-7pm,4.0,4.0,0.0,39.97172,-75.1706,22.0
3271,2024-12-02,7am-7pm,0.0,2.0,2.0,39.9476,-75.22946,18.0
3101,2023-10-30,7am-7pm,19.0,26.0,7.0,39.94295,-75.15955,18.0
3165,2024-11-01,7am-7pm,14.0,19.0,5.0,39.95819,-75.1782,22.0
3352,2024-08-03,7am-7pm,1.0,1.0,0.0,40.00143,-75.15256,11.0
3196,2026-02-05,7am-7pm,1.0,0.0,-1.0,39.98717,-75.17477,17.0
3052,2023-06-17,7pm-7am,5.0,12.0,7.0,39.94732,-75.15695,25.0
3340,2025-03-26,7pm-7am,3.0,4.0,1.0,39.96906,-75.18169,17.0
3342,2025-11-13,7pm-7am,5.0,5.0,0.0,39.9639,-75.17385,20.0
3114,2023-06-17,7pm-7am,5.0,3.0,-2.0,39.93775,-75.18012,17.0
3378,2024-09-19,7am-7pm,5.0,4.0,-1.0,39.95238,-75.14728,18.0
3185,2023-10-18,7am-7pm,31.0,31.0,0.0,39.95169,-75.15888,21.0
3019,2025-03-07,7am-7pm,3.0,4.0,1.0,39.95403,-75.14983,15.0
3197,2023-11-04,7pm-7am,0.0,3.0,3.0,39.92083,-75.17033,23.0
3299,2024-11-23,7am-7pm,24.0,14.0,-10.0,39.94332,-75.15698,22.0
3116,2023-12-11,7am-7pm,4.0,4.0,0.0,39.96006,-75.17198,21.0
3072,2025-09-20,7pm-7am,4.0,4.0,0.0,39.93445,-75.14541,25.0
3237,2023-08-04,7pm-7am,3.0,7.0,4.0,39.91717,-75.17096,21.0
3028,2024-07-16,7am-7pm,28.0,27.0,-1.0,39.94061,-75.14958,15.0
3317,2023-12-17,7am-7pm,1.0,1.0,0.0,,,
3346,2024-02-12,7pm-7am,1.0,0.0,-1.0,39.94883,-75.15097,17.0
3252,2025-07-30,7pm-7am,5.0,3.0,-2.0,39.93882,-75.19324,14.0
3037,2025-05-04,7am-7pm,7.0,11.0,4.0,39.95424,-75.16138,21.0
3337,2024-06-08,7am-7pm,11.0,8.0,-3.0,39.97318,-75.14612,15.0
3256,2024-07-11,7pm-7am,3.0,5.0,2.0,39.95269,-75.17779,23.0
3399,2025-06-24,7am-7pm,5.0,8.0,3.0,39.97502,-75.14006,15.0
3248,2025-07-27,7pm-7am,8.0,6.0,-2.0,39.94213,-75.18335,22.0
3294,2024-12-30,7pm-7am,6.0,4.0,-2.0,39.95174,-75.17063,21.0
3054,2025-01-13,7am-7pm,15.0,17.0,2.0,39.9625,-75.1742,35.0
3017,2025-07-29,7am-7pm,11.0,7.0,-4.0,39.98003,-75.14371,15.0
3166,2023-01-07,7am-7pm,2.0,3.0,1.0,39.97195,-75.13445,22.0
3418,2025-06-11,7pm-7am,2.0,2.0,0.0,40.00924,-75.15198,17.0
3061,2024-10-08,7am-7pm,41.0,42.0,1.0,,,
3301,2026-03-31,7am-7pm,26.0,26.0,0.0,39.95029,-75.17126,15.0
3241,2023-09-10,7am-7pm,1.0,1.0,0.0,39.95225,-75.22637,20.0
3383,2026-02-02,7am-7pm,2.0,1.0,-1.0,39.96634,-75.14222,19.0
3320,2023-11-06,7am-7pm,11.0,8.0,-3.0,39.9746,-75.15917,17.0
3018,2025-10-24,7am-7pm,29.0,34.0,5.0,39.95273,-75.15979,18.0
3073,2025-02-27,7pm-7am,6.0,3.0,-3.0,39.96143,-75.15242,15.0
3196,2026-03-09,7pm-7am,0.0,1.0,1.0,39.98717,-75.17477,17.0
3304,2025-06-14,7am-7pm,20.0,22.0,2.0,39.94234,-75.15399,21.0
3120,2023-12-14,7am-7pm,6.0,4.0,-2.0,39.97522,-75.18669,19.0
3056,2025-02-04,7am-7pm,6.0,4.0,-2.0,39.97669,-75.15813,22.0
3253,2023-10-03,7pm-7am,7.0,4.0,-3.0,39.93074,-75.18924,21.0
3320,2023-11-10,7pm-7am,2.0,4.0,2.0,39.9746,-75.15917,17.0
3259,2025-04-17,7pm-7am,1.0,1.0,0.0,39.95998,-75.19883,17.0
3008,2024-12-26,7pm-7am,1.0,0.0,-1.0,39.98081,-75.15067,17.0
3006,2025-11-10,7pm-7am,3.0,3.0,0.0,39.9522,-75.20311,17.0
3201,2024-04-25,7am-7pm,17.0,13.0,-4.0,39.95523,-75.1662,20.0
3039,2023-04-02,7am-7pm,3.0,4.0,1.0,39.97157,-75.15993,17.0
3021,2024-10-01,7am-7pm,22.0,14.0,-8.0,39.9539,-75.16902,34.0
3321,2023-12-08,7pm-7am,4.0,0.0,-4.0,39.95485,-75.17298,21.0
3259,2024-07-28,7pm-7am,2.0,1.0,-1.0,39.95998,-75.19883,17.0
3254,2025-07-05,7pm-7am,1.0,4.0,3.0,39.98091,-75.16065,18.0
3101,2025-10-01,7pm-7am,14.0,8.0,-6.0,39.94295,-75.15955,18.0
3320,2025-11-24,7pm-7am,2.0,5.0,3.0,39.9746,-75.15917,17.0
3039,2025-08-03,7pm-7am,2.0,9.0,7.0,39.97157,-75.15993,17.0
3375,2025-07-25,7am-7pm,15.0,19.0,4.0,39.96036,-75.1402,22.0
3248,2024-01-09,7am-7pm,5.0,1.0,-4.0,39.94213,-75.18335,22.0
3110,2026-01-08,7am-7pm,13.0,12.0,-1.0,39.96175,-75.13641,19.0
3054,2023-04-17,7am-7pm,36.0,29.0,-7.0,39.9625,-75.1742,35.0
3157,2025-12-05,7pm-7am,4.0,6.0,2.0,39.92545,-75.15954,18.0
3074,2023-09-06,7am-7pm,14.0,14.0,0.0,39.95511,-75.20987,15.0
3247,2024-08-07,7am-7pm,4.0,3.0,-1.0,39.96538,-75.21514,16.0
3209,2024-11-09,7pm-7am,2.0,7.0,5.0,39.949,-75.21278,14.0
3163,2023-07-09,7am-7pm,22.0,34.0,12.0,39.94974,-75.18097,22.0
3340,2023-11-19,7pm-7am,1.0,7.0,6.0,39.96906,-75.18169,17.0
3207,2025-09-07,7am-7pm,17.0,21.0,4.0,39.95441,-75.192,20.0
3049,2024-07-02,7pm-7am,15.0,10.0,-5.0,39.94509,-75.1425,29.0
3197,2024-07-28,7pm-7am,2.0,3.0,1.0,39.92083,-75.17033,23.0
3098,2024-12-12,7pm-7am,3.0,2.0,-1.0,39.93431,-75.16042,19.0
3160,2023-07-06,7pm-7am,6.0,7.0,1.0,39.95662,-75.19862,41.0
3299,2026-03-12,7am-7pm,14.0,11.0,-3.0,39.94332,-75.15698,22.0
3365,2025-05-02,7am-7pm,12.0,9.0,-3.0,39.96173,-75.18788,17.0
3253,2024-06-22,7am-7pm,4.0,2.0,-2.0,39.93074,-75.18924,21.0
3369,2025-11-05,7am-7pm,8.0,8.0,0.0,40.00772,-75.19194,16.0
3372,2025-04-06,7am-7pm,1.0,0.0,-1.0,39.92528,-75.18672,15.0
3041,2025-06-20,7am-7pm,17.0,22.0,5.0,39.96849,-75.13546,26.0
3310,2023-11-24,7am-7pm,1.0,0.0,-1.0,39.98024,-75.18651,15.0
3077,2025-05-16,7pm-7am,2.0,3.0,1.0,39.97207,-75.16351,19.0
3297,2026-03-23,7pm-7am,1.0,1.0,0.0,39.95821,-75.16901,19.0
3026,2025-02-09,7am-7pm,11.0,15.0,4.0,39.94182,-75.1455,17.0
3338,2023-12-06,7am-7pm,2.0,1.0,-1.0,39.95098,-75.23035,21.0
3152,2023-09-26,7am-7pm,4.0,2.0,-2.0,39.94993,-75.20286,17.0
3338,2025-05-18,7am-7pm,0.0,1.0,1.0,39.95098,-75.23035,21.0
3280,2024-10-12,7am-7pm,0.0,1.0,1.0,39.93968,-75.21362,18.0
3261,2026-02-05,7am-7pm,2.0,4.0,2.0,39.96304,-75.14099,17.0
3253,2025-08-17,7pm-7am,2.0,2.0,0.0,39.93074,-75.18924,21.0
3025,2026-03-03,7am-7pm,13.0,13.0,0.0,39.93724,-75.1612,15.0
3208,2024-06-12,7pm-7am,1.0,14.0,13.0,39.95048,-75.19324,28.0
3342,2023-08-29,7am-7pm,12.0,16.0,4.0,39.9639,-75.17385,20.0
3164,2024-12-22,7pm-7am,2.0,2.0,0.0,39.92814,-75.16515,18.0
3241,2026-03-21,7am-7pm,3.0,3.0,0.0,39.95225,-75.22637,20.0
3053,2024-02-29,7am-7pm,19.0,11.0,-8.0,39.93231,-75.18154,19.0
3150,2023-07-25,7pm-7am,2.0,6.0,4.0,39.92884,-75.17021,17.0
3351,2025-06-21,7pm-7am,4.0,2.0,-2.0,39.99655,-75.14991,18.0
3200,2025-03-30,7am-7pm,3.0,0.0,-3.0,39.97583,-75.16846,17.0
3236,2024-08-10,7pm-7am,4.0,5.0,1.0,39.96566,-75.17765,18.0
3008,2023-01-24,7am-7pm,7.0,6.0,-1.0,39.98081,-75.15067,17.0
3208,2024-03-15,7am-7pm,43.0,39.0,-4.0,39.95048,-75.19324,28.0
3340,2023-09-13,7am-7pm,13.0,13.0,0.0,39.96906,-75.18169,17.0
3025,2023-11-26,7pm-7am,0.0,1.0,1.0,39.93724,-75.1612,15.0
3073,2024-10-09,7pm-7am,10.0,3.0,-7.0,39.96143,-75.15242,15.0
3052,2025-01-27,7am-7pm,18.0,20.0,2.0,39.94732,-75.15695,25.0
3020,2023-10-09,7pm-7am,12.0,11.0,-1.0,39.94855,-75.19007,36.0
3264,2026-01-23,7am-7pm,13.0,10.0,-3.0,39.94571,-75.15508,23.0
3247,2026-01-16,7am-7pm,1.0,1.0,0.0,39.96538,-75.21514,16.0
3030,2025-01-23,7pm-7am,1.0,3.0,2.0,,,
3409,2025-05-25,7pm-7am,1.0,3.0,2.0,39.95508,-75.15128,20.0
3125,2024-12-08,7am-7pm,9.0,9.0,0.0,39.94391,-75.16735,16.0
3364,2023-12-09,7am-7pm,13.0,14.0,1.0,,,
3055,2026-03-18,7am-7pm,11.0,8.0,-3.0,39.95112,-75.15457,15.0
3182,2023-10-30,7pm-7am,6.0,4.0,-2.0,,,
3051,2023-05-24,7pm-7am,2.0,9.0,7.0,39.96744,-75.17507,37.0
3346,2023-10-23,7pm-7am,1.0,0.0,-1.0,39.94883,-75.15097,17.0
3447,2026-01-02,7pm-7am,6.0,2.0,-4.0,39.95009,-75.14467,25.0
3294,2026-01-20,7pm-7am,3.0,0.0,-3.0,39.95174,-75.17063,21.0
3026,2025-10-23,7pm-7am,9.0,3.0,-6.0,39.94182,-75.1455,17.0
3155,2024-11-22,7am-7pm,10.0,6.0,-4.0,39.94018,-75.15442,18.0
3114,2026-01-30,7am-7pm,1.0,2.0,1.0,39.93775,-75.18012,17.0
3117,2024-06-13,7am-7pm,1.0,2.0,1.0,39.97841,-75.22399,14.0
3213,2025-07-13,7pm-7am,12.0,8.0,-4.0,39.93887,-75.16663,25.0
3200,2024-12-28,7pm-7am,1.0,0.0,-1.0,39.97583,-75.16846,17.0
3053,2023-06-04,7pm-7am,3.0,15.0,12.0,39.93231,-75.18154,19.0
3038,2023-05-17,7am-7pm,30.0,23.0,-7.0,39.94781,-75.19409,28.0
3068,2024-09-23,7am-7pm,23.0,20.0,-3.0,39.93549,-75.16711,18.0
3246,2024-05-05,7pm-7am,2.0,2.0,0.0,39.94782,-75.22301,17.0
3039,2025-12-10,7am-7pm,6.0,3.0,-3.0,39.97157,-75.15993,17.0
3030,2025-07-25,7pm-7am,6.0,12.0,6.0,,,
3261,2024-04-30,7am-7pm,7.0,10.0,3.0,39.96304,-75.14099,17.0
3336,2025-10-26,7am-7pm,5.0,5.0,0.0,39.95719,-75.19388,20.0
3017,2023-09-14,7am-7pm,16.0,13.0,-3.0,39.98003,-75.14371,15.0
3124,2024-09-22,7pm-7am,16.0,10.0,-6.0,39.95367,-75.13956,17.0
3272,2024-01-02,7pm-7am,1.0,0.0,-1.0,39.96405,-75.22048,13.0
3325,2024-05-12,7pm-7am,0.0,1.0,1.0,39.9768,-75.12764,22.0
3251,2026-03-14,7am-7pm,1.0,0.0,-1.0,39.93366,-75.19319,16.0
3197,2026-01-12,7pm-7am,2.0,1.0,-1.0,39.92083,-75.17033,23.0
3047,2026-03-26,7pm-7am,1.0,2.0,1.0,39.95073,-75.14947,20.0
3116,2024-11-17,7am-7pm,5.0,5.0,0.0,39.96006,-75.17198,21.0
3243,2025-10-12,7am-7pm,1.0,1.0,0.0,39.9835,-75.14743,12.0
3281,2024-08-17,7am-7pm,1.0,1.0,0.0,39.9323,-75.2162,15.0
3052,2025-09-09,7am-7pm,41.0,34.0,-7.0,39.94732,-75.15695,25.0
3342,2025-08-31,7pm-7am,8.0,7.0,-1.0,39.9639,-75.17385,20.0
3359,2025-04-08,7pm-7am,10.0,3.0,-7.0,39.94888,-75.16978,29.0
3281,2024-11-11,7pm-7am,0.0,1.0,1.0,39.9323,-75.2162,15.0
3066,2025-06-01,7am-7pm,39.0,26.0,-13.0,39.94561,-75.17348,29.0
3030,2023-09-11,7am-7pm,16.0,15.0,-1.0,,,
3124,2023-02-28,7am-7pm,2.0,2.0,0.0,39.95367,-75.13956,17.0
3018,2023-09-17,7am-7pm,13.0,16.0,3.0,39.95273,-75.15979,18.0
3098,2025-03-13,7am-7pm,11.0,10.0,-1.0,39.93431,-75.16042,19.0
3071,2023-07-31,7am-7pm,10.0,10.0,0.0,,,
3169,2023-08-17,7am-7pm,14.0,14.0,0.0,39.95382,-75.14263,17.0
3263,2023-07-23,7pm-7am,2.0,2.0,0.0,39.9586,-75.2081,18.0
3346,2024-01-09,7am-7pm,1.0,2.0,1.0,39.94883,-75.15097,17.0
3395,2025-04-11,7pm-7am,3.0,3.0,0.0,39.93866,-75.16351,13.0
3409,2025-11-04,7pm-7am,2.0,1.0,-1.0,39.95508,-75.15128,20.0
3250,2024-06-29,7am-7pm,6.0,6.0,0.0,39.95673,-75.14575,17.0
3365,2025-09-08,7pm-7am,9.0,6.0,-3.0,39.96173,-75.18788,17.0
3212,2023-09-24,7pm-7am,2.0,2.0,0.0,39.96383,-75.18177,32.0
3343,2024-09-28,7pm-7am,1.0,0.0,-1.0,,,
3016,2025-01-17,7am-7pm,1.0,1.0,0.0,39.96892,-75.1547,15.0
3205,2025-05-17,7pm-7am,12.0,3.0,-9.0,39.95405,-75.16783,22.0
3120,2025-04-21,7pm-7am,2.0,2.0,0.0,39.97522,-75.18669,19.0
3388,2025-09-03,7am-7pm,3.0,2.0,-1.0,39.96634,-75.15097,19.0
3258,2024-12-02,7am-7pm,1.0,2.0,1.0,39.95828,-75.22424,20.0
3432,2026-03-17,7am-7pm,1.0,0.0,-1.0,40.03055,-75.21983,11.0
3074,2025-07-28,7am-7pm,13.0,21.0,8.0,39.95511,-75.20987,15.0
3114,2023-01-23,7pm-7am,2.0,9.0,7.0,39.93775,-75.18012,17.0
3118,2024-08-03,7pm-7am,1.0,1.0,0.0,39.95866,-75.21323,20.0
3375,2025-04-17,7am-7pm,6.0,10.0,4.0,39.96036,-75.1402,22.0
3387,2025-07-26,7pm-7am,4.0,5.0,1.0,39.97012,-75.14666,19.0
3088,2026-03-14,7pm-7am,0.0,1.0,1.0,39.96984,-75.1418,35.0
3371,2026-02-19,7am-7pm,2.0,3.0,1.0,39.9534,-75.1543,19.0
3170,2024-04-13,7am-7pm,9.0,10.0,1.0,,,
3394,2026-01-30,7am-7pm,2.0,1.0,-1.0,39.924,-75.16959,14.0
3305,2023-05-29,7am-7pm,0.0,1.0,1.0,39.99569,-75.1671,11.0
3185,2023-01-20,7pm-7am,7.0,5.0,-2.0,39.95169,-75.15888,21.0
3245,2024-08-26,7am-7pm,20.0,19.0,-1.0,39.97887,-75.15777,20.0
3099,2025-12-06,7am-7pm,10.0,5.0,-5.0,39.93401,-75.15094,19.0
3064,2025-01-18,7am-7pm,12.0,7.0,-5.0,39.9384,-75.17327,22.0
3073,2023-11-23,7am-7pm,4.0,4.0,0.0,39.96143,-75.15242,15.0
3024,2025-07-19,7pm-7am,3.0,7.0,4.0,39.94822,-75.20908,19.0
3097,2023-09-17,7am-7pm,2.0,6.0,4.0,39.97888,-75.13339,18.0
3203,2024-03-28,7pm-7am,4.0,3.0,-1.0,39.94077,-75.17227,20.0
3162,2024-03-15,7pm-7am,4.0,2.0,-2.0,39.94595,-75.18475,34.0
3304,2023-07-26,7pm-7am,9.0,5.0,-4.0,39.94234,-75.15399,21.0
3253,2023-01-26,7am-7pm,1.0,1.0,0.0,39.93074,-75.18924,21.0
3032,2024-08-07,7am-7pm,44.0,48.0,4.0,39.94527,-75.17971,20.0
3118,2024-05-07,7pm-7am,2.0,3.0,1.0,39.95866,-75.21323,20.0
3335,2024-02-12,7pm-7am,2.0,1.0,-1.0,40.02237,-75.218,18.0
3351,2024-01-13,7pm-7am,1.0,1.0,0.0,39.99655,-75.14991,18.0
3030,2025-06-24,7pm-7am,10.0,13.0,3.0,,,
3345,2026-01-03,7am-7pm,7.0,5.0,-2.0,39.9617,-75.14667,19.0
3317,2023-12-11,7am-7pm,1.0,1.0,0.0,,,
3005,2023-11-19,7am-7pm,2.0,5.0,3.0,39.94733,-75.14403,13.0
3243,2025-06-13,7am-7pm,5.0,3.0,-2.0,39.9835,-75.14743,12.0
3056,2023-10-17,7pm-7am,1.0,2.0,1.0,39.97669,-75.15813,22.0
3007,2023-04-18,7pm-7am,13.0,12.0,-1.0,39.94517,-75.15993,20.0
3024,2024-11-18,7pm-7am,1.0,1.0,0.0,39.94822,-75.20908,19.0
3264,2023-09-03,7pm-7am,2.0,1.0,-1.0,39.94571,-75.15508,23.0
3039,2023-06-21,7am-7pm,11.0,9.0,-2.0,39.97157,-75.15993,17.0
3277,2024-05-04,7pm-7am,1.0,1.0,0.0,39.98306,-75.16738,20.0
3370,2025-11-22,7pm-7am,0.0,2.0,2.0,40.0163,-75.21241,16.0
3051,2023-10-17,7am-7pm,19.0,20.0,1.0,39.96744,-75.17507,37.0
3075,2024-10-12,7am-7pm,18.0,12.0,-6.0,39.96718,-75.16125,12.0
3295,2026-03-04,7pm-7am,12.0,7.0,-5.0,39.95028,-75.16027,21.0
3344,2024-10-25,7am-7pm,5.0,7.0,2.0,39.95961,-75.23354,23.0
3026,2023-06-20,7pm-7am,6.0,9.0,3.0,39.94182,-75.1455,17.0
3088,2024-10-25,7pm-7am,8.0,11.0,3.0,39.96984,-75.1418,35.0
3355,2024-05-20,7pm-7am,2.0,4.0,2.0,,,
3066,2025-03-21,7pm-7am,5.0,6.0,1.0,39.94561,-75.17348,29.0
3086,2024-06-29,7am-7pm,12.0,13.0,1.0,39.94019,-75.16691,21.0
3210,2025-03-23,7am-7pm,5.0,5.0,0.0,39.98492,-75.15668,18.0
3331,2025-12-27,7pm-7am,1.0,0.0,-1.0,39.97116,-75.12813,20.0
3012,2025-05-11,7am-7pm,17.0,13.0,-4.0,39.94218,-75.17747,27.0
3034,2024-04-29,7am-7pm,23.0,27.0,4.0,39.93315,-75.16248,16.0
3341,2024-05-06,7am-7pm,7.0,4.0,-3.0,39.98131,-75.12732,20.0
3252,2025-03-27,7pm-7am,3.0,3.0,0.0,39.93882,-75.19324,14.0
3301,2023-08-17,7pm-7am,15.0,12.0,-3.0,39.95029,-75.17126,15.0
3236,2023-01-29,7pm-7am,1.0,5.0,4.0,39.96566,-75.17765,18.0
3371,2024-04-04,7am-7pm,3.0,7.0,4.0,39.9534,-75.1543,19.0
3422,2025-11-05,7pm-7am,5.0,3.0,-2.0,39.95619,-75.18647,10.0
3308,2024-03-16,7pm-7am,1.0,4.0,3.0,,,
3026,2024-04-21,7pm-7am,2.0,4.0,2.0,39.94182,-75.1455,17.0
3037,2023-02-14,7pm-7am,8.0,2.0,-6.0,39.95424,-75.16138,21.0
3276,2025-08-26,7pm-7am,4.0,5.0,1.0,39.96569,-75.15679,18.0
3244,2025-01-04,7am-7pm,20.0,19.0,-1.0,,,
3382,2025-05-01,7pm-7am,12.0,8.0,-4.0,39.95038,-75.17309,11.0
3278,2023-03-21,7am-7pm,0.0,1.0,1.0,39.99301,-75.1681,11.0
3201,2025-07-10,7pm-7am,6.0,7.0,1.0,39.95523,-75.1662,20.0
3251,2025-03-28,7pm-7am,1.0,4.0,3.0,39.93366,-75.19319,16.0
3301,2025-10-09,7am-7pm,26.0,37.0,11.0,39.95029,-75.17126,15.0
3396,2024-12-13,7am-7pm,6.0,6.0,0.0,39.92327,-75.1821,16.0
3311,2023-10-26,7am-7pm,1.0,1.0,0.0,,,
3393,2026-01-02,7pm-7am,1.0,2.0,1.0,39.96727,-75.13999,18.0
3073,2023-08-07,7am-7pm,8.0,12.0,4.0,39.96143,-75.15242,15.0
3235,2025-01-31,7am-7pm,3.0,1.0,-2.0,39.96,-75.1651,15.0
3059,2025-07-28,7pm-7am,14.0,12.0,-2.0,39.96244,-75.16121,21.0
3303,2025-12-15,7am-7pm,3.0,1.0,-2.0,39.9559,-75.2053,20.0
3277,2023-01-10,7am-7pm,2.0,0.0,-2.0,39.98306,-75.16738,20.0
3291,2023-07-04,7pm-7am,7.0,4.0,-3.0,40.01022,-75.197,15.0
3337,2023-10-08,7am-7pm,8.0,6.0,-2.0,39.97318,-75.14612,15.0
3104,2026-03-26,7am-7pm,4.0,2.0,-2.0,39.96664,-75.19209,13.0
3235,2024-10-26,7pm-7am,2.0,3.0,1.0,39.96,-75.1651,15.0
3204,2025-12-02,7pm-7am,2.0,2.0,0.0,39.96437,-75.16582,22.0
3286,2023-03-08,7pm-7am,1.0,4.0,3.0,39.96409,-75.14769,22.0
3265,2024-01-27,7am-7pm,9.0,5.0,-4.0,39.95957,-75.19633,13.0
3226,2023-07-06,7am-7pm,2.0,3.0,1.0,39.98101,-75.13721,18.0
3150,2025-01-21,7pm-7am,0.0,1.0,1.0,39.92884,-75.17021,17.0
3102,2023-10-30,7am-7pm,19.0,18.0,-1.0,39.96759,-75.17952,26.0
3249,2026-01-14,7am-7pm,4.0,7.0,3.0,39.95784,-75.19079,22.0
3118,2025-09-22,7am-7pm,7.0,9.0,2.0,39.95866,-75.21323,20.0
3187,2025-05-18,7am-7pm,10.0,10.0,0.0,39.95725,-75.17232,19.0
3185,2025-11-28,7pm-7am,6.0,6.0,0.0,39.95169,-75.15888,21.0
3101,2024-11-27,7pm-7am,11.0,9.0,-2.0,39.94295,-75.15955,18.0
3120,2026-03-06,7am-7pm,12.0,5.0,-7.0,39.97522,-75.18669,19.0
3187,2024-11-19,7pm-7am,2.0,3.0,1.0,39.95725,-75.17232,19.0
3160,2025-07-10,7am-7pm,15.0,12.0,-3.0,39.95662,-75.19862,41.0
3039,2025-07-26,7am-7pm,7.0,2.0,-5.0,39.97157,-75.15993,17.0
3110,2024-03-28,7am-7pm,2.0,4.0,2.0,39.96175,-75.13641,19.0
3157,2024-08-31,7am-7pm,12.0,12.0,0.0,39.92545,-75.15954,18.0
3352,2024-01-26,7am-7pm,1.0,1.0,0.0,40.00143,-75.15256,11.0
3041,2025-04-29,7pm-7am,9.0,8.0,-1.0,39.96849,-75.13546,26.0
3369,2025-04-11,7pm-7am,0.0,2.0,2.0,40.00772,-75.19194,16.0
3032,2023-02-08,7pm-7am,8.0,12.0,4.0,39.94527,-75.17971,20.0
3067,2024-06-12,7pm-7am,2.0,3.0,1.0,39.96411,-75.19973,17.0
3117,2023-05-05,7pm-7am,1.0,0.0,-1.0,39.97841,-75.22399,14.0
3071,2023-06-20,7pm-7am,5.0,5.0,0.0,,,
3057,2023-08-22,7am-7pm,29.0,22.0,-7.0,39.96439,-75.17987,26.0
3160,2023-11-09,7pm-7am,5.0,7.0,2.0,39.95662,-75.19862,41.0
3337,2024-12-03,7am-7pm,3.0,6.0,3.0,39.97318,-75.14612,15.0
3300,2023-04-08,7am-7pm,4.0,8.0,4.0,39.95511,-75.16287,13.0
3439,2026-01-26,7am-7pm,1.0,1.0,0.0,39.99033,-75.12759,15.0
3059,2024-09-30,7pm-7am,11.0,11.0,0.0,39.96244,-75.16121,21.0
3030,2023-04-23,7am-7pm,21.0,22.0,1.0,,,
3032,2025-05-03,7am-7pm,46.0,49.0,3.0,39.94527,-75.17971,20.0
3006,2025-02-14,7am-7pm,15.0,14.0,-1.0,39.9522,-75.20311,17.0
3297,2025-07-01,7pm-7am,2.0,5.0,3.0,39.95821,-75.16901,19.0
3257,2023-05-20,7am-7pm,2.0,2.0,0.0,,,
3319,2023-07-11,7am-7pm,2.0,0.0,-2.0,39.96672,-75.12964,16.0
3368,2025-06-16,7am-7pm,3.0,5.0,2.0,39.97647,-75.17362,17.0
3201,2024-05-08,7am-7pm,25.0,19.0,-6.0,39.95523,-75.1662,20.0
3297,2025-02-28,7am-7pm,5.0,6.0,1.0,39.95821,-75.16901,19.0
3164,2025-02-24,7am-7pm,13.0,14.0,1.0,39.92814,-75.16515,18.0
3311,2024-03-12,7pm-7am,2.0,0.0,-2.0,,,
3241,2023-04-02,7pm-7am,1.0,1.0,0.0,39.95225,-75.22637,20.0
3244,2024-12-31,7am-7pm,34.0,30.0,-4.0,,,
3346,2024-06-26,7am-7pm,24.0,24.0,0.0,39.94883,-75.15097,17.0
3350,2025-07-02,7pm-7am,1.0,1.0,0.0,39.99415,-75.15527,20.0
3309,2023-08-21,7am-7pm,1.0,2.0,1.0,,,
3435,2025-09-17,7am-7pm,6.0,5.0,-1.0,39.98451,-75.12348,13.0
3028,2025-11-20,7pm-7am,10.0,14.0,4.0,39.94061,-75.14958,15.0
3335,2023-07-13,7am-7pm,5.0,7.0,2.0,40.02237,-75.218,18.0
3212,2024-04-08,7pm-7am,3.0,1.0,-2.0,39.96383,-75.18177,32.0
3156,2025-10-30,7pm-7am,4.0,3.0,-1.0,39.95381,-75.17407,22.0
3378,2024-12-08,7pm-7am,1.0,1.0,0.0,39.95238,-75.14728,18.0
3034,2024-04-25,7am-7pm,34.0,30.0,-4.0,39.93315,-75.16248,16.0
3203,2023-08-23,7pm-7am,11.0,14.0,3.0,39.94077,-75.17227,20.0
3323,2024-01-08,7am-7pm,6.0,6.0,0.0,40.02796,-75.2277,18.0
3005,2025-06-20,7am-7pm,29.0,31.0,2.0,39.94733,-75.14403,13.0
3051,2023-09-28,7pm-7am,10.0,5.0,-5.0,39.96744,-75.17507,37.0
3098,2023-03-13,7pm-7am,2.0,2.0,0.0,39.93431,-75.16042,19.0
3067,2023-11-19,7am-7pm,8.0,6.0,-2.0,39.96411,-75.19973,17.0
3359,2025-06-16,7am-7pm,18.0,28.0,10.0,39.94888,-75.16978,29.0
3150,2023-05-05,7am-7pm,7.0,10.0,3.0,39.92884,-75.17021,17.0
3058,2023-04-15,7am-7pm,13.0,14.0,1.0,,,
3069,2024-01-03,7am-7pm,11.0,5.0,-6.0,39.93704,-75.15038,23.0
3008,2025-06-09,7pm-7am,2.0,3.0,1.0,39.98081,-75.15067,17.0
3246,2023-11-26,7am-7pm,2.0,3.0,1.0,39.94782,-75.22301,17.0
3299,2026-01-09,7am-7pm,15.0,13.0,-2.0,39.94332,-75.15698,22.0
3009,2024-05-06,7am-7pm,28.0,30.0,2.0,39.95576,-75.18982,14.0
3365,2025-05-12,7pm-7am,5.0,4.0,-1.0,39.96173,-75.18788,17.0
3317,2023-06-12,7am-7pm,2.0,4.0,2.0,,,
3251,2025-04-01,7am-7pm,2.0,2.0,0.0,39.93366,-75.19319,16.0
3028,2025-12-31,7am-7pm,21.0,17.0,-4.0,39.94061,-75.14958,15.0
3017,2023-06-27,7pm-7am,0.0,3.0,3.0,39.98003,-75.14371,15.0
3299,2024-06-06,7am-7pm,15.0,17.0,2.0,39.94332,-75.15698,22.0
3294,2023-10-18,7am-7pm,25.0,27.0,2.0,39.95174,-75.17063,21.0
3276,2025-07-07,7am-7pm,4.0,5.0,1.0,39.96569,-75.15679,18.0
3125,2025-04-28,7am-7pm,13.0,16.0,3.0,39.94391,-75.16735,16.0
3159,2025-08-06,7am-7pm,31.0,27.0,-4.0,39.95121,-75.19962,23.0
3060,2026-01-13,7pm-7am,5.0,0.0,-5.0,39.95923,-75.17036,19.0
3303,2024-01-13,7am-7pm,5.0,7.0,2.0,39.9559,-75.2053,20.0
3394,2025-11-19,7am-7pm,4.0,5.0,1.0,39.924,-75.16959,14.0
3010,2025-11-14,7am-7pm,51.0,64.0,13.0,39.94711,-75.16618,22.0
3054,2023-08-24,7pm-7am,7.0,10.0,3.0,39.9625,-75.1742,35.0
3208,2025-12-28,7pm-7am,1.0,0.0,-1.0,39.95048,-75.19324,28.0
3162,2024-01-22,7pm-7am,1.0,1.0,0.0,39.94595,-75.18475,34.0
3160,2023-04-05,7am-7pm,16.0,15.0,-1.0,39.95662,-75.19862,41.0
3267,2024-03-13,7am-7pm,5.0,5.0,0.0,39.918,-75.1796,12.0
3101,2023-10-18,7am-7pm,21.0,32.0,11.0,39.94295,-75.15955,18.0
3264,2026-01-28,7am-7pm,2.0,0.0,-2.0,39.94571,-75.15508,23.0
3207,2023-12-05,7pm-7am,8.0,5.0,-3.0,39.95441,-75.192,20.0
3291,2024-09-15,7am-7pm,9.0,10.0,1.0,40.01022,-75.197,15.0
3197,2024-01-17,7am-7pm,2.0,1.0,-1.0,39.92083,-75.17033,23.0
3381,2025-10-04,7pm-7am,2.0,3.0,1.0,39.94845,-75.21807,13.0
3164,2023-04-06,7pm-7am,4.0,5.0,1.0,39.92814,-75.16515,18.0
3097,2023-01-07,7am-7pm,1.0,4.0,3.0,39.97888,-75.13339,18.0
3343,2024-03-03,7am-7pm,10.0,3.0,-7.0,,,
3099,2023-10-31,7am-7pm,8.0,6.0,-2.0,39.93401,-75.15094,19.0
3365,2024-09-12,7pm-7am,5.0,7.0,2.0,39.96173,-75.18788,17.0
3049,2025-01-29,7pm-7am,2.0,3.0,1.0,39.94509,-75.1425,29.0
3333,2023-12-28,7pm-7am,1.0,1.0,0.0,39.9541,-75.16965,25.0
3068,2024-11-02,7am-7pm,14.0,10.0,-4.0,39.93549,-75.16711,18.0
3030,2025-01-12,7am-7pm,11.0,12.0,1.0,,,
3303,2025-03-21,7am-7pm,3.0,2.0,-1.0,39.9559,-75.2053,20.0
3304,2024-07-04,7am-7pm,14.0,12.0,-2.0,39.94234,-75.15399,21.0
3300,2023-06-23,7am-7pm,2.0,5.0,3.0,39.95511,-75.16287,13.0
3075,2023-02-24,7am-7pm,13.0,12.0,-1.0,39.96718,-75.16125,12.0
3197,2023-04-22,7pm-7am,1.0,2.0,1.0,39.92083,-75.17033,23.0
3012,2023-02-28,7am-7pm,24.0,11.0,-13.0,39.94218,-75.17747,27.0
3318,2024-04-20,7pm-7am,9.0,6.0,-3.0,39.95182,-75.16395,20.0
3299,2026-03-10,7am-7pm,24.0,17.0,-7.0,39.94332,-75.15698,22.0
3399,2025-12-07,7pm-7am,2.0,2.0,0.0,39.97502,-75.14006,15.0
3040,2026-02-15,7pm-7am,0.0,1.0,1.0,39.96289,-75.16606,21.0
3064,2025-09-13,7pm-7am,9.0,9.0,0.0,39.9384,-75.17327,22.0
3184,2024-10-31,7am-7pm,8.0,8.0,0.0,39.94573,-75.19551,22.0
3024,2024-07-29,7am-7pm,1.0,3.0,2.0,39.94822,-75.20908,19.0
3099,2023-10-16,7am-7pm,8.0,6.0,-2.0,39.93401,-75.15094,19.0
3422,2025-12-19,7am-7pm,2.0,1.0,-1.0,39.95619,-75.18647,10.0
3063,2025-11-30,7pm-7am,3.0,4.0,1.0,39.94633,-75.1698,25.0
3388,2024-11-11,7pm-7am,2.0,2.0,0.0,39.96634,-75.15097,19.0
3296,2024-01-12,7am-7pm,18.0,21.0,3.0,39.95134,-75.16758,21.0
3271,2023-04-04,7pm-7am,0.0,1.0,1.0,39.9476,-75.22946,18.0
3152,2025-08-20,7pm-7am,1.0,2.0,1.0,39.94993,-75.20286,17.0
3117,2025-03-30,7am-7pm,2.0,1.0,-1.0,39.97841,-75.22399,14.0
3326,2024-07-15,7am-7pm,1.0,1.0,0.0,39.99198,-75.19944,17.0
3212,2023-03-28,7am-7pm,5.0,6.0,1.0,39.96383,-75.18177,32.0
3158,2023-06-19,7am-7pm,9.0,6.0,-3.0,39.92552,-75.16904,15.0
3236,2023-12-09,7am-7pm,3.0,1.0,-2.0,39.96566,-75.17765,18.0
3259,2023-01-27,7am-7pm,8.0,3.0,-5.0,39.95998,-75.19883,17.0
3343,2024-02-03,7am-7pm,4.0,7.0,3.0,,,
3246,2023-02-15,7am-7pm,6.0,5.0,-1.0,39.94782,-75.22301,17.0
3123,2024-09-28,7am-7pm,5.0,2.0,-3.0,39.98004,-75.17088,16.0
3322,2025-09-09,7pm-7am,5.0,4.0,-1.0,39.93638,-75.15526,13.0
3437,2025-08-25,7am-7pm,4.0,4.0,0.0,39.93931,-75.20336,15.0
3346,2025-11-17,7pm-7am,2.0,4.0,2.0,39.94883,-75.15097,17.0
3061,2025-05-19,7am-7pm,21.0,29.0,8.0,,,
3166,2024-09-15,7pm-7am,8.0,5.0,-3.0,39.97195,-75.13445,22.0
3164,2026-02-26,7am-7pm,10.0,14.0,4.0,39.92814,-75.16515,18.0
3070,2023-08-02,7pm-7am,2.0,4.0,2.0,,,
3026,2023-08-26,7am-7pm,23.0,31.0,8.0,39.94182,-75.1455,17.0
3346,2024-12-14,7pm-7am,4.0,3.0,-1.0,39.94883,-75.15097,17.0
3156,2023-04-15,7pm-7am,1.0,3.0,2.0,39.95381,-75.17407,22.0
3320,2026-02-16,7pm-7am,1.0,0.0,-1.0,39.9746,-75.15917,17.0
3187,2025-03-03,7pm-7am,3.0,0.0,-3.0,39.95725,-75.17232,19.0
3154,2023-11-17,7pm-7am,13.0,13.0,0.0,39.95924,-75.15821,16.0
3328,2025-08-05,7am-7pm,6.0,7.0,1.0,39.98798,-75.1995,23.0
3347,2024-12-23,7pm-7am,1.0,1.0,0.0,,,
3014,2025-07-18,7am-7pm,4.0,5.0,1.0,39.95886,-75.17369,25.0
3037,2024-09-26,7am-7pm,16.0,13.0,-3.0,39.95424,-75.16138,21.0
3319,2025-03-15,7am-7pm,3.0,3.0,0.0,39.96672,-75.12964,16.0
3111,2023-04-21,7pm-7am,1.0,0.0,-1.0,39.97779,-75.21323,14.0
3316,2025-09-07,7pm-7am,4.0,4.0,0.0,39.92255,-75.17337,19.0
3212,2023-10-21,7pm-7am,6.0,0.0,-6.0,39.96383,-75.18177,32.0
3155,2025-10-21,7pm-7am,8.0,3.0,-5.0,39.94018,-75.15442,18.0
3006,2026-03-11,7am-7pm,7.0,7.0,0.0,39.9522,-75.20311,17.0
3113,2025-04-02,7am-7pm,3.0,5.0,2.0,39.97472,-75.19781,12.0
3196,2024-08-13,7pm-7am,0.0,1.0,1.0,39.98717,-75.17477,17.0
3104,2025-10-09,7pm-7am,6.0,3.0,-3.0,39.96664,-75.19209,13.0
3197,2023-12-31,7pm-7am,1.0,4.0,3.0,39.92083,-75.17033,23.0
3021,2026-02-05,7pm-7am,4.0,1.0,-3.0,39.9539,-75.16902,34.0
3052,2024-05-01,7am-7pm,42.0,37.0,-5.0,39.94732,-75.15695,25.0
3158,2024-04-27,7pm-7am,1.0,1.0,0.0,39.92552,-75.16904,15.0
3319,2023-07-10,7am-7pm,0.0,5.0,5.0,39.96672,-75.12964,16.0
3029,2024-09-21,7pm-7am,3.0,5.0,2.0,39.9538,-75.19479,17.0
3277,2023-10-10,7pm-7am,0.0,1.0,1.0,39.98306,-75.16738,20.0
3197,2023-03-16,7am-7pm,2.0,3.0,1.0,39.92083,-75.17033,23.0
3307,2025-10-02,7am-7pm,1.0,0.0,-1.0,40.0028,-75.174,11.0
3211,2024-08-19,7am-7pm,6.0,4.0,-2.0,39.97172,-75.1706,22.0
3390,2025-09-22,7am-7pm,2.0,2.0,0.0,39.96,-75.2244,18.0
3294,2024-05-11,7am-7pm,15.0,24.0,9.0,39.95174,-75.17063,21.0
3378,2025-12-05,7am-7pm,3.0,1.0,-2.0,39.95238,-75.14728,18.0
3024,2024-11-04,7am-7pm,5.0,4.0,-1.0,39.94822,-75.20908,19.0
3049,2025-05-31,7am-7pm,20.0,26.0,6.0,39.94509,-75.1425,29.0
3331,2026-03-31,7pm-7am,2.0,1.0,-1.0,39.97116,-75.12813,20.0
3337,2024-06-17,7pm-7am,4.0,5.0,1.0,39.97318,-75.14612,15.0
3334,2026-02-05,7am-7pm,2.0,3.0,1.0,39.9302,-75.15636,19.0
3246,2025-07-29,7pm-7am,4.0,2.0,-2.0,39.94782,-75.22301,17.0
3170,2023-08-01,7pm-7am,4.0,2.0,-2.0,,,
3188,2023-04-27,7am-7pm,8.0,12.0,4.0,39.90471,-75.1734,56.0
3282,2023-06-29,7pm-7am,2.0,1.0,-1.0,39.98628,-75.14925,15.0
3022,2024-03-18,7pm-7am,2.0,7.0,5.0,39.95472,-75.18323,21.0
3067,2024-11-17,7am-7pm,5.0,9.0,4.0,39.96411,-75.19973,17.0
3363,2025-08-11,7am-7pm,21.0,26.0,5.0,39.94655,-75.16263,17.0
3328,2023-04-17,7am-7pm,7.0,8.0,1.0,39.98798,-75.1995,23.0
3039,2025-02-05,7pm-7am,5.0,1.0,-4.0,39.97157,-75.15993,17.0
3246,2025-05-21,7am-7pm,2.0,0.0,-2.0,39.94782,-75.22301,17.0
3362,2025-01-09,7am-7pm,17.0,16.0,-1.0,39.94816,-75.16226,19.0
3265,2025-07-19,7am-7pm,7.0,3.0,-4.0,39.95957,-75.19633,13.0
3333,2023-08-01,7am-7pm,26.0,24.0,-2.0,39.9541,-75.16965,25.0
3248,2024-09-05,7am-7pm,14.0,13.0,-1.0,39.94213,-75.18335,22.0
3345,2025-02-10,7pm-7am,3.0,8.0,5.0,39.9617,-75.14667,19.0
3321,2025-08-19,7pm-7am,3.0,2.0,-1.0,39.95485,-75.17298,21.0
3051,2025-01-17,7pm-7am,4.0,0.0,-4.0,39.96744,-75.17507,37.0
3066,2024-11-04,7am-7pm,43.0,35.0,-8.0,39.94561,-75.17348,29.0
3019,2023-05-04,7pm-7am,2.0,0.0,-2.0,39.95403,-75.14983,15.0
3064,2024-01-12,7pm-7am,4.0,3.0,-1.0,39.9384,-75.17327,22.0
3271,2024-07-26,7am-7pm,7.0,3.0,-4.0,39.9476,-75.22946,18.0
3236,2024-07-19,7am-7pm,4.0,5.0,1.0,39.96566,-75.17765,18.0
3058,2023-12-05,7pm-7am,5.0,5.0,0.0,,,
3067,2025-01-14,7am-7pm,2.0,2.0,0.0,39.96411,-75.19973,17.0
3363,2024-08-14,7am-7pm,26.0,30.0,4.0,39.94655,-75.16263,17.0
3233,2023-04-19,7pm-7am,2.0,2.0,0.0,,,
3160,2023-09-06,7pm-7am,6.0,5.0,-1.0,39.95662,-75.19862,41.0
3015,2023-03-12,7am-7pm,5.0,4.0,-1.0,39.94735,-75.14886,11.0
3026,2025-07-10,7pm-7am,13.0,2.0,-11.0,39.94182,-75.1455,17.0
3258,2023-12-11,7am-7pm,2.0,1.0,-1.0,39.95828,-75.22424,20.0
3054,2023-10-28,7am-7pm,33.0,37.0,4.0,39.9625,-75.1742,35.0
3404,2025-10-14,7pm-7am,1.0,0.0,-1.0,39.97347,-75.23491,15.0
3056,2023-11-11,7am-7pm,6.0,6.0,0.0,39.97669,-75.15813,22.0
3203,2025-09-17,7pm-7am,14.0,6.0,-8.0,39.94077,-75.17227,20.0
3371,2025-06-02,7am-7pm,8.0,10.0,2.0,39.9534,-75.1543,19.0
3258,2025-05-04,7pm-7am,0.0,1.0,1.0,39.95828,-75.22424,20.0
3101,2025-03-19,7am-7pm,36.0,28.0,-8.0,39.94295,-75.15955,18.0
3101,2024-02-24,7pm-7am,3.0,2.0,-1.0,39.94295,-75.15955,18.0
3165,2023-03-30,7am-7pm,9.0,6.0,-3.0,39.95819,-75.1782,22.0
3265,2024-01-07,7am-7pm,3.0,2.0,-1.0,39.95957,-75.19633,13.0
3184,2025-11-15,7am-7pm,1.0,0.0,-1.0,39.94573,-75.19551,22.0
3405,2026-01-14,7pm-7am,2.0,2.0,0.0,39.94167,-75.16502,16.0
3119,2023-03-03,7am-7pm,2.0,1.0,-1.0,39.96674,-75.20799,17.0
3212,2024-04-18,7am-7pm,10.0,8.0,-2.0,39.96383,-75.18177,32.0
3007,2026-03-13,7pm-7am,9.0,10.0,1.0,39.94517,-75.15993,20.0
3098,2025-04-18,7pm-7am,7.0,8.0,1.0,39.93431,-75.16042,19.0
3259,2025-09-23,7pm-7am,1.0,5.0,4.0,39.95998,-75.19883,17.0
3212,2023-01-24,7am-7pm,6.0,7.0,1.0,39.96383,-75.18177,32.0
3056,2025-03-01,7am-7pm,8.0,9.0,1.0,39.97669,-75.15813,22.0
3371,2024-07-29,7am-7pm,11.0,11.0,0.0,39.9534,-75.1543,19.0
3164,2025-08-24,7pm-7am,9.0,5.0,-4.0,39.92814,-75.16515,18.0
3056,2023-06-11,7am-7pm,6.0,5.0,-1.0,39.97669,-75.15813,22.0
3261,2025-07-16,7am-7pm,16.0,15.0,-1.0,39.96304,-75.14099,17.0
3187,2025-01-28,7pm-7am,1.0,0.0,-1.0,39.95725,-75.17232,19.0
3168,2023-07-11,7am-7pm,22.0,28.0,6.0,,,
3297,2024-12-17,7pm-7am,3.0,2.0,-1.0,39.95821,-75.16901,19.0
3067,2025-05-23,7am-7pm,3.0,3.0,0.0,39.96411,-75.19973,17.0
3038,2025-07-03,7pm-7am,4.0,12.0,8.0,39.94781,-75.19409,28.0
3253,2023-04-25,7am-7pm,3.0,3.0,0.0,39.93074,-75.18924,21.0
3004,2023-02-27,7am-7pm,3.0,9.0,6.0,39.95371,-75.16423,23.0
3363,2026-02-27,7pm-7am,4.0,6.0,2.0,39.94655,-75.16263,17.0
3196,2024-02-17,7pm-7am,0.0,1.0,1.0,39.98717,-75.17477,17.0
3276,2023-02-18,7pm-7am,0.0,2.0,2.0,39.96569,-75.15679,18.0
3156,2025-11-18,7pm-7am,3.0,3.0,0.0,39.95381,-75.17407,22.0
3360,2023-12-07,7pm-7am,2.0,4.0,2.0,39.93304,-75.16822,22.0
3073,2023-03-25,7am-7pm,3.0,2.0,-1.0,39.96143,-75.15242,15.0
3204,2024-03-23,7pm-7am,3.0,4.0,1.0,39.96437,-75.16582,22.0
3059,2026-02-27,7am-7pm,17.0,16.0,-1.0,39.96244,-75.16121,21.0
3370,2024-05-12,7pm-7am,1.0,0.0,-1.0,40.0163,-75.21241,16.0
3244,2023-05-25,7pm-7am,7.0,9.0,2.0,,,
3037,2023-12-16,7pm-7am,3.0,3.0,0.0,39.95424,-75.16138,21.0
3009,2025-05-19,7pm-7am,9.0,8.0,-1.0,39.95576,-75.18982,14.0
3266,2023-11-09,7pm-7am,3.0,2.0,-1.0,39.9237,-75.14701,22.0
3062,2026-03-17,7pm-7am,4.0,7.0,3.0,,,
3152,2023-12-09,7pm-7am,1.0,1.0,0.0,39.94993,-75.20286,17.0
3086,2023-07-26,7pm-7am,3.0,5.0,2.0,39.94019,-75.16691,21.0
3009,2024-02-05,7am-7pm,15.0,8.0,-7.0,39.95576,-75.18982,14.0
3197,2025-10-26,7am-7pm,7.0,5.0,-2.0,39.92083,-75.17033,23.0
3059,2023-11-21,7pm-7am,5.0,2.0,-3.0,39.96244,-75.16121,21.0
3165,2024-03-03,7am-7pm,19.0,22.0,3.0,39.95819,-75.1782,22.0
3325,2023-10-10,7am-7pm,3.0,3.0,0.0,39.9768,-75.12764,22.0
3286,2025-12-26,7am-7pm,2.0,1.0,-1.0,39.96409,-75.14769,22.0
3298,2025-11-20,7am-7pm,2.0,2.0,0.0,39.94717,-75.20691,15.0
3024,2024-08-03,7am-7pm,9.0,7.0,-2.0,39.94822,-75.20908,19.0
3063,2023-08-08,7pm-7am,12.0,9.0,-3.0,39.94633,-75.1698,25.0
3153,2023-02-09,7pm-7am,1.0,0.0,-1.0,,,
3201,2025-05-30,7am-7pm,30.0,36.0,6.0,39.95523,-75.1662,20.0
3298,2025-09-24,7pm-7am,0.0,2.0,2.0,39.94717,-75.20691,15.0
3252,2025-08-10,7pm-7am,2.0,2.0,0.0,39.93882,-75.19324,14.0
3409,2025-04-12,7pm-7am,1.0,0.0,-1.0,39.95508,-75.15128,20.0
3378,2025-12-07,7pm-7am,2.0,1.0,-1.0,39.95238,-75.14728,18.0
3150,2024-03-26,7pm-7am,1.0,7.0,6.0,39.92884,-75.17021,17.0
3049,2024-03-13,7pm-7am,1.0,2.0,1.0,39.94509,-75.1425,29.0
3165,2024-02-18,7am-7pm,5.0,2.0,-3.0,39.95819,-75.1782,22.0
3397,2025-12-07,7pm-7am,1.0,4.0,3.0,39.93906,-75.17824,15.0
3248,2025-10-27,7pm-7am,4.0,7.0,3.0,39.94213,-75.18335,22.0
3190,2023-08-08,7pm-7am,17.0,13.0,-4.0,,,
3266,2024-10-14,7am-7pm,13.0,16.0,3.0,39.9237,-75.14701,22.0
3102,2024-05-07,7pm-7am,7.0,11.0,4.0,39.96759,-75.17952,26.0
3010,2023-01-05,7pm-7am,9.0,4.0,-5.0,39.94711,-75.16618,22.0
3069,2025-12-18,7pm-7am,3.0,4.0,1.0,39.93704,-75.15038,23.0
3205,2025-10-20,7pm-7am,3.0,4.0,1.0,39.95405,-75.16783,22.0
3201,2024-09-13,7pm-7am,7.0,11.0,4.0,39.95523,-75.1662,20.0
3208,2025-02-11,7am-7pm,35.0,29.0,-6.0,39.95048,-75.19324,28.0
3037,2025-08-05,7am-7pm,19.0,15.0,-4.0,39.95424,-75.16138,21.0
3165,2023-01-17,7am-7pm,9.0,7.0,-2.0,39.95819,-75.1782,22.0
3342,2025-10-07,7am-7pm,17.0,12.0,-5.0,39.9639,-75.17385,20.0
3006,2023-12-25,7am-7pm,3.0,1.0,-2.0,39.9522,-75.20311,17.0
3104,2024-12-18,7am-7pm,3.0,2.0,-1.0,39.96664,-75.19209,13.0
3066,2025-07-19,7am-7pm,23.0,19.0,-4.0,39.94561,-75.17348,29.0
3086,2023-09-03,7pm-7am,3.0,1.0,-2.0,39.94019,-75.16691,21.0
3101,2025-05-02,7am-7pm,31.0,28.0,-3.0,39.94295,-75.15955,18.0
3152,2025-01-11,7am-7pm,3.0,3.0,0.0,39.94993,-75.20286,17.0
3363,2025-09-16,7am-7pm,20.0,22.0,2.0,39.94655,-75.16263,17.0
3347,2025-07-21,7pm-7am,3.0,2.0,-1.0,,,
3254,2024-04-27,7am-7pm,6.0,2.0,-4.0,39.98091,-75.16065,18.0
3277,2024-11-23,7pm-7am,2.0,1.0,-1.0,39.98306,-75.16738,20.0
3249,2025-04-07,7pm-7am,3.0,0.0,-3.0,39.95784,-75.19079,22.0
3005,2024-05-02,7pm-7am,8.0,11.0,3.0,39.94733,-75.14403,13.0
3233,2024-10-20,7pm-7am,0.0,2.0,2.0,,,
3086,2025-02-13,7pm-7am,2.0,2.0,0.0,39.94019,-75.16691,21.0
3164,2024-10-05,7pm-7am,8.0,10.0,2.0,39.92814,-75.16515,18.0
3019,2024-02-04,7pm-7am,1.0,0.0,-1.0,39.95403,-75.14983,15.0
3049,2025-09-27,7am-7pm,27.0,35.0,8.0,39.94509,-75.1425,29.0
3350,2025-03-10,7pm-7am,1.0,0.0,-1.0,39.99415,-75.15527,20.0
3286,2023-09-05,7pm-7am,1.0,4.0,3.0,39.96409,-75.14769,22.0
3181,2024-04-14,7am-7pm,2.0,0.0,-2.0,39.89629,-75.17514,20.0
3022,2023-07-10,7am-7pm,35.0,30.0,-5.0,39.95472,-75.18323,21.0
3207,2024-04-29,7pm-7am,10.0,7.0,-3.0,39.95441,-75.192,20.0
3097,2023-03-30,7am-7pm,5.0,3.0,-2.0,39.97888,-75.13339,18.0
3111,2025-06-29,7am-7pm,4.0,8.0,4.0,39.97779,-75.21323,14.0
3163,2024-12-27,7pm-7am,1.0,0.0,-1.0,39.94974,-75.18097,22.0
3360,2024-06-12,7pm-7am,4.0,9.0,5.0,39.93304,-75.16822,22.0
3327,2024-07-14,7pm-7am,1.0,0.0,-1.0,39.97759,-75.12442,17.0
3383,2025-07-17,7am-7pm,20.0,17.0,-3.0,39.96634,-75.14222,19.0
3236,2023-03-03,7am-7pm,3.0,4.0,1.0,39.96566,-75.17765,18.0
3347,2024-01-29,7pm-7am,2.0,2.0,0.0,,,
3296,2023-01-17,7am-7pm,34.0,33.0,-1.0,39.95134,-75.16758,21.0
3249,2023-08-03,7pm-7am,16.0,9.0,-7.0,39.95784,-75.19079,22.0
3114,2025-03-26,7am-7pm,14.0,12.0,-2.0,39.93775,-75.18012,17.0
3211,2025-02-11,7pm-7am,0.0,1.0,1.0,39.97172,-75.1706,22.0
3407,2025-05-09,7am-7pm,1.0,0.0,-1.0,39.9785,-75.13911,15.0
3009,2025-10-31,7am-7pm,19.0,21.0,2.0,39.95576,-75.18982,14.0
3297,2024-04-09,7pm-7am,7.0,3.0,-4.0,39.95821,-75.16901,19.0
3185,2025-03-01,7pm-7am,6.0,2.0,-4.0,39.95169,-75.15888,21.0
3112,2024-11-01,7pm-7am,2.0,3.0,1.0,39.95373,-75.21825,18.0
3320,2023-03-23,7pm-7am,2.0,1.0,-1.0,39.9746,-75.15917,17.0
3441,2026-03-25,7am-7pm,10.0,11.0,1.0,39.96305,-75.17454,5.0
3388,2025-12-24,7pm-7am,1.0,0.0,-1.0,39.96634,-75.15097,19.0
3297,2025-08-27,7am-7pm,8.0,5.0,-3.0,39.95821,-75.16901,19.0
3152,2024-11-04,7am-7pm,6.0,8.0,2.0,39.94993,-75.20286,17.0
3125,2025-08-14,7am-7pm,24.0,26.0,2.0,39.94391,-75.16735,16.0
3316,2023-10-04,7pm-7am,7.0,7.0,0.0,39.92255,-75.17337,19.0
3034,2026-03-13,7am-7pm,19.0,24.0,5.0,39.93315,-75.16248,16.0
3107,2025-01-05,7am-7pm,0.0,2.0,2.0,39.98203,-75.18866,18.0
3338,2024-03-22,7am-7pm,2.0,1.0,-1.0,39.95098,-75.23035,21.0
3350,2025-01-09,7am-7pm,2.0,1.0,-1.0,39.99415,-75.15527,20.0
3064,2025-02-20,7pm-7am,1.0,4.0,3.0,39.9384,-75.17327,22.0
3371,2024-07-16,7pm-7am,3.0,2.0,-1.0,39.9534,-75.1543,19.0
3197,2024-07-23,7am-7pm,14.0,13.0,-1.0,39.92083,-75.17033,23.0
3012,2023-01-20,7am-7pm,27.0,17.0,-10.0,39.94218,-75.17747,27.0
3249,2023-06-27,7am-7pm,5.0,4.0,-1.0,39.95784,-75.19079,22.0
3120,2024-02-28,7pm-7am,2.0,1.0,-1.0,39.97522,-75.18669,19.0
3313,2025-06-06,7am-7pm,1.0,0.0,-1.0,39.9158,-75.1643,9.0
3055,2025-01-04,7am-7pm,6.0,5.0,-1.0,39.95112,-75.15457,15.0
3067,2024-03-12,7pm-7am,0.0,2.0,2.0,39.96411,-75.19973,17.0
3155,2026-02-21,7am-7pm,11.0,11.0,0.0,39.94018,-75.15442,18.0
3376,2024-08-15,7pm-7am,0.0,5.0,5.0,39.97183,-75.14878,8.0
3373,2024-11-04,7am-7pm,10.0,14.0,4.0,39.95817,-75.15668,15.0
3188,2025-10-21,7am-7pm,4.0,3.0,-1.0,39.90471,-75.1734,56.0
3112,2025-04-26,7pm-7am,1.0,1.0,0.0,39.95373,-75.21825,18.0
3098,2024-12-06,7am-7pm,8.0,10.0,2.0,39.93431,-75.16042,19.0
3113,2023-05-13,7am-7pm,0.0,1.0,1.0,39.97472,-75.19781,12.0
3251,2023-11-09,7pm-7am,1.0,1.0,0.0,39.93366,-75.19319,16.0
3409,2025-12-06,7am-7pm,4.0,4.0,0.0,39.95508,-75.15128,20.0
3050,2023-08-13,7pm-7am,11.0,5.0,-6.0,,,
3299,2025-04-27,7pm-7am,6.0,5.0,-1.0,39.94332,-75.15698,22.0
3120,2023-10-11,7pm-7am,5.0,7.0,2.0,39.97522,-75.18669,19.0
3336,2023-06-25,7am-7pm,1.0,2.0,1.0,39.95719,-75.19388,20.0
3345,2025-08-14,7am-7pm,29.0,30.0,1.0,39.9617,-75.14667,19.0
3100,2024-07-17,7am-7pm,21.0,26.0,5.0,39.92777,-75.15103,38.0
3323,2023-04-16,7am-7pm,16.0,19.0,3.0,40.02796,-75.2277,18.0
3100,2024-11-15,7pm-7am,3.0,7.0,4.0,39.92777,-75.15103,38.0
3164,2023-06-03,7am-7pm,11.0,12.0,1.0,39.92814,-75.16515,18.0
3156,2023-03-19,7pm-7am,1.0,2.0,1.0,39.95381,-75.17407,22.0
3008,2024-10-29,7am-7pm,12.0,15.0,3.0,39.98081,-75.15067,17.0
3322,2025-08-15,7am-7pm,17.0,17.0,0.0,39.93638,-75.15526,13.0
3321,2024-08-10,7pm-7am,1.0,2.0,1.0,39.95485,-75.17298,21.0
3123,2024-10-23,7am-7pm,3.0,1.0,-2.0,39.98004,-75.17088,16.0
3016,2026-02-17,7am-7pm,1.0,1.0,0.0,39.96892,-75.1547,15.0
3205,2025-05-14,7am-7pm,15.0,17.0,2.0,39.95405,-75.16783,22.0
3363,2025-04-17,7am-7pm,14.0,21.0,7.0,39.94655,-75.16263,17.0
3265,2023-11-19,7pm-7am,2.0,2.0,0.0,39.95957,-75.19633,13.0
3069,2024-08-12,7am-7pm,18.0,11.0,-7.0,39.93704,-75.15038,23.0
3212,2025-10-15,7am-7pm,33.0,31.0,-2.0,39.96383,-75.18177,32.0
3118,2025-09-03,7am-7pm,10.0,8.0,-2.0,39.95866,-75.21323,20.0
3374,2025-06-29,7pm-7am,3.0,4.0,1.0,39.9728,-75.17971,18.0
3010,2023-06-28,7am-7pm,51.0,61.0,10.0,39.94711,-75.16618,22.0
3155,2024-03-13,7pm-7am,12.0,7.0,-5.0,39.94018,-75.15442,18.0
3040,2024-03-08,7am-7pm,10.0,8.0,-2.0,39.96289,-75.16606,21.0
3298,2024-09-04,7am-7pm,1.0,2.0,1.0,39.94717,-75.20691,15.0
3068,2023-03-17,7pm-7am,2.0,3.0,1.0,39.93549,-75.16711,18.0
3017,2025-11-21,7pm-7am,2.0,6.0,4.0,39.98003,-75.14371,15.0
3200,2024-12-29,7am-7pm,2.0,2.0,0.0,39.97583,-75.16846,17.0
3353,2024-07-20,7am-7pm,2.0,0.0,-2.0,40.00496,-75.15233,22.0
3051,2025-05-11,7am-7pm,12.0,9.0,-3.0,39.96744,-75.17507,37.0
3310,2025-02-28,7am-7pm,2.0,1.0,-1.0,39.98024,-75.18651,15.0
3390,2026-02-28,7pm-7am,0.0,1.0,1.0,39.96,-75.2244,18.0
3037,2025-03-22,7pm-7am,3.0,2.0,-1.0,39.95424,-75.16138,21.0
3321,2024-05-30,7am-7pm,12.0,15.0,3.0,39.95485,-75.17298,21.0
3008,2026-03-26,7pm-7am,0.0,4.0,4.0,39.98081,-75.15067,17.0
3365,2026-03-05,7am-7pm,9.0,6.0,-3.0,39.96173,-75.18788,17.0
3162,2025-09-02,7pm-7am,4.0,2.0,-2.0,39.94595,-75.18475,34.0
3018,2026-02-17,7pm-7am,2.0,5.0,3.0,39.95273,-75.15979,18.0
3370,2025-01-13,7am-7pm,1.0,1.0,0.0,40.0163,-75.21241,16.0
3318,2025-11-17,7am-7pm,18.0,26.0,8.0,39.95182,-75.16395,20.0
3040,2026-03-24,7pm-7am,2.0,4.0,2.0,39.96289,-75.16606,21.0
3184,2024-02-07,7am-7pm,3.0,3.0,0.0,39.94573,-75.19551,22.0
3314,2025-10-25,7am-7pm,9.0,15.0,6.0,39.93682,-75.14492,17.0
3101,2024-02-27,7pm-7am,6.0,6.0,0.0,39.94295,-75.15955,18.0
3165,2025-01-12,7am-7pm,4.0,2.0,-2.0,39.95819,-75.1782,22.0
3261,2024-09-15,7am-7pm,14.0,12.0,-2.0,39.96304,-75.14099,17.0
3096,2024-05-14,7am-7pm,1.0,1.0,0.0,39.99119,-75.17975,14.0
3362,2025-03-25,7am-7pm,23.0,25.0,2.0,39.94816,-75.16226,19.0
3187,2025-01-03,7am-7pm,3.0,7.0,4.0,39.95725,-75.17232,19.0
3301,2025-04-10,7pm-7am,9.0,1.0,-8.0,39.95029,-75.17126,15.0
3329,2024-10-06,7am-7pm,10.0,8.0,-2.0,40.02651,-75.22445,15.0
3292,2025-05-07,7am-7pm,7.0,9.0,2.0,39.92,-75.1562,17.0
3252,2024-01-07,7pm-7am,1.0,0.0,-1.0,39.93882,-75.19324,14.0
3245,2025-01-29,7am-7pm,8.0,7.0,-1.0,39.97887,-75.15777,20.0
3010,2026-02-14,7am-7pm,21.0,22.0,1.0,39.94711,-75.16618,22.0
3065,2023-06-15,7pm-7am,0.0,1.0,1.0,39.9707,-75.15171,15.0
3334,2026-03-18,7pm-7am,3.0,4.0,1.0,39.9302,-75.15636,19.0
3251,2025-08-22,7am-7pm,5.0,1.0,-4.0,39.93366,-75.19319,16.0
3102,2025-06-17,7am-7pm,21.0,19.0,-2.0,39.96759,-75.17952,26.0
3088,2025-04-19,7am-7pm,4.0,0.0,-4.0,39.96984,-75.1418,35.0
3292,2023-04-27,7pm-7am,2.0,4.0,2.0,39.92,-75.1562,17.0
3008,2024-05-02,7am-7pm,5.0,7.0,2.0,39.98081,-75.15067,17.0
3396,2025-12-05,7pm-7am,2.0,0.0,-2.0,39.92327,-75.1821,16.0
3052,2023-10-09,7pm-7am,7.0,11.0,4.0,39.94732,-75.15695,25.0
3061,2023-03-25,7pm-7am,5.0,3.0,-2.0,,,
3356,2023-12-20,7am-7pm,0.0,1.0,1.0,39.89322,-75.17187,19.0
3006,2024-08-17,7am-7pm,10.0,6.0,-4.0,39.9522,-75.20311,17.0
3310,2025-07-31,7am-7pm,8.0,3.0,-5.0,39.98024,-75.18651,15.0
3266,2025-08-19,7pm-7am,8.0,9.0,1.0,39.9237,-75.14701,22.0
3430,2025-10-07,7pm-7am,5.0,6.0,1.0,39.97408,-75.1801,14.0
3197,2025-02-02,7pm-7am,1.0,0.0,-1.0,39.92083,-75.17033,23.0
3238,2023-01-31,7pm-7am,2.0,4.0,2.0,39.97674,-75.11995,11.0
3425,2025-12-18,7pm-7am,0.0,3.0,3.0,39.9849,-75.13255,15.0
3168,2025-11-27,7pm-7am,3.0,4.0,1.0,,,
3439,2025-11-10,7pm-7am,1.0,0.0,-1.0,39.99033,-75.12759,15.0
3152,2024-08-29,7am-7pm,3.0,3.0,0.0,39.94993,-75.20286,17.0
3310,2024-11-15,7am-7pm,2.0,1.0,-1.0,39.98024,-75.18651,15.0
3170,2023-07-26,7am-7pm,8.0,11.0,3.0,,,
3210,2026-03-03,7am-7pm,1.0,3.0,2.0,39.98492,-75.15668,18.0
3210,2025-10-21,7pm-7am,3.0,3.0,0.0,39.98492,-75.15668,18.0
3305,2024-06-22,7pm-7am,0.0,1.0,1.0,39.99569,-75.1671,11.0
3157,2023-12-10,7pm-7am,1.0,3.0,2.0,39.92545,-75.15954,18.0
3297,2024-05-14,7pm-7am,2.0,2.0,0.0,39.95821,-75.16901,19.0
3201,2024-10-08,7am-7pm,25.0,24.0,-1.0,39.95523,-75.1662,20.0
3303,2025-02-25,7pm-7am,2.0,1.0,-1.0,39.9559,-75.2053,20.0
3204,2023-10-23,7pm-7am,2.0,5.0,3.0,39.96437,-75.16582,22.0
3182,2024-12-01,7am-7pm,7.0,11.0,4.0,,,
3245,2024-06-11,7pm-7am,1.0,2.0,1.0,39.97887,-75.15777,20.0
3240,2025-02-26,7am-7pm,1.0,1.0,0.0,39.96277,-75.21185,12.0
3298,2023-07-12,7am-7pm,4.0,3.0,-1.0,39.94717,-75.20691,15.0
3035,2023-01-18,7pm-7am,1.0,4.0,3.0,39.96271,-75.19419,20.0
3236,2023-01-25,7am-7pm,7.0,3.0,-4.0,39.96566,-75.17765,18.0
3373,2025-08-04,7pm-7am,10.0,5.0,-5.0,39.95817,-75.15668,15.0
3124,2024-01-11,7pm-7am,1.0,2.0,1.0,39.95367,-75.13956,17.0
3156,2025-06-22,7am-7pm,8.0,7.0,-1.0,39.95381,-75.17407,22.0
3024,2025-10-31,7am-7pm,10.0,6.0,-4.0,39.94822,-75.20908,19.0
3310,2025-12-29,7pm-7am,1.0,2.0,1.0,39.98024,-75.18651,15.0
3078,2025-03-27,7pm-7am,4.0,2.0,-2.0,39.95355,-75.17192,18.0
3053,2024-02-18,7am-7pm,8.0,7.0,-1.0,39.93231,-75.18154,19.0
3341,2024-10-15,7pm-7am,2.0,2.0,0.0,39.98131,-75.12732,20.0
3154,2025-08-23,7am-7pm,14.0,11.0,-3.0,39.95924,-75.15821,16.0
3247,2023-11-22,7pm-7am,0.0,1.0,1.0,39.96538,-75.21514,16.0
3005,2024-08-07,7am-7pm,10.0,9.0,-1.0,39.94733,-75.14403,13.0
3241,2024-06-12,7am-7pm,9.0,7.0,-2.0,39.95225,-75.22637,20.0
3075,2026-01-15,7am-7pm,7.0,4.0,-3.0,39.96718,-75.16125,12.0
3035,2026-01-14,7am-7pm,11.0,9.0,-2.0,39.96271,-75.19419,20.0
3155,2023-07-13,7pm-7am,8.0,8.0,0.0,39.94018,-75.15442,18.0
3124,2026-03-02,7am-7pm,2.0,2.0,0.0,39.95367,-75.13956,17.0
3024,2025-05-29,7pm-7am,0.0,3.0,3.0,39.94822,-75.20908,19.0
3034,2023-08-27,7am-7pm,24.0,22.0,-2.0,39.93315,-75.16248,16.0
3350,2024-11-16,7pm-7am,1.0,1.0,0.0,39.99415,-75.15527,20.0
3246,2024-07-17,7am-7pm,9.0,4.0,-5.0,39.94782,-75.22301,17.0
3021,2023-12-25,7am-7pm,1.0,0.0,-1.0,39.9539,-75.16902,34.0
3319,2023-05-23,7am-7pm,4.0,2.0,-2.0,39.96672,-75.12964,16.0
3097,2025-04-24,7pm-7am,7.0,7.0,0.0,39.97888,-75.13339,18.0
3077,2024-06-21,7pm-7am,3.0,2.0,-1.0,39.97207,-75.16351,19.0
3385,2025-06-13,7am-7pm,10.0,10.0,0.0,39.94974,-75.15424,15.0
3022,2024-07-25,7pm-7am,15.0,18.0,3.0,39.95472,-75.18323,21.0
3267,2023-07-21,7pm-7am,0.0,1.0,1.0,39.918,-75.1796,12.0
3333,2024-10-08,7am-7pm,32.0,37.0,5.0,39.9541,-75.16965,25.0
3102,2026-02-24,7am-7pm,8.0,7.0,-1.0,39.96759,-75.17952,26.0
3181,2025-08-12,7am-7pm,2.0,3.0,1.0,39.89629,-75.17514,20.0
3156,2023-04-10,7pm-7am,8.0,7.0,-1.0,39.95381,-75.17407,22.0
3007,2024-08-14,7am-7pm,26.0,31.0,5.0,39.94517,-75.15993,20.0
3359,2025-06-25,7pm-7am,14.0,8.0,-6.0,39.94888,-75.16978,29.0
3372,2026-01-08,7am-7pm,2.0,3.0,1.0,39.92528,-75.18672,15.0
3322,2025-02-04,7pm-7am,1.0,3.0,2.0,39.93638,-75.15526,13.0
3018,2025-01-29,7pm-7am,5.0,1.0,-4.0,39.95273,-75.15979,18.0
3064,2024-10-09,7pm-7am,10.0,14.0,4.0,39.9384,-75.17327,22.0
3057,2023-03-02,7am-7pm,11.0,11.0,0.0,39.96439,-75.17987,26.0
3155,2025-06-19,7pm-7am,3.0,4.0,1.0,39.94018,-75.15442,18.0
3086,2023-12-29,7am-7pm,6.0,5.0,-1.0,39.94019,-75.16691,21.0
3063,2023-11-08,7pm-7am,11.0,12.0,1.0,39.94633,-75.1698,25.0
3185,2024-02-22,7am-7pm,18.0,16.0,-2.0,39.95169,-75.15888,21.0
3332,2025-03-17,7am-7pm,0.0,1.0,1.0,40.00537,-75.18143,12.0
3201,2025-04-05,7pm-7am,3.0,4.0,1.0,39.95523,-75.1662,20.0
3238,2024-02-14,7am-7pm,13.0,11.0,-2.0,39.97674,-75.11995,11.0
3294,2023-09-10,7pm-7am,4.0,4.0,0.0,39.95174,-75.17063,21.0
3116,2025-12-07,7pm-7am,1.0,0.0,-1.0,39.96006,-75.17198,21.0
3062,2025-08-30,7pm-7am,4.0,8.0,4.0,,,
3073,2023-04-15,7pm-7am,1.0,2.0,1.0,39.96143,-75.15242,15.0
3054,2023-01-22,7pm-7am,4.0,2.0,-2.0,39.9625,-75.1742,35.0
3255,2025-06-02,7am-7pm,20.0,20.0,0.0,39.95095,-75.16438,15.0
3346,2024-12-09,7am-7pm,11.0,6.0,-5.0,39.94883,-75.15097,17.0
3345,2023-12-08,7pm-7am,2.0,3.0,1.0,39.9617,-75.14667,19.0
3112,2023-04-09,7pm-7am,0.0,1.0,1.0,39.95373,-75.21825,18.0
3074,2024-12-25,7am-7pm,2.0,1.0,-1.0,39.95511,-75.20987,15.0
3313,2024-03-30,7pm-7am,1.0,2.0,1.0,39.9158,-75.1643,9.0
3120,2023-07-02,7pm-7am,4.0,9.0,5.0,39.97522,-75.18669,19.0
3033,2025-10-24,7pm-7am,1.0,7.0,6.0,39.95005,-75.15672,20.0
3300,2026-02-25,7am-7pm,2.0,2.0,0.0,39.95511,-75.16287,13.0
3034,2026-03-02,7am-7pm,18.0,14.0,-4.0,39.93315,-75.16248,16.0
3005,2025-02-24,7pm-7am,1.0,0.0,-1.0,39.94733,-75.14403,13.0
3333,2024-09-05,7am-7pm,33.0,33.0,0.0,39.9541,-75.16965,25.0
3250,2025-03-20,7am-7pm,3.0,4.0,1.0,39.95673,-75.14575,17.0
3168,2025-08-18,7pm-7am,12.0,5.0,-7.0,,,
3279,2023-01-28,7am-7pm,2.0,7.0,5.0,39.9265,-75.1668,18.0
3052,2026-02-22,7pm-7am,0.0,1.0,1.0,39.94732,-75.15695,25.0
3305,2025-09-06,7am-7pm,0.0,1.0,1.0,39.99569,-75.1671,11.0
3346,2025-09-06,7am-7pm,10.0,11.0,1.0,39.94883,-75.15097,17.0
3326,2024-04-23,7am-7pm,4.0,3.0,-1.0,39.99198,-75.19944,17.0
3400,2026-02-20,7am-7pm,5.0,9.0,4.0,39.949,-75.16081,18.0
3259,2025-07-04,7pm-7am,8.0,16.0,8.0,39.95998,-75.19883,17.0
3297,2024-06-16,7pm-7am,7.0,8.0,1.0,39.95821,-75.16901,19.0
3099,2024-02-02,7pm-7am,0.0,2.0,2.0,39.93401,-75.15094,19.0
3068,2025-02-07,7pm-7am,2.0,6.0,4.0,39.93549,-75.16711,18.0
3038,2024-06-15,7am-7pm,8.0,4.0,-4.0,39.94781,-75.19409,28.0
3086,2025-03-09,7am-7pm,8.0,9.0,1.0,39.94019,-75.16691,21.0
3283,2023-11-27,7pm-7am,1.0,1.0,0.0,,,
3040,2025-07-25,7pm-7am,11.0,8.0,-3.0,39.96289,-75.16606,21.0
3007,2023-01-04,7pm-7am,2.0,5.0,3.0,39.94517,-75.15993,20.0
3096,2023-07-27,7am-7pm,1.0,0.0,-1.0,39.99119,-75.17975,14.0
3430,2026-03-13,7am-7pm,7.0,7.0,0.0,39.97408,-75.1801,14.0
3104,2024-09-25,7am-7pm,9.0,7.0,-2.0,39.96664,-75.19209,13.0
3349,2023-09-09,7pm-7am,0.0,3.0,3.0,39.93651,-75.18621,17.0
3210,2023-11-26,7pm-7am,0.0,1.0,1.0,39.98492,-75.15668,18.0
3383,2025-01-09,7pm-7am,1.0,0.0,-1.0,39.96634,-75.14222,19.0
3063,2025-08-22,7am-7pm,33.0,30.0,-3.0,39.94633,-75.1698,25.0
3161,2023-06-23,7am-7pm,13.0,21.0,8.0,39.95486,-75.18091,23.0
3350,2023-10-07,7pm-7am,2.0,2.0,0.0,39.99415,-75.15527,20.0
3281,2024-04-06,7am-7pm,2.0,2.0,0.0,39.9323,-75.2162,15.0
3152,2024-10-11,7pm-7am,4.0,0.0,-4.0,39.94993,-75.20286,17.0
3158,2025-11-22,7pm-7am,1.0,0.0,-1.0,39.92552,-75.16904,15.0
3066,2023-10-21,7am-7pm,21.0,10.0,-11.0,39.94561,-75.17348,29.0
3014,2024-10-17,7am-7pm,8.0,6.0,-2.0,39.95886,-75.17369,25.0
3238,2025-10-12,7am-7pm,14.0,11.0,-3.0,39.97674,-75.11995,11.0
3395,2025-01-28,7am-7pm,6.0,4.0,-2.0,39.93866,-75.16351,13.0
3296,2024-07-03,7am-7pm,29.0,33.0,4.0,39.95134,-75.16758,21.0
3237,2023-07-17,7pm-7am,2.0,4.0,2.0,39.91717,-75.17096,21.0
3267,2025-11-19,7pm-7am,5.0,4.0,-1.0,39.918,-75.1796,12.0
3025,2023-05-15,7pm-7am,1.0,6.0,5.0,39.93724,-75.1612,15.0
3046,2024-12-31,7am-7pm,10.0,7.0,-3.0,,,
3329,2024-03-07,7am-7pm,6.0,6.0,0.0,40.02651,-75.22445,15.0
3020,2023-05-28,7am-7pm,8.0,8.0,0.0,39.94855,-75.19007,36.0
3187,2024-04-12,7am-7pm,6.0,11.0,5.0,39.95725,-75.17232,19.0
3033,2024-05-24,7pm-7am,15.0,11.0,-4.0,39.95005,-75.15672,20.0
3399,2025-12-16,7am-7pm,2.0,1.0,-1.0,39.97502,-75.14006,15.0
3016,2023-06-01,7pm-7am,1.0,4.0,3.0,39.96892,-75.1547,15.0
3410,2025-10-23,7pm-7am,0.0,1.0,1.0,39.94201,-75.21838,11.0
3344,2023-11-02,7am-7pm,2.0,1.0,-1.0,39.95961,-75.23354,23.0
3383,2025-08-25,7am-7pm,16.0,11.0,-5.0,39.96634,-75.14222,19.0
3259,2025-11-09,7pm-7am,1.0,4.0,3.0,39.95998,-75.19883,17.0
3359,2024-04-06,7am-7pm,18.0,28.0,10.0,39.94888,-75.16978,29.0
3069,2025-10-26,7pm-7am,4.0,3.0,-1.0,39.93704,-75.15038,23.0
3238,2025-12-25,7am-7pm,2.0,4.0,2.0,39.97674,-75.11995,11.0
3210,2024-06-26,7am-7pm,4.0,0.0,-4.0,39.98492,-75.15668,18.0
3075,2023-01-31,7pm-7am,2.0,0.0,-2.0,39.96718,-75.16125,12.0
3034,2025-02-03,7am-7pm,16.0,14.0,-2.0,39.93315,-75.16248,16.0
3245,2023-03-09,7am-7pm,7.0,11.0,4.0,39.97887,-75.15777,20.0
3052,2024-03-31,7am-7pm,7.0,15.0,8.0,39.94732,-75.15695,25.0
3008,2023-03-08,7am-7pm,5.0,2.0,-3.0,39.98081,-75.15067,17.0
3295,2024-09-30,7am-7pm,32.0,29.0,-3.0,39.95028,-75.16027,21.0
3018,2024-07-29,7am-7pm,29.0,26.0,-3.0,39.95273,-75.15979,18.0
3117,2024-07-26,7am-7pm,1.0,1.0,0.0,39.97841,-75.22399,14.0
3061,2024-02-29,7pm-7am,6.0,7.0,1.0,,,
3070,2023-10-25,7am-7pm,8.0,7.0,-1.0,,,
3325,2023-12-01,7am-7pm,1.0,1.0,0.0,39.9768,-75.12764,22.0
3163,2026-01-16,7am-7pm,15.0,15.0,0.0,39.94974,-75.18097,22.0
3354,2025-03-05,7am-7pm,0.0,1.0,1.0,39.95628,-75.2387,18.0
3258,2023-12-20,7am-7pm,0.0,1.0,1.0,39.95828,-75.22424,20.0
3040,2025-03-21,7pm-7am,2.0,1.0,-1.0,39.96289,-75.16606,21.0
3212,2023-11-24,7pm-7am,3.0,1.0,-2.0,39.96383,-75.18177,32.0
3205,2025-07-17,7am-7pm,36.0,38.0,2.0,39.95405,-75.16783,22.0
3055,2024-01-01,7pm-7am,1.0,2.0,1.0,39.95112,-75.15457,15.0
3020,2024-04-20,7pm-7am,4.0,6.0,2.0,39.94855,-75.19007,36.0
3346,2025-02-04,7pm-7am,2.0,4.0,2.0,39.94883,-75.15097,17.0
3150,2023-07-29,7pm-7am,1.0,12.0,11.0,39.92884,-75.17021,17.0
3301,2023-11-06,7am-7pm,23.0,28.0,5.0,39.95029,-75.17126,15.0
3410,2025-04-23,7pm-7am,0.0,2.0,2.0,39.94201,-75.21838,11.0
3088,2024-01-20,7am-7pm,0.0,2.0,2.0,39.96984,-75.1418,35.0
3351,2026-03-22,7am-7pm,2.0,3.0,1.0,39.99655,-75.14991,18.0
3207,2023-12-26,7am-7pm,4.0,7.0,3.0,39.95441,-75.192,20.0
3350,2023-10-15,7pm-7am,0.0,1.0,1.0,39.99415,-75.15527,20.0
3156,2023-09-19,7pm-7am,4.0,6.0,2.0,39.95381,-75.17407,22.0
3331,2023-07-04,7am-7pm,4.0,1.0,-3.0,39.97116,-75.12813,20.0
3201,2023-12-05,7pm-7am,4.0,6.0,2.0,39.95523,-75.1662,20.0
3233,2023-08-06,7pm-7am,7.0,15.0,8.0,,,
3201,2025-05-10,7pm-7am,9.0,3.0,-6.0,39.95523,-75.1662,20.0
3376,2025-02-21,7am-7pm,2.0,2.0,0.0,39.97183,-75.14878,8.0
3060,2023-11-26,7am-7pm,0.0,1.0,1.0,39.95923,-75.17036,19.0
3286,2023-08-16,7pm-7am,5.0,4.0,-1.0,39.96409,-75.14769,22.0
3257,2024-03-16,7pm-7am,0.0,2.0,2.0,,,
3158,2024-11-09,7am-7pm,6.0,4.0,-2.0,39.92552,-75.16904,15.0
3265,2025-11-15,7pm-7am,0.0,1.0,1.0,39.95957,-75.19633,13.0
3038,2023-12-06,7am-7pm,27.0,23.0,-4.0,39.94781,-75.19409,28.0
3117,2024-09-15,7am-7pm,0.0,1.0,1.0,39.97841,-75.22399,14.0
3333,2025-08-16,7am-7pm,11.0,5.0,-6.0,39.9541,-75.16965,25.0
3115,2024-02-22,7pm-7am,1.0,0.0,-1.0,39.97263,-75.16757,18.0
3306,2024-04-10,7am-7pm,0.0,1.0,1.0,39.99683,-75.17761,11.0
3156,2025-06-20,7am-7pm,18.0,17.0,-1.0,39.95381,-75.17407,22.0
3385,2025-04-11,7am-7pm,5.0,3.0,-2.0,39.94974,-75.15424,15.0
3353,2025-10-03,7am-7pm,3.0,3.0,0.0,40.00496,-75.15233,22.0
3352,2025-05-30,7am-7pm,2.0,1.0,-1.0,40.00143,-75.15256,11.0
3238,2023-10-23,7am-7pm,21.0,18.0,-3.0,39.97674,-75.11995,11.0
3251,2025-03-29,7am-7pm,4.0,1.0,-3.0,39.93366,-75.19319,16.0
3111,2024-09-05,7am-7pm,1.0,1.0,0.0,39.97779,-75.21323,14.0
3007,2024-07-27,7am-7pm,27.0,24.0,-3.0,39.94517,-75.15993,20.0
3072,2023-07-09,7pm-7am,0.0,3.0,3.0,39.93445,-75.14541,25.0
3365,2025-11-24,7pm-7am,5.0,2.0,-3.0,39.96173,-75.18788,17.0
3300,2025-07-21,7pm-7am,5.0,6.0,1.0,39.95511,-75.16287,13.0
3318,2024-09-23,7am-7pm,23.0,19.0,-4.0,39.95182,-75.16395,20.0
3304,2023-12-13,7pm-7am,8.0,4.0,-4.0,39.94234,-75.15399,21.0
3188,2023-10-25,7am-7pm,2.0,3.0,1.0,39.90471,-75.1734,56.0
3340,2026-01-17,7pm-7am,0.0,1.0,1.0,39.96906,-75.18169,17.0
3029,2024-08-27,7pm-7am,8.0,2.0,-6.0,39.9538,-75.19479,17.0
3320,2025-07-26,7am-7pm,5.0,3.0,-2.0,39.9746,-75.15917,17.0
3299,2025-06-21,7pm-7am,5.0,4.0,-1.0,39.94332,-75.15698,22.0
3158,2024-09-25,7am-7pm,9.0,9.0,0.0,39.92552,-75.16904,15.0
3226,2025-11-24,7am-7pm,3.0,2.0,-1.0,39.98101,-75.13721,18.0
3261,2026-02-09,7pm-7am,2.0,1.0,-1.0,39.96304,-75.14099,17.0
3078,2024-05-20,7am-7pm,23.0,21.0,-2.0,39.95355,-75.17192,18.0
3184,2024-04-06,7pm-7am,2.0,1.0,-1.0,39.94573,-75.19551,22.0
3111,2025-07-10,7pm-7am,1.0,1.0,0.0,39.97779,-75.21323,14.0
3212,2025-06-19,7am-7pm,13.0,15.0,2.0,39.96383,-75.18177,32.0
3115,2023-10-17,7pm-7am,0.0,3.0,3.0,39.97263,-75.16757,18.0
3311,2023-11-08,7am-7pm,1.0,3.0,2.0,,,
3212,2024-01-02,7am-7pm,6.0,7.0,1.0,39.96383,-75.18177,32.0
3182,2026-01-27,7am-7pm,1.0,2.0,1.0,,,
3104,2025-01-31,7am-7pm,2.0,1.0,-1.0,39.96664,-75.19209,13.0
3285,2025-11-30,7am-7pm,2.0,2.0,0.0,39.95946,-75.14745,19.0
3097,2024-10-12,7pm-7am,1.0,3.0,2.0,39.97888,-75.13339,18.0
3007,2023-11-19,7am-7pm,23.0,31.0,8.0,39.94517,-75.15993,20.0
3155,2025-10-04,7am-7pm,11.0,9.0,-2.0,39.94018,-75.15442,18.0
3040,2024-06-13,7am-7pm,21.0,17.0,-4.0,39.96289,-75.16606,21.0
3395,2025-09-04,7pm-7am,1.0,0.0,-1.0,39.93866,-75.16351,13.0
3365,2024-09-15,7pm-7am,6.0,9.0,3.0,39.96173,-75.18788,17.0
3354,2024-09-19,7pm-7am,0.0,1.0,1.0,39.95628,-75.2387,18.0
3371,2025-10-25,7pm-7am,1.0,4.0,3.0,39.9534,-75.1543,19.0
3241,2025-07-11,7am-7pm,8.0,2.0,-6.0,39.95225,-75.22637,20.0
3063,2023-11-14,7pm-7am,9.0,10.0,1.0,39.94633,-75.1698,25.0
3265,2024-06-15,7pm-7am,2.0,5.0,3.0,39.95957,-75.19633,13.0
3157,2023-07-16,7am-7pm,2.0,3.0,1.0,39.92545,-75.15954,18.0
3244,2024-02-27,7pm-7am,4.0,6.0,2.0,,,
3125,2023-08-29,7am-7pm,25.0,26.0,1.0,39.94391,-75.16735,16.0
3364,2023-12-02,7am-7pm,23.0,19.0,-4.0,,,
3159,2025-01-10,7pm-7am,2.0,0.0,-2.0,39.95121,-75.19962,23.0
3039,2023-07-08,7am-7pm,12.0,10.0,-2.0,39.97157,-75.15993,17.0
3051,2023-02-25,7am-7pm,6.0,2.0,-4.0,39.96744,-75.17507,37.0
3249,2025-08-23,7am-7pm,18.0,12.0,-6.0,39.95784,-75.19079,22.0
3336,2025-09-30,7pm-7am,4.0,4.0,0.0,39.95719,-75.19388,20.0
3055,2025-02-23,7pm-7am,5.0,0.0,-5.0,39.95112,-75.15457,15.0
3156,2023-07-23,7am-7pm,5.0,5.0,0.0,39.95381,-75.17407,22.0
3271,2023-09-11,7pm-7am,1.0,0.0,-1.0,39.9476,-75.22946,18.0
3347,2025-01-19,7am-7pm,1.0,3.0,2.0,,,
3341,2023-11-07,7pm-7am,0.0,6.0,6.0,39.98131,-75.12732,20.0
3183,2024-02-15,7am-7pm,1.0,1.0,0.0,39.88994,-75.17679,20.0
3275,2025-08-01,7am-7pm,8.0,8.0,0.0,39.97576,-75.12157,22.0
3097,2025-08-01,7am-7pm,14.0,11.0,-3.0,39.97888,-75.13339,18.0
3012,2024-05-14,7pm-7am,11.0,7.0,-4.0,39.94218,-75.17747,27.0
3421,2025-08-05,7am-7pm,11.0,5.0,-6.0,39.91972,-75.16408,13.0
3017,2023-02-11,7am-7pm,5.0,6.0,1.0,39.98003,-75.14371,15.0
3097,2023-12-20,7pm-7am,2.0,4.0,2.0,39.97888,-75.13339,18.0
3159,2025-06-14,7pm-7am,1.0,2.0,1.0,39.95121,-75.19962,23.0
3164,2023-05-01,7am-7pm,13.0,18.0,5.0,39.92814,-75.16515,18.0
3037,2024-07-28,7am-7pm,19.0,24.0,5.0,39.95424,-75.16138,21.0
3331,2024-11-04,7pm-7am,3.0,2.0,-1.0,39.97116,-75.12813,20.0
3361,2024-07-09,7pm-7am,9.0,14.0,5.0,39.93082,-75.17474,21.0
3210,2023-09-02,7pm-7am,7.0,5.0,-2.0,39.98492,-75.15668,18.0
3156,2023-10-16,7pm-7am,9.0,7.0,-2.0,39.95381,-75.17407,22.0
3100,2025-11-23,7am-7pm,20.0,23.0,3.0,39.92777,-75.15103,38.0
3343,2024-06-09,7am-7pm,16.0,8.0,-8.0,,,
3120,2025-09-22,7am-7pm,16.0,17.0,1.0,39.97522,-75.18669,19.0
3390,2025-05-11,7pm-7am,1.0,0.0,-1.0,39.96,-75.2244,18.0
3388,2025-05-11,7am-7pm,3.0,6.0,3.0,39.96634,-75.15097,19.0
3112,2024-01-17,7pm-7am,1.0,0.0,-1.0,39.95373,-75.21825,18.0
3018,2025-04-12,7pm-7am,4.0,5.0,1.0,39.95273,-75.15979,18.0
3244,2023-11-11,7am-7pm,32.0,25.0,-7.0,,,
3208,2025-07-07,7am-7pm,31.0,25.0,-6.0,39.95048,-75.19324,28.0
3300,2023-06-01,7am-7pm,11.0,12.0,1.0,39.95511,-75.16287,13.0
3252,2024-12-21,7pm-7am,0.0,1.0,1.0,39.93882,-75.19324,14.0
3163,2023-06-13,7pm-7am,12.0,12.0,0.0,39.94974,-75.18097,22.0
3039,2025-11-16,7am-7pm,5.0,5.0,0.0,39.97157,-75.15993,17.0
3417,2026-02-22,7am-7pm,0.0,1.0,1.0,39.99146,-75.14808,15.0
3116,2023-11-29,7pm-7am,1.0,2.0,1.0,39.96006,-75.17198,21.0
3413,2026-03-09,7pm-7am,0.0,2.0,2.0,39.97115,-75.21596,15.0
3268,2024-05-08,7am-7pm,5.0,1.0,-4.0,39.97633,-75.15101,22.0
3310,2025-06-12,7pm-7am,1.0,1.0,0.0,39.98024,-75.18651,15.0
3408,2026-01-02,7pm-7am,0.0,1.0,1.0,39.9216,-75.15,17.0
3208,2025-09-13,7pm-7am,0.0,1.0,1.0,39.95048,-75.19324,28.0
3190,2023-01-28,7am-7pm,11.0,20.0,9.0,,,
3205,2025-06-28,7am-7pm,21.0,18.0,-3.0,39.95405,-75.16783,22.0
3061,2026-01-15,7pm-7am,4.0,2.0,-2.0,,,
3155,2025-07-28,7am-7pm,19.0,26.0,7.0,39.94018,-75.15442,18.0
3015,2025-06-17,7pm-7am,2.0,3.0,1.0,39.94735,-75.14886,11.0
3323,2025-08-17,7pm-7am,3.0,2.0,-1.0,40.02796,-75.2277,18.0
3063,2023-10-15,7pm-7am,4.0,2.0,-2.0,39.94633,-75.1698,25.0
3056,2023-02-12,7am-7pm,5.0,5.0,0.0,39.97669,-75.15813,22.0
3061,2023-05-07,7pm-7am,6.0,6.0,0.0,,,
3327,2025-02-26,7am-7pm,3.0,1.0,-2.0,39.97759,-75.12442,17.0
3064,2024-08-09,7am-7pm,18.0,11.0,-7.0,39.9384,-75.17327,22.0
3285,2024-11-19,7am-7pm,6.0,3.0,-3.0,39.95946,-75.14745,19.0
3061,2023-09-15,7pm-7am,8.0,9.0,1.0,,,
3265,2023-11-13,7am-7pm,10.0,10.0,0.0,39.95957,-75.19633,13.0
3063,2025-06-07,7pm-7am,9.0,9.0,0.0,39.94633,-75.1698,25.0
3046,2024-01-30,7pm-7am,8.0,7.0,-1.0,,,
3255,2023-01-01,7pm-7am,3.0,1.0,-2.0,39.95095,-75.16438,15.0
3236,2025-10-25,7pm-7am,0.0,3.0,3.0,39.96566,-75.17765,18.0
3356,2024-08-28,7am-7pm,0.0,1.0,1.0,39.89322,-75.17187,19.0
3026,2023-07-08,7am-7pm,12.0,15.0,3.0,39.94182,-75.1455,17.0
3010,2023-01-29,7pm-7am,15.0,4.0,-11.0,39.94711,-75.16618,22.0
3007,2023-05-17,7am-7pm,29.0,36.0,7.0,39.94517,-75.15993,20.0
3061,2023-09-15,7am-7pm,26.0,28.0,2.0,,,
3266,2025-05-29,7pm-7am,4.0,7.0,3.0,39.9237,-75.14701,22.0
3368,2025-09-07,7pm-7am,0.0,1.0,1.0,39.97647,-75.17362,17.0
3344,2025-04-01,7pm-7am,0.0,2.0,2.0,39.95961,-75.23354,23.0
3166,2025-06-03,7pm-7am,15.0,3.0,-12.0,39.97195,-75.13445,22.0
3410,2025-07-11,7am-7pm,3.0,0.0,-3.0,39.94201,-75.21838,11.0
3326,2023-09-05,7am-7pm,3.0,2.0,-1.0,39.99198,-75.19944,17.0
3056,2026-01-12,7am-7pm,5.0,10.0,5.0,39.97669,-75.15813,22.0
3074,2023-06-19,7am-7pm,11.0,8.0,-3.0,39.95511,-75.20987,15.0
3160,2025-09-30,7am-7pm,33.0,37.0,4.0,39.95662,-75.19862,41.0
3371,2025-05-09,7pm-7am,2.0,2.0,0.0,39.9534,-75.1543,19.0
3292,2025-05-27,7am-7pm,4.0,7.0,3.0,39.92,-75.1562,17.0
3152,2025-05-08,7am-7pm,4.0,6.0,2.0,39.94993,-75.20286,17.0
3073,2023-04-01,7pm-7am,1.0,4.0,3.0,39.96143,-75.15242,15.0
3019,2023-09-03,7pm-7am,1.0,2.0,1.0,39.95403,-75.14983,15.0
3261,2024-03-22,7pm-7am,3.0,6.0,3.0,39.96304,-75.14099,17.0
3183,2025-11-28,7am-7pm,1.0,2.0,1.0,39.88994,-75.17679,20.0
3063,2023-01-03,7pm-7am,6.0,5.0,-1.0,39.94633,-75.1698,25.0
3318,2023-08-01,7pm-7am,4.0,6.0,2.0,39.95182,-75.16395,20.0
3252,2024-06-02,7pm-7am,3.0,6.0,3.0,39.93882,-75.19324,14.0
3018,2024-05-29,7am-7pm,32.0,38.0,6.0,39.95273,-75.15979,18.0
3204,2024-09-03,7am-7pm,13.0,15.0,2.0,39.96437,-75.16582,22.0
3153,2023-07-11,7am-7pm,4.0,0.0,-4.0,,,
3261,2023-03-15,7pm-7am,4.0,4.0,0.0,39.96304,-75.14099,17.0
3308,2023-05-03,7am-7pm,0.0,1.0,1.0,,,
3356,2024-08-01,7am-7pm,1.0,1.0,0.0,39.89322,-75.17187,19.0
3381,2025-01-02,7am-7pm,1.0,3.0,2.0,39.94845,-75.21807,13.0
3331,2024-03-29,7am-7pm,4.0,3.0,-1.0,39.97116,-75.12813,20.0
3373,2025-06-10,7pm-7am,12.0,9.0,-3.0,39.95817,-75.15668,15.0
3008,2023-02-25,7am-7pm,1.0,2.0,1.0,39.98081,-75.15067,17.0
3370,2024-05-14,7pm-7am,1.0,2.0,1.0,40.0163,-75.21241,16.0
3299,2024-11-06,7pm-7am,3.0,5.0,2.0,39.94332,-75.15698,22.0
3017,2025-07-26,7am-7pm,8.0,7.0,-1.0,39.98003,-75.14371,15.0
3159,2024-09-21,7am-7pm,9.0,10.0,1.0,39.95121,-75.19962,23.0
3169,2023-08-01,7pm-7am,8.0,3.0,-5.0,39.95382,-75.14263,17.0
3017,2025-08-25,7pm-7am,5.0,5.0,0.0,39.98003,-75.14371,15.0
3259,2026-01-06,7am-7pm,5.0,2.0,-3.0,39.95998,-75.19883,17.0
3237,2024-06-19,7am-7pm,3.0,5.0,2.0,39.91717,-75.17096,21.0
3159,2025-12-07,7am-7pm,4.0,7.0,3.0,39.95121,-75.19962,23.0
3112,2024-12-26,7pm-7am,0.0,1.0,1.0,39.95373,-75.21825,18.0
3065,2023-05-07,7pm-7am,4.0,2.0,-2.0,39.9707,-75.15171,15.0
3162,2025-06-05,7pm-7am,3.0,6.0,3.0,39.94595,-75.18475,34.0
3212,2024-04-23,7am-7pm,18.0,20.0,2.0,39.96383,-75.18177,32.0
3408,2025-11-19,7am-7pm,6.0,1.0,-5.0,39.9216,-75.15,17.0
3097,2023-11-01,7am-7pm,4.0,8.0,4.0,39.97888,-75.13339,18.0
3115,2023-10-28,7am-7pm,5.0,5.0,0.0,39.97263,-75.16757,18.0
3381,2025-01-27,7am-7pm,2.0,4.0,2.0,39.94845,-75.21807,13.0
3088,2025-05-12,7pm-7am,4.0,7.0,3.0,39.96984,-75.1418,35.0
3403,2026-03-22,7pm-7am,0.0,1.0,1.0,39.99153,-75.22528,15.0
3342,2025-03-31,7pm-7am,0.0,2.0,2.0,39.9639,-75.17385,20.0
3097,2025-09-07,7am-7pm,6.0,6.0,0.0,39.97888,-75.13339,18.0
3008,2023-08-27,7am-7pm,9.0,5.0,-4.0,39.98081,-75.15067,17.0
3234,2023-01-24,7pm-7am,5.0,5.0,0.0,,,
3182,2023-05-24,7am-7pm,19.0,26.0,7.0,,,
3040,2024-10-07,7am-7pm,23.0,19.0,-4.0,39.96289,-75.16606,21.0
3150,2024-03-19,7pm-7am,2.0,3.0,1.0,39.92884,-75.17021,17.0
3370,2025-05-05,7am-7pm,4.0,3.0,-1.0,40.0163,-75.21241,16.0
3197,2026-01-31,7pm-7am,0.0,1.0,1.0,39.92083,-75.17033,23.0
3251,2025-10-05,7am-7pm,7.0,4.0,-3.0,39.93366,-75.19319,16.0
3033,2024-11-15,7pm-7am,5.0,4.0,-1.0,39.95005,-75.15672,20.0
3185,2023-01-08,7am-7pm,16.0,20.0,4.0,39.95169,-75.15888,21.0
3257,2023-09-11,7pm-7am,1.0,3.0,2.0,,,
3253,2023-09-07,7pm-7am,3.0,3.0,0.0,39.93074,-75.18924,21.0
3047,2023-12-05,7pm-7am,2.0,3.0,1.0,39.95073,-75.14947,20.0
3319,2023-08-14,7pm-7am,2.0,1.0,-1.0,39.96672,-75.12964,16.0
3031,2023-06-18,7pm-7am,3.0,0.0,-3.0,39.98005,-75.15522,21.0
3323,2024-09-03,7pm-7am,1.0,0.0,-1.0,40.02796,-75.2277,18.0
3068,2025-10-01,7am-7pm,20.0,25.0,5.0,39.93549,-75.16711,18.0
3019,2025-02-15,7am-7pm,1.0,1.0,0.0,39.95403,-75.14983,15.0
3264,2025-03-28,7am-7pm,17.0,19.0,2.0,39.94571,-75.15508,23.0
3086,2025-08-13,7pm-7am,1.0,1.0,0.0,39.94019,-75.16691,21.0
3026,2023-07-22,7am-7pm,32.0,26.0,-6.0,39.94182,-75.1455,17.0
3204,2025-06-13,7pm-7am,9.0,7.0,-2.0,39.96437,-75.16582,22.0
3316,2024-09-21,7am-7pm,3.0,6.0,3.0,39.92255,-75.17337,19.0
3281,2025-07-10,7am-7pm,1.0,0.0,-1.0,39.9323,-75.2162,15.0
3203,2025-01-26,7pm-7am,3.0,4.0,1.0,39.94077,-75.17227,20.0
3304,2025-09-10,7pm-7am,12.0,7.0,-5.0,39.94234,-75.15399,21.0
3064,2025-09-28,7pm-7am,6.0,9.0,3.0,39.9384,-75.17327,22.0
3099,2025-05-01,7am-7pm,12.0,9.0,-3.0,39.93401,-75.15094,19.0
3017,2025-10-24,7am-7pm,7.0,6.0,-1.0,39.98003,-75.14371,15.0
3394,2026-03-02,7am-7pm,9.0,7.0,-2.0,39.924,-75.16959,14.0
3117,2024-06-10,7pm-7am,0.0,1.0,1.0,39.97841,-75.22399,14.0
3266,2025-06-15,7pm-7am,1.0,1.0,0.0,39.9237,-75.14701,22.0
3268,2023-11-30,7pm-7am,0.0,1.0,1.0,39.97633,-75.15101,22.0
3028,2025-06-13,7am-7pm,34.0,33.0,-1.0,39.94061,-75.14958,15.0
3335,2023-09-14,7am-7pm,1.0,3.0,2.0,40.02237,-75.218,18.0
3086,2025-04-13,7pm-7am,2.0,0.0,-2.0,39.94019,-75.16691,21.0
3164,2023-08-06,7am-7pm,11.0,13.0,2.0,39.92814,-75.16515,18.0
3123,2025-05-10,7pm-7am,1.0,1.0,0.0,39.98004,-75.17088,16.0
3057,2025-06-25,7pm-7am,3.0,4.0,1.0,39.96439,-75.17987,26.0
3051,2024-07-16,7pm-7am,3.0,13.0,10.0,39.96744,-75.17507,37.0
3209,2024-07-19,7am-7pm,12.0,7.0,-5.0,39.949,-75.21278,14.0
3097,2025-07-22,7am-7pm,9.0,11.0,2.0,39.97888,-75.13339,18.0
3362,2024-07-13,7pm-7am,12.0,7.0,-5.0,39.94816,-75.16226,19.0
3266,2023-04-22,7pm-7am,0.0,1.0,1.0,39.9237,-75.14701,22.0
3035,2024-04-18,7pm-7am,5.0,5.0,0.0,39.96271,-75.19419,20.0
3345,2026-01-22,7am-7pm,15.0,8.0,-7.0,39.9617,-75.14667,19.0
3068,2026-02-26,7pm-7am,5.0,3.0,-2.0,39.93549,-75.16711,18.0
3066,2023-07-21,7am-7pm,22.0,26.0,4.0,39.94561,-75.17348,29.0
3381,2025-12-05,7pm-7am,2.0,3.0,1.0,39.94845,-75.21807,13.0
3276,2023-05-24,7pm-7am,2.0,4.0,2.0,39.96569,-75.15679,18.0
3102,2024-06-04,7am-7pm,30.0,27.0,-3.0,39.96759,-75.17952,26.0
3093,2026-01-30,7am-7pm,1.0,1.0,0.0,39.98837,-75.18701,16.0
3397,2026-03-17,7am-7pm,22.0,20.0,-2.0,39.93906,-75.17824,15.0
3166,2026-03-08,7pm-7am,4.0,1.0,-3.0,39.97195,-75.13445,22.0
3088,2023-03-24,7pm-7am,2.0,5.0,3.0,39.96984,-75.1418,35.0
3187,2024-01-24,7am-7pm,9.0,8.0,-1.0,39.95725,-75.17232,19.0
3396,2025-02-21,7pm-7am,2.0,2.0,0.0,39.92327,-75.1821,16.0
3317,2023-06-23,7am-7pm,2.0,1.0,-1.0,,,
3393,2025-08-02,7am-7pm,27.0,23.0,-4.0,39.96727,-75.13999,18.0
3112,2023-03-02,7am-7pm,10.0,8.0,-2.0,39.95373,-75.21825,18.0
3359,2025-09-13,7am-7pm,28.0,31.0,3.0,39.94888,-75.16978,29.0
3010,2024-06-21,7am-7pm,50.0,55.0,5.0,39.94711,-75.16618,22.0
3204,2024-12-15,7pm-7am,2.0,1.0,-1.0,39.96437,-75.16582,22.0
3029,2025-08-02,7pm-7am,1.0,1.0,0.0,39.9538,-75.19479,17.0
3283,2023-03-08,7pm-7am,0.0,1.0,1.0,,,
3305,2024-01-16,7pm-7am,0.0,1.0,1.0,39.99569,-75.1671,11.0
3068,2025-07-20,7am-7pm,16.0,14.0,-2.0,39.93549,-75.16711,18.0
3088,2024-05-08,7pm-7am,4.0,7.0,3.0,39.96984,-75.1418,35.0
3060,2024-01-14,7am-7pm,1.0,1.0,0.0,39.95923,-75.17036,19.0
3295,2025-01-29,7pm-7am,7.0,8.0,1.0,39.95028,-75.16027,21.0
3313,2023-06-29,7am-7pm,2.0,2.0,0.0,39.9158,-75.1643,9.0
3378,2024-04-08,7am-7pm,5.0,4.0,-1.0,39.95238,-75.14728,18.0
3032,2023-12-21,7pm-7am,10.0,8.0,-2.0,39.94527,-75.17971,20.0
3032,2025-11-29,7pm-7am,4.0,3.0,-1.0,39.94527,-75.17971,20.0
3282,2025-05-31,7am-7pm,1.0,0.0,-1.0,39.98628,-75.14925,15.0
3073,2026-01-24,7pm-7am,1.0,3.0,2.0,39.96143,-75.15242,15.0
3040,2024-05-31,7pm-7am,2.0,6.0,4.0,39.96289,-75.16606,21.0
3181,2025-03-14,7am-7pm,2.0,1.0,-1.0,39.89629,-75.17514,20.0
3007,2023-03-22,7pm-7am,8.0,9.0,1.0,39.94517,-75.15993,20.0
3032,2025-10-28,7pm-7am,23.0,14.0,-9.0,39.94527,-75.17971,20.0
3064,2025-09-04,7am-7pm,40.0,34.0,-6.0,39.9384,-75.17327,22.0
3025,2026-01-10,7am-7pm,2.0,2.0,0.0,39.93724,-75.1612,15.0
3237,2026-02-19,7am-7pm,5.0,4.0,-1.0,39.91717,-75.17096,21.0
3184,2024-01-22,7am-7pm,1.0,1.0,0.0,39.94573,-75.19551,22.0
3314,2023-12-03,7am-7pm,4.0,4.0,0.0,39.93682,-75.14492,17.0
3237,2025-06-20,7pm-7am,4.0,3.0,-1.0,39.91717,-75.17096,21.0
3308,2024-03-14,7pm-7am,1.0,3.0,2.0,,,
3277,2023-04-13,7am-7pm,2.0,1.0,-1.0,39.98306,-75.16738,20.0
3190,2023-05-21,7am-7pm,22.0,37.0,15.0,,,
3347,2024-09-28,7pm-7am,5.0,6.0,1.0,,,
3319,2025-10-04,7pm-7am,8.0,8.0,0.0,39.96672,-75.12964,16.0
3208,2024-11-28,7am-7pm,3.0,4.0,1.0,39.95048,-75.19324,28.0
3061,2025-12-18,7am-7pm,31.0,32.0,1.0,,,
3169,2024-05-03,7pm-7am,4.0,7.0,3.0,39.95382,-75.14263,17.0
3062,2024-12-16,7am-7pm,4.0,7.0,3.0,,,
3393,2025-04-15,7am-7pm,8.0,4.0,-4.0,39.96727,-75.13999,18.0
3041,2024-11-19,7am-7pm,7.0,8.0,1.0,39.96849,-75.13546,26.0
3125,2025-09-13,7pm-7am,11.0,4.0,-7.0,39.94391,-75.16735,16.0
3169,2024-07-20,7am-7pm,15.0,14.0,-1.0,39.95382,-75.14263,17.0
3114,2023-05-11,7pm-7am,6.0,12.0,6.0,39.93775,-75.18012,17.0
3077,2023-01-27,7pm-7am,1.0,1.0,0.0,39.97207,-75.16351,19.0
3328,2023-10-24,7am-7pm,7.0,8.0,1.0,39.98798,-75.1995,23.0
3210,2024-11-24,7pm-7am,2.0,3.0,1.0,39.98492,-75.15668,18.0
3203,2024-02-25,7pm-7am,4.0,4.0,0.0,39.94077,-75.17227,20.0
3047,2023-06-29,7am-7pm,17.0,14.0,-3.0,39.95073,-75.14947,20.0
3363,2024-07-30,7pm-7am,19.0,13.0,-6.0,39.94655,-75.16263,17.0
3052,2024-04-11,7pm-7am,11.0,7.0,-4.0,39.94732,-75.15695,25.0
3305,2023-05-22,7am-7pm,1.0,0.0,-1.0,39.99569,-75.1671,11.0
3276,2024-03-02,7pm-7am,1.0,1.0,0.0,39.96569,-75.15679,18.0
3369,2024-02-29,7am-7pm,1.0,1.0,0.0,40.00772,-75.19194,16.0
3160,2023-11-02,7pm-7am,7.0,3.0,-4.0,39.95662,-75.19862,41.0
3155,2024-07-17,7pm-7am,7.0,1.0,-6.0,39.94018,-75.15442,18.0
3188,2023-09-01,7pm-7am,1.0,1.0,0.0,39.90471,-75.1734,56.0
3352,2025-08-17,7am-7pm,2.0,1.0,-1.0,40.00143,-75.15256,11.0
3157,2025-02-28,7pm-7am,1.0,6.0,5.0,39.92545,-75.15954,18.0
3326,2024-10-25,7am-7pm,3.0,3.0,0.0,39.99198,-75.19944,17.0
3074,2025-08-03,7pm-7am,0.0,3.0,3.0,39.95511,-75.20987,15.0
3118,2023-05-20,7pm-7am,1.0,2.0,1.0,39.95866,-75.21323,20.0
3014,2026-03-30,7pm-7am,1.0,5.0,4.0,39.95886,-75.17369,25.0
3033,2023-04-07,7pm-7am,3.0,8.0,5.0,39.95005,-75.15672,20.0
3328,2025-07-13,7pm-7am,1.0,0.0,-1.0,39.98798,-75.1995,23.0
3086,2024-06-15,7pm-7am,4.0,5.0,1.0,39.94019,-75.16691,21.0
3254,2025-08-03,7pm-7am,1.0,4.0,3.0,39.98091,-75.16065,18.0
3321,2025-06-04,7am-7pm,12.0,16.0,4.0,39.95485,-75.17298,21.0
3055,2023-06-27,7pm-7am,5.0,2.0,-3.0,39.95112,-75.15457,15.0
3007,2023-06-09,7am-7pm,29.0,38.0,9.0,39.94517,-75.15993,20.0
3297,2025-11-21,7am-7pm,8.0,11.0,3.0,39.95821,-75.16901,19.0
3118,2026-03-18,7pm-7am,3.0,0.0,-3.0,39.95866,-75.21323,20.0
3182,2025-12-01,7pm-7am,7.0,2.0,-5.0,,,
3068,2023-10-27,7pm-7am,6.0,5.0,-1.0,39.93549,-75.16711,18.0
3034,2026-01-22,7pm-7am,2.0,2.0,0.0,39.93315,-75.16248,16.0
3368,2025-02-23,7pm-7am,0.0,1.0,1.0,39.97647,-75.17362,17.0
3264,2023-02-19,7pm-7am,2.0,2.0,0.0,39.94571,-75.15508,23.0
3155,2024-03-16,7am-7pm,14.0,15.0,1.0,39.94018,-75.15442,18.0
3073,2024-05-27,7pm-7am,4.0,2.0,-2.0,39.96143,-75.15242,15.0
3052,2024-03-21,7am-7pm,28.0,31.0,3.0,39.94732,-75.15695,25.0
3266,2024-07-12,7pm-7am,5.0,5.0,0.0,39.9237,-75.14701,22.0
3026,2023-08-29,7pm-7am,11.0,11.0,0.0,39.94182,-75.1455,17.0
3034,2026-02-21,7am-7pm,9.0,8.0,-1.0,39.93315,-75.16248,16.0
3381,2025-06-18,7am-7pm,4.0,6.0,2.0,39.94845,-75.21807,13.0
3102,2025-04-17,7am-7pm,33.0,21.0,-12.0,39.96759,-75.17952,26.0
3165,2024-08-07,7pm-7am,5.0,7.0,2.0,39.95819,-75.1782,22.0
3319,2025-10-24,7am-7pm,3.0,4.0,1.0,39.96672,-75.12964,16.0
3237,2025-03-19,7pm-7am,1.0,1.0,0.0,39.91717,-75.17096,21.0
3381,2024-05-18,7am-7pm,3.0,2.0,-1.0,39.94845,-75.21807,13.0
3303,2023-02-24,7am-7pm,6.0,1.0,-5.0,39.9559,-75.2053,20.0
3393,2025-06-05,7am-7pm,15.0,17.0,2.0,39.96727,-75.13999,18.0
3286,2025-07-10,7pm-7am,1.0,3.0,2.0,39.96409,-75.14769,22.0
3313,2023-10-06,7am-7pm,2.0,4.0,2.0,39.9158,-75.1643,9.0
3026,2026-03-30,7pm-7am,4.0,6.0,2.0,39.94182,-75.1455,17.0
3064,2023-05-03,7pm-7am,1.0,9.0,8.0,39.9384,-75.17327,22.0
3033,2025-07-23,7pm-7am,3.0,10.0,7.0,39.95005,-75.15672,20.0
3018,2024-05-31,7pm-7am,6.0,1.0,-5.0,39.95273,-75.15979,18.0
3124,2024-03-29,7am-7pm,8.0,11.0,3.0,39.95367,-75.13956,17.0
3252,2025-05-15,7am-7pm,10.0,6.0,-4.0,39.93882,-75.19324,14.0
3265,2025-11-16,7pm-7am,1.0,1.0,0.0,39.95957,-75.19633,13.0
3282,2025-04-30,7am-7pm,2.0,0.0,-2.0,39.98628,-75.14925,15.0
3212,2025-03-23,7am-7pm,16.0,18.0,2.0,39.96383,-75.18177,32.0
3329,2024-07-11,7am-7pm,1.0,3.0,2.0,40.02651,-75.22445,15.0
3357,2024-08-30,7am-7pm,5.0,12.0,7.0,39.9104,-75.16588,27.0
3008,2026-03-31,7am-7pm,10.0,11.0,1.0,39.98081,-75.15067,17.0
3026,2023-09-15,7pm-7am,17.0,7.0,-10.0,39.94182,-75.1455,17.0
3205,2024-10-21,7am-7pm,23.0,24.0,1.0,39.95405,-75.16783,22.0
3188,2025-11-03,7pm-7am,2.0,0.0,-2.0,39.90471,-75.1734,56.0
3338,2023-05-31,7pm-7am,0.0,3.0,3.0,39.95098,-75.23035,21.0
3056,2024-05-13,7am-7pm,4.0,6.0,2.0,39.97669,-75.15813,22.0
3165,2026-01-01,7am-7pm,2.0,0.0,-2.0,39.95819,-75.1782,22.0
3378,2024-02-23,7am-7pm,2.0,4.0,2.0,39.95238,-75.14728,18.0
3251,2025-05-05,7am-7pm,4.0,4.0,0.0,39.93366,-75.19319,16.0
3251,2023-11-16,7am-7pm,1.0,4.0,3.0,39.93366,-75.19319,16.0
3020,2026-02-05,7am-7pm,20.0,21.0,1.0,39.94855,-75.19007,36.0
3057,2024-09-14,7am-7pm,61.0,61.0,0.0,39.96439,-75.17987,26.0
3068,2024-01-09,7am-7pm,5.0,8.0,3.0,39.93549,-75.16711,18.0
3038,2024-06-16,7pm-7am,2.0,3.0,1.0,39.94781,-75.19409,28.0
3287,2026-03-03,7am-7pm,3.0,3.0,0.0,39.94367,-75.21606,16.0
3125,2023-09-10,7am-7pm,12.0,13.0,1.0,39.94391,-75.16735,16.0
3203,2024-11-15,7am-7pm,29.0,20.0,-9.0,39.94077,-75.17227,20.0
3025,2023-01-22,7pm-7am,2.0,0.0,-2.0,39.93724,-75.1612,15.0
3184,2025-11-24,7am-7pm,6.0,6.0,0.0,39.94573,-75.19551,22.0
3156,2024-06-12,7am-7pm,34.0,40.0,6.0,39.95381,-75.17407,22.0
3040,2025-12-24,7am-7pm,7.0,3.0,-4.0,39.96289,-75.16606,21.0
3203,2025-10-14,7pm-7am,4.0,8.0,4.0,39.94077,-75.17227,20.0
3166,2025-12-07,7am-7pm,4.0,6.0,2.0,39.97195,-75.13445,22.0
3026,2023-07-04,7am-7pm,17.0,16.0,-1.0,39.94182,-75.1455,17.0
3333,2024-06-04,7am-7pm,24.0,27.0,3.0,39.9541,-75.16965,25.0
3102,2024-10-08,7am-7pm,27.0,33.0,6.0,39.96759,-75.17952,26.0
3325,2024-07-19,7pm-7am,3.0,3.0,0.0,39.9768,-75.12764,22.0
3328,2023-09-28,7am-7pm,3.0,1.0,-2.0,39.98798,-75.1995,23.0
3346,2025-11-16,7pm-7am,3.0,3.0,0.0,39.94883,-75.15097,17.0
3321,2024-11-05,7pm-7am,6.0,3.0,-3.0,39.95485,-75.17298,21.0
3158,2023-08-30,7am-7pm,8.0,12.0,4.0,39.92552,-75.16904,15.0
3125,2026-03-21,7am-7pm,25.0,26.0,1.0,39.94391,-75.16735,16.0
3350,2025-04-18,7pm-7am,1.0,1.0,0.0,39.99415,-75.15527,20.0
3057,2023-02-26,7am-7pm,23.0,20.0,-3.0,39.96439,-75.17987,26.0
3060,2024-07-25,7pm-7am,4.0,1.0,-3.0,39.95923,-75.17036,19.0
3354,2025-07-03,7pm-7am,0.0,2.0,2.0,39.95628,-75.2387,18.0
3362,2024-08-27,7am-7pm,32.0,26.0,-6.0,39.94816,-75.16226,19.0
3369,2024-10-13,7pm-7am,1.0,1.0,0.0,40.00772,-75.19194,16.0
3306,2024-07-12,7pm-7am,1.0,1.0,0.0,39.99683,-75.17761,11.0
3056,2026-02-04,7pm-7am,2.0,1.0,-1.0,39.97669,-75.15813,22.0
3409,2026-03-02,7pm-7am,1.0,0.0,-1.0,39.95508,-75.15128,20.0
3009,2025-10-16,7pm-7am,12.0,3.0,-9.0,39.95576,-75.18982,14.0
3363,2025-06-30,7am-7pm,5.0,5.0,0.0,39.94655,-75.16263,17.0
3112,2026-02-09,7am-7pm,3.0,2.0,-1.0,39.95373,-75.21825,18.0
3336,2025-10-29,7am-7pm,20.0,19.0,-1.0,39.95719,-75.19388,20.0
3295,2025-07-22,7pm-7am,8.0,6.0,-2.0,39.95028,-75.16027,21.0
3331,2026-01-19,7am-7pm,0.0,2.0,2.0,39.97116,-75.12813,20.0
3207,2024-08-09,7pm-7am,3.0,1.0,-2.0,39.95441,-75.192,20.0
3316,2023-07-02,7am-7pm,4.0,3.0,-1.0,39.92255,-75.17337,19.0
3201,2024-05-21,7pm-7am,11.0,7.0,-4.0,39.95523,-75.1662,20.0
3375,2025-11-10,7am-7pm,6.0,6.0,0.0,39.96036,-75.1402,22.0
3116,2025-05-07,7am-7pm,16.0,14.0,-2.0,39.96006,-75.17198,21.0
3373,2026-02-22,7pm-7am,1.0,6.0,5.0,39.95817,-75.15668,15.0
3168,2023-05-23,7am-7pm,26.0,24.0,-2.0,,,
3326,2024-05-15,7am-7pm,4.0,4.0,0.0,39.99198,-75.19944,17.0
3360,2025-12-08,7am-7pm,18.0,13.0,-5.0,39.93304,-75.16822,22.0
3285,2023-09-13,7pm-7am,4.0,2.0,-2.0,39.95946,-75.14745,19.0
3313,2023-09-12,7am-7pm,3.0,7.0,4.0,39.9158,-75.1643,9.0
3246,2023-06-11,7am-7pm,1.0,6.0,5.0,39.94782,-75.22301,17.0
3187,2023-10-15,7am-7pm,5.0,11.0,6.0,39.95725,-75.17232,19.0
3045,2023-02-12,7am-7pm,12.0,11.0,-1.0,,,
3007,2025-12-08,7am-7pm,13.0,14.0,1.0,39.94517,-75.15993,20.0
3248,2024-01-04,7pm-7am,3.0,3.0,0.0,39.94213,-75.18335,22.0
3093,2023-05-30,7am-7pm,4.0,1.0,-3.0,39.98837,-75.18701,16.0
3275,2025-04-22,7pm-7am,1.0,3.0,2.0,39.97576,-75.12157,22.0
3009,2026-03-20,7pm-7am,4.0,1.0,-3.0,39.95576,-75.18982,14.0
3056,2025-06-07,7pm-7am,5.0,8.0,3.0,39.97669,-75.15813,22.0
3251,2023-07-19,7am-7pm,4.0,2.0,-2.0,39.93366,-75.19319,16.0
3392,2024-11-12,7pm-7am,2.0,2.0,0.0,39.93633,-75.19447,13.0
3320,2024-04-28,7am-7pm,6.0,5.0,-1.0,39.9746,-75.15917,17.0
3066,2023-04-06,7am-7pm,33.0,18.0,-15.0,39.94561,-75.17348,29.0
3204,2025-03-30,7pm-7am,2.0,2.0,0.0,39.96437,-75.16582,22.0
3040,2024-12-31,7am-7pm,7.0,5.0,-2.0,39.96289,-75.16606,21.0
3258,2023-04-23,7am-7pm,3.0,1.0,-2.0,39.95828,-75.22424,20.0
3064,2023-05-11,7pm-7am,4.0,11.0,7.0,39.9384,-75.17327,22.0
3336,2024-09-23,7am-7pm,19.0,19.0,0.0,39.95719,-75.19388,20.0
3350,2024-11-01,7pm-7am,1.0,0.0,-1.0,39.99415,-75.15527,20.0
3124,2025-07-03,7am-7pm,12.0,18.0,6.0,39.95367,-75.13956,17.0
3255,2024-02-04,7pm-7am,7.0,2.0,-5.0,39.95095,-75.16438,15.0
3055,2025-04-24,7am-7pm,24.0,24.0,0.0,39.95112,-75.15457,15.0
3333,2025-06-11,7am-7pm,30.0,31.0,1.0,39.9541,-75.16965,25.0
3245,2025-03-31,7am-7pm,7.0,8.0,1.0,39.97887,-75.15777,20.0
3072,2024-04-09,7pm-7am,2.0,3.0,1.0,39.93445,-75.14541,25.0
3352,2025-09-14,7pm-7am,1.0,2.0,1.0,40.00143,-75.15256,11.0
3381,2025-11-15,7pm-7am,1.0,3.0,2.0,39.94845,-75.21807,13.0
3357,2025-11-07,7pm-7am,0.0,3.0,3.0,39.9104,-75.16588,27.0
3282,2023-01-16,7pm-7am,1.0,0.0,-1.0,39.98628,-75.14925,15.0
3165,2024-08-20,7pm-7am,7.0,5.0,-2.0,39.95819,-75.1782,22.0
3258,2024-04-15,7am-7pm,6.0,7.0,1.0,39.95828,-75.22424,20.0
3040,2023-09-01,7pm-7am,19.0,7.0,-12.0,39.96289,-75.16606,21.0
3256,2023-09-08,7am-7pm,20.0,29.0,9.0,39.95269,-75.17779,23.0
3104,2025-04-14,7pm-7am,0.0,2.0,2.0,39.96664,-75.19209,13.0
3309,2023-11-03,7am-7pm,3.0,4.0,1.0,,,
3026,2025-04-16,7pm-7am,6.0,1.0,-5.0,39.94182,-75.1455,17.0
3157,2024-03-06,7am-7pm,9.0,7.0,-2.0,39.92545,-75.15954,18.0
3313,2025-10-09,7am-7pm,5.0,3.0,-2.0,39.9158,-75.1643,9.0
3338,2025-05-22,7am-7pm,1.0,2.0,1.0,39.95098,-75.23035,21.0
3340,2025-11-03,7am-7pm,16.0,19.0,3.0,39.96906,-75.18169,17.0
3053,2025-12-06,7pm-7am,9.0,8.0,-1.0,39.93231,-75.18154,19.0
3247,2023-10-06,7am-7pm,1.0,0.0,-1.0,39.96538,-75.21514,16.0
3263,2023-10-05,7pm-7am,2.0,0.0,-2.0,39.9586,-75.2081,18.0
3321,2023-06-25,7pm-7am,2.0,5.0,3.0,39.95485,-75.17298,21.0
3053,2024-02-01,7am-7pm,18.0,17.0,-1.0,39.93231,-75.18154,19.0
3317,2024-07-06,7pm-7am,0.0,1.0,1.0,,,
3349,2024-12-09,7am-7pm,6.0,4.0,-2.0,39.93651,-75.18621,17.0
3267,2023-01-29,7pm-7am,6.0,6.0,0.0,39.918,-75.1796,12.0
3322,2023-09-02,7am-7pm,13.0,8.0,-5.0,39.93638,-75.15526,13.0
3258,2023-05-29,7am-7pm,1.0,1.0,0.0,39.95828,-75.22424,20.0
3197,2023-03-30,7am-7pm,4.0,1.0,-3.0,39.92083,-75.17033,23.0
3012,2025-02-08,7pm-7am,4.0,2.0,-2.0,39.94218,-75.17747,27.0
3314,2025-05-16,7pm-7am,1.0,5.0,4.0,39.93682,-75.14492,17.0
3254,2023-05-21,7am-7pm,8.0,6.0,-2.0,39.98091,-75.16065,18.0
3310,2024-10-01,7pm-7am,1.0,2.0,1.0,39.98024,-75.18651,15.0
3343,2023-12-12,7am-7pm,6.0,4.0,-2.0,,,
3061,2023-11-16,7am-7pm,24.0,26.0,2.0,,,
3204,2024-01-14,7pm-7am,1.0,6.0,5.0,39.96437,-75.16582,22.0
3359,2025-05-14,7am-7pm,12.0,17.0,5.0,39.94888,-75.16978,29.0
3255,2023-12-16,7pm-7am,10.0,4.0,-6.0,39.95095,-75.16438,15.0
3397,2025-09-30,7am-7pm,28.0,23.0,-5.0,39.93906,-75.17824,15.0
3019,2023-11-01,7am-7pm,6.0,9.0,3.0,39.95403,-75.14983,15.0
3073,2023-05-21,7am-7pm,4.0,3.0,-1.0,39.96143,-75.15242,15.0
3357,2024-12-09,7am-7pm,1.0,3.0,2.0,39.9104,-75.16588,27.0
3034,2024-10-10,7am-7pm,28.0,27.0,-1.0,39.93315,-75.16248,16.0
3163,2024-11-19,7pm-7am,5.0,3.0,-2.0,39.94974,-75.18097,22.0
3022,2024-02-12,7pm-7am,7.0,6.0,-1.0,39.95472,-75.18323,21.0
3350,2023-10-19,7pm-7am,0.0,1.0,1.0,39.99415,-75.15527,20.0
3107,2025-04-30,7pm-7am,0.0,1.0,1.0,39.98203,-75.18866,18.0
3005,2025-10-30,7pm-7am,9.0,6.0,-3.0,39.94733,-75.14403,13.0
3164,2025-06-15,7am-7pm,13.0,13.0,0.0,39.92814,-75.16515,18.0
3037,2025-06-13,7am-7pm,12.0,19.0,7.0,39.95424,-75.16138,21.0
3297,2025-06-28,7am-7pm,8.0,9.0,1.0,39.95821,-75.16901,19.0
3241,2025-01-23,7am-7pm,1.0,1.0,0.0,39.95225,-75.22637,20.0
3024,2024-06-19,7am-7pm,6.0,6.0,0.0,39.94822,-75.20908,19.0
3233,2023-06-08,7am-7pm,4.0,1.0,-3.0,,,
3381,2025-07-21,7pm-7am,3.0,1.0,-2.0,39.94845,-75.21807,13.0
3183,2024-10-14,7pm-7am,1.0,1.0,0.0,39.88994,-75.17679,20.0
3252,2023-12-04,7pm-7am,3.0,1.0,-2.0,39.93882,-75.19324,14.0
3183,2023-07-08,7am-7pm,3.0,1.0,-2.0,39.88994,-75.17679,20.0
3015,2024-11-13,7am-7pm,18.0,17.0,-1.0,39.94735,-75.14886,11.0
3113,2025-07-16,7am-7pm,3.0,1.0,-2.0,39.97472,-75.19781,12.0
3026,2024-05-28,7pm-7am,13.0,12.0,-1.0,39.94182,-75.1455,17.0
3268,2023-09-29,7pm-7am,1.0,0.0,-1.0,39.97633,-75.15101,22.0
3019,2023-04-28,7pm-7am,0.0,4.0,4.0,39.95403,-75.14983,15.0
3276,2025-08-16,7pm-7am,8.0,5.0,-3.0,39.96569,-75.15679,18.0
3271,2023-08-26,7pm-7am,0.0,1.0,1.0,39.9476,-75.22946,18.0
3125,2023-10-24,7pm-7am,13.0,7.0,-6.0,39.94391,-75.16735,16.0
3035,2025-12-13,7pm-7am,4.0,8.0,4.0,39.96271,-75.19419,20.0
3005,2024-06-13,7pm-7am,7.0,6.0,-1.0,39.94733,-75.14403,13.0
3246,2023-05-16,7am-7pm,11.0,8.0,-3.0,39.94782,-75.22301,17.0
3072,2023-02-09,7pm-7am,1.0,3.0,2.0,39.93445,-75.14541,25.0
3342,2025-09-22,7am-7pm,16.0,13.0,-3.0,39.9639,-75.17385,20.0
3233,2023-11-28,7pm-7am,1.0,0.0,-1.0,,,
3020,2025-10-03,7pm-7am,9.0,20.0,11.0,39.94855,-75.19007,36.0
3032,2026-02-12,7am-7pm,14.0,24.0,10.0,39.94527,-75.17971,20.0
3277,2025-03-16,7pm-7am,1.0,0.0,-1.0,39.98306,-75.16738,20.0
3112,2024-10-29,7am-7pm,9.0,11.0,2.0,39.95373,-75.21825,18.0
3074,2024-10-11,7am-7pm,13.0,10.0,-3.0,39.95511,-75.20987,15.0
3017,2024-11-12,7am-7pm,9.0,8.0,-1.0,39.98003,-75.14371,15.0
3038,2026-03-08,7am-7pm,6.0,6.0,0.0,39.94781,-75.19409,28.0
3349,2024-09-01,7pm-7am,0.0,4.0,4.0,39.93651,-75.18621,17.0
3363,2024-06-07,7am-7pm,21.0,25.0,4.0,39.94655,-75.16263,17.0
3102,2025-10-06,7am-7pm,35.0,14.0,-21.0,39.96759,-75.17952,26.0
3412,2025-09-23,7am-7pm,0.0,1.0,1.0,39.93771,-75.23373,15.0
3033,2025-04-02,7am-7pm,29.0,22.0,-7.0,39.95005,-75.15672,20.0
3252,2025-01-11,7pm-7am,2.0,0.0,-2.0,39.93882,-75.19324,14.0
3291,2025-07-20,7am-7pm,4.0,3.0,-1.0,40.01022,-75.197,15.0
3009,2024-03-31,7am-7pm,8.0,11.0,3.0,39.95576,-75.18982,14.0
3053,2025-03-23,7am-7pm,18.0,16.0,-2.0,39.93231,-75.18154,19.0
3115,2024-04-14,7pm-7am,1.0,2.0,1.0,39.97263,-75.16757,18.0
3410,2026-01-09,7am-7pm,7.0,2.0,-5.0,39.94201,-75.21838,11.0
3340,2023-12-14,7am-7pm,4.0,5.0,1.0,39.96906,-75.18169,17.0
3119,2024-08-06,7pm-7am,3.0,0.0,-3.0,39.96674,-75.20799,17.0
3376,2024-07-14,7pm-7am,2.0,1.0,-1.0,39.97183,-75.14878,8.0
3018,2023-10-02,7pm-7am,8.0,9.0,1.0,39.95273,-75.15979,18.0
3110,2025-10-12,7am-7pm,10.0,16.0,6.0,39.96175,-75.13641,19.0
3254,2023-02-10,7pm-7am,2.0,3.0,1.0,39.98091,-75.16065,18.0
3322,2024-02-07,7am-7pm,6.0,5.0,-1.0,39.93638,-75.15526,13.0
3118,2024-05-09,7pm-7am,2.0,2.0,0.0,39.95866,-75.21323,20.0
3272,2025-08-30,7am-7pm,1.0,3.0,2.0,39.96405,-75.22048,13.0
3363,2026-03-23,7pm-7am,5.0,1.0,-4.0,39.94655,-75.16263,17.0
3107,2023-01-02,7am-7pm,0.0,1.0,1.0,39.98203,-75.18866,18.0
3372,2025-10-17,7pm-7am,2.0,1.0,-1.0,39.92528,-75.18672,15.0
3057,2026-02-26,7pm-7am,1.0,1.0,0.0,39.96439,-75.17987,26.0
3006,2025-02-11,7pm-7am,1.0,1.0,0.0,39.9522,-75.20311,17.0
3112,2023-02-25,7pm-7am,1.0,0.0,-1.0,39.95373,-75.21825,18.0
3204,2023-11-21,7am-7pm,8.0,7.0,-1.0,39.96437,-75.16582,22.0
3055,2024-08-25,7am-7pm,10.0,14.0,4.0,39.95112,-75.15457,15.0
3053,2025-01-04,7am-7pm,5.0,6.0,1.0,39.93231,-75.18154,19.0
3099,2024-12-09,7pm-7am,2.0,4.0,2.0,39.93401,-75.15094,19.0
3399,2025-09-29,7am-7pm,13.0,13.0,0.0,39.97502,-75.14006,15.0
3246,2024-08-23,7pm-7am,2.0,1.0,-1.0,39.94782,-75.22301,17.0
3271,2025-10-04,7pm-7am,2.0,1.0,-1.0,39.9476,-75.22946,18.0
3078,2025-08-18,7am-7pm,19.0,19.0,0.0,39.95355,-75.17192,18.0
3240,2023-02-19,7am-7pm,1.0,2.0,1.0,39.96277,-75.21185,12.0
3049,2025-07-19,7pm-7am,22.0,22.0,0.0,39.94509,-75.1425,29.0
3259,2025-12-01,7am-7pm,16.0,9.0,-7.0,39.95998,-75.19883,17.0
3316,2023-05-08,7pm-7am,4.0,4.0,0.0,39.92255,-75.17337,19.0
3093,2024-05-26,7pm-7am,0.0,1.0,1.0,39.98837,-75.18701,16.0
3304,2024-10-11,7am-7pm,24.0,38.0,14.0,39.94234,-75.15399,21.0
3203,2023-04-01,7pm-7am,1.0,5.0,4.0,39.94077,-75.17227,20.0
3389,2025-09-30,7am-7pm,21.0,21.0,0.0,39.94431,-75.18128,16.0
3014,2023-06-11,7am-7pm,5.0,6.0,1.0,39.95886,-75.17369,25.0
3028,2025-06-27,7am-7pm,38.0,40.0,2.0,39.94061,-75.14958,15.0
3243,2024-05-09,7am-7pm,3.0,3.0,0.0,39.9835,-75.14743,12.0
3383,2025-06-21,7pm-7am,5.0,7.0,2.0,39.96634,-75.14222,19.0
3276,2024-12-11,7am-7pm,3.0,3.0,0.0,39.96569,-75.15679,18.0
3028,2023-08-26,7am-7pm,32.0,44.0,12.0,39.94061,-75.14958,15.0
3066,2024-12-26,7am-7pm,4.0,5.0,1.0,39.94561,-75.17348,29.0
3251,2023-06-19,7pm-7am,0.0,2.0,2.0,39.93366,-75.19319,16.0
3197,2024-03-20,7am-7pm,8.0,1.0,-7.0,39.92083,-75.17033,23.0
3301,2025-02-07,7am-7pm,11.0,13.0,2.0,39.95029,-75.17126,15.0
3067,2023-05-08,7am-7pm,4.0,5.0,1.0,39.96411,-75.19973,17.0
3287,2023-08-23,7pm-7am,1.0,1.0,0.0,39.94367,-75.21606,16.0
3326,2025-03-28,7pm-7am,0.0,1.0,1.0,39.99198,-75.19944,17.0
3038,2023-07-03,7pm-7am,4.0,5.0,1.0,39.94781,-75.19409,28.0
3061,2024-09-26,7am-7pm,37.0,43.0,6.0,,,
3345,2025-03-15,7am-7pm,11.0,14.0,3.0,39.9617,-75.14667,19.0
3123,2024-02-13,7pm-7am,2.0,1.0,-1.0,39.98004,-75.17088,16.0
3111,2023-03-28,7am-7pm,0.0,1.0,1.0,39.97779,-75.21323,14.0
3291,2025-08-12,7pm-7am,3.0,2.0,-1.0,40.01022,-75.197,15.0
3340,2024-11-22,7am-7pm,15.0,8.0,-7.0,39.96906,-75.18169,17.0
3054,2026-03-05,7am-7pm,11.0,11.0,0.0,39.9625,-75.1742,35.0
3393,2026-01-20,7pm-7am,1.0,2.0,1.0,39.96727,-75.13999,18.0
3158,2023-03-06,7pm-7am,1.0,4.0,3.0,39.92552,-75.16904,15.0
3382,2026-03-25,7pm-7am,13.0,11.0,-2.0,39.95038,-75.17309,11.0
3342,2024-05-20,7pm-7am,5.0,1.0,-4.0,39.9639,-75.17385,20.0
3369,2025-05-24,7am-7pm,5.0,4.0,-1.0,40.00772,-75.19194,16.0
3336,2025-05-07,7pm-7am,1.0,0.0,-1.0,39.95719,-75.19388,20.0
3347,2025-09-17,7am-7pm,8.0,10.0,2.0,,,
3267,2023-11-07,7am-7pm,4.0,5.0,1.0,39.918,-75.1796,12.0
3318,2025-03-05,7pm-7am,1.0,1.0,0.0,39.95182,-75.16395,20.0
3099,2025-03-15,7pm-7am,0.0,2.0,2.0,39.93401,-75.15094,19.0
3237,2024-06-05,7pm-7am,0.0,1.0,1.0,39.91717,-75.17096,21.0
3313,2024-04-15,7pm-7am,2.0,0.0,-2.0,39.9158,-75.1643,9.0
3155,2023-05-07,7pm-7am,4.0,6.0,2.0,39.94018,-75.15442,18.0
3200,2025-12-18,7pm-7am,2.0,2.0,0.0,39.97583,-75.16846,17.0
3205,2026-02-15,7am-7pm,3.0,4.0,1.0,39.95405,-75.16783,22.0
3361,2025-02-03,7pm-7am,2.0,5.0,3.0,39.93082,-75.17474,21.0
3279,2023-09-27,7am-7pm,7.0,8.0,1.0,39.9265,-75.1668,18.0
3097,2024-03-21,7am-7pm,2.0,5.0,3.0,39.97888,-75.13339,18.0
3248,2026-02-28,7pm-7am,2.0,1.0,-1.0,39.94213,-75.18335,22.0
3024,2025-05-23,7am-7pm,1.0,9.0,8.0,39.94822,-75.20908,19.0
3207,2023-02-14,7am-7pm,29.0,31.0,2.0,39.95441,-75.192,20.0
3253,2026-03-19,7am-7pm,4.0,2.0,-2.0,39.93074,-75.18924,21.0
3073,2023-10-08,7pm-7am,1.0,1.0,0.0,39.96143,-75.15242,15.0
3414,2025-10-20,7am-7pm,2.0,5.0,3.0,39.93922,-75.22347,13.0
3352,2024-09-22,7am-7pm,2.0,2.0,0.0,40.00143,-75.15256,11.0
3014,2025-06-11,7am-7pm,7.0,13.0,6.0,39.95886,-75.17369,25.0
3240,2024-08-22,7pm-7am,1.0,1.0,0.0,39.96277,-75.21185,12.0
3008,2025-10-26,7pm-7am,1.0,4.0,3.0,39.98081,-75.15067,17.0
3111,2024-12-05,7pm-7am,1.0,1.0,0.0,39.97779,-75.21323,14.0
3241,2024-12-03,7am-7pm,3.0,1.0,-2.0,39.95225,-75.22637,20.0
3292,2023-08-07,7pm-7am,1.0,1.0,0.0,39.92,-75.1562,17.0
3259,2025-07-21,7pm-7am,3.0,4.0,1.0,39.95998,-75.19883,17.0
3107,2024-10-27,7am-7pm,3.0,2.0,-1.0,39.98203,-75.18866,18.0
3055,2025-05-01,7am-7pm,14.0,16.0,2.0,39.95112,-75.15457,15.0
3104,2025-09-26,7pm-7am,2.0,4.0,2.0,39.96664,-75.19209,13.0
3235,2024-05-17,7pm-7am,6.0,7.0,1.0,39.96,-75.1651,15.0
3053,2023-04-25,7pm-7am,4.0,6.0,2.0,39.93231,-75.18154,19.0
3392,2025-02-01,7am-7pm,1.0,2.0,1.0,39.93633,-75.19447,13.0
3422,2025-09-21,7am-7pm,3.0,4.0,1.0,39.95619,-75.18647,10.0
3365,2024-02-16,7pm-7am,1.0,3.0,2.0,39.96173,-75.18788,17.0
3276,2024-12-27,7pm-7am,1.0,4.0,3.0,39.96569,-75.15679,18.0
3077,2024-12-07,7am-7pm,3.0,1.0,-2.0,39.97207,-75.16351,19.0
3018,2023-09-10,7am-7pm,21.0,16.0,-5.0,39.95273,-75.15979,18.0
3184,2023-05-24,7am-7pm,3.0,3.0,0.0,39.94573,-75.19551,22.0
3378,2025-01-24,7pm-7am,1.0,0.0,-1.0,39.95238,-75.14728,18.0
3063,2024-05-02,7pm-7am,8.0,13.0,5.0,39.94633,-75.1698,25.0
3287,2025-03-27,7pm-7am,0.0,3.0,3.0,39.94367,-75.21606,16.0
3035,2023-09-18,7am-7pm,5.0,7.0,2.0,39.96271,-75.19419,20.0
3205,2024-09-24,7pm-7am,3.0,7.0,4.0,39.95405,-75.16783,22.0
3125,2023-01-06,7pm-7am,5.0,1.0,-4.0,39.94391,-75.16735,16.0
3250,2025-04-25,7pm-7am,0.0,1.0,1.0,39.95673,-75.14575,17.0
3120,2023-04-08,7pm-7am,1.0,2.0,1.0,39.97522,-75.18669,19.0
3243,2025-11-01,7am-7pm,2.0,0.0,-2.0,39.9835,-75.14743,12.0
3005,2025-01-11,7am-7pm,4.0,7.0,3.0,39.94733,-75.14403,13.0
3047,2024-05-27,7am-7pm,8.0,11.0,3.0,39.95073,-75.14947,20.0
3276,2026-03-24,7pm-7am,2.0,3.0,1.0,39.96569,-75.15679,18.0
3350,2025-07-05,7pm-7am,2.0,0.0,-2.0,39.99415,-75.15527,20.0
3257,2024-02-25,7pm-7am,0.0,1.0,1.0,,,
3336,2025-10-27,7am-7pm,21.0,23.0,2.0,39.95719,-75.19388,20.0
3019,2024-06-03,7am-7pm,9.0,9.0,0.0,39.95403,-75.14983,15.0
3382,2026-01-18,7pm-7am,2.0,3.0,1.0,39.95038,-75.17309,11.0
3318,2024-08-21,7am-7pm,32.0,36.0,4.0,39.95182,-75.16395,20.0
3119,2024-03-17,7am-7pm,8.0,4.0,-4.0,39.96674,-75.20799,17.0
3287,2024-05-30,7am-7pm,3.0,5.0,2.0,39.94367,-75.21606,16.0
3294,2023-08-07,7pm-7am,6.0,5.0,-1.0,39.95174,-75.17063,21.0
3233,2024-01-01,7am-7pm,2.0,0.0,-2.0,,,
3322,2023-05-26,7am-7pm,4.0,1.0,-3.0,39.93638,-75.15526,13.0
3298,2024-05-21,7pm-7am,0.0,1.0,1.0,39.94717,-75.20691,15.0
3210,2023-12-06,7am-7pm,6.0,9.0,3.0,39.98492,-75.15668,18.0
3182,2023-01-01,7pm-7am,4.0,2.0,-2.0,,,
3037,2025-05-19,7am-7pm,14.0,13.0,-1.0,39.95424,-75.16138,21.0
3034,2023-12-05,7am-7pm,21.0,16.0,-5.0,39.93315,-75.16248,16.0
3240,2024-07-02,7am-7pm,0.0,1.0,1.0,39.96277,-75.21185,12.0
3322,2023-10-01,7pm-7am,2.0,2.0,0.0,39.93638,-75.15526,13.0
3425,2025-07-16,7am-7pm,3.0,3.0,0.0,39.9849,-75.13255,15.0
3304,2025-06-18,7pm-7am,9.0,6.0,-3.0,39.94234,-75.15399,21.0
3123,2025-11-13,7pm-7am,5.0,4.0,-1.0,39.98004,-75.17088,16.0
3365,2024-03-12,7pm-7am,2.0,3.0,1.0,39.96173,-75.18788,17.0
3119,2025-12-23,7am-7pm,3.0,2.0,-1.0,39.96674,-75.20799,17.0
3320,2025-04-01,7am-7pm,1.0,3.0,2.0,39.9746,-75.15917,17.0
3359,2024-08-07,7am-7pm,35.0,32.0,-3.0,39.94888,-75.16978,29.0
3272,2023-02-02,7am-7pm,1.0,2.0,1.0,39.96405,-75.22048,13.0
3316,2025-12-12,7pm-7am,0.0,1.0,1.0,39.92255,-75.17337,19.0
3088,2024-04-30,7am-7pm,12.0,13.0,1.0,39.96984,-75.1418,35.0
3244,2025-01-03,7pm-7am,7.0,8.0,1.0,,,
3040,2025-05-19,7pm-7am,5.0,7.0,2.0,39.96289,-75.16606,21.0
3052,2025-09-26,7pm-7am,9.0,7.0,-2.0,39.94732,-75.15695,25.0
3055,2023-01-31,7pm-7am,3.0,3.0,0.0,39.95112,-75.15457,15.0
3361,2025-08-18,7am-7pm,17.0,17.0,0.0,39.93082,-75.17474,21.0
3345,2023-08-29,7pm-7am,1.0,4.0,3.0,39.9617,-75.14667,19.0
3045,2023-02-11,7am-7pm,19.0,19.0,0.0,,,
3436,2026-01-04,7am-7pm,2.0,1.0,-1.0,39.98287,-75.10121,13.0
3342,2023-08-16,7am-7pm,14.0,9.0,-5.0,39.9639,-75.17385,20.0
3349,2024-09-03,7am-7pm,12.0,10.0,-2.0,39.93651,-75.18621,17.0
3360,2025-07-25,7am-7pm,16.0,15.0,-1.0,39.93304,-75.16822,22.0
3320,2024-12-27,7pm-7am,0.0,1.0,1.0,39.9746,-75.15917,17.0
3099,2024-03-05,7am-7pm,8.0,8.0,0.0,39.93401,-75.15094,19.0
3236,2025-10-20,7am-7pm,11.0,9.0,-2.0,39.96566,-75.17765,18.0
3257,2023-04-13,7am-7pm,2.0,2.0,0.0,,,
3182,2025-05-17,7pm-7am,6.0,7.0,1.0,,,
3318,2024-04-11,7am-7pm,24.0,25.0,1.0,39.95182,-75.16395,20.0
3313,2024-12-27,7pm-7am,0.0,1.0,1.0,39.9158,-75.1643,9.0
3236,2025-10-07,7am-7pm,13.0,11.0,-2.0,39.96566,-75.17765,18.0
3113,2023-10-27,7am-7pm,6.0,4.0,-2.0,39.97472,-75.19781,12.0
3010,2024-01-31,7pm-7am,17.0,8.0,-9.0,39.94711,-75.16618,22.0
3236,2025-09-12,7am-7pm,10.0,6.0,-4.0,39.96566,-75.17765,18.0
3213,2025-11-03,7am-7pm,36.0,37.0,1.0,39.93887,-75.16663,25.0
3352,2026-03-01,7pm-7am,2.0,0.0,-2.0,40.00143,-75.15256,11.0
3313,2025-02-02,7am-7pm,2.0,0.0,-2.0,39.9158,-75.1643,9.0
3162,2023-06-15,7am-7pm,15.0,18.0,3.0,39.94595,-75.18475,34.0
3208,2023-06-25,7am-7pm,6.0,6.0,0.0,39.95048,-75.19324,28.0
3152,2026-03-22,7pm-7am,1.0,4.0,3.0,39.94993,-75.20286,17.0
3058,2025-08-09,7pm-7am,5.0,5.0,0.0,,,
3072,2025-09-24,7pm-7am,5.0,5.0,0.0,39.93445,-75.14541,25.0
3047,2024-03-18,7am-7pm,8.0,11.0,3.0,39.95073,-75.14947,20.0
3020,2023-09-21,7am-7pm,51.0,45.0,-6.0,39.94855,-75.19007,36.0
3318,2024-06-15,7am-7pm,22.0,29.0,7.0,39.95182,-75.16395,20.0
3320,2026-02-14,7pm-7am,2.0,1.0,-1.0,39.9746,-75.15917,17.0
3020,2024-11-30,7am-7pm,9.0,4.0,-5.0,39.94855,-75.19007,36.0
3297,2024-02-26,7am-7pm,4.0,4.0,0.0,39.95821,-75.16901,19.0
3032,2024-03-21,7am-7pm,30.0,38.0,8.0,39.94527,-75.17971,20.0
3249,2024-07-29,7am-7pm,11.0,8.0,-3.0,39.95784,-75.19079,22.0
3279,2023-02-02,7pm-7am,0.0,1.0,1.0,39.9265,-75.1668,18.0
3181,2025-11-22,7am-7pm,0.0,1.0,1.0,39.89629,-75.17514,20.0
3276,2024-11-09,7pm-7am,1.0,5.0,4.0,39.96569,-75.15679,18.0
3034,2023-03-08,7pm-7am,4.0,9.0,5.0,39.93315,-75.16248,16.0
3335,2025-09-05,7am-7pm,5.0,4.0,-1.0,40.02237,-75.218,18.0
3075,2025-12-31,7pm-7am,3.0,4.0,1.0,39.96718,-75.16125,12.0
3240,2024-08-16,7pm-7am,1.0,1.0,0.0,39.96277,-75.21185,12.0
3106,2025-05-09,7pm-7am,1.0,1.0,0.0,39.99179,-75.18637,17.0
3054,2025-10-03,7am-7pm,31.0,34.0,3.0,39.9625,-75.1742,35.0
3113,2023-05-27,7pm-7am,1.0,0.0,-1.0,39.97472,-75.19781,12.0
3114,2025-09-20,7pm-7am,7.0,7.0,0.0,39.93775,-75.18012,17.0
3385,2026-01-21,7am-7pm,5.0,3.0,-2.0,39.94974,-75.15424,15.0
3184,2023-11-17,7am-7pm,3.0,4.0,1.0,39.94573,-75.19551,22.0
3257,2024-10-19,7pm-7am,3.0,7.0,4.0,,,
3120,2023-01-05,7am-7pm,8.0,4.0,-4.0,39.97522,-75.18669,19.0
3008,2024-01-26,7pm-7am,1.0,0.0,-1.0,39.98081,-75.15067,17.0
3266,2025-05-26,7pm-7am,4.0,5.0,1.0,39.9237,-75.14701,22.0
3376,2024-04-27,7pm-7am,1.0,0.0,-1.0,39.97183,-75.14878,8.0
3182,2025-05-24,7am-7pm,10.0,11.0,1.0,,,
3341,2023-07-24,7pm-7am,1.0,1.0,0.0,39.98131,-75.12732,20.0
3338,2025-10-17,7am-7pm,2.0,2.0,0.0,39.95098,-75.23035,21.0
3299,2024-02-02,7am-7pm,12.0,10.0,-2.0,39.94332,-75.15698,22.0
3059,2026-01-16,7pm-7am,7.0,5.0,-2.0,39.96244,-75.16121,21.0
3395,2025-01-01,7am-7pm,7.0,11.0,4.0,39.93866,-75.16351,13.0
3305,2025-08-18,7am-7pm,1.0,2.0,1.0,39.99569,-75.1671,11.0
3123,2026-02-01,7am-7pm,2.0,0.0,-2.0,39.98004,-75.17088,16.0
3166,2024-09-15,7am-7pm,12.0,21.0,9.0,39.97195,-75.13445,22.0
3320,2024-05-01,7am-7pm,12.0,9.0,-3.0,39.9746,-75.15917,17.0
3150,2023-10-28,7pm-7am,5.0,11.0,6.0,39.92884,-75.17021,17.0
3258,2023-07-15,7am-7pm,6.0,4.0,-2.0,39.95828,-75.22424,20.0
3158,2023-01-10,7pm-7am,3.0,4.0,1.0,39.92552,-75.16904,15.0
3394,2025-03-09,7am-7pm,1.0,3.0,2.0,39.924,-75.16959,14.0
3235,2024-03-31,7am-7pm,6.0,6.0,0.0,39.96,-75.1651,15.0
3299,2023-05-30,7pm-7am,6.0,4.0,-2.0,39.94332,-75.15698,22.0
3022,2025-09-03,7pm-7am,10.0,18.0,8.0,39.95472,-75.18323,21.0
3240,2025-02-04,7am-7pm,1.0,1.0,0.0,39.96277,-75.21185,12.0
3097,2023-10-25,7am-7pm,12.0,13.0,1.0,39.97888,-75.13339,18.0
3039,2023-01-04,7am-7pm,6.0,3.0,-3.0,39.97157,-75.15993,17.0
3277,2023-09-06,7am-7pm,5.0,2.0,-3.0,39.98306,-75.16738,20.0
3112,2026-01-29,7pm-7am,1.0,2.0,1.0,39.95373,-75.21825,18.0
3119,2024-07-30,7am-7pm,6.0,4.0,-2.0,39.96674,-75.20799,17.0
3207,2025-11-11,7pm-7am,3.0,3.0,0.0,39.95441,-75.192,20.0
3382,2024-11-30,7am-7pm,4.0,8.0,4.0,39.95038,-75.17309,11.0
3054,2023-12-11,7pm-7am,4.0,4.0,0.0,39.9625,-75.1742,35.0
3101,2025-09-22,7am-7pm,24.0,31.0,7.0,39.94295,-75.15955,18.0
3244,2024-11-29,7pm-7am,7.0,4.0,-3.0,,,
3361,2024-12-08,7pm-7am,3.0,11.0,8.0,39.93082,-75.17474,21.0
3051,2025-02-27,7am-7pm,13.0,12.0,-1.0,39.96744,-75.17507,37.0
3017,2025-02-20,7am-7pm,6.0,3.0,-3.0,39.98003,-75.14371,15.0
3353,2024-05-28,7pm-7am,2.0,1.0,-1.0,40.00496,-75.15233,22.0
3074,2024-01-18,7am-7pm,1.0,0.0,-1.0,39.95511,-75.20987,15.0
3326,2024-10-27,7pm-7am,1.0,0.0,-1.0,39.99198,-75.19944,17.0
3365,2024-03-16,7am-7pm,3.0,4.0,1.0,39.96173,-75.18788,17.0
3024,2024-05-17,7pm-7am,1.0,1.0,0.0,39.94822,-75.20908,19.0
3059,2025-05-10,7pm-7am,17.0,12.0,-5.0,39.96244,-75.16121,21.0
3086,2024-04-11,7am-7pm,6.0,8.0,2.0,39.94019,-75.16691,21.0
3301,2023-09-10,7am-7pm,17.0,15.0,-2.0,39.95029,-75.17126,15.0
3387,2025-10-13,7pm-7am,3.0,0.0,-3.0,39.97012,-75.14666,19.0
3038,2024-11-27,7am-7pm,23.0,21.0,-2.0,39.94781,-75.19409,28.0
3006,2023-09-20,7am-7pm,28.0,21.0,-7.0,39.9522,-75.20311,17.0
3009,2025-01-12,7pm-7am,3.0,1.0,-2.0,39.95576,-75.18982,14.0
3263,2025-01-16,7pm-7am,1.0,1.0,0.0,39.9586,-75.2081,18.0
3097,2024-04-17,7am-7pm,9.0,11.0,2.0,39.97888,-75.13339,18.0
3247,2025-11-27,7am-7pm,2.0,0.0,-2.0,39.96538,-75.21514,16.0
3373,2024-12-09,7am-7pm,8.0,12.0,4.0,39.95817,-75.15668,15.0
3197,2023-03-17,7pm-7am,2.0,4.0,2.0,39.92083,-75.17033,23.0
3184,2024-04-30,7pm-7am,4.0,1.0,-3.0,39.94573,-75.19551,22.0
3185,2026-01-18,7am-7pm,11.0,4.0,-7.0,39.95169,-75.15888,21.0
3107,2023-07-16,7pm-7am,0.0,1.0,1.0,39.98203,-75.18866,18.0
3303,2024-05-27,7pm-7am,0.0,2.0,2.0,39.9559,-75.2053,20.0
3154,2026-03-24,7pm-7am,2.0,6.0,4.0,39.95924,-75.15821,16.0
3334,2023-07-27,7pm-7am,3.0,2.0,-1.0,39.9302,-75.15636,19.0
3331,2025-02-13,7am-7pm,4.0,5.0,1.0,39.97116,-75.12813,20.0
3266,2025-06-03,7pm-7am,3.0,5.0,2.0,39.9237,-75.14701,22.0
3117,2025-10-05,7pm-7am,1.0,1.0,0.0,39.97841,-75.22399,14.0
3006,2023-05-25,7pm-7am,5.0,5.0,0.0,39.9522,-75.20311,17.0
3356,2024-12-20,7am-7pm,1.0,2.0,1.0,39.89322,-75.17187,19.0
3115,2023-08-15,7am-7pm,10.0,9.0,-1.0,39.97263,-75.16757,18.0
3057,2023-06-13,7am-7pm,27.0,28.0,1.0,39.96439,-75.17987,26.0
3362,2025-07-20,7am-7pm,19.0,23.0,4.0,39.94816,-75.16226,19.0
3124,2025-03-12,7pm-7am,1.0,0.0,-1.0,39.95367,-75.13956,17.0
3169,2023-07-18,7pm-7am,7.0,4.0,-3.0,39.95382,-75.14263,17.0
3073,2023-09-16,7am-7pm,7.0,10.0,3.0,39.96143,-75.15242,15.0
3124,2024-06-03,7pm-7am,3.0,2.0,-1.0,39.95367,-75.13956,17.0
3311,2023-11-18,7pm-7am,0.0,1.0,1.0,,,
3345,2025-06-05,7pm-7am,7.0,8.0,1.0,39.9617,-75.14667,19.0
3078,2025-08-28,7pm-7am,3.0,2.0,-1.0,39.95355,-75.17192,18.0
3265,2023-03-24,7pm-7am,2.0,4.0,2.0,39.95957,-75.19633,13.0
3443,2025-10-15,7pm-7am,1.0,0.0,-1.0,40.02155,-75.21339,10.0
3360,2026-01-15,7pm-7am,3.0,2.0,-1.0,39.93304,-75.16822,22.0
3185,2024-04-01,7am-7pm,13.0,14.0,1.0,39.95169,-75.15888,21.0
3207,2024-11-09,7am-7pm,14.0,18.0,4.0,39.95441,-75.192,20.0
3070,2023-04-02,7am-7pm,7.0,7.0,0.0,,,
3365,2024-08-14,7pm-7am,9.0,7.0,-2.0,39.96173,-75.18788,17.0
3321,2023-05-28,7pm-7am,4.0,4.0,0.0,39.95485,-75.17298,21.0
3263,2025-10-18,7pm-7am,4.0,3.0,-1.0,39.9586,-75.2081,18.0
3298,2023-08-23,7am-7pm,9.0,4.0,-5.0,39.94717,-75.20691,15.0
3348,2023-08-26,7pm-7am,0.0,1.0,1.0,,,
3047,2024-12-10,7am-7pm,13.0,13.0,0.0,39.95073,-75.14947,20.0
3074,2023-11-22,7am-7pm,5.0,6.0,1.0,39.95511,-75.20987,15.0
3430,2025-12-09,7am-7pm,3.0,6.0,3.0,39.97408,-75.1801,14.0
3024,2024-06-08,7am-7pm,18.0,21.0,3.0,39.94822,-75.20908,19.0
3123,2023-10-14,7am-7pm,3.0,0.0,-3.0,39.98004,-75.17088,16.0
3383,2025-01-07,7am-7pm,4.0,6.0,2.0,39.96634,-75.14222,19.0
3030,2025-04-15,7pm-7am,1.0,5.0,4.0,,,
3155,2024-02-22,7am-7pm,15.0,16.0,1.0,39.94018,-75.15442,18.0
3024,2023-08-10,7pm-7am,2.0,1.0,-1.0,39.94822,-75.20908,19.0
3395,2025-08-25,7pm-7am,5.0,5.0,0.0,39.93866,-75.16351,13.0
3226,2023-11-05,7am-7pm,1.0,2.0,1.0,39.98101,-75.13721,18.0
3279,2025-12-16,7pm-7am,4.0,0.0,-4.0,39.9265,-75.1668,18.0
3338,2025-04-06,7am-7pm,1.0,1.0,0.0,39.95098,-75.23035,21.0
3333,2025-07-14,7pm-7am,2.0,3.0,1.0,39.9541,-75.16965,25.0
3032,2025-07-23,7am-7pm,60.0,61.0,1.0,39.94527,-75.17971,20.0
3055,2024-10-02,7am-7pm,16.0,12.0,-4.0,39.95112,-75.15457,15.0
3226,2025-08-21,7am-7pm,5.0,3.0,-2.0,39.98101,-75.13721,18.0
3280,2025-03-09,7pm-7am,2.0,2.0,0.0,39.93968,-75.21362,18.0
3257,2024-08-20,7pm-7am,2.0,6.0,4.0,,,
3280,2024-10-08,7pm-7am,0.0,1.0,1.0,39.93968,-75.21362,18.0
3039,2023-12-04,7pm-7am,1.0,2.0,1.0,39.97157,-75.15993,17.0
3012,2025-12-27,7am-7pm,2.0,3.0,1.0,39.94218,-75.17747,27.0
3030,2025-07-08,7am-7pm,27.0,25.0,-2.0,,,
3055,2024-12-12,7pm-7am,6.0,3.0,-3.0,39.95112,-75.15457,15.0
3187,2025-09-20,7pm-7am,2.0,1.0,-1.0,39.95725,-75.17232,19.0
3207,2023-05-13,7pm-7am,4.0,4.0,0.0,39.95441,-75.192,20.0
3018,2024-09-04,7pm-7am,5.0,2.0,-3.0,39.95273,-75.15979,18.0
3041,2023-05-27,7pm-7am,1.0,6.0,5.0,39.96849,-75.13546,26.0
3245,2024-03-13,7am-7pm,13.0,12.0,-1.0,39.97887,-75.15777,20.0
3030,2024-03-20,7am-7pm,24.0,15.0,-9.0,,,
3031,2023-02-01,7pm-7am,1.0,0.0,-1.0,39.98005,-75.15522,21.0
3077,2024-02-25,7pm-7am,2.0,4.0,2.0,39.97207,-75.16351,19.0
3292,2023-12-23,7pm-7am,1.0,4.0,3.0,39.92,-75.1562,17.0
3279,2024-06-11,7pm-7am,1.0,5.0,4.0,39.9265,-75.1668,18.0
3040,2023-11-03,7pm-7am,5.0,4.0,-1.0,39.96289,-75.16606,21.0
3099,2024-12-30,7pm-7am,0.0,1.0,1.0,39.93401,-75.15094,19.0
3123,2025-08-10,7pm-7am,1.0,0.0,-1.0,39.98004,-75.17088,16.0
3249,2025-09-30,7pm-7am,5.0,7.0,2.0,39.95784,-75.19079,22.0
3238,2023-07-23,7am-7pm,27.0,29.0,2.0,39.97674,-75.11995,11.0
3307,2025-10-30,7am-7pm,1.0,0.0,-1.0,40.0028,-75.174,11.0
3333,2024-02-14,7am-7pm,16.0,16.0,0.0,39.9541,-75.16965,25.0
3333,2024-05-30,7am-7pm,28.0,28.0,0.0,39.9541,-75.16965,25.0
3028,2024-07-01,7am-7pm,23.0,31.0,8.0,39.94061,-75.14958,15.0
3342,2024-08-17,7pm-7am,7.0,5.0,-2.0,39.9639,-75.17385,20.0
3319,2025-11-12,7am-7pm,5.0,3.0,-2.0,39.96672,-75.12964,16.0
3116,2025-05-06,7am-7pm,9.0,14.0,5.0,39.96006,-75.17198,21.0
3053,2025-03-18,7am-7pm,16.0,17.0,1.0,39.93231,-75.18154,19.0
3038,2023-03-30,7am-7pm,29.0,23.0,-6.0,39.94781,-75.19409,28.0
3031,2024-10-26,7am-7pm,3.0,3.0,0.0,39.98005,-75.15522,21.0
3400,2025-08-11,7am-7pm,14.0,14.0,0.0,39.949,-75.16081,18.0
3118,2024-11-11,7am-7pm,8.0,7.0,-1.0,39.95866,-75.21323,20.0
3233,2024-12-26,7am-7pm,0.0,1.0,1.0,,,
3182,2023-05-30,7am-7pm,14.0,20.0,6.0,,,
3430,2025-06-30,7pm-7am,1.0,2.0,1.0,39.97408,-75.1801,14.0
3018,2026-02-28,7am-7pm,23.0,21.0,-2.0,39.95273,-75.15979,18.0
3253,2023-11-18,7am-7pm,7.0,3.0,-4.0,39.93074,-75.18924,21.0
3017,2025-10-02,7pm-7am,3.0,4.0,1.0,39.98003,-75.14371,15.0
3039,2023-08-10,7am-7pm,9.0,7.0,-2.0,39.97157,-75.15993,17.0
3017,2024-05-13,7pm-7am,1.0,3.0,2.0,39.98003,-75.14371,15.0
3375,2025-08-26,7am-7pm,15.0,14.0,-1.0,39.96036,-75.1402,22.0
3159,2024-06-02,7pm-7am,7.0,10.0,3.0,39.95121,-75.19962,23.0
3310,2023-05-14,7pm-7am,0.0,1.0,1.0,39.98024,-75.18651,15.0
3251,2024-03-07,7am-7pm,2.0,4.0,2.0,39.93366,-75.19319,16.0
3055,2023-05-15,7pm-7am,5.0,6.0,1.0,39.95112,-75.15457,15.0
3112,2024-03-06,7pm-7am,0.0,2.0,2.0,39.95373,-75.21825,18.0
3104,2023-08-30,7pm-7am,3.0,5.0,2.0,39.96664,-75.19209,13.0
3381,2025-12-21,7pm-7am,2.0,4.0,2.0,39.94845,-75.21807,13.0
3197,2025-01-08,7am-7pm,5.0,5.0,0.0,39.92083,-75.17033,23.0
3291,2023-06-14,7am-7pm,5.0,5.0,0.0,40.01022,-75.197,15.0
3325,2024-10-22,7pm-7am,0.0,2.0,2.0,39.9768,-75.12764,22.0
3241,2023-06-03,7pm-7am,2.0,5.0,3.0,39.95225,-75.22637,20.0
3064,2025-11-28,7am-7pm,10.0,13.0,3.0,39.9384,-75.17327,22.0
3063,2025-04-26,7pm-7am,7.0,7.0,0.0,39.94633,-75.1698,25.0
3316,2023-10-14,7am-7pm,2.0,0.0,-2.0,39.92255,-75.17337,19.0
3306,2025-07-05,7am-7pm,2.0,2.0,0.0,39.99683,-75.17761,11.0
3028,2023-11-28,7am-7pm,20.0,20.0,0.0,39.94061,-75.14958,15.0
3325,2023-11-07,7pm-7am,2.0,0.0,-2.0,39.9768,-75.12764,22.0
3396,2024-12-10,7pm-7am,2.0,2.0,0.0,39.92327,-75.1821,16.0
3110,2024-07-22,7am-7pm,7.0,7.0,0.0,39.96175,-75.13641,19.0
3117,2023-03-04,7am-7pm,1.0,1.0,0.0,39.97841,-75.22399,14.0
3348,2024-04-02,7am-7pm,2.0,3.0,1.0,,,
3029,2023-12-29,7am-7pm,2.0,2.0,0.0,39.9538,-75.19479,17.0
3316,2023-04-27,7am-7pm,6.0,3.0,-3.0,39.92255,-75.17337,19.0
3328,2026-03-17,7am-7pm,1.0,0.0,-1.0,39.98798,-75.1995,23.0
3285,2025-06-02,7am-7pm,9.0,9.0,0.0,39.95946,-75.14745,19.0
3235,2025-05-14,7pm-7am,4.0,5.0,1.0,39.96,-75.1651,15.0
3009,2024-04-17,7am-7pm,14.0,18.0,4.0,39.95576,-75.18982,14.0
3305,2024-05-20,7pm-7am,2.0,0.0,-2.0,39.99569,-75.1671,11.0
3250,2025-03-07,7pm-7am,2.0,4.0,2.0,39.95673,-75.14575,17.0
3196,2025-09-25,7am-7pm,1.0,0.0,-1.0,39.98717,-75.17477,17.0
3185,2023-08-19,7pm-7am,15.0,12.0,-3.0,39.95169,-75.15888,21.0
3026,2024-05-18,7am-7pm,16.0,21.0,5.0,39.94182,-75.1455,17.0
3267,2025-05-12,7pm-7am,1.0,1.0,0.0,39.918,-75.1796,12.0
3123,2023-07-22,7am-7pm,1.0,4.0,3.0,39.98004,-75.17088,16.0
3156,2023-05-11,7am-7pm,20.0,18.0,-2.0,39.95381,-75.17407,22.0
3318,2025-10-04,7am-7pm,32.0,40.0,8.0,39.95182,-75.16395,20.0
3155,2025-05-07,7am-7pm,12.0,13.0,1.0,39.94018,-75.15442,18.0
3077,2023-07-06,7am-7pm,11.0,9.0,-2.0,39.97207,-75.16351,19.0
3069,2025-09-18,7am-7pm,22.0,27.0,5.0,39.93704,-75.15038,23.0
3236,2024-11-05,7pm-7am,6.0,3.0,-3.0,39.96566,-75.17765,18.0
3211,2026-03-13,7am-7pm,8.0,10.0,2.0,39.97172,-75.1706,22.0
3066,2025-04-12,7am-7pm,13.0,4.0,-9.0,39.94561,-75.17348,29.0
3340,2024-10-15,7pm-7am,6.0,8.0,2.0,39.96906,-75.18169,17.0
3372,2024-01-25,7pm-7am,1.0,0.0,-1.0,39.92528,-75.18672,15.0
3077,2024-07-11,7pm-7am,1.0,4.0,3.0,39.97207,-75.16351,19.0
3301,2024-06-27,7am-7pm,32.0,35.0,3.0,39.95029,-75.17126,15.0
3047,2025-11-25,7pm-7am,2.0,2.0,0.0,39.95073,-75.14947,20.0
3059,2025-06-12,7am-7pm,29.0,28.0,-1.0,39.96244,-75.16121,21.0
3350,2024-06-18,7pm-7am,2.0,3.0,1.0,39.99415,-75.15527,20.0
3320,2025-02-24,7pm-7am,1.0,1.0,0.0,39.9746,-75.15917,17.0
3068,2024-11-02,7pm-7am,5.0,11.0,6.0,39.93549,-75.16711,18.0
3365,2024-06-20,7am-7pm,17.0,17.0,0.0,39.96173,-75.18788,17.0
3164,2026-03-29,7pm-7am,3.0,3.0,0.0,39.92814,-75.16515,18.0
3152,2024-10-14,7am-7pm,4.0,4.0,0.0,39.94993,-75.20286,17.0
3124,2024-05-23,7pm-7am,24.0,17.0,-7.0,39.95367,-75.13956,17.0
3020,2023-12-27,7pm-7am,3.0,4.0,1.0,39.94855,-75.19007,36.0
3315,2025-05-31,7am-7pm,3.0,8.0,5.0,39.94235,-75.21138,13.0
3017,2023-05-06,7pm-7am,5.0,7.0,2.0,39.98003,-75.14371,15.0
3114,2025-05-13,7pm-7am,2.0,4.0,2.0,39.93775,-75.18012,17.0
3261,2023-12-23,7am-7pm,2.0,3.0,1.0,39.96304,-75.14099,17.0
3197,2023-04-28,7pm-7am,0.0,2.0,2.0,39.92083,-75.17033,23.0
3099,2023-09-30,7pm-7am,3.0,0.0,-3.0,39.93401,-75.15094,19.0
3063,2023-05-13,7am-7pm,18.0,21.0,3.0,39.94633,-75.1698,25.0
3250,2023-11-07,7pm-7am,2.0,2.0,0.0,39.95673,-75.14575,17.0
3165,2024-11-06,7am-7pm,14.0,15.0,1.0,39.95819,-75.1782,22.0
3102,2025-08-21,7am-7pm,28.0,21.0,-7.0,39.96759,-75.17952,26.0
3201,2025-12-19,7pm-7am,6.0,5.0,-1.0,39.95523,-75.1662,20.0
3062,2023-05-24,7am-7pm,6.0,9.0,3.0,,,
3049,2023-09-16,7am-7pm,23.0,27.0,4.0,39.94509,-75.1425,29.0
3040,2025-07-05,7am-7pm,10.0,10.0,0.0,39.96289,-75.16606,21.0
3328,2023-09-07,7pm-7am,2.0,2.0,0.0,39.98798,-75.1995,23.0
3313,2023-08-01,7am-7pm,2.0,4.0,2.0,39.9158,-75.1643,9.0
3035,2024-01-24,7am-7pm,8.0,6.0,-2.0,39.96271,-75.19419,20.0
3098,2024-02-28,7am-7pm,8.0,7.0,-1.0,39.93431,-75.16042,19.0
3281,2025-01-08,7am-7pm,1.0,0.0,-1.0,39.9323,-75.2162,15.0
3185,2024-10-16,7pm-7am,5.0,5.0,0.0,39.95169,-75.15888,21.0
3052,2025-07-10,7pm-7am,6.0,9.0,3.0,39.94732,-75.15695,25.0
3359,2025-10-06,7am-7pm,47.0,49.0,2.0,39.94888,-75.16978,29.0
3019,2023-03-31,7am-7pm,5.0,6.0,1.0,39.95403,-75.14983,15.0
3009,2023-12-10,7pm-7am,2.0,1.0,-1.0,39.95576,-75.18982,14.0
3277,2025-11-04,7pm-7am,1.0,1.0,0.0,39.98306,-75.16738,20.0
3255,2024-09-26,7pm-7am,8.0,5.0,-3.0,39.95095,-75.16438,15.0
3207,2023-07-02,7am-7pm,7.0,4.0,-3.0,39.95441,-75.192,20.0
3226,2024-04-20,7am-7pm,1.0,1.0,0.0,39.98101,-75.13721,18.0
3272,2025-09-16,7am-7pm,3.0,4.0,1.0,39.96405,-75.22048,13.0
3119,2024-10-13,7pm-7am,0.0,2.0,2.0,39.96674,-75.20799,17.0
3417,2026-03-09,7pm-7am,1.0,3.0,2.0,39.99146,-75.14808,15.0
3295,2025-11-30,7pm-7am,8.0,8.0,0.0,39.95028,-75.16027,21.0
3340,2023-08-29,7am-7pm,16.0,20.0,4.0,39.96906,-75.18169,17.0
3067,2025-06-06,7pm-7am,2.0,1.0,-1.0,39.96411,-75.19973,17.0
3169,2025-11-01,7am-7pm,16.0,18.0,2.0,39.95382,-75.14263,17.0
3285,2024-11-06,7pm-7am,2.0,0.0,-2.0,39.95946,-75.14745,19.0
3158,2023-06-17,7pm-7am,4.0,3.0,-1.0,39.92552,-75.16904,15.0
3311,2024-01-17,7am-7pm,1.0,0.0,-1.0,,,
3024,2023-06-04,7am-7pm,4.0,3.0,-1.0,39.94822,-75.20908,19.0
3279,2025-02-14,7pm-7am,1.0,2.0,1.0,39.9265,-75.1668,18.0
3046,2023-07-27,7am-7pm,25.0,25.0,0.0,,,
3166,2026-03-05,7pm-7am,3.0,0.0,-3.0,39.97195,-75.13445,22.0
3295,2025-01-14,7pm-7am,4.0,5.0,1.0,39.95028,-75.16027,21.0
3073,2024-05-04,7pm-7am,5.0,3.0,-2.0,39.96143,-75.15242,15.0
3377,2024-09-07,7am-7pm,5.0,9.0,4.0,,,
3182,2025-11-22,7pm-7am,6.0,2.0,-4.0,,,
3086,2026-01-22,7am-7pm,7.0,11.0,4.0,39.94019,-75.16691,21.0
3164,2025-01-18,7am-7pm,8.0,2.0,-6.0,39.92814,-75.16515,18.0
3396,2025-09-02,7pm-7am,3.0,3.0,0.0,39.92327,-75.1821,16.0
3104,2023-08-27,7pm-7am,6.0,5.0,-1.0,39.96664,-75.19209,13.0
3099,2023-02-26,7am-7pm,3.0,3.0,0.0,39.93401,-75.15094,19.0
3308,2023-07-07,7am-7pm,8.0,10.0,2.0,,,
3065,2023-02-17,7am-7pm,2.0,3.0,1.0,39.9707,-75.15171,15.0
3248,2023-04-22,7pm-7am,0.0,1.0,1.0,39.94213,-75.18335,22.0
3021,2023-08-03,7pm-7am,8.0,8.0,0.0,39.9539,-75.16902,34.0
3383,2024-11-19,7pm-7am,3.0,5.0,2.0,39.96634,-75.14222,19.0
3059,2024-03-25,7pm-7am,6.0,7.0,1.0,39.96244,-75.16121,21.0
3371,2025-09-21,7am-7pm,13.0,20.0,7.0,39.9534,-75.1543,19.0
3035,2023-03-03,7pm-7am,4.0,5.0,1.0,39.96271,-75.19419,20.0
3052,2025-03-25,7am-7pm,29.0,29.0,0.0,39.94732,-75.15695,25.0
3040,2023-04-24,7am-7pm,19.0,23.0,4.0,39.96289,-75.16606,21.0
3088,2023-09-13,7pm-7am,3.0,7.0,4.0,39.96984,-75.1418,35.0
3345,2024-12-26,7am-7pm,2.0,1.0,-1.0,39.9617,-75.14667,19.0
3063,2023-10-22,7am-7pm,12.0,13.0,1.0,39.94633,-75.1698,25.0
3065,2024-10-04,7am-7pm,3.0,7.0,4.0,39.9707,-75.15171,15.0
3154,2023-10-18,7am-7pm,32.0,34.0,2.0,39.95924,-75.15821,16.0
3052,2023-11-28,7pm-7am,2.0,6.0,4.0,39.94732,-75.15695,25.0
3310,2024-02-08,7am-7pm,1.0,0.0,-1.0,39.98024,-75.18651,15.0
3039,2026-02-08,7pm-7am,1.0,0.0,-1.0,39.97157,-75.15993,17.0
3279,2024-05-15,7am-7pm,11.0,9.0,-2.0,39.9265,-75.1668,18.0
3226,2023-08-25,7am-7pm,5.0,5.0,0.0,39.98101,-75.13721,18.0
3004,2023-02-15,7am-7pm,11.0,13.0,2.0,39.95371,-75.16423,23.0
3317,2023-12-21,7pm-7am,2.0,1.0,-1.0,,,
3320,2023-06-28,7pm-7am,2.0,5.0,3.0,39.9746,-75.15917,17.0
3357,2023-10-20,7am-7pm,2.0,1.0,-1.0,39.9104,-75.16588,27.0
3241,2023-05-15,7am-7pm,9.0,11.0,2.0,39.95225,-75.22637,20.0
3281,2024-07-27,7am-7pm,1.0,0.0,-1.0,39.9323,-75.2162,15.0
3291,2024-12-10,7pm-7am,1.0,1.0,0.0,40.01022,-75.197,15.0
3021,2023-08-23,7pm-7am,7.0,6.0,-1.0,39.9539,-75.16902,34.0
3008,2024-10-11,7pm-7am,2.0,1.0,-1.0,39.98081,-75.15067,17.0
3249,2025-11-23,7am-7pm,3.0,6.0,3.0,39.95784,-75.19079,22.0
3008,2025-04-01,7pm-7am,0.0,1.0,1.0,39.98081,-75.15067,17.0
3210,2025-08-03,7am-7pm,8.0,7.0,-1.0,39.98492,-75.15668,18.0
3320,2025-06-15,7am-7pm,8.0,9.0,1.0,39.9746,-75.15917,17.0
3245,2025-01-01,7am-7pm,1.0,1.0,0.0,39.97887,-75.15777,20.0
3243,2024-01-18,7pm-7am,1.0,1.0,0.0,39.9835,-75.14743,12.0
3098,2024-02-05,7am-7pm,7.0,4.0,-3.0,39.93431,-75.16042,19.0
3061,2024-08-26,7pm-7am,12.0,7.0,-5.0,,,
3268,2025-05-31,7am-7pm,3.0,4.0,1.0,39.97633,-75.15101,22.0
3123,2023-01-25,7am-7pm,2.0,3.0,1.0,39.98004,-75.17088,16.0
3324,2024-03-15,7am-7pm,4.0,6.0,2.0,39.99484,-75.19242,23.0
3102,2025-11-21,7am-7pm,29.0,19.0,-10.0,39.96759,-75.17952,26.0
3391,2025-02-24,7am-7pm,0.0,1.0,1.0,39.99667,-75.23482,13.0
3067,2023-11-24,7pm-7am,0.0,1.0,1.0,39.96411,-75.19973,17.0
3064,2024-02-24,7am-7pm,10.0,7.0,-3.0,39.9384,-75.17327,22.0
3340,2024-02-23,7am-7pm,10.0,9.0,-1.0,39.96906,-75.18169,17.0
3057,2024-04-17,7pm-7am,4.0,4.0,0.0,39.96439,-75.17987,26.0
3326,2024-10-04,7pm-7am,2.0,0.0,-2.0,39.99198,-75.19944,17.0
3065,2025-12-16,7am-7pm,2.0,3.0,1.0,39.9707,-75.15171,15.0
3054,2024-05-11,7am-7pm,37.0,33.0,-4.0,39.9625,-75.1742,35.0
3065,2025-04-10,7pm-7am,3.0,2.0,-1.0,39.9707,-75.15171,15.0
3387,2026-01-12,7pm-7am,0.0,1.0,1.0,39.97012,-75.14666,19.0
3236,2024-03-15,7am-7pm,6.0,6.0,0.0,39.96566,-75.17765,18.0
3200,2026-01-01,7am-7pm,1.0,0.0,-1.0,39.97583,-75.16846,17.0
3113,2024-11-10,7am-7pm,2.0,3.0,1.0,39.97472,-75.19781,12.0
3204,2025-10-04,7am-7pm,22.0,19.0,-3.0,39.96437,-75.16582,22.0
3292,2023-12-16,7am-7pm,4.0,5.0,1.0,39.92,-75.1562,17.0
3020,2025-02-09,7pm-7am,11.0,1.0,-10.0,39.94855,-75.19007,36.0
3340,2024-09-28,7am-7pm,18.0,12.0,-6.0,39.96906,-75.18169,17.0
3016,2024-01-06,7pm-7am,1.0,0.0,-1.0,39.96892,-75.1547,15.0
3381,2024-07-26,7am-7pm,8.0,7.0,-1.0,39.94845,-75.21807,13.0
3022,2025-11-05,7am-7pm,44.0,45.0,1.0,39.95472,-75.18323,21.0
3039,2023-04-22,7pm-7am,2.0,1.0,-1.0,39.97157,-75.15993,17.0
3244,2024-11-16,7am-7pm,26.0,23.0,-3.0,,,
3325,2026-02-19,7pm-7am,1.0,1.0,0.0,39.9768,-75.12764,22.0
3086,2023-07-22,7am-7pm,14.0,9.0,-5.0,39.94019,-75.16691,21.0
3377,2024-04-19,7pm-7am,2.0,0.0,-2.0,,,
3254,2023-06-09,7am-7pm,9.0,7.0,-2.0,39.98091,-75.16065,18.0
3325,2024-11-13,7am-7pm,3.0,3.0,0.0,39.9768,-75.12764,22.0
3017,2023-07-14,7am-7pm,9.0,5.0,-4.0,39.98003,-75.14371,15.0
3258,2024-10-02,7pm-7am,5.0,3.0,-2.0,39.95828,-75.22424,20.0
3321,2024-10-10,7am-7pm,13.0,11.0,-2.0,39.95485,-75.17298,21.0
3271,2024-11-21,7am-7pm,0.0,1.0,1.0,39.9476,-75.22946,18.0
3159,2023-05-01,7am-7pm,15.0,20.0,5.0,39.95121,-75.19962,23.0
3075,2025-04-16,7am-7pm,16.0,17.0,1.0,39.96718,-75.16125,12.0
3106,2025-05-28,7pm-7am,1.0,1.0,0.0,39.99179,-75.18637,17.0
3152,2025-06-17,7am-7pm,5.0,8.0,3.0,39.94993,-75.20286,17.0
3099,2023-08-04,7pm-7am,2.0,2.0,0.0,39.93401,-75.15094,19.0
3362,2025-11-16,7am-7pm,21.0,30.0,9.0,39.94816,-75.16226,19.0
3277,2024-01-04,7pm-7am,3.0,2.0,-1.0,39.98306,-75.16738,20.0
3381,2024-05-13,7am-7pm,5.0,5.0,0.0,39.94845,-75.21807,13.0
3170,2023-09-15,7pm-7am,4.0,3.0,-1.0,,,
3341,2025-07-13,7pm-7am,2.0,5.0,3.0,39.98131,-75.12732,20.0
3310,2023-08-22,7am-7pm,4.0,2.0,-2.0,39.98024,-75.18651,15.0
3301,2023-02-23,7pm-7am,4.0,5.0,1.0,39.95029,-75.17126,15.0
3039,2024-02-24,7am-7pm,4.0,2.0,-2.0,39.97157,-75.15993,17.0
3075,2025-12-11,7pm-7am,4.0,8.0,4.0,39.96718,-75.16125,12.0
3421,2025-07-11,7pm-7am,0.0,3.0,3.0,39.91972,-75.16408,13.0
3347,2024-05-19,7pm-7am,3.0,0.0,-3.0,,,
3070,2023-02-13,7pm-7am,1.0,0.0,-1.0,,,
3278,2025-03-28,7pm-7am,1.0,0.0,-1.0,39.99301,-75.1681,11.0
3362,2025-04-14,7pm-7am,11.0,9.0,-2.0,39.94816,-75.16226,19.0
3100,2024-09-01,7pm-7am,6.0,10.0,4.0,39.92777,-75.15103,38.0
3028,2023-01-14,7pm-7am,4.0,5.0,1.0,39.94061,-75.14958,15.0
3248,2023-08-02,7pm-7am,3.0,7.0,4.0,39.94213,-75.18335,22.0
3375,2026-01-12,7am-7pm,4.0,3.0,-1.0,39.96036,-75.1402,22.0
3336,2025-06-13,7am-7pm,18.0,13.0,-5.0,39.95719,-75.19388,20.0
3322,2024-05-28,7pm-7am,6.0,8.0,2.0,39.93638,-75.15526,13.0
3264,2024-09-25,7pm-7am,4.0,10.0,6.0,39.94571,-75.15508,23.0
3165,2023-04-13,7am-7pm,16.0,13.0,-3.0,39.95819,-75.1782,22.0
3245,2025-06-03,7pm-7am,6.0,5.0,-1.0,39.97887,-75.15777,20.0
3306,2023-05-16,7am-7pm,1.0,0.0,-1.0,39.99683,-75.17761,11.0
3049,2023-08-17,7pm-7am,7.0,3.0,-4.0,39.94509,-75.1425,29.0
3024,2024-10-06,7am-7pm,6.0,5.0,-1.0,39.94822,-75.20908,19.0
3280,2025-07-28,7am-7pm,1.0,1.0,0.0,39.93968,-75.21362,18.0
3285,2024-10-16,7am-7pm,4.0,3.0,-1.0,39.95946,-75.14745,19.0
3315,2024-07-04,7pm-7am,1.0,1.0,0.0,39.94235,-75.21138,13.0
3029,2024-08-20,7am-7pm,31.0,31.0,0.0,39.9538,-75.19479,17.0
3030,2023-10-17,7am-7pm,21.0,19.0,-2.0,,,
3349,2024-06-15,7pm-7am,4.0,2.0,-2.0,39.93651,-75.18621,17.0
3111,2023-09-08,7pm-7am,3.0,0.0,-3.0,39.97779,-75.21323,14.0
3297,2024-06-08,7pm-7am,3.0,3.0,0.0,39.95821,-75.16901,19.0
3160,2024-10-08,7am-7pm,22.0,8.0,-14.0,39.95662,-75.19862,41.0
3040,2023-08-23,7pm-7am,7.0,5.0,-2.0,39.96289,-75.16606,21.0
3058,2023-08-26,7pm-7am,4.0,8.0,4.0,,,
3213,2025-09-10,7am-7pm,48.0,44.0,-4.0,39.93887,-75.16663,25.0
3208,2025-09-02,7am-7pm,51.0,40.0,-11.0,39.95048,-75.19324,28.0
3169,2025-09-22,7am-7pm,23.0,13.0,-10.0,39.95382,-75.14263,17.0
3365,2024-08-22,7pm-7am,7.0,9.0,2.0,39.96173,-75.18788,17.0
3026,2024-01-27,7pm-7am,4.0,1.0,-3.0,39.94182,-75.1455,17.0
3164,2024-10-20,7pm-7am,10.0,4.0,-6.0,39.92814,-75.16515,18.0
3336,2024-02-22,7am-7pm,9.0,11.0,2.0,39.95719,-75.19388,20.0
3300,2024-07-06,7pm-7am,2.0,3.0,1.0,39.95511,-75.16287,13.0
3387,2025-09-29,7pm-7am,5.0,3.0,-2.0,39.97012,-75.14666,19.0
3237,2023-08-19,7am-7pm,2.0,1.0,-1.0,39.91717,-75.17096,21.0
3407,2025-06-27,7am-7pm,4.0,2.0,-2.0,39.9785,-75.13911,15.0
3263,2024-06-28,7am-7pm,6.0,2.0,-4.0,39.9586,-75.2081,18.0
3116,2025-05-04,7pm-7am,4.0,4.0,0.0,39.96006,-75.17198,21.0
3418,2025-06-23,7am-7pm,1.0,1.0,0.0,40.00924,-75.15198,17.0
3372,2025-11-17,7am-7pm,2.0,2.0,0.0,39.92528,-75.18672,15.0
3033,2023-02-27,7pm-7am,1.0,8.0,7.0,39.95005,-75.15672,20.0
3212,2024-05-16,7pm-7am,2.0,1.0,-1.0,39.96383,-75.18177,32.0
3399,2025-08-25,7am-7pm,8.0,11.0,3.0,39.97502,-75.14006,15.0
3324,2023-09-12,7pm-7am,3.0,5.0,2.0,39.99484,-75.19242,23.0
3398,2026-03-27,7am-7pm,2.0,4.0,2.0,39.91551,-75.15474,15.0
3213,2026-03-21,7am-7pm,28.0,26.0,-2.0,39.93887,-75.16663,25.0
3259,2026-03-09,7pm-7am,3.0,1.0,-2.0,39.95998,-75.19883,17.0
3304,2023-06-21,7am-7pm,11.0,10.0,-1.0,39.94234,-75.15399,21.0
3243,2023-04-27,7pm-7am,1.0,0.0,-1.0,39.9835,-75.14743,12.0
3012,2023-10-23,7am-7pm,28.0,28.0,0.0,39.94218,-75.17747,27.0
3150,2024-03-09,7am-7pm,2.0,0.0,-2.0,39.92884,-75.17021,17.0
3169,2024-06-12,7am-7pm,19.0,24.0,5.0,39.95382,-75.14263,17.0
3385,2026-03-20,7pm-7am,2.0,1.0,-1.0,39.94974,-75.15424,15.0
3169,2024-10-18,7am-7pm,12.0,16.0,4.0,39.95382,-75.14263,17.0
3346,2024-03-29,7am-7pm,5.0,8.0,3.0,39.94883,-75.15097,17.0
3267,2024-02-20,7am-7pm,5.0,5.0,0.0,39.918,-75.1796,12.0
3412,2025-10-09,7pm-7am,0.0,1.0,1.0,39.93771,-75.23373,15.0
3226,2025-09-24,7am-7pm,2.0,1.0,-1.0,39.98101,-75.13721,18.0
3357,2025-12-10,7am-7pm,1.0,0.0,-1.0,39.9104,-75.16588,27.0
3283,2023-06-07,7pm-7am,0.0,1.0,1.0,,,
3349,2024-10-26,7pm-7am,3.0,3.0,0.0,39.93651,-75.18621,17.0
3157,2023-09-08,7pm-7am,12.0,7.0,-5.0,39.92545,-75.15954,18.0
3057,2023-02-15,7am-7pm,10.0,11.0,1.0,39.96439,-75.17987,26.0
3154,2025-09-20,7am-7pm,18.0,21.0,3.0,39.95924,-75.15821,16.0
3070,2023-06-16,7am-7pm,11.0,7.0,-4.0,,,
3315,2025-07-16,7am-7pm,4.0,3.0,-1.0,39.94235,-75.21138,13.0
3116,2023-06-05,7am-7pm,14.0,12.0,-2.0,39.96006,-75.17198,21.0
3119,2023-09-21,7am-7pm,4.0,5.0,1.0,39.96674,-75.20799,17.0
3053,2024-07-05,7pm-7am,2.0,7.0,5.0,39.93231,-75.18154,19.0
3410,2025-07-26,7pm-7am,0.0,1.0,1.0,39.94201,-75.21838,11.0
3155,2023-09-10,7pm-7am,3.0,0.0,-3.0,39.94018,-75.15442,18.0
3275,2023-01-30,7am-7pm,3.0,4.0,1.0,39.97576,-75.12157,22.0
3305,2024-07-14,7pm-7am,1.0,2.0,1.0,39.99569,-75.1671,11.0
3020,2024-04-17,7pm-7am,9.0,11.0,2.0,39.94855,-75.19007,36.0
3037,2023-01-04,7am-7pm,11.0,10.0,-1.0,39.95424,-75.16138,21.0
3065,2023-02-06,7am-7pm,3.0,2.0,-1.0,39.9707,-75.15171,15.0
3348,2024-08-14,7pm-7am,4.0,2.0,-2.0,,,
3059,2024-11-03,7am-7pm,24.0,29.0,5.0,39.96244,-75.16121,21.0
3332,2025-03-03,7am-7pm,1.0,0.0,-1.0,40.00537,-75.18143,12.0
3066,2023-05-07,7pm-7am,6.0,8.0,2.0,39.94561,-75.17348,29.0
3256,2024-08-04,7pm-7am,5.0,4.0,-1.0,39.95269,-75.17779,23.0
3066,2024-09-20,7pm-7am,12.0,9.0,-3.0,39.94561,-75.17348,29.0
3319,2023-05-10,7pm-7am,0.0,1.0,1.0,39.96672,-75.12964,16.0
3421,2025-05-26,7am-7pm,4.0,4.0,0.0,39.91972,-75.16408,13.0
3344,2025-11-17,7pm-7am,1.0,1.0,0.0,39.95961,-75.23354,23.0
3038,2023-01-07,7pm-7am,3.0,2.0,-1.0,39.94781,-75.19409,28.0
3256,2025-07-14,7pm-7am,5.0,2.0,-3.0,39.95269,-75.17779,23.0
3005,2024-07-26,7am-7pm,11.0,12.0,1.0,39.94733,-75.14403,13.0
3296,2025-07-09,7am-7pm,32.0,33.0,1.0,39.95134,-75.16758,21.0
3261,2023-01-30,7pm-7am,3.0,3.0,0.0,39.96304,-75.14099,17.0
3321,2026-02-18,7pm-7am,3.0,2.0,-1.0,39.95485,-75.17298,21.0
3257,2024-12-16,7pm-7am,1.0,1.0,0.0,,,
3369,2024-09-17,7pm-7am,0.0,3.0,3.0,40.00772,-75.19194,16.0
3308,2023-07-23,7pm-7am,0.0,2.0,2.0,,,
3028,2023-05-01,7pm-7am,8.0,7.0,-1.0,39.94061,-75.14958,15.0
3350,2026-03-11,7am-7pm,3.0,3.0,0.0,39.99415,-75.15527,20.0
3249,2024-05-30,7am-7pm,19.0,13.0,-6.0,39.95784,-75.19079,22.0
3357,2024-07-28,7am-7pm,7.0,7.0,0.0,39.9104,-75.16588,27.0
3261,2023-06-06,7pm-7am,10.0,8.0,-2.0,39.96304,-75.14099,17.0
3264,2024-11-25,7am-7pm,25.0,26.0,1.0,39.94571,-75.15508,23.0
3292,2024-03-11,7am-7pm,6.0,5.0,-1.0,39.92,-75.1562,17.0
3298,2023-08-28,7am-7pm,3.0,1.0,-2.0,39.94717,-75.20691,15.0
3063,2025-06-12,7am-7pm,40.0,39.0,-1.0,39.94633,-75.1698,25.0
3284,2024-10-22,7am-7pm,3.0,0.0,-3.0,40.01112,-75.19287,14.0
3226,2026-03-03,7am-7pm,1.0,0.0,-1.0,39.98101,-75.13721,18.0
3250,2025-08-28,7pm-7am,4.0,4.0,0.0,39.95673,-75.14575,17.0
3347,2026-03-23,7pm-7am,4.0,5.0,1.0,,,
3150,2023-04-03,7pm-7am,3.0,4.0,1.0,39.92884,-75.17021,17.0
3249,2024-04-16,7am-7pm,15.0,22.0,7.0,39.95784,-75.19079,22.0
3102,2025-02-24,7pm-7am,3.0,4.0,1.0,39.96759,-75.17952,26.0
3430,2025-12-25,7pm-7am,0.0,1.0,1.0,39.97408,-75.1801,14.0
3387,2024-10-19,7am-7pm,14.0,5.0,-9.0,39.97012,-75.14666,19.0
3031,2024-11-02,7am-7pm,5.0,6.0,1.0,39.98005,-75.15522,21.0
3161,2025-08-29,7pm-7am,8.0,11.0,3.0,39.95486,-75.18091,23.0
3005,2024-12-06,7pm-7am,2.0,3.0,1.0,39.94733,-75.14403,13.0
3319,2025-08-03,7am-7pm,9.0,17.0,8.0,39.96672,-75.12964,16.0
3318,2025-05-14,7pm-7am,6.0,0.0,-6.0,39.95182,-75.16395,20.0
3038,2024-07-21,7pm-7am,3.0,3.0,0.0,39.94781,-75.19409,28.0
3233,2023-03-19,7pm-7am,3.0,0.0,-3.0,,,
3237,2024-11-18,7pm-7am,2.0,2.0,0.0,39.91717,-75.17096,21.0
3309,2024-02-22,7am-7pm,1.0,3.0,2.0,,,
3113,2025-02-20,7am-7pm,1.0,1.0,0.0,39.97472,-75.19781,12.0
3161,2026-03-23,7pm-7am,16.0,13.0,-3.0,39.95486,-75.18091,23.0
3331,2025-06-16,7am-7pm,2.0,8.0,6.0,39.97116,-75.12813,20.0
3112,2023-07-10,7pm-7am,2.0,1.0,-1.0,39.95373,-75.21825,18.0
3309,2023-09-12,7am-7pm,2.0,3.0,1.0,,,
3031,2023-06-05,7pm-7am,1.0,1.0,0.0,39.98005,-75.15522,21.0
3160,2025-11-05,7am-7pm,19.0,7.0,-12.0,39.95662,-75.19862,41.0
3235,2026-03-09,7pm-7am,4.0,4.0,0.0,39.96,-75.1651,15.0
3319,2023-08-04,7pm-7am,2.0,2.0,0.0,39.96672,-75.12964,16.0
3303,2025-12-09,7pm-7am,3.0,2.0,-1.0,39.9559,-75.2053,20.0
3111,2024-10-18,7am-7pm,3.0,3.0,0.0,39.97779,-75.21323,14.0
3352,2026-03-28,7am-7pm,1.0,1.0,0.0,40.00143,-75.15256,11.0
3410,2025-10-04,7am-7pm,4.0,0.0,-4.0,39.94201,-75.21838,11.0
3388,2025-04-08,7pm-7am,2.0,0.0,-2.0,39.96634,-75.15097,19.0
3375,2025-04-19,7pm-7am,6.0,5.0,-1.0,39.96036,-75.1402,22.0
3321,2025-04-05,7am-7pm,5.0,5.0,0.0,39.95485,-75.17298,21.0
3279,2023-04-24,7am-7pm,5.0,4.0,-1.0,39.9265,-75.1668,18.0
3054,2024-04-17,7pm-7am,11.0,8.0,-3.0,39.9625,-75.1742,35.0
3370,2025-09-10,7am-7pm,7.0,7.0,0.0,40.0163,-75.21241,16.0
3317,2024-01-27,7am-7pm,1.0,2.0,1.0,,,
3210,2026-02-15,7am-7pm,5.0,4.0,-1.0,39.98492,-75.15668,18.0
3237,2024-02-21,7pm-7am,1.0,1.0,0.0,39.91717,-75.17096,21.0
3378,2025-05-17,7pm-7am,8.0,5.0,-3.0,39.95238,-75.14728,18.0
3052,2023-06-29,7am-7pm,36.0,31.0,-5.0,39.94732,-75.15695,25.0
3073,2024-08-29,7pm-7am,9.0,11.0,2.0,39.96143,-75.15242,15.0
3360,2023-11-11,7pm-7am,2.0,1.0,-1.0,39.93304,-75.16822,22.0
3064,2024-06-12,7am-7pm,38.0,26.0,-12.0,39.9384,-75.17327,22.0
3028,2025-09-18,7pm-7am,12.0,15.0,3.0,39.94061,-75.14958,15.0
3049,2023-09-20,7am-7pm,12.0,16.0,4.0,39.94509,-75.1425,29.0
3008,2023-10-09,7pm-7am,1.0,2.0,1.0,39.98081,-75.15067,17.0
3099,2025-11-05,7am-7pm,9.0,14.0,5.0,39.93401,-75.15094,19.0
3067,2024-12-14,7am-7pm,1.0,2.0,1.0,39.96411,-75.19973,17.0
3012,2024-12-28,7am-7pm,4.0,2.0,-2.0,39.94218,-75.17747,27.0
3357,2025-07-01,7pm-7am,3.0,2.0,-1.0,39.9104,-75.16588,27.0
3345,2024-03-10,7am-7pm,1.0,3.0,2.0,39.9617,-75.14667,19.0
3241,2025-09-02,7pm-7am,2.0,1.0,-1.0,39.95225,-75.22637,20.0
3249,2025-06-06,7pm-7am,6.0,9.0,3.0,39.95784,-75.19079,22.0
3166,2024-09-11,7pm-7am,8.0,8.0,0.0,39.97195,-75.13445,22.0
3047,2023-08-10,7am-7pm,8.0,10.0,2.0,39.95073,-75.14947,20.0
3259,2025-03-11,7am-7pm,5.0,2.0,-3.0,39.95998,-75.19883,17.0
3014,2025-06-19,7pm-7am,1.0,0.0,-1.0,39.95886,-75.17369,25.0
3096,2024-10-23,7am-7pm,1.0,2.0,1.0,39.99119,-75.17975,14.0
3281,2025-10-17,7pm-7am,0.0,1.0,1.0,39.9323,-75.2162,15.0
3037,2026-01-01,7pm-7am,5.0,6.0,1.0,39.95424,-75.16138,21.0
3022,2025-01-26,7am-7pm,7.0,4.0,-3.0,39.95472,-75.18323,21.0
3115,2025-07-15,7pm-7am,2.0,5.0,3.0,39.97263,-75.16757,18.0
3104,2024-04-03,7am-7pm,4.0,2.0,-2.0,39.96664,-75.19209,13.0
3318,2025-04-15,7pm-7am,5.0,8.0,3.0,39.95182,-75.16395,20.0
3344,2025-04-30,7am-7pm,2.0,2.0,0.0,39.95961,-75.23354,23.0
3164,2024-06-30,7am-7pm,10.0,11.0,1.0,39.92814,-75.16515,18.0
3038,2025-09-02,7am-7pm,33.0,19.0,-14.0,39.94781,-75.19409,28.0
3152,2026-03-10,7am-7pm,4.0,3.0,-1.0,39.94993,-75.20286,17.0
3449,2026-02-18,7pm-7am,2.0,1.0,-1.0,39.94628,-75.15138,21.0
3110,2024-12-05,7pm-7am,1.0,0.0,-1.0,39.96175,-75.13641,19.0
3275,2026-02-04,7pm-7am,1.0,0.0,-1.0,39.97576,-75.12157,22.0
3060,2023-04-08,7am-7pm,1.0,2.0,1.0,39.95923,-75.17036,19.0
3266,2024-09-27,7am-7pm,4.0,6.0,2.0,39.9237,-75.14701,22.0
3382,2026-01-04,7pm-7am,2.0,0.0,-2.0,39.95038,-75.17309,11.0
3383,2025-09-22,7am-7pm,14.0,8.0,-6.0,39.96634,-75.14222,19.0
3185,2025-12-03,7am-7pm,28.0,19.0,-9.0,39.95169,-75.15888,21.0
3158,2026-03-02,7am-7pm,7.0,4.0,-3.0,39.92552,-75.16904,15.0
3093,2026-01-04,7am-7pm,1.0,2.0,1.0,39.98837,-75.18701,16.0
3360,2025-05-31,7am-7pm,14.0,11.0,-3.0,39.93304,-75.16822,22.0
3320,2024-12-11,7am-7pm,7.0,2.0,-5.0,39.9746,-75.15917,17.0
3168,2024-11-10,7pm-7am,1.0,4.0,3.0,,,
3150,2025-02-04,7pm-7am,3.0,3.0,0.0,39.92884,-75.17021,17.0
3435,2025-09-29,7pm-7am,4.0,5.0,1.0,39.98451,-75.12348,13.0
3299,2023-12-26,7pm-7am,5.0,2.0,-3.0,39.94332,-75.15698,22.0
3294,2023-05-03,7pm-7am,7.0,5.0,-2.0,39.95174,-75.17063,21.0
3211,2025-08-18,7am-7pm,10.0,10.0,0.0,39.97172,-75.1706,22.0
3166,2025-03-27,7pm-7am,4.0,4.0,0.0,39.97195,-75.13445,22.0
3323,2024-03-17,7pm-7am,2.0,2.0,0.0,40.02796,-75.2277,18.0
3116,2023-03-11,7pm-7am,1.0,2.0,1.0,39.96006,-75.17198,21.0
3063,2024-02-22,7am-7pm,19.0,15.0,-4.0,39.94633,-75.1698,25.0
3068,2024-06-09,7am-7pm,17.0,14.0,-3.0,39.93549,-75.16711,18.0
3116,2025-08-23,7am-7pm,37.0,29.0,-8.0,39.96006,-75.17198,21.0
3004,2023-05-23,7pm-7am,7.0,0.0,-7.0,39.95371,-75.16423,23.0
3252,2023-10-06,7pm-7am,1.0,1.0,0.0,39.93882,-75.19324,14.0
3334,2024-09-04,7am-7pm,22.0,21.0,-1.0,39.9302,-75.15636,19.0
3285,2023-04-08,7am-7pm,9.0,9.0,0.0,39.95946,-75.14745,19.0
3207,2024-08-10,7am-7pm,12.0,16.0,4.0,39.95441,-75.192,20.0
3303,2023-09-05,7am-7pm,8.0,4.0,-4.0,39.9559,-75.2053,20.0
3033,2023-11-02,7am-7pm,21.0,25.0,4.0,39.95005,-75.15672,20.0
3055,2023-06-30,7pm-7am,2.0,1.0,-1.0,39.95112,-75.15457,15.0
3077,2024-09-18,7am-7pm,4.0,8.0,4.0,39.97207,-75.16351,19.0
3295,2023-01-27,7am-7pm,16.0,18.0,2.0,39.95028,-75.16027,21.0
3052,2025-03-19,7am-7pm,39.0,31.0,-8.0,39.94732,-75.15695,25.0
3422,2025-12-09,7pm-7am,1.0,0.0,-1.0,39.95619,-75.18647,10.0
3152,2026-01-19,7pm-7am,1.0,0.0,-1.0,39.94993,-75.20286,17.0
3101,2025-07-25,7pm-7am,20.0,10.0,-10.0,39.94295,-75.15955,18.0
3124,2025-09-23,7pm-7am,4.0,1.0,-3.0,39.95367,-75.13956,17.0
3277,2025-03-29,7am-7pm,2.0,1.0,-1.0,39.98306,-75.16738,20.0
3052,2023-06-10,7pm-7am,11.0,13.0,2.0,39.94732,-75.15695,25.0
3374,2024-07-31,7am-7pm,21.0,16.0,-5.0,39.9728,-75.17971,18.0
3267,2024-01-30,7am-7pm,0.0,5.0,5.0,39.918,-75.1796,12.0
3279,2024-07-16,7am-7pm,10.0,5.0,-5.0,39.9265,-75.1668,18.0
3394,2025-04-03,7am-7pm,5.0,7.0,2.0,39.924,-75.16959,14.0
3078,2023-02-12,7am-7pm,12.0,10.0,-2.0,39.95355,-75.17192,18.0
3097,2025-12-13,7pm-7am,6.0,3.0,-3.0,39.97888,-75.13339,18.0
3382,2025-04-08,7pm-7am,4.0,6.0,2.0,39.95038,-75.17309,11.0
3246,2023-02-06,7am-7pm,6.0,4.0,-2.0,39.94782,-75.22301,17.0
3063,2025-06-12,7pm-7am,21.0,15.0,-6.0,39.94633,-75.1698,25.0
3026,2024-03-11,7am-7pm,9.0,9.0,0.0,39.94182,-75.1455,17.0
3117,2024-09-26,7pm-7am,3.0,3.0,0.0,39.97841,-75.22399,14.0
3187,2024-07-30,7pm-7am,4.0,1.0,-3.0,39.95725,-75.17232,19.0
3361,2024-06-09,7pm-7am,6.0,12.0,6.0,39.93082,-75.17474,21.0
3026,2024-06-28,7am-7pm,21.0,23.0,2.0,39.94182,-75.1455,17.0
3252,2024-07-10,7pm-7am,8.0,4.0,-4.0,39.93882,-75.19324,14.0
3008,2023-11-15,7am-7pm,9.0,8.0,-1.0,39.98081,-75.15067,17.0
3046,2023-06-16,7am-7pm,10.0,11.0,1.0,,,
3203,2025-08-24,7am-7pm,24.0,18.0,-6.0,39.94077,-75.17227,20.0
3282,2025-09-27,7am-7pm,1.0,0.0,-1.0,39.98628,-75.14925,15.0
3300,2024-07-09,7am-7pm,8.0,6.0,-2.0,39.95511,-75.16287,13.0
3072,2025-04-13,7pm-7am,3.0,2.0,-1.0,39.93445,-75.14541,25.0
3169,2024-07-08,7pm-7am,4.0,5.0,1.0,39.95382,-75.14263,17.0
3337,2023-09-22,7am-7pm,16.0,13.0,-3.0,39.97318,-75.14612,15.0
3286,2024-07-07,7pm-7am,0.0,2.0,2.0,39.96409,-75.14769,22.0
3268,2023-10-28,7pm-7am,0.0,1.0,1.0,39.97633,-75.15101,22.0
3187,2026-03-07,7am-7pm,9.0,8.0,-1.0,39.95725,-75.17232,19.0
3315,2025-09-12,7pm-7am,1.0,3.0,2.0,39.94235,-75.21138,13.0
3053,2024-10-02,7am-7pm,27.0,18.0,-9.0,39.93231,-75.18154,19.0
3020,2024-03-29,7pm-7am,8.0,7.0,-1.0,39.94855,-75.19007,36.0
3300,2025-03-12,7pm-7am,0.0,1.0,1.0,39.95511,-75.16287,13.0
3301,2023-11-16,7pm-7am,16.0,6.0,-10.0,39.95029,-75.17126,15.0
3163,2024-02-22,7am-7pm,10.0,14.0,4.0,39.94974,-75.18097,22.0
3099,2024-11-01,7pm-7am,4.0,8.0,4.0,39.93401,-75.15094,19.0
3064,2024-08-05,7am-7pm,12.0,10.0,-2.0,39.9384,-75.17327,22.0
3104,2024-03-16,7pm-7am,3.0,4.0,1.0,39.96664,-75.19209,13.0
3197,2024-07-24,7am-7pm,9.0,2.0,-7.0,39.92083,-75.17033,23.0
3005,2024-11-25,7pm-7am,5.0,1.0,-4.0,39.94733,-75.14403,13.0
3353,2025-07-16,7pm-7am,4.0,3.0,-1.0,40.00496,-75.15233,22.0
3115,2023-05-18,7pm-7am,3.0,2.0,-1.0,39.97263,-75.16757,18.0
3210,2023-04-29,7am-7pm,9.0,7.0,-2.0,39.98492,-75.15668,18.0
3118,2024-04-13,7pm-7am,1.0,1.0,0.0,39.95866,-75.21323,20.0
3205,2024-11-04,7pm-7am,3.0,2.0,-1.0,39.95405,-75.16783,22.0
3078,2023-01-18,7pm-7am,6.0,2.0,-4.0,39.95355,-75.17192,18.0
3287,2024-08-20,7am-7pm,2.0,1.0,-1.0,39.94367,-75.21606,16.0
3163,2023-02-16,7am-7pm,14.0,13.0,-1.0,39.94974,-75.18097,22.0
3150,2024-11-29,7pm-7am,2.0,2.0,0.0,39.92884,-75.17021,17.0
3283,2024-01-15,7am-7pm,1.0,1.0,0.0,,,
3252,2023-11-12,7am-7pm,2.0,2.0,0.0,39.93882,-75.19324,14.0
3104,2023-12-30,7pm-7am,0.0,1.0,1.0,39.96664,-75.19209,13.0
3240,2023-11-14,7pm-7am,1.0,2.0,1.0,39.96277,-75.21185,12.0
3264,2024-10-03,7pm-7am,8.0,10.0,2.0,39.94571,-75.15508,23.0
3008,2025-03-11,7pm-7am,3.0,4.0,1.0,39.98081,-75.15067,17.0
3060,2026-02-04,7pm-7am,2.0,1.0,-1.0,39.95923,-75.17036,19.0
3255,2023-03-24,7am-7pm,3.0,9.0,6.0,39.95095,-75.16438,15.0
3279,2024-04-28,7am-7pm,12.0,17.0,5.0,39.9265,-75.1668,18.0
3245,2025-11-01,7am-7pm,8.0,5.0,-3.0,39.97887,-75.15777,20.0
3363,2025-07-23,7am-7pm,17.0,27.0,10.0,39.94655,-75.16263,17.0
3007,2023-06-02,7pm-7am,17.0,12.0,-5.0,39.94517,-75.15993,20.0
3182,2025-12-21,7am-7pm,9.0,10.0,1.0,,,
3398,2025-08-03,7am-7pm,3.0,13.0,10.0,39.91551,-75.15474,15.0
3341,2023-08-20,7pm-7am,2.0,3.0,1.0,39.98131,-75.12732,20.0
3112,2026-01-10,7am-7pm,4.0,2.0,-2.0,39.95373,-75.21825,18.0
3096,2025-11-29,7am-7pm,0.0,1.0,1.0,39.99119,-75.17975,14.0
3263,2025-06-20,7am-7pm,6.0,6.0,0.0,39.9586,-75.2081,18.0
3077,2024-10-28,7pm-7am,2.0,4.0,2.0,39.97207,-75.16351,19.0
3247,2025-06-07,7pm-7am,0.0,2.0,2.0,39.96538,-75.21514,16.0
3204,2025-08-31,7am-7pm,13.0,7.0,-6.0,39.96437,-75.16582,22.0
3053,2023-07-24,7am-7pm,16.0,11.0,-5.0,39.93231,-75.18154,19.0
3102,2023-09-11,7pm-7am,6.0,7.0,1.0,39.96759,-75.17952,26.0
3286,2023-10-16,7pm-7am,4.0,7.0,3.0,39.96409,-75.14769,22.0
3041,2026-02-12,7am-7pm,7.0,8.0,1.0,39.96849,-75.13546,26.0
3301,2024-04-01,7pm-7am,10.0,1.0,-9.0,39.95029,-75.17126,15.0
3057,2024-02-12,7pm-7am,0.0,2.0,2.0,39.96439,-75.17987,26.0
3188,2023-03-07,7pm-7am,1.0,0.0,-1.0,39.90471,-75.1734,56.0
3088,2023-03-23,7pm-7am,1.0,1.0,0.0,39.96984,-75.1418,35.0
3031,2025-03-22,7am-7pm,5.0,10.0,5.0,39.98005,-75.15522,21.0
3116,2025-07-06,7pm-7am,1.0,2.0,1.0,39.96006,-75.17198,21.0
3061,2025-08-10,7pm-7am,9.0,9.0,0.0,,,
3024,2024-03-23,7am-7pm,3.0,2.0,-1.0,39.94822,-75.20908,19.0
3115,2025-12-22,7am-7pm,4.0,1.0,-3.0,39.97263,-75.16757,18.0
3115,2025-09-05,7am-7pm,6.0,5.0,-1.0,39.97263,-75.16757,18.0
3124,2023-03-19,7pm-7am,0.0,2.0,2.0,39.95367,-75.13956,17.0
3209,2024-07-17,7am-7pm,11.0,13.0,2.0,39.949,-75.21278,14.0
3342,2025-06-21,7am-7pm,6.0,6.0,0.0,39.9639,-75.17385,20.0
3357,2025-03-21,7am-7pm,2.0,2.0,0.0,39.9104,-75.16588,27.0
3073,2024-10-30,7am-7pm,10.0,15.0,5.0,39.96143,-75.15242,15.0
3012,2025-12-05,7pm-7am,6.0,4.0,-2.0,39.94218,-75.17747,27.0
3024,2025-05-16,7am-7pm,2.0,3.0,1.0,39.94822,-75.20908,19.0
3275,2024-07-13,7am-7pm,4.0,6.0,2.0,39.97576,-75.12157,22.0
3064,2023-06-29,7am-7pm,27.0,27.0,0.0,39.9384,-75.17327,22.0
3101,2023-10-27,7pm-7am,9.0,7.0,-2.0,39.94295,-75.15955,18.0
3318,2025-03-19,7pm-7am,3.0,2.0,-1.0,39.95182,-75.16395,20.0
3326,2025-10-04,7am-7pm,8.0,6.0,-2.0,39.99198,-75.19944,17.0
3059,2026-03-18,7am-7pm,23.0,23.0,0.0,39.96244,-75.16121,21.0
3321,2024-07-14,7am-7pm,6.0,4.0,-2.0,39.95485,-75.17298,21.0
3353,2024-10-19,7am-7pm,0.0,1.0,1.0,40.00496,-75.15233,22.0
3322,2023-08-30,7pm-7am,3.0,5.0,2.0,39.93638,-75.15526,13.0
3207,2025-02-13,7am-7pm,17.0,22.0,5.0,39.95441,-75.192,20.0
3008,2026-01-06,7am-7pm,3.0,5.0,2.0,39.98081,-75.15067,17.0
3250,2025-08-09,7pm-7am,3.0,4.0,1.0,39.95673,-75.14575,17.0
3181,2024-09-08,7am-7pm,3.0,4.0,1.0,39.89629,-75.17514,20.0
3201,2025-06-22,7pm-7am,4.0,7.0,3.0,39.95523,-75.1662,20.0
3066,2023-10-24,7am-7pm,31.0,36.0,5.0,39.94561,-75.17348,29.0
3393,2025-05-02,7am-7pm,12.0,15.0,3.0,39.96727,-75.13999,18.0
3056,2025-12-05,7pm-7am,2.0,5.0,3.0,39.97669,-75.15813,22.0
3120,2024-03-28,7am-7pm,4.0,10.0,6.0,39.97522,-75.18669,19.0
3100,2025-08-20,7pm-7am,4.0,1.0,-3.0,39.92777,-75.15103,38.0
3115,2023-06-17,7pm-7am,2.0,0.0,-2.0,39.97263,-75.16757,18.0
3029,2024-06-22,7am-7pm,7.0,10.0,3.0,39.9538,-75.19479,17.0
3331,2024-01-16,7am-7pm,1.0,0.0,-1.0,39.97116,-75.12813,20.0
3102,2024-06-15,7am-7pm,27.0,17.0,-10.0,39.96759,-75.17952,26.0
3188,2023-06-25,7pm-7am,0.0,2.0,2.0,39.90471,-75.1734,56.0
3046,2023-04-24,7pm-7am,6.0,5.0,-1.0,,,
3112,2023-06-20,7am-7pm,13.0,10.0,-3.0,39.95373,-75.21825,18.0
3196,2025-05-13,7pm-7am,0.0,2.0,2.0,39.98717,-75.17477,17.0
3159,2025-11-06,7am-7pm,32.0,30.0,-2.0,39.95121,-75.19962,23.0
3123,2025-08-24,7am-7pm,4.0,3.0,-1.0,39.98004,-75.17088,16.0
3086,2024-03-23,7am-7pm,3.0,1.0,-2.0,39.94019,-75.16691,21.0
3253,2026-03-18,7am-7pm,2.0,1.0,-1.0,39.93074,-75.18924,21.0
3059,2024-07-15,7pm-7am,13.0,20.0,7.0,39.96244,-75.16121,21.0
3266,2026-03-28,7pm-7am,0.0,4.0,4.0,39.9237,-75.14701,22.0
3155,2023-10-04,7pm-7am,5.0,8.0,3.0,39.94018,-75.15442,18.0
3284,2024-06-20,7am-7pm,3.0,2.0,-1.0,40.01112,-75.19287,14.0
3169,2025-01-27,7am-7pm,3.0,3.0,0.0,39.95382,-75.14263,17.0
3165,2024-02-23,7am-7pm,5.0,4.0,-1.0,39.95819,-75.1782,22.0
3073,2023-05-14,7am-7pm,9.0,12.0,3.0,39.96143,-75.15242,15.0
3166,2023-04-04,7pm-7am,2.0,3.0,1.0,39.97195,-75.13445,22.0
3152,2023-08-16,7pm-7am,6.0,3.0,-3.0,39.94993,-75.20286,17.0
3235,2025-10-07,7am-7pm,19.0,21.0,2.0,39.96,-75.1651,15.0
3190,2023-04-27,7am-7pm,23.0,32.0,9.0,,,
3365,2024-01-31,7am-7pm,9.0,8.0,-1.0,39.96173,-75.18788,17.0
3051,2025-06-09,7pm-7am,3.0,3.0,0.0,39.96744,-75.17507,37.0
3038,2025-05-27,7pm-7am,4.0,8.0,4.0,39.94781,-75.19409,28.0
3267,2024-03-21,7am-7pm,1.0,2.0,1.0,39.918,-75.1796,12.0
3318,2024-08-06,7am-7pm,28.0,24.0,-4.0,39.95182,-75.16395,20.0
3030,2023-10-15,7pm-7am,0.0,2.0,2.0,,,
3361,2025-10-19,7am-7pm,21.0,15.0,-6.0,39.93082,-75.17474,21.0
3113,2025-06-12,7am-7pm,2.0,2.0,0.0,39.97472,-75.19781,12.0
3168,2023-05-03,7pm-7am,11.0,10.0,-1.0,,,
3022,2025-07-17,7am-7pm,32.0,33.0,1.0,39.95472,-75.18323,21.0
3396,2025-07-20,7pm-7am,2.0,2.0,0.0,39.92327,-75.1821,16.0
3279,2024-06-05,7am-7pm,16.0,13.0,-3.0,39.9265,-75.1668,18.0
3207,2023-05-26,7am-7pm,22.0,22.0,0.0,39.95441,-75.192,20.0
3265,2024-05-07,7pm-7am,4.0,7.0,3.0,39.95957,-75.19633,13.0
3053,2024-09-28,7am-7pm,15.0,11.0,-4.0,39.93231,-75.18154,19.0
3376,2025-06-18,7pm-7am,2.0,2.0,0.0,39.97183,-75.14878,8.0
3266,2025-02-21,7pm-7am,0.0,1.0,1.0,39.9237,-75.14701,22.0
3088,2024-10-07,7pm-7am,4.0,8.0,4.0,39.96984,-75.1418,35.0
3165,2025-07-19,7am-7pm,16.0,16.0,0.0,39.95819,-75.1782,22.0
3163,2024-11-18,7pm-7am,6.0,2.0,-4.0,39.94974,-75.18097,22.0
3096,2024-09-08,7pm-7am,1.0,0.0,-1.0,39.99119,-75.17975,14.0
3372,2025-11-13,7am-7pm,2.0,1.0,-1.0,39.92528,-75.18672,15.0
3276,2023-10-04,7am-7pm,8.0,10.0,2.0,39.96569,-75.15679,18.0
3236,2023-12-27,7pm-7am,1.0,2.0,1.0,39.96566,-75.17765,18.0
3376,2024-09-01,7am-7pm,8.0,7.0,-1.0,39.97183,-75.14878,8.0
3235,2023-05-29,7pm-7am,5.0,4.0,-1.0,39.96,-75.1651,15.0
3112,2023-02-28,7pm-7am,2.0,3.0,1.0,39.95373,-75.21825,18.0
3114,2023-09-14,7pm-7am,3.0,9.0,6.0,39.93775,-75.18012,17.0
3088,2024-05-15,7am-7pm,3.0,9.0,6.0,39.96984,-75.1418,35.0
3226,2025-02-04,7pm-7am,3.0,3.0,0.0,39.98101,-75.13721,18.0
3271,2024-11-17,7pm-7am,1.0,0.0,-1.0,39.9476,-75.22946,18.0
3006,2025-11-28,7pm-7am,3.0,1.0,-2.0,39.9522,-75.20311,17.0
3345,2024-06-22,7pm-7am,5.0,2.0,-3.0,39.9617,-75.14667,19.0
3038,2023-11-01,7am-7pm,37.0,44.0,7.0,39.94781,-75.19409,28.0
3056,2025-12-16,7pm-7am,2.0,1.0,-1.0,39.97669,-75.15813,22.0
3271,2024-01-11,7pm-7am,1.0,0.0,-1.0,39.9476,-75.22946,18.0
3362,2025-03-01,7am-7pm,22.0,26.0,4.0,39.94816,-75.16226,19.0
3113,2025-07-08,7pm-7am,0.0,2.0,2.0,39.97472,-75.19781,12.0
3158,2024-12-19,7am-7pm,9.0,11.0,2.0,39.92552,-75.16904,15.0
3120,2023-12-30,7pm-7am,3.0,2.0,-1.0,39.97522,-75.18669,19.0
3057,2025-03-09,7am-7pm,12.0,11.0,-1.0,39.96439,-75.17987,26.0
3342,2024-04-01,7pm-7am,0.0,4.0,4.0,39.9639,-75.17385,20.0
3150,2024-04-25,7pm-7am,4.0,2.0,-2.0,39.92884,-75.17021,17.0
3305,2023-09-04,7am-7pm,1.0,1.0,0.0,39.99569,-75.1671,11.0
3058,2025-03-20,7am-7pm,21.0,18.0,-3.0,,,
3049,2026-02-18,7am-7pm,4.0,3.0,-1.0,39.94509,-75.1425,29.0
3022,2024-07-05,7am-7pm,23.0,28.0,5.0,39.95472,-75.18323,21.0
3098,2024-01-27,7pm-7am,2.0,4.0,2.0,39.93431,-75.16042,19.0
3055,2025-05-12,7pm-7am,4.0,2.0,-2.0,39.95112,-75.15457,15.0
3107,2023-01-29,7pm-7am,0.0,1.0,1.0,39.98203,-75.18866,18.0
3205,2023-10-27,7pm-7am,2.0,8.0,6.0,39.95405,-75.16783,22.0
3352,2025-10-29,7pm-7am,1.0,1.0,0.0,40.00143,-75.15256,11.0
3160,2025-06-30,7pm-7am,4.0,5.0,1.0,39.95662,-75.19862,41.0
3250,2023-09-14,7pm-7am,2.0,2.0,0.0,39.95673,-75.14575,17.0
3338,2023-10-25,7am-7pm,3.0,2.0,-1.0,39.95098,-75.23035,21.0
3028,2024-05-30,7pm-7am,14.0,11.0,-3.0,39.94061,-75.14958,15.0
3050,2023-07-11,7pm-7am,9.0,8.0,-1.0,,,
3246,2025-10-03,7pm-7am,4.0,5.0,1.0,39.94782,-75.22301,17.0
3068,2024-05-06,7pm-7am,3.0,7.0,4.0,39.93549,-75.16711,18.0
3066,2025-04-07,7am-7pm,18.0,18.0,0.0,39.94561,-75.17348,29.0
3295,2026-02-08,7pm-7am,2.0,0.0,-2.0,39.95028,-75.16027,21.0
3047,2025-09-09,7am-7pm,28.0,29.0,1.0,39.95073,-75.14947,20.0
3277,2024-04-09,7am-7pm,3.0,3.0,0.0,39.98306,-75.16738,20.0
3320,2024-02-17,7am-7pm,1.0,1.0,0.0,39.9746,-75.15917,17.0
3294,2025-01-25,7am-7pm,7.0,9.0,2.0,39.95174,-75.17063,21.0
3068,2024-08-18,7pm-7am,2.0,3.0,1.0,39.93549,-75.16711,18.0
3345,2024-07-23,7pm-7am,2.0,3.0,1.0,39.9617,-75.14667,19.0
3200,2025-05-20,7am-7pm,4.0,6.0,2.0,39.97583,-75.16846,17.0
3078,2025-09-05,7am-7pm,17.0,19.0,2.0,39.95355,-75.17192,18.0
3297,2023-03-16,7am-7pm,4.0,2.0,-2.0,39.95821,-75.16901,19.0
3452,2026-03-12,7pm-7am,1.0,1.0,0.0,39.95991,-75.13696,16.0
3100,2025-08-31,7pm-7am,2.0,6.0,4.0,39.92777,-75.15103,38.0
3335,2023-12-11,7am-7pm,1.0,0.0,-1.0,40.02237,-75.218,18.0
3250,2025-11-05,7pm-7am,2.0,1.0,-1.0,39.95673,-75.14575,17.0
3097,2023-06-08,7am-7pm,5.0,2.0,-3.0,39.97888,-75.13339,18.0
3319,2025-05-28,7am-7pm,3.0,3.0,0.0,39.96672,-75.12964,16.0
3204,2025-01-04,7pm-7am,0.0,1.0,1.0,39.96437,-75.16582,22.0
3197,2025-03-21,7pm-7am,4.0,3.0,-1.0,39.92083,-75.17033,23.0
3236,2023-07-26,7pm-7am,8.0,7.0,-1.0,39.96566,-75.17765,18.0
3308,2023-12-17,7am-7pm,0.0,2.0,2.0,,,
3395,2026-02-24,7am-7pm,3.0,2.0,-1.0,39.93866,-75.16351,13.0
3279,2023-07-05,7pm-7am,1.0,4.0,3.0,39.9265,-75.1668,18.0
3101,2026-01-11,7am-7pm,18.0,18.0,0.0,39.94295,-75.15955,18.0
3362,2025-02-10,7pm-7am,18.0,8.0,-10.0,39.94816,-75.16226,19.0
3123,2023-02-17,7am-7pm,1.0,0.0,-1.0,39.98004,-75.17088,16.0
3331,2025-02-10,7am-7pm,5.0,3.0,-2.0,39.97116,-75.12813,20.0
3400,2025-04-12,7am-7pm,7.0,10.0,3.0,39.949,-75.16081,18.0
3162,2023-11-10,7pm-7am,0.0,2.0,2.0,39.94595,-75.18475,34.0
3396,2025-04-12,7pm-7am,1.0,0.0,-1.0,39.92327,-75.1821,16.0
3349,2025-07-23,7pm-7am,2.0,6.0,4.0,39.93651,-75.18621,17.0
3347,2023-08-26,7am-7pm,5.0,5.0,0.0,,,
3086,2024-02-10,7am-7pm,10.0,4.0,-6.0,39.94019,-75.16691,21.0
3357,2025-06-12,7pm-7am,3.0,2.0,-1.0,39.9104,-75.16588,27.0
3047,2026-02-11,7pm-7am,1.0,1.0,0.0,39.95073,-75.14947,20.0
3165,2025-05-22,7pm-7am,7.0,2.0,-5.0,39.95819,-75.1782,22.0
3101,2025-09-21,7am-7pm,31.0,34.0,3.0,39.94295,-75.15955,18.0
3301,2025-10-02,7pm-7am,12.0,5.0,-7.0,39.95029,-75.17126,15.0
3197,2023-06-28,7am-7pm,10.0,8.0,-2.0,39.92083,-75.17033,23.0
3037,2024-05-27,7pm-7am,7.0,6.0,-1.0,39.95424,-75.16138,21.0
3447,2025-12-15,7am-7pm,1.0,5.0,4.0,39.95009,-75.14467,25.0
3164,2024-12-09,7am-7pm,13.0,13.0,0.0,39.92814,-75.16515,18.0
3326,2023-07-27,7am-7pm,4.0,4.0,0.0,39.99198,-75.19944,17.0
3053,2023-02-21,7pm-7am,4.0,1.0,-3.0,39.93231,-75.18154,19.0
3155,2023-06-13,7pm-7am,10.0,8.0,-2.0,39.94018,-75.15442,18.0
3110,2024-08-26,7am-7pm,7.0,12.0,5.0,39.96175,-75.13641,19.0
3156,2025-08-26,7am-7pm,39.0,38.0,-1.0,39.95381,-75.17407,22.0
3201,2026-02-28,7am-7pm,16.0,12.0,-4.0,39.95523,-75.1662,20.0
3205,2023-02-17,7pm-7am,1.0,2.0,1.0,39.95405,-75.16783,22.0
3236,2024-08-31,7am-7pm,12.0,12.0,0.0,39.96566,-75.17765,18.0
3334,2023-08-27,7pm-7am,1.0,10.0,9.0,39.9302,-75.15636,19.0
3204,2025-06-24,7pm-7am,3.0,3.0,0.0,39.96437,-75.16582,22.0
3183,2023-03-08,7pm-7am,1.0,1.0,0.0,39.88994,-75.17679,20.0
3311,2023-10-26,7pm-7am,0.0,3.0,3.0,,,
3285,2023-05-03,7am-7pm,6.0,5.0,-1.0,39.95946,-75.14745,19.0
3370,2024-12-01,7pm-7am,8.0,6.0,-2.0,40.0163,-75.21241,16.0
3430,2026-01-19,7am-7pm,2.0,1.0,-1.0,39.97408,-75.1801,14.0
3163,2023-04-11,7am-7pm,29.0,32.0,3.0,39.94974,-75.18097,22.0
3313,2025-12-09,7am-7pm,1.0,0.0,-1.0,39.9158,-75.1643,9.0
3051,2025-10-27,7pm-7am,3.0,7.0,4.0,39.96744,-75.17507,37.0
3088,2024-07-29,7pm-7am,6.0,4.0,-2.0,39.96984,-75.1418,35.0
3051,2024-06-18,7am-7pm,26.0,13.0,-13.0,39.96744,-75.17507,37.0
3160,2025-03-14,7am-7pm,14.0,10.0,-4.0,39.95662,-75.19862,41.0
3372,2025-08-18,7pm-7am,2.0,2.0,0.0,39.92528,-75.18672,15.0
3334,2023-08-16,7am-7pm,15.0,14.0,-1.0,39.9302,-75.15636,19.0
3335,2024-04-29,7pm-7am,2.0,3.0,1.0,40.02237,-75.218,18.0
3116,2023-07-25,7am-7pm,7.0,8.0,1.0,39.96006,-75.17198,21.0
3086,2025-08-08,7am-7pm,16.0,11.0,-5.0,39.94019,-75.16691,21.0
3200,2023-05-11,7pm-7am,1.0,1.0,0.0,39.97583,-75.16846,17.0
3035,2025-01-12,7pm-7am,0.0,2.0,2.0,39.96271,-75.19419,20.0
3334,2025-05-23,7am-7pm,10.0,9.0,-1.0,39.9302,-75.15636,19.0
3382,2024-08-25,7am-7pm,11.0,15.0,4.0,39.95038,-75.17309,11.0
3046,2024-12-24,7pm-7am,1.0,1.0,0.0,,,
3054,2026-03-04,7pm-7am,6.0,6.0,0.0,39.9625,-75.1742,35.0
3272,2023-04-14,7pm-7am,4.0,2.0,-2.0,39.96405,-75.22048,13.0
3078,2024-04-04,7am-7pm,22.0,21.0,-1.0,39.95355,-75.17192,18.0
3160,2026-03-03,7pm-7am,1.0,1.0,0.0,39.95662,-75.19862,41.0
3184,2025-06-17,7am-7pm,8.0,9.0,1.0,39.94573,-75.19551,22.0
3297,2024-08-03,7pm-7am,1.0,0.0,-1.0,39.95821,-75.16901,19.0
3156,2023-08-31,7am-7pm,18.0,22.0,4.0,39.95381,-75.17407,22.0
3276,2023-04-20,7pm-7am,3.0,6.0,3.0,39.96569,-75.15679,18.0
3099,2025-05-23,7pm-7am,1.0,1.0,0.0,39.93401,-75.15094,19.0
3203,2025-03-18,7pm-7am,12.0,11.0,-1.0,39.94077,-75.17227,20.0
3164,2023-05-03,7pm-7am,7.0,4.0,-3.0,39.92814,-75.16515,18.0
3169,2025-04-17,7am-7pm,15.0,18.0,3.0,39.95382,-75.14263,17.0
3409,2025-05-01,7pm-7am,1.0,1.0,0.0,39.95508,-75.15128,20.0
3310,2024-02-12,7am-7pm,0.0,1.0,1.0,39.98024,-75.18651,15.0
3233,2023-04-02,7am-7pm,8.0,4.0,-4.0,,,
3078,2025-04-18,7am-7pm,12.0,13.0,1.0,39.95355,-75.17192,18.0
3058,2025-03-08,7am-7pm,13.0,12.0,-1.0,,,
3418,2025-07-15,7am-7pm,2.0,0.0,-2.0,40.00924,-75.15198,17.0
3265,2024-04-16,7am-7pm,10.0,12.0,2.0,39.95957,-75.19633,13.0
3400,2026-01-02,7pm-7am,5.0,5.0,0.0,39.949,-75.16081,18.0
3296,2025-09-22,7pm-7am,19.0,19.0,0.0,39.95134,-75.16758,21.0
3362,2025-04-25,7pm-7am,21.0,25.0,4.0,39.94816,-75.16226,19.0
3037,2023-02-26,7am-7pm,10.0,8.0,-2.0,39.95424,-75.16138,21.0
3213,2026-03-30,7am-7pm,19.0,26.0,7.0,39.93887,-75.16663,25.0
3344,2026-03-16,7am-7pm,1.0,1.0,0.0,39.95961,-75.23354,23.0
3254,2024-06-01,7pm-7am,3.0,4.0,1.0,39.98091,-75.16065,18.0
3375,2025-01-05,7am-7pm,4.0,3.0,-1.0,39.96036,-75.1402,22.0
3244,2023-10-16,7pm-7am,11.0,10.0,-1.0,,,
3235,2024-07-26,7pm-7am,9.0,9.0,0.0,39.96,-75.1651,15.0
3393,2025-07-09,7pm-7am,3.0,1.0,-2.0,39.96727,-75.13999,18.0
3244,2023-01-04,7am-7pm,11.0,13.0,2.0,,,
3422,2025-05-26,7pm-7am,2.0,4.0,2.0,39.95619,-75.18647,10.0
3346,2025-05-29,7pm-7am,4.0,8.0,4.0,39.94883,-75.15097,17.0
3025,2025-06-23,7pm-7am,7.0,9.0,2.0,39.93724,-75.1612,15.0
3300,2023-05-31,7am-7pm,9.0,11.0,2.0,39.95511,-75.16287,13.0
3097,2026-01-22,7pm-7am,2.0,2.0,0.0,39.97888,-75.13339,18.0
3016,2025-12-31,7pm-7am,2.0,1.0,-1.0,39.96892,-75.1547,15.0
3032,2023-11-06,7am-7pm,50.0,46.0,-4.0,39.94527,-75.17971,20.0
3383,2024-12-12,7am-7pm,4.0,5.0,1.0,39.96634,-75.14222,19.0
3031,2023-05-27,7am-7pm,2.0,2.0,0.0,39.98005,-75.15522,21.0
3058,2023-07-30,7am-7pm,23.0,17.0,-6.0,,,
3237,2023-05-08,7pm-7am,2.0,5.0,3.0,39.91717,-75.17096,21.0
3233,2025-03-18,7am-7pm,2.0,1.0,-1.0,,,
3155,2024-06-30,7am-7pm,7.0,4.0,-3.0,39.94018,-75.15442,18.0
3038,2025-01-13,7am-7pm,27.0,20.0,-7.0,39.94781,-75.19409,28.0
3014,2023-02-08,7am-7pm,9.0,6.0,-3.0,39.95886,-75.17369,25.0
3296,2023-07-06,7am-7pm,32.0,38.0,6.0,39.95134,-75.16758,21.0
3064,2025-01-22,7am-7pm,5.0,4.0,-1.0,39.9384,-75.17327,22.0
3374,2025-06-02,7pm-7am,7.0,5.0,-2.0,39.9728,-75.17971,18.0
3020,2025-02-22,7pm-7am,6.0,1.0,-5.0,39.94855,-75.19007,36.0
3211,2026-02-14,7am-7pm,3.0,0.0,-3.0,39.97172,-75.1706,22.0
3010,2025-06-01,7pm-7am,17.0,6.0,-11.0,39.94711,-75.16618,22.0
3057,2026-02-13,7pm-7am,3.0,1.0,-2.0,39.96439,-75.17987,26.0
3350,2024-01-12,7am-7pm,1.0,2.0,1.0,39.99415,-75.15527,20.0
3160,2025-09-26,7am-7pm,26.0,16.0,-10.0,39.95662,-75.19862,41.0
3385,2025-06-04,7pm-7am,3.0,1.0,-2.0,39.94974,-75.15424,15.0
3375,2025-04-28,7am-7pm,8.0,12.0,4.0,39.96036,-75.1402,22.0
3322,2026-01-12,7pm-7am,4.0,5.0,1.0,39.93638,-75.15526,13.0
3351,2024-04-22,7am-7pm,3.0,2.0,-1.0,39.99655,-75.14991,18.0
3017,2023-07-19,7am-7pm,8.0,8.0,0.0,39.98003,-75.14371,15.0
3159,2026-02-17,7am-7pm,10.0,15.0,5.0,39.95121,-75.19962,23.0
3212,2025-11-04,7pm-7am,5.0,3.0,-2.0,39.96383,-75.18177,32.0
3008,2023-08-15,7pm-7am,0.0,3.0,3.0,39.98081,-75.15067,17.0
3101,2023-05-31,7am-7pm,33.0,28.0,-5.0,39.94295,-75.15955,18.0
3267,2025-04-13,7pm-7am,2.0,2.0,0.0,39.918,-75.1796,12.0
3096,2025-05-26,7pm-7am,0.0,1.0,1.0,39.99119,-75.17975,14.0
3249,2024-09-24,7pm-7am,9.0,10.0,1.0,39.95784,-75.19079,22.0
3017,2023-04-14,7pm-7am,2.0,4.0,2.0,39.98003,-75.14371,15.0
3363,2025-10-26,7am-7pm,21.0,24.0,3.0,39.94655,-75.16263,17.0
3169,2024-08-10,7am-7pm,19.0,17.0,-2.0,39.95382,-75.14263,17.0
3170,2023-04-28,7am-7pm,9.0,8.0,-1.0,,,
3187,2023-03-24,7pm-7am,2.0,3.0,1.0,39.95725,-75.17232,19.0
3351,2023-11-17,7am-7pm,0.0,2.0,2.0,39.99655,-75.14991,18.0
3197,2025-08-08,7am-7pm,17.0,16.0,-1.0,39.92083,-75.17033,23.0
3063,2023-03-03,7am-7pm,8.0,10.0,2.0,39.94633,-75.1698,25.0
3020,2025-04-16,7pm-7am,19.0,12.0,-7.0,39.94855,-75.19007,36.0
3029,2024-03-23,7pm-7am,2.0,1.0,-1.0,39.9538,-75.19479,17.0
3398,2025-06-04,7am-7pm,5.0,4.0,-1.0,39.91551,-75.15474,15.0
3376,2025-09-05,7pm-7am,2.0,2.0,0.0,39.97183,-75.14878,8.0
3203,2025-04-18,7pm-7am,6.0,3.0,-3.0,39.94077,-75.17227,20.0
3163,2025-06-17,7pm-7am,17.0,7.0,-10.0,39.94974,-75.18097,22.0
3268,2025-08-02,7pm-7am,0.0,1.0,1.0,39.97633,-75.15101,22.0
3039,2024-01-01,7am-7pm,2.0,4.0,2.0,39.97157,-75.15993,17.0
3370,2025-09-12,7am-7pm,5.0,3.0,-2.0,40.0163,-75.21241,16.0
3088,2025-08-16,7am-7pm,16.0,18.0,2.0,39.96984,-75.1418,35.0
3354,2024-12-26,7pm-7am,1.0,1.0,0.0,39.95628,-75.2387,18.0
3169,2023-06-20,7am-7pm,12.0,12.0,0.0,39.95382,-75.14263,17.0
3160,2025-03-19,7pm-7am,6.0,7.0,1.0,39.95662,-75.19862,41.0
3037,2025-06-19,7am-7pm,9.0,9.0,0.0,39.95424,-75.16138,21.0
3115,2023-04-19,7am-7pm,3.0,3.0,0.0,39.97263,-75.16757,18.0
3099,2025-04-13,7am-7pm,7.0,3.0,-4.0,39.93401,-75.15094,19.0
3244,2023-05-16,7am-7pm,32.0,34.0,2.0,,,
3054,2025-12-17,7am-7pm,16.0,13.0,-3.0,39.9625,-75.1742,35.0
3360,2025-06-03,7pm-7am,3.0,1.0,-2.0,39.93304,-75.16822,22.0
3396,2025-01-23,7am-7pm,0.0,1.0,1.0,39.92327,-75.1821,16.0
3365,2024-01-14,7pm-7am,1.0,2.0,1.0,39.96173,-75.18788,17.0
3031,2025-03-02,7am-7pm,3.0,2.0,-1.0,39.98005,-75.15522,21.0
3010,2024-01-08,7am-7pm,39.0,34.0,-5.0,39.94711,-75.16618,22.0
3166,2024-05-27,7am-7pm,7.0,8.0,1.0,39.97195,-75.13445,22.0
3162,2026-02-09,7pm-7am,0.0,1.0,1.0,39.94595,-75.18475,34.0
3237,2025-08-01,7am-7pm,7.0,6.0,-1.0,39.91717,-75.17096,21.0
3074,2024-08-09,7am-7pm,9.0,7.0,-2.0,39.95511,-75.20987,15.0
3251,2025-07-08,7am-7pm,3.0,1.0,-2.0,39.93366,-75.19319,16.0
3319,2024-04-28,7pm-7am,5.0,3.0,-2.0,39.96672,-75.12964,16.0
3040,2025-02-15,7am-7pm,2.0,6.0,4.0,39.96289,-75.16606,21.0
3238,2023-10-17,7pm-7am,6.0,9.0,3.0,39.97674,-75.11995,11.0
3021,2024-11-15,7pm-7am,6.0,2.0,-4.0,39.9539,-75.16902,34.0
3165,2025-12-19,7am-7pm,11.0,12.0,1.0,39.95819,-75.1782,22.0
3397,2025-11-09,7pm-7am,3.0,3.0,0.0,39.93906,-75.17824,15.0
3115,2023-02-23,7pm-7am,1.0,1.0,0.0,39.97263,-75.16757,18.0
3168,2023-11-27,7pm-7am,6.0,4.0,-2.0,,,
3102,2023-07-22,7pm-7am,8.0,10.0,2.0,39.96759,-75.17952,26.0
3347,2024-02-20,7am-7pm,5.0,5.0,0.0,,,
3200,2024-02-15,7am-7pm,2.0,3.0,1.0,39.97583,-75.16846,17.0
3287,2024-08-16,7pm-7am,1.0,2.0,1.0,39.94367,-75.21606,16.0
3371,2025-01-06,7am-7pm,2.0,2.0,0.0,39.9534,-75.1543,19.0
3325,2023-08-08,7pm-7am,0.0,1.0,1.0,39.9768,-75.12764,22.0
3329,2024-11-14,7pm-7am,1.0,0.0,-1.0,40.02651,-75.22445,15.0
3251,2025-09-10,7pm-7am,5.0,4.0,-1.0,39.93366,-75.19319,16.0
3226,2025-09-14,7am-7pm,2.0,1.0,-1.0,39.98101,-75.13721,18.0
3115,2024-07-09,7am-7pm,5.0,6.0,1.0,39.97263,-75.16757,18.0
3346,2024-01-23,7pm-7am,2.0,1.0,-1.0,39.94883,-75.15097,17.0
3319,2025-03-29,7pm-7am,6.0,2.0,-4.0,39.96672,-75.12964,16.0
3266,2026-03-09,7am-7pm,3.0,5.0,2.0,39.9237,-75.14701,22.0
3112,2023-10-28,7pm-7am,2.0,2.0,0.0,39.95373,-75.21825,18.0
3381,2026-01-16,7am-7pm,2.0,4.0,2.0,39.94845,-75.21807,13.0
3170,2023-07-28,7pm-7am,3.0,6.0,3.0,,,
3035,2026-03-10,7am-7pm,19.0,14.0,-5.0,39.96271,-75.19419,20.0
3246,2024-10-28,7pm-7am,2.0,3.0,1.0,39.94782,-75.22301,17.0
3248,2023-08-22,7pm-7am,6.0,8.0,2.0,39.94213,-75.18335,22.0
3369,2026-03-17,7pm-7am,1.0,0.0,-1.0,40.00772,-75.19194,16.0
3368,2025-10-15,7pm-7am,2.0,2.0,0.0,39.97647,-75.17362,17.0
3292,2026-02-26,7pm-7am,1.0,3.0,2.0,39.92,-75.1562,17.0
3212,2024-12-19,7am-7pm,6.0,7.0,1.0,39.96383,-75.18177,32.0
3034,2023-03-24,7am-7pm,17.0,10.0,-7.0,39.93315,-75.16248,16.0
3086,2025-11-20,7pm-7am,3.0,2.0,-1.0,39.94019,-75.16691,21.0
3297,2024-10-28,7am-7pm,8.0,9.0,1.0,39.95821,-75.16901,19.0
3110,2024-10-13,7am-7pm,15.0,14.0,-1.0,39.96175,-75.13641,19.0
3279,2025-10-20,7pm-7am,3.0,1.0,-2.0,39.9265,-75.1668,18.0
3034,2025-05-30,7pm-7am,5.0,3.0,-2.0,39.93315,-75.16248,16.0
3163,2023-11-06,7pm-7am,6.0,12.0,6.0,39.94974,-75.18097,22.0
3120,2024-12-30,7am-7pm,15.0,16.0,1.0,39.97522,-75.18669,19.0
3268,2024-10-29,7pm-7am,1.0,1.0,0.0,39.97633,-75.15101,22.0
3098,2025-01-19,7am-7pm,4.0,2.0,-2.0,39.93431,-75.16042,19.0
3267,2025-09-15,7am-7pm,5.0,6.0,1.0,39.918,-75.1796,12.0
3060,2024-10-27,7pm-7am,2.0,1.0,-1.0,39.95923,-75.17036,19.0
3286,2025-01-19,7pm-7am,0.0,1.0,1.0,39.96409,-75.14769,22.0
3299,2025-02-19,7pm-7am,4.0,5.0,1.0,39.94332,-75.15698,22.0
3381,2024-07-04,7pm-7am,1.0,1.0,0.0,39.94845,-75.21807,13.0
3075,2024-10-10,7pm-7am,6.0,9.0,3.0,39.96718,-75.16125,12.0
3226,2025-11-16,7pm-7am,0.0,1.0,1.0,39.98101,-75.13721,18.0
3046,2024-09-01,7am-7pm,32.0,27.0,-5.0,,,
3268,2023-10-03,7pm-7am,0.0,2.0,2.0,39.97633,-75.15101,22.0
3343,2024-04-20,7am-7pm,9.0,6.0,-3.0,,,
3024,2023-10-17,7am-7pm,2.0,8.0,6.0,39.94822,-75.20908,19.0
3205,2025-04-09,7am-7pm,24.0,21.0,-3.0,39.95405,-75.16783,22.0
3119,2023-09-10,7pm-7am,1.0,0.0,-1.0,39.96674,-75.20799,17.0
3204,2024-05-14,7am-7pm,21.0,17.0,-4.0,39.96437,-75.16582,22.0
3056,2023-05-03,7am-7pm,5.0,6.0,1.0,39.97669,-75.15813,22.0
3154,2023-08-06,7am-7pm,32.0,31.0,-1.0,39.95924,-75.15821,16.0
3337,2023-08-22,7am-7pm,11.0,7.0,-4.0,39.97318,-75.14612,15.0
3316,2025-06-03,7pm-7am,1.0,6.0,5.0,39.92255,-75.17337,19.0
3123,2023-10-23,7pm-7am,0.0,1.0,1.0,39.98004,-75.17088,16.0
3251,2025-11-18,7pm-7am,2.0,1.0,-1.0,39.93366,-75.19319,16.0
3061,2023-10-28,7am-7pm,16.0,18.0,2.0,,,
3296,2023-04-10,7pm-7am,11.0,9.0,-2.0,39.95134,-75.16758,21.0
3259,2026-01-27,7pm-7am,1.0,1.0,0.0,39.95998,-75.19883,17.0
3261,2024-04-25,7pm-7am,1.0,6.0,5.0,39.96304,-75.14099,17.0
3314,2025-05-06,7pm-7am,1.0,3.0,2.0,39.93682,-75.14492,17.0
3019,2023-05-08,7am-7pm,6.0,6.0,0.0,39.95403,-75.14983,15.0
3276,2024-09-02,7pm-7am,1.0,2.0,1.0,39.96569,-75.15679,18.0
3236,2023-05-14,7am-7pm,5.0,9.0,4.0,39.96566,-75.17765,18.0
3250,2025-12-18,7am-7pm,3.0,3.0,0.0,39.95673,-75.14575,17.0
3066,2024-01-09,7am-7pm,9.0,10.0,1.0,39.94561,-75.17348,29.0
3339,2023-09-06,7pm-7am,3.0,1.0,-2.0,,,
3064,2024-01-19,7am-7pm,2.0,3.0,1.0,39.9384,-75.17327,22.0
3183,2023-09-20,7am-7pm,2.0,1.0,-1.0,39.88994,-75.17679,20.0
3282,2023-07-25,7pm-7am,2.0,1.0,-1.0,39.98628,-75.14925,15.0
3155,2024-04-25,7pm-7am,3.0,5.0,2.0,39.94018,-75.15442,18.0
3287,2024-10-04,7pm-7am,2.0,0.0,-2.0,39.94367,-75.21606,16.0
3124,2025-01-02,7am-7pm,4.0,3.0,-1.0,39.95367,-75.13956,17.0
3115,2024-04-25,7am-7pm,9.0,8.0,-1.0,39.97263,-75.16757,18.0
3344,2026-01-19,7am-7pm,4.0,5.0,1.0,39.95961,-75.23354,23.0
3385,2025-05-18,7am-7pm,12.0,11.0,-1.0,39.94974,-75.15424,15.0
3017,2026-03-29,7pm-7am,0.0,4.0,4.0,39.98003,-75.14371,15.0
3037,2025-02-08,7pm-7am,3.0,1.0,-2.0,39.95424,-75.16138,21.0
3212,2024-03-24,7am-7pm,23.0,31.0,8.0,39.96383,-75.18177,32.0
3365,2024-12-11,7pm-7am,2.0,1.0,-1.0,39.96173,-75.18788,17.0
3161,2025-10-07,7pm-7am,3.0,26.0,23.0,39.95486,-75.18091,23.0
3110,2024-02-07,7am-7pm,7.0,7.0,0.0,39.96175,-75.13641,19.0
3203,2025-08-24,7pm-7am,4.0,10.0,6.0,39.94077,-75.17227,20.0
3088,2023-06-08,7pm-7am,3.0,5.0,2.0,39.96984,-75.1418,35.0
3060,2025-01-23,7pm-7am,1.0,0.0,-1.0,39.95923,-75.17036,19.0
3097,2025-12-20,7am-7pm,3.0,7.0,4.0,39.97888,-75.13339,18.0
3160,2024-11-04,7am-7pm,20.0,11.0,-9.0,39.95662,-75.19862,41.0
3055,2023-05-31,7am-7pm,20.0,20.0,0.0,39.95112,-75.15457,15.0
3051,2024-08-30,7pm-7am,7.0,6.0,-1.0,39.96744,-75.17507,37.0
3256,2024-06-18,7am-7pm,35.0,38.0,3.0,39.95269,-75.17779,23.0
3264,2025-08-22,7am-7pm,14.0,14.0,0.0,39.94571,-75.15508,23.0
3037,2023-01-11,7pm-7am,4.0,2.0,-2.0,39.95424,-75.16138,21.0
3086,2024-06-09,7am-7pm,12.0,4.0,-8.0,39.94019,-75.16691,21.0
3241,2024-09-17,7pm-7am,2.0,3.0,1.0,39.95225,-75.22637,20.0
3067,2024-07-05,7pm-7am,0.0,2.0,2.0,39.96411,-75.19973,17.0
3010,2024-12-26,7am-7pm,20.0,26.0,6.0,39.94711,-75.16618,22.0
3318,2025-06-23,7pm-7am,8.0,8.0,0.0,39.95182,-75.16395,20.0
3277,2025-06-12,7am-7pm,3.0,2.0,-1.0,39.98306,-75.16738,20.0
3029,2024-11-23,7am-7pm,10.0,10.0,0.0,39.9538,-75.19479,17.0
3026,2023-10-09,7pm-7am,11.0,8.0,-3.0,39.94182,-75.1455,17.0
3065,2024-03-19,7am-7pm,4.0,0.0,-4.0,39.9707,-75.15171,15.0
3277,2024-12-06,7pm-7am,0.0,1.0,1.0,39.98306,-75.16738,20.0
3012,2023-07-02,7pm-7am,8.0,8.0,0.0,39.94218,-75.17747,27.0
3161,2024-08-01,7pm-7am,14.0,11.0,-3.0,39.95486,-75.18091,23.0
3318,2023-11-24,7pm-7am,5.0,2.0,-3.0,39.95182,-75.16395,20.0
3152,2024-04-30,7am-7pm,6.0,6.0,0.0,39.94993,-75.20286,17.0
3352,2024-09-07,7pm-7am,1.0,0.0,-1.0,40.00143,-75.15256,11.0
3072,2025-07-24,7pm-7am,8.0,8.0,0.0,39.93445,-75.14541,25.0
3306,2024-06-17,7am-7pm,1.0,0.0,-1.0,39.99683,-75.17761,11.0
3120,2024-06-06,7am-7pm,19.0,21.0,2.0,39.97522,-75.18669,19.0
3185,2024-05-25,7am-7pm,11.0,16.0,5.0,39.95169,-75.15888,21.0
3244,2023-01-27,7pm-7am,5.0,4.0,-1.0,,,
3279,2025-06-04,7am-7pm,10.0,11.0,1.0,39.9265,-75.1668,18.0
3185,2023-10-30,7am-7pm,26.0,29.0,3.0,39.95169,-75.15888,21.0
3208,2023-08-14,7pm-7am,18.0,17.0,-1.0,39.95048,-75.19324,28.0
3250,2026-03-26,7pm-7am,3.0,3.0,0.0,39.95673,-75.14575,17.0
3012,2025-06-13,7am-7pm,41.0,28.0,-13.0,39.94218,-75.17747,27.0
3052,2026-02-08,7am-7pm,5.0,5.0,0.0,39.94732,-75.15695,25.0
3265,2024-10-04,7am-7pm,8.0,9.0,1.0,39.95957,-75.19633,13.0
3104,2023-10-18,7pm-7am,4.0,3.0,-1.0,39.96664,-75.19209,13.0
3115,2024-05-22,7am-7pm,9.0,3.0,-6.0,39.97263,-75.16757,18.0
3435,2025-11-21,7am-7pm,5.0,6.0,1.0,39.98451,-75.12348,13.0
3400,2026-02-07,7am-7pm,2.0,4.0,2.0,39.949,-75.16081,18.0
3323,2025-12-09,7am-7pm,0.0,1.0,1.0,40.02796,-75.2277,18.0
3101,2023-05-01,7am-7pm,22.0,25.0,3.0,39.94295,-75.15955,18.0
3157,2023-06-12,7pm-7am,4.0,4.0,0.0,39.92545,-75.15954,18.0
3207,2024-12-02,7pm-7am,2.0,0.0,-2.0,39.95441,-75.192,20.0
3340,2025-07-21,7am-7pm,18.0,20.0,2.0,39.96906,-75.18169,17.0
3062,2025-09-14,7pm-7am,5.0,13.0,8.0,,,
3378,2025-10-05,7am-7pm,11.0,7.0,-4.0,39.95238,-75.14728,18.0
3314,2024-07-09,7pm-7am,4.0,5.0,1.0,39.93682,-75.14492,17.0
3308,2023-08-21,7pm-7am,0.0,1.0,1.0,,,
3031,2025-03-14,7pm-7am,3.0,3.0,0.0,39.98005,-75.15522,21.0
3097,2025-06-02,7am-7pm,9.0,9.0,0.0,39.97888,-75.13339,18.0
3252,2024-09-12,7am-7pm,6.0,7.0,1.0,39.93882,-75.19324,14.0
3342,2026-02-04,7am-7pm,10.0,5.0,-5.0,39.9639,-75.17385,20.0
3102,2025-05-11,7am-7pm,31.0,19.0,-12.0,39.96759,-75.17952,26.0
3047,2024-02-05,7am-7pm,9.0,11.0,2.0,39.95073,-75.14947,20.0
3159,2025-06-03,7pm-7am,7.0,2.0,-5.0,39.95121,-75.19962,23.0
3032,2023-01-30,7pm-7am,9.0,11.0,2.0,39.94527,-75.17971,20.0
3267,2023-02-02,7pm-7am,2.0,2.0,0.0,39.918,-75.1796,12.0
3300,2024-09-06,7am-7pm,11.0,9.0,-2.0,39.95511,-75.16287,13.0
3031,2025-08-17,7pm-7am,1.0,0.0,-1.0,39.98005,-75.15522,21.0
3298,2023-10-08,7am-7pm,4.0,2.0,-2.0,39.94717,-75.20691,15.0
3197,2023-09-18,7pm-7am,2.0,8.0,6.0,39.92083,-75.17033,23.0
3097,2025-12-08,7am-7pm,4.0,9.0,5.0,39.97888,-75.13339,18.0
3258,2025-10-16,7pm-7am,0.0,1.0,1.0,39.95828,-75.22424,20.0
3408,2025-06-28,7am-7pm,8.0,5.0,-3.0,39.9216,-75.15,17.0
3115,2024-09-30,7am-7pm,4.0,5.0,1.0,39.97263,-75.16757,18.0
3029,2024-07-22,7pm-7am,4.0,2.0,-2.0,39.9538,-75.19479,17.0
3088,2025-07-07,7pm-7am,7.0,4.0,-3.0,39.96984,-75.1418,35.0
3373,2025-08-18,7am-7pm,15.0,17.0,2.0,39.95817,-75.15668,15.0
3188,2024-03-13,7am-7pm,4.0,4.0,0.0,39.90471,-75.1734,56.0
3159,2024-05-17,7am-7pm,17.0,15.0,-2.0,39.95121,-75.19962,23.0
3187,2024-11-29,7pm-7am,2.0,1.0,-1.0,39.95725,-75.17232,19.0
3124,2023-06-04,7pm-7am,8.0,4.0,-4.0,39.95367,-75.13956,17.0
3362,2026-03-26,7am-7pm,26.0,30.0,4.0,39.94816,-75.16226,19.0
3056,2025-07-22,7pm-7am,8.0,10.0,2.0,39.97669,-75.15813,22.0
3118,2024-12-09,7am-7pm,0.0,2.0,2.0,39.95866,-75.21323,20.0
3235,2025-12-25,7pm-7am,2.0,1.0,-1.0,39.96,-75.1651,15.0
3102,2024-05-22,7am-7pm,30.0,25.0,-5.0,39.96759,-75.17952,26.0
3375,2024-02-24,7pm-7am,1.0,3.0,2.0,39.96036,-75.1402,22.0
3035,2025-04-28,7am-7pm,10.0,8.0,-2.0,39.96271,-75.19419,20.0
3181,2023-05-28,7am-7pm,9.0,8.0,-1.0,39.89629,-75.17514,20.0
3422,2025-11-30,7pm-7am,1.0,1.0,0.0,39.95619,-75.18647,10.0
3106,2025-08-03,7am-7pm,6.0,3.0,-3.0,39.99179,-75.18637,17.0
3184,2024-07-29,7pm-7am,2.0,0.0,-2.0,39.94573,-75.19551,22.0
3054,2024-07-11,7am-7pm,37.0,29.0,-8.0,39.9625,-75.1742,35.0
3238,2024-09-21,7pm-7am,5.0,5.0,0.0,39.97674,-75.11995,11.0
3318,2023-03-27,7am-7pm,10.0,14.0,4.0,39.95182,-75.16395,20.0
3116,2023-08-10,7am-7pm,13.0,16.0,3.0,39.96006,-75.17198,21.0
3120,2025-04-13,7pm-7am,2.0,4.0,2.0,39.97522,-75.18669,19.0
3316,2025-10-14,7am-7pm,3.0,6.0,3.0,39.92255,-75.17337,19.0
3058,2024-08-02,7pm-7am,4.0,7.0,3.0,,,
3381,2025-05-01,7pm-7am,2.0,5.0,3.0,39.94845,-75.21807,13.0
3313,2026-03-17,7am-7pm,3.0,1.0,-2.0,39.9158,-75.1643,9.0
3336,2025-09-04,7am-7pm,23.0,21.0,-2.0,39.95719,-75.19388,20.0
3055,2023-05-17,7pm-7am,4.0,4.0,0.0,39.95112,-75.15457,15.0
3210,2024-12-23,7am-7pm,1.0,1.0,0.0,39.98492,-75.15668,18.0
3024,2023-08-15,7am-7pm,9.0,11.0,2.0,39.94822,-75.20908,19.0
3276,2024-11-29,7am-7pm,8.0,4.0,-4.0,39.96569,-75.15679,18.0
3019,2023-05-30,7pm-7am,1.0,2.0,1.0,39.95403,-75.14983,15.0
3314,2023-07-02,7pm-7am,0.0,1.0,1.0,39.93682,-75.14492,17.0
3321,2024-05-25,7am-7pm,11.0,5.0,-6.0,39.95485,-75.17298,21.0
3210,2023-03-23,7am-7pm,6.0,5.0,-1.0,39.98492,-75.15668,18.0
3060,2023-03-07,7am-7pm,2.0,2.0,0.0,39.95923,-75.17036,19.0
3296,2025-06-14,7am-7pm,18.0,26.0,8.0,39.95134,-75.16758,21.0
3065,2024-07-06,7pm-7am,2.0,1.0,-1.0,39.9707,-75.15171,15.0
3281,2024-07-09,7pm-7am,1.0,1.0,0.0,39.9323,-75.2162,15.0
3287,2025-06-06,7am-7pm,1.0,1.0,0.0,39.94367,-75.21606,16.0
3210,2023-11-12,7pm-7am,2.0,1.0,-1.0,39.98492,-75.15668,18.0
3393,2025-08-22,7am-7pm,13.0,12.0,-1.0,39.96727,-75.13999,18.0
3039,2024-09-24,7pm-7am,4.0,1.0,-3.0,39.97157,-75.15993,17.0
3061,2025-01-26,7am-7pm,16.0,9.0,-7.0,,,
3163,2026-01-03,7am-7pm,9.0,8.0,-1.0,39.94974,-75.18097,22.0
3163,2024-04-23,7am-7pm,22.0,29.0,7.0,39.94974,-75.18097,22.0
3316,2025-02-04,7pm-7am,0.0,1.0,1.0,39.92255,-75.17337,19.0
3305,2023-05-30,7pm-7am,1.0,1.0,0.0,39.99569,-75.1671,11.0
3295,2025-07-26,7pm-7am,21.0,19.0,-2.0,39.95028,-75.16027,21.0
3336,2024-04-03,7am-7pm,2.0,1.0,-1.0,39.95719,-75.19388,20.0
3352,2024-02-06,7am-7pm,1.0,1.0,0.0,40.00143,-75.15256,11.0
3353,2024-05-08,7pm-7am,0.0,2.0,2.0,40.00496,-75.15233,22.0
3235,2025-03-12,7am-7pm,12.0,9.0,-3.0,39.96,-75.1651,15.0
3391,2024-10-05,7pm-7am,6.0,7.0,1.0,39.99667,-75.23482,13.0
3009,2025-02-14,7pm-7am,4.0,1.0,-3.0,39.95576,-75.18982,14.0
3338,2025-06-09,7am-7pm,0.0,2.0,2.0,39.95098,-75.23035,21.0
3381,2025-02-14,7pm-7am,1.0,1.0,0.0,39.94845,-75.21807,13.0
3245,2024-03-02,7pm-7am,2.0,0.0,-2.0,39.97887,-75.15777,20.0
3235,2024-03-14,7am-7pm,10.0,7.0,-3.0,39.96,-75.1651,15.0
3016,2024-10-22,7am-7pm,5.0,4.0,-1.0,39.96892,-75.1547,15.0
3035,2025-02-19,7pm-7am,0.0,4.0,4.0,39.96271,-75.19419,20.0
3162,2023-06-12,7pm-7am,5.0,3.0,-2.0,39.94595,-75.18475,34.0
3299,2023-01-25,7am-7pm,7.0,0.0,-7.0,39.94332,-75.15698,22.0
3069,2025-08-22,7pm-7am,9.0,8.0,-1.0,39.93704,-75.15038,23.0
3282,2025-04-08,7pm-7am,1.0,1.0,0.0,39.98628,-75.14925,15.0
3046,2023-05-26,7pm-7am,17.0,16.0,-1.0,,,
3345,2025-11-12,7pm-7am,3.0,5.0,2.0,39.9617,-75.14667,19.0
3382,2025-08-17,7am-7pm,15.0,15.0,0.0,39.95038,-75.17309,11.0
3342,2025-05-17,7pm-7am,6.0,4.0,-2.0,39.9639,-75.17385,20.0
3006,2023-06-18,7am-7pm,14.0,20.0,6.0,39.9522,-75.20311,17.0
3055,2025-05-17,7am-7pm,18.0,19.0,1.0,39.95112,-75.15457,15.0
3432,2025-11-19,7am-7pm,1.0,0.0,-1.0,40.03055,-75.21983,11.0
3362,2024-02-26,7pm-7am,5.0,4.0,-1.0,39.94816,-75.16226,19.0
3300,2024-04-28,7am-7pm,6.0,9.0,3.0,39.95511,-75.16287,13.0
3371,2026-03-31,7pm-7am,5.0,4.0,-1.0,39.9534,-75.1543,19.0
3204,2025-01-30,7am-7pm,11.0,6.0,-5.0,39.96437,-75.16582,22.0
3068,2024-07-12,7pm-7am,9.0,9.0,0.0,39.93549,-75.16711,18.0
3316,2023-03-22,7am-7pm,4.0,3.0,-1.0,39.92255,-75.17337,19.0
3295,2023-11-03,7pm-7am,17.0,18.0,1.0,39.95028,-75.16027,21.0
3279,2023-03-21,7am-7pm,4.0,5.0,1.0,39.9265,-75.1668,18.0
3286,2024-08-02,7am-7pm,5.0,4.0,-1.0,39.96409,-75.14769,22.0
3159,2023-05-07,7am-7pm,11.0,6.0,-5.0,39.95121,-75.19962,23.0
3276,2025-03-24,7am-7pm,2.0,2.0,0.0,39.96569,-75.15679,18.0
3338,2024-06-23,7pm-7am,1.0,1.0,0.0,39.95098,-75.23035,21.0
3368,2025-03-08,7am-7pm,1.0,1.0,0.0,39.97647,-75.17362,17.0
3118,2023-12-30,7pm-7am,0.0,1.0,1.0,39.95866,-75.21323,20.0
3068,2023-05-28,7am-7pm,14.0,11.0,-3.0,39.93549,-75.16711,18.0
3381,2024-04-05,7pm-7am,1.0,2.0,1.0,39.94845,-75.21807,13.0
3163,2026-02-08,7am-7pm,2.0,5.0,3.0,39.94974,-75.18097,22.0
3208,2026-02-16,7am-7pm,18.0,15.0,-3.0,39.95048,-75.19324,28.0
3241,2023-12-03,7am-7pm,1.0,1.0,0.0,39.95225,-75.22637,20.0
3166,2023-09-15,7pm-7am,4.0,1.0,-3.0,39.97195,-75.13445,22.0
3303,2024-07-16,7pm-7am,4.0,5.0,1.0,39.9559,-75.2053,20.0
3160,2023-05-30,7pm-7am,6.0,8.0,2.0,39.95662,-75.19862,41.0
3241,2026-03-31,7pm-7am,0.0,4.0,4.0,39.95225,-75.22637,20.0
3116,2024-04-30,7pm-7am,5.0,2.0,-3.0,39.96006,-75.17198,21.0
3325,2024-05-19,7am-7pm,4.0,4.0,0.0,39.9768,-75.12764,22.0
3063,2024-12-03,7pm-7am,7.0,3.0,-4.0,39.94633,-75.1698,25.0
3257,2023-01-29,7pm-7am,0.0,6.0,6.0,,,
3026,2023-07-11,7pm-7am,14.0,16.0,2.0,39.94182,-75.1455,17.0
3039,2025-03-27,7pm-7am,1.0,2.0,1.0,39.97157,-75.15993,17.0
3309,2023-06-26,7am-7pm,5.0,2.0,-3.0,,,
3259,2025-12-04,7am-7pm,13.0,12.0,-1.0,39.95998,-75.19883,17.0
3123,2026-01-05,7pm-7am,1.0,1.0,0.0,39.98004,-75.17088,16.0
3233,2023-01-29,7pm-7am,1.0,0.0,-1.0,,,
3170,2023-02-20,7am-7pm,10.0,4.0,-6.0,,,
3276,2023-11-29,7am-7pm,5.0,5.0,0.0,39.96569,-75.15679,18.0
3040,2023-07-04,7am-7pm,11.0,12.0,1.0,39.96289,-75.16606,21.0
3322,2023-05-22,7am-7pm,5.0,6.0,1.0,39.93638,-75.15526,13.0
3049,2023-03-26,7am-7pm,9.0,9.0,0.0,39.94509,-75.1425,29.0
3271,2025-08-02,7am-7pm,0.0,3.0,3.0,39.9476,-75.22946,18.0
3255,2024-11-02,7am-7pm,9.0,18.0,9.0,39.95095,-75.16438,15.0
3315,2026-02-27,7am-7pm,2.0,0.0,-2.0,39.94235,-75.21138,13.0
3197,2026-03-03,7am-7pm,4.0,3.0,-1.0,39.92083,-75.17033,23.0
3007,2023-07-27,7am-7pm,42.0,35.0,-7.0,39.94517,-75.15993,20.0
3182,2025-12-28,7am-7pm,5.0,13.0,8.0,,,
3184,2024-07-08,7pm-7am,4.0,0.0,-4.0,39.94573,-75.19551,22.0
3029,2023-09-19,7am-7pm,46.0,47.0,1.0,39.9538,-75.19479,17.0
3061,2024-03-06,7pm-7am,5.0,2.0,-3.0,,,
3114,2023-02-03,7am-7pm,6.0,5.0,-1.0,39.93775,-75.18012,17.0
3327,2024-09-01,7pm-7am,1.0,2.0,1.0,39.97759,-75.12442,17.0
3063,2025-02-04,7am-7pm,21.0,19.0,-2.0,39.94633,-75.1698,25.0
3015,2026-02-07,7am-7pm,1.0,2.0,1.0,39.94735,-75.14886,11.0
3383,2024-07-31,7pm-7am,6.0,14.0,8.0,39.96634,-75.14222,19.0
3259,2023-06-02,7am-7pm,8.0,9.0,1.0,39.95998,-75.19883,17.0
3037,2025-05-20,7pm-7am,3.0,3.0,0.0,39.95424,-75.16138,21.0
3026,2024-12-07,7pm-7am,5.0,2.0,-3.0,39.94182,-75.1455,17.0
3006,2024-06-02,7pm-7am,6.0,5.0,-1.0,39.9522,-75.20311,17.0
3342,2025-11-05,7am-7pm,12.0,13.0,1.0,39.9639,-75.17385,20.0
3212,2025-08-23,7pm-7am,12.0,8.0,-4.0,39.96383,-75.18177,32.0
3018,2023-03-22,7pm-7am,3.0,3.0,0.0,39.95273,-75.15979,18.0
3304,2026-02-10,7pm-7am,9.0,6.0,-3.0,39.94234,-75.15399,21.0
3053,2025-11-26,7pm-7am,6.0,2.0,-4.0,39.93231,-75.18154,19.0
3251,2023-12-29,7am-7pm,1.0,0.0,-1.0,39.93366,-75.19319,16.0
3320,2023-07-22,7am-7pm,5.0,4.0,-1.0,39.9746,-75.15917,17.0
3285,2023-07-20,7pm-7am,6.0,3.0,-3.0,39.95946,-75.14745,19.0
3161,2024-04-20,7pm-7am,6.0,9.0,3.0,39.95486,-75.18091,23.0
3318,2024-05-02,7pm-7am,7.0,5.0,-2.0,39.95182,-75.16395,20.0
3070,2023-07-01,7pm-7am,2.0,5.0,3.0,,,
3451,2026-03-15,7am-7pm,1.0,3.0,2.0,39.90505,-75.17585,16.0
3066,2024-01-10,7pm-7am,6.0,6.0,0.0,39.94561,-75.17348,29.0
3116,2025-03-04,7am-7pm,9.0,5.0,-4.0,39.96006,-75.17198,21.0
3067,2024-08-17,7pm-7am,1.0,2.0,1.0,39.96411,-75.19973,17.0
3276,2024-09-10,7am-7pm,10.0,9.0,-1.0,39.96569,-75.15679,18.0
3314,2025-10-14,7am-7pm,12.0,15.0,3.0,39.93682,-75.14492,17.0
3190,2023-02-17,7pm-7am,7.0,3.0,-4.0,,,
3086,2023-03-22,7am-7pm,12.0,11.0,-1.0,39.94019,-75.16691,21.0
3249,2024-08-21,7pm-7am,4.0,3.0,-1.0,39.95784,-75.19079,22.0
3055,2025-07-20,7am-7pm,5.0,5.0,0.0,39.95112,-75.15457,15.0
3300,2024-09-10,7am-7pm,9.0,12.0,3.0,39.95511,-75.16287,13.0
3073,2025-08-25,7am-7pm,19.0,20.0,1.0,39.96143,-75.15242,15.0
3112,2023-09-06,7am-7pm,12.0,13.0,1.0,39.95373,-75.21825,18.0
3037,2025-04-17,7am-7pm,18.0,15.0,-3.0,39.95424,-75.16138,21.0
3187,2025-12-05,7am-7pm,4.0,6.0,2.0,39.95725,-75.17232,19.0
3208,2024-03-18,7pm-7am,14.0,10.0,-4.0,39.95048,-75.19324,28.0
3099,2023-06-04,7am-7pm,5.0,3.0,-2.0,39.93401,-75.15094,19.0
3086,2024-12-07,7pm-7am,1.0,0.0,-1.0,39.94019,-75.16691,21.0
3088,2023-11-20,7pm-7am,2.0,2.0,0.0,39.96984,-75.1418,35.0
3276,2024-04-07,7am-7pm,4.0,2.0,-2.0,39.96569,-75.15679,18.0
3266,2023-09-26,7pm-7am,1.0,2.0,1.0,39.9237,-75.14701,22.0
3430,2025-10-20,7pm-7am,5.0,6.0,1.0,39.97408,-75.1801,14.0
3256,2023-03-28,7am-7pm,17.0,26.0,9.0,39.95269,-75.17779,23.0
3213,2025-11-25,7pm-7am,6.0,4.0,-2.0,39.93887,-75.16663,25.0
3243,2025-05-02,7am-7pm,7.0,4.0,-3.0,39.9835,-75.14743,12.0
3021,2025-10-21,7pm-7am,6.0,5.0,-1.0,39.9539,-75.16902,34.0
3118,2025-01-02,7pm-7am,0.0,1.0,1.0,39.95866,-75.21323,20.0
3201,2024-07-26,7pm-7am,13.0,13.0,0.0,39.95523,-75.1662,20.0
3209,2025-04-17,7pm-7am,2.0,2.0,0.0,39.949,-75.21278,14.0
3113,2026-03-30,7am-7pm,2.0,0.0,-2.0,39.97472,-75.19781,12.0
3066,2023-02-10,7am-7pm,22.0,20.0,-2.0,39.94561,-75.17348,29.0
3418,2025-12-23,7am-7pm,1.0,0.0,-1.0,40.00924,-75.15198,17.0
3118,2024-06-06,7am-7pm,6.0,6.0,0.0,39.95866,-75.21323,20.0
3282,2025-04-01,7am-7pm,0.0,1.0,1.0,39.98628,-75.14925,15.0
3043,2023-08-20,7pm-7am,3.0,5.0,2.0,,,
3333,2024-12-31,7pm-7am,0.0,2.0,2.0,39.9541,-75.16965,25.0
3038,2024-04-22,7am-7pm,33.0,27.0,-6.0,39.94781,-75.19409,28.0
3208,2026-03-12,7am-7pm,18.0,19.0,1.0,39.95048,-75.19324,28.0
3014,2024-01-25,7pm-7am,1.0,1.0,0.0,39.95886,-75.17369,25.0
3374,2024-10-11,7pm-7am,2.0,5.0,3.0,39.9728,-75.17971,18.0
3061,2024-07-03,7pm-7am,12.0,9.0,-3.0,,,
3197,2023-06-25,7am-7pm,7.0,6.0,-1.0,39.92083,-75.17033,23.0
3362,2026-01-22,7am-7pm,20.0,17.0,-3.0,39.94816,-75.16226,19.0
3246,2023-02-01,7pm-7am,0.0,1.0,1.0,39.94782,-75.22301,17.0
3025,2024-04-24,7pm-7am,5.0,6.0,1.0,39.93724,-75.1612,15.0
3314,2025-02-15,7pm-7am,2.0,1.0,-1.0,39.93682,-75.14492,17.0
3019,2024-10-16,7am-7pm,11.0,10.0,-1.0,39.95403,-75.14983,15.0
3028,2024-06-11,7am-7pm,33.0,43.0,10.0,39.94061,-75.14958,15.0
3101,2024-03-02,7pm-7am,6.0,5.0,-1.0,39.94295,-75.15955,18.0
3183,2025-05-04,7am-7pm,2.0,4.0,2.0,39.88994,-75.17679,20.0
3040,2025-02-08,7pm-7am,2.0,0.0,-2.0,39.96289,-75.16606,21.0
3347,2023-10-10,7pm-7am,4.0,2.0,-2.0,,,
3321,2023-04-07,7pm-7am,2.0,0.0,-2.0,39.95485,-75.17298,21.0
3248,2025-09-24,7am-7pm,11.0,9.0,-2.0,39.94213,-75.18335,22.0
3123,2024-03-02,7am-7pm,1.0,1.0,0.0,39.98004,-75.17088,16.0
3067,2025-07-27,7pm-7am,5.0,6.0,1.0,39.96411,-75.19973,17.0
3071,2023-09-05,7am-7pm,13.0,9.0,-4.0,,,
3114,2023-01-05,7am-7pm,14.0,13.0,-1.0,39.93775,-75.18012,17.0
3256,2024-11-17,7pm-7am,8.0,4.0,-4.0,39.95269,-75.17779,23.0
3285,2023-12-24,7am-7pm,6.0,6.0,0.0,39.95946,-75.14745,19.0
3373,2025-09-27,7am-7pm,18.0,16.0,-2.0,39.95817,-75.15668,15.0
3160,2025-09-18,7pm-7am,10.0,15.0,5.0,39.95662,-75.19862,41.0
3075,2025-11-19,7pm-7am,3.0,5.0,2.0,39.96718,-75.16125,12.0
3074,2025-09-28,7am-7pm,21.0,18.0,-3.0,39.95511,-75.20987,15.0
3155,2024-05-24,7am-7pm,19.0,16.0,-3.0,39.94018,-75.15442,18.0
3190,2023-05-12,7am-7pm,24.0,37.0,13.0,,,
3021,2024-02-09,7am-7pm,13.0,17.0,4.0,39.9539,-75.16902,34.0
3029,2023-04-20,7pm-7am,6.0,4.0,-2.0,39.9538,-75.19479,17.0
3409,2026-02-04,7pm-7am,1.0,0.0,-1.0,39.95508,-75.15128,20.0
3052,2025-05-01,7am-7pm,26.0,29.0,3.0,39.94732,-75.15695,25.0
3414,2026-01-21,7am-7pm,3.0,1.0,-2.0,39.93922,-75.22347,13.0
3303,2025-07-28,7am-7pm,2.0,3.0,1.0,39.9559,-75.2053,20.0
3333,2025-10-13,7am-7pm,10.0,17.0,7.0,39.9541,-75.16965,25.0
3113,2023-06-21,7am-7pm,1.0,1.0,0.0,39.97472,-75.19781,12.0
3280,2025-06-12,7pm-7am,1.0,1.0,0.0,39.93968,-75.21362,18.0
3026,2025-01-22,7pm-7am,3.0,0.0,-3.0,39.94182,-75.1455,17.0
3255,2023-08-25,7pm-7am,9.0,7.0,-2.0,39.95095,-75.16438,15.0
3035,2024-07-13,7pm-7am,3.0,9.0,6.0,39.96271,-75.19419,20.0
3201,2025-08-06,7pm-7am,9.0,3.0,-6.0,39.95523,-75.1662,20.0
3162,2024-08-07,7pm-7am,7.0,6.0,-1.0,39.94595,-75.18475,34.0
3046,2023-11-07,7pm-7am,12.0,7.0,-5.0,,,
3066,2024-02-15,7pm-7am,5.0,5.0,0.0,39.94561,-75.17348,29.0
3327,2025-07-09,7pm-7am,2.0,0.0,-2.0,39.97759,-75.12442,17.0
3259,2023-01-14,7pm-7am,1.0,0.0,-1.0,39.95998,-75.19883,17.0
3051,2025-03-24,7pm-7am,6.0,3.0,-3.0,39.96744,-75.17507,37.0
3006,2025-10-29,7pm-7am,5.0,6.0,1.0,39.9522,-75.20311,17.0
3078,2024-11-02,7pm-7am,4.0,1.0,-3.0,39.95355,-75.17192,18.0
3020,2024-11-30,7pm-7am,6.0,4.0,-2.0,39.94855,-75.19007,36.0
3156,2023-02-28,7am-7pm,9.0,7.0,-2.0,39.95381,-75.17407,22.0
3265,2025-02-21,7am-7pm,1.0,1.0,0.0,39.95957,-75.19633,13.0
3261,2025-01-19,7am-7pm,0.0,2.0,2.0,39.96304,-75.14099,17.0
3375,2025-03-07,7pm-7am,2.0,1.0,-1.0,39.96036,-75.1402,22.0
3038,2025-01-15,7pm-7am,1.0,7.0,6.0,39.94781,-75.19409,28.0
3254,2024-07-13,7pm-7am,0.0,3.0,3.0,39.98091,-75.16065,18.0
3300,2024-09-12,7am-7pm,13.0,12.0,-1.0,39.95511,-75.16287,13.0
3035,2025-02-19,7am-7pm,3.0,6.0,3.0,39.96271,-75.19419,20.0
3073,2025-09-15,7pm-7am,15.0,13.0,-2.0,39.96143,-75.15242,15.0
3061,2025-04-24,7pm-7am,10.0,2.0,-8.0,,,
3075,2023-02-21,7pm-7am,1.0,4.0,3.0,39.96718,-75.16125,12.0
3241,2025-07-21,7am-7pm,5.0,3.0,-2.0,39.95225,-75.22637,20.0
3196,2026-01-26,7am-7pm,1.0,1.0,0.0,39.98717,-75.17477,17.0
3294,2023-04-20,7pm-7am,11.0,7.0,-4.0,39.95174,-75.17063,21.0
3212,2025-11-19,7am-7pm,2.0,4.0,2.0,39.96383,-75.18177,32.0
3037,2025-09-06,7pm-7am,4.0,11.0,7.0,39.95424,-75.16138,21.0
3008,2023-06-21,7am-7pm,11.0,8.0,-3.0,39.98081,-75.15067,17.0
3353,2024-06-28,7pm-7am,1.0,3.0,2.0,40.00496,-75.15233,22.0
3277,2025-10-27,7pm-7am,2.0,1.0,-1.0,39.98306,-75.16738,20.0
3276,2024-01-02,7am-7pm,4.0,3.0,-1.0,39.96569,-75.15679,18.0
3025,2025-10-09,7am-7pm,29.0,29.0,0.0,39.93724,-75.1612,15.0
3212,2024-09-27,7am-7pm,7.0,9.0,2.0,39.96383,-75.18177,32.0
3064,2023-04-04,7am-7pm,23.0,20.0,-3.0,39.9384,-75.17327,22.0
3158,2025-08-22,7pm-7am,6.0,7.0,1.0,39.92552,-75.16904,15.0
3017,2024-05-27,7pm-7am,0.0,6.0,6.0,39.98003,-75.14371,15.0
3327,2025-07-13,7am-7pm,5.0,4.0,-1.0,39.97759,-75.12442,17.0
3295,2024-11-15,7am-7pm,28.0,31.0,3.0,39.95028,-75.16027,21.0
3209,2025-02-03,7pm-7am,1.0,1.0,0.0,39.949,-75.21278,14.0
3051,2023-05-02,7pm-7am,3.0,4.0,1.0,39.96744,-75.17507,37.0
3074,2024-05-13,7pm-7am,3.0,4.0,1.0,39.95511,-75.20987,15.0
3258,2024-05-04,7pm-7am,1.0,0.0,-1.0,39.95828,-75.22424,20.0
3287,2023-06-22,7pm-7am,1.0,1.0,0.0,39.94367,-75.21606,16.0
3020,2025-07-04,7am-7pm,15.0,10.0,-5.0,39.94855,-75.19007,36.0
3188,2025-06-10,7pm-7am,19.0,7.0,-12.0,39.90471,-75.1734,56.0
3035,2023-07-07,7am-7pm,14.0,5.0,-9.0,39.96271,-75.19419,20.0
3211,2024-07-10,7pm-7am,2.0,4.0,2.0,39.97172,-75.1706,22.0
3320,2024-05-22,7am-7pm,17.0,9.0,-8.0,39.9746,-75.15917,17.0
3046,2023-04-08,7am-7pm,12.0,18.0,6.0,,,
3319,2024-02-10,7am-7pm,3.0,5.0,2.0,39.96672,-75.12964,16.0
3422,2025-08-11,7am-7pm,4.0,6.0,2.0,39.95619,-75.18647,10.0
3200,2026-01-06,7am-7pm,3.0,1.0,-2.0,39.97583,-75.16846,17.0
3243,2025-05-18,7am-7pm,2.0,0.0,-2.0,39.9835,-75.14743,12.0
3038,2025-01-21,7am-7pm,14.0,9.0,-5.0,39.94781,-75.19409,28.0
3188,2025-01-15,7am-7pm,0.0,2.0,2.0,39.90471,-75.1734,56.0
3211,2025-02-14,7am-7pm,8.0,4.0,-4.0,39.97172,-75.1706,22.0
3049,2023-03-25,7pm-7am,7.0,2.0,-5.0,39.94509,-75.1425,29.0
3154,2026-01-06,7pm-7am,3.0,2.0,-1.0,39.95924,-75.15821,16.0
3014,2023-10-02,7am-7pm,7.0,7.0,0.0,39.95886,-75.17369,25.0
3350,2026-01-13,7am-7pm,4.0,3.0,-1.0,39.99415,-75.15527,20.0
3355,2023-12-22,7am-7pm,6.0,4.0,-2.0,,,
3020,2025-06-28,7pm-7am,6.0,3.0,-3.0,39.94855,-75.19007,36.0
3006,2026-01-06,7pm-7am,4.0,2.0,-2.0,39.9522,-75.20311,17.0
3111,2024-03-06,7am-7pm,0.0,1.0,1.0,39.97779,-75.21323,14.0
3051,2023-03-20,7am-7pm,9.0,7.0,-2.0,39.96744,-75.17507,37.0
3328,2025-03-28,7am-7pm,7.0,7.0,0.0,39.98798,-75.1995,23.0
3057,2023-10-06,7pm-7am,5.0,2.0,-3.0,39.96439,-75.17987,26.0
3062,2025-09-18,7am-7pm,19.0,21.0,2.0,,,
3024,2024-11-03,7pm-7am,1.0,0.0,-1.0,39.94822,-75.20908,19.0
3053,2024-03-08,7pm-7am,1.0,2.0,1.0,39.93231,-75.18154,19.0
3052,2024-04-15,7pm-7am,11.0,12.0,1.0,39.94732,-75.15695,25.0
3164,2024-07-30,7am-7pm,24.0,14.0,-10.0,39.92814,-75.16515,18.0
3303,2023-09-13,7pm-7am,5.0,5.0,0.0,39.9559,-75.2053,20.0
3047,2025-04-17,7am-7pm,11.0,8.0,-3.0,39.95073,-75.14947,20.0
3035,2024-02-27,7am-7pm,6.0,4.0,-2.0,39.96271,-75.19419,20.0
3304,2025-05-19,7pm-7am,13.0,9.0,-4.0,39.94234,-75.15399,21.0
3158,2025-08-17,7am-7pm,9.0,10.0,1.0,39.92552,-75.16904,15.0
3116,2023-10-30,7pm-7am,1.0,1.0,0.0,39.96006,-75.17198,21.0
3308,2023-12-05,7am-7pm,3.0,6.0,3.0,,,
3160,2023-06-24,7pm-7am,5.0,6.0,1.0,39.95662,-75.19862,41.0
3414,2025-05-22,7am-7pm,2.0,1.0,-1.0,39.93922,-75.22347,13.0
3294,2025-06-11,7pm-7am,7.0,2.0,-5.0,39.95174,-75.17063,21.0
3320,2025-02-08,7am-7pm,3.0,3.0,0.0,39.9746,-75.15917,17.0
3410,2025-12-23,7am-7pm,2.0,1.0,-1.0,39.94201,-75.21838,11.0
3255,2024-09-05,7pm-7am,6.0,5.0,-1.0,39.95095,-75.16438,15.0
3246,2024-02-04,7am-7pm,4.0,1.0,-3.0,39.94782,-75.22301,17.0
3188,2023-02-10,7am-7pm,3.0,5.0,2.0,39.90471,-75.1734,56.0
3368,2024-03-27,7pm-7am,1.0,2.0,1.0,39.97647,-75.17362,17.0
3283,2023-02-25,7am-7pm,0.0,1.0,1.0,,,
3408,2025-10-12,7am-7pm,3.0,1.0,-2.0,39.9216,-75.15,17.0
3097,2023-08-21,7pm-7am,5.0,1.0,-4.0,39.97888,-75.13339,18.0
3057,2026-02-13,7am-7pm,3.0,12.0,9.0,39.96439,-75.17987,26.0
3071,2023-01-21,7pm-7am,4.0,4.0,0.0,,,
3339,2023-11-09,7pm-7am,1.0,0.0,-1.0,,,
3021,2026-03-30,7pm-7am,7.0,4.0,-3.0,39.9539,-75.16902,34.0
3252,2024-09-01,7pm-7am,1.0,7.0,6.0,39.93882,-75.19324,14.0
3119,2025-01-13,7pm-7am,1.0,2.0,1.0,39.96674,-75.20799,17.0
3156,2025-04-28,7am-7pm,25.0,24.0,-1.0,39.95381,-75.17407,22.0
3247,2025-12-09,7am-7pm,2.0,1.0,-1.0,39.96538,-75.21514,16.0
3062,2024-12-16,7pm-7am,3.0,1.0,-2.0,,,
3120,2025-11-05,7pm-7am,3.0,1.0,-2.0,39.97522,-75.18669,19.0
3203,2025-11-29,7pm-7am,4.0,4.0,0.0,39.94077,-75.17227,20.0
3113,2025-11-19,7am-7pm,1.0,0.0,-1.0,39.97472,-75.19781,12.0
3115,2023-11-10,7am-7pm,1.0,1.0,0.0,39.97263,-75.16757,18.0
3283,2023-09-17,7am-7pm,2.0,0.0,-2.0,,,
3310,2025-06-29,7pm-7am,0.0,1.0,1.0,39.98024,-75.18651,15.0
3047,2025-08-17,7pm-7am,6.0,2.0,-4.0,39.95073,-75.14947,20.0
3308,2023-06-18,7am-7pm,2.0,2.0,0.0,,,
3337,2023-12-13,7am-7pm,9.0,8.0,-1.0,39.97318,-75.14612,15.0
3154,2023-05-30,7pm-7am,12.0,15.0,3.0,39.95924,-75.15821,16.0
3118,2024-07-09,7am-7pm,2.0,3.0,1.0,39.95866,-75.21323,20.0
3261,2024-11-12,7pm-7am,4.0,5.0,1.0,39.96304,-75.14099,17.0
3371,2024-07-27,7pm-7am,7.0,9.0,2.0,39.9534,-75.1543,19.0
3325,2025-05-12,7am-7pm,0.0,5.0,5.0,39.9768,-75.12764,22.0
3212,2023-03-25,7am-7pm,8.0,6.0,-2.0,39.96383,-75.18177,32.0
3164,2023-01-10,7pm-7am,6.0,4.0,-2.0,39.92814,-75.16515,18.0
3292,2024-07-13,7pm-7am,0.0,5.0,5.0,39.92,-75.1562,17.0
3360,2025-11-24,7pm-7am,6.0,5.0,-1.0,39.93304,-75.16822,22.0
3316,2024-09-15,7pm-7am,4.0,6.0,2.0,39.92255,-75.17337,19.0
3093,2023-09-13,7am-7pm,0.0,1.0,1.0,39.98837,-75.18701,16.0
3110,2025-11-24,7am-7pm,10.0,10.0,0.0,39.96175,-75.13641,19.0
3010,2024-10-27,7pm-7am,12.0,12.0,0.0,39.94711,-75.16618,22.0
3159,2024-02-14,7am-7pm,9.0,18.0,9.0,39.95121,-75.19962,23.0
3254,2024-07-09,7pm-7am,0.0,3.0,3.0,39.98091,-75.16065,18.0
3365,2024-06-21,7am-7pm,21.0,11.0,-10.0,39.96173,-75.18788,17.0
3240,2024-08-24,7am-7pm,1.0,0.0,-1.0,39.96277,-75.21185,12.0
3154,2023-09-30,7pm-7am,9.0,9.0,0.0,39.95924,-75.15821,16.0
3254,2025-04-04,7am-7pm,5.0,7.0,2.0,39.98091,-75.16065,18.0
3068,2024-08-11,7am-7pm,10.0,6.0,-4.0,39.93549,-75.16711,18.0
3118,2026-03-12,7pm-7am,1.0,2.0,1.0,39.95866,-75.21323,20.0
3097,2023-06-29,7am-7pm,6.0,8.0,2.0,39.97888,-75.13339,18.0
3435,2025-12-27,7am-7pm,1.0,2.0,1.0,39.98451,-75.12348,13.0
3060,2025-05-03,7pm-7am,3.0,2.0,-1.0,39.95923,-75.17036,19.0
3029,2024-01-01,7pm-7am,3.0,6.0,3.0,39.9538,-75.19479,17.0
3203,2025-03-14,7am-7pm,23.0,17.0,-6.0,39.94077,-75.17227,20.0
3319,2024-05-25,7pm-7am,6.0,6.0,0.0,39.96672,-75.12964,16.0
3255,2025-04-05,7pm-7am,14.0,7.0,-7.0,39.95095,-75.16438,15.0
3019,2025-10-31,7am-7pm,5.0,5.0,0.0,39.95403,-75.14983,15.0
3372,2025-05-21,7pm-7am,0.0,1.0,1.0,39.92528,-75.18672,15.0
3359,2024-07-21,7am-7pm,22.0,25.0,3.0,39.94888,-75.16978,29.0
3320,2023-06-10,7pm-7am,1.0,4.0,3.0,39.9746,-75.15917,17.0
3197,2024-03-28,7am-7pm,8.0,2.0,-6.0,39.92083,-75.17033,23.0
3069,2023-05-29,7pm-7am,3.0,1.0,-2.0,39.93704,-75.15038,23.0
3376,2024-10-08,7pm-7am,3.0,5.0,2.0,39.97183,-75.14878,8.0
3088,2024-04-01,7am-7pm,4.0,7.0,3.0,39.96984,-75.1418,35.0
3046,2023-05-16,7am-7pm,27.0,30.0,3.0,,,
3124,2023-11-26,7am-7pm,1.0,1.0,0.0,39.95367,-75.13956,17.0
3334,2024-09-11,7pm-7am,5.0,12.0,7.0,39.9302,-75.15636,19.0
3033,2026-03-11,7pm-7am,8.0,3.0,-5.0,39.95005,-75.15672,20.0
3349,2023-12-26,7am-7pm,6.0,5.0,-1.0,39.93651,-75.18621,17.0
3376,2024-09-12,7pm-7am,3.0,5.0,2.0,39.97183,-75.14878,8.0
3299,2026-02-14,7am-7pm,9.0,14.0,5.0,39.94332,-75.15698,22.0
3200,2025-01-23,7am-7pm,1.0,2.0,1.0,39.97583,-75.16846,17.0
3233,2024-08-25,7am-7pm,2.0,5.0,3.0,,,
3346,2024-09-17,7am-7pm,8.0,12.0,4.0,39.94883,-75.15097,17.0
3246,2023-04-05,7pm-7am,1.0,4.0,3.0,39.94782,-75.22301,17.0
3296,2024-04-22,7pm-7am,5.0,3.0,-2.0,39.95134,-75.16758,21.0
3053,2025-01-27,7am-7pm,12.0,11.0,-1.0,39.93231,-75.18154,19.0
3204,2024-12-04,7pm-7am,5.0,4.0,-1.0,39.96437,-75.16582,22.0
3385,2025-04-04,7pm-7am,0.0,2.0,2.0,39.94974,-75.15424,15.0
3400,2025-02-26,7pm-7am,4.0,1.0,-3.0,39.949,-75.16081,18.0
3107,2025-10-17,7pm-7am,1.0,3.0,2.0,39.98203,-75.18866,18.0
3040,2023-03-10,7am-7pm,5.0,7.0,2.0,39.96289,-75.16606,21.0
3310,2025-10-08,7am-7pm,4.0,1.0,-3.0,39.98024,-75.18651,15.0
3408,2025-10-21,7pm-7am,0.0,3.0,3.0,39.9216,-75.15,17.0
3338,2023-08-10,7am-7pm,1.0,0.0,-1.0,39.95098,-75.23035,21.0
3074,2024-10-17,7am-7pm,13.0,14.0,1.0,39.95511,-75.20987,15.0
3077,2025-05-17,7am-7pm,9.0,5.0,-4.0,39.97207,-75.16351,19.0
3323,2026-01-07,7am-7pm,2.0,2.0,0.0,40.02796,-75.2277,18.0
3024,2024-07-21,7am-7pm,8.0,8.0,0.0,39.94822,-75.20908,19.0
3291,2024-10-03,7am-7pm,5.0,5.0,0.0,40.01022,-75.197,15.0
3200,2024-10-20,7pm-7am,2.0,3.0,1.0,39.97583,-75.16846,17.0
3295,2025-01-04,7am-7pm,11.0,17.0,6.0,39.95028,-75.16027,21.0
3026,2024-12-21,7am-7pm,5.0,6.0,1.0,39.94182,-75.1455,17.0
3009,2024-05-05,7pm-7am,6.0,6.0,0.0,39.95576,-75.18982,14.0
3074,2023-01-19,7pm-7am,1.0,0.0,-1.0,39.95511,-75.20987,15.0
3058,2023-05-03,7am-7pm,15.0,12.0,-3.0,,,
3350,2025-04-24,7am-7pm,3.0,2.0,-1.0,39.99415,-75.15527,20.0
3259,2025-01-03,7pm-7am,1.0,3.0,2.0,39.95998,-75.19883,17.0
3086,2026-02-06,7pm-7am,2.0,1.0,-1.0,39.94019,-75.16691,21.0
3088,2026-01-16,7pm-7am,2.0,3.0,1.0,39.96984,-75.1418,35.0
3374,2024-06-13,7am-7pm,19.0,21.0,2.0,39.9728,-75.17971,18.0
3156,2024-07-02,7am-7pm,20.0,19.0,-1.0,39.95381,-75.17407,22.0
3054,2025-08-21,7am-7pm,36.0,30.0,-6.0,39.9625,-75.1742,35.0
3252,2024-10-09,7am-7pm,8.0,7.0,-1.0,39.93882,-75.19324,14.0
3354,2023-11-27,7am-7pm,1.0,0.0,-1.0,39.95628,-75.2387,18.0
3028,2025-09-06,7am-7pm,47.0,47.0,0.0,39.94061,-75.14958,15.0
3381,2025-01-10,7am-7pm,3.0,0.0,-3.0,39.94845,-75.21807,13.0
3075,2024-06-16,7pm-7am,9.0,7.0,-2.0,39.96718,-75.16125,12.0
3024,2024-01-11,7am-7pm,1.0,2.0,1.0,39.94822,-75.20908,19.0
3058,2025-05-20,7am-7pm,16.0,20.0,4.0,,,
3394,2026-02-18,7pm-7am,6.0,5.0,-1.0,39.924,-75.16959,14.0
3372,2025-12-31,7am-7pm,2.0,3.0,1.0,39.92528,-75.18672,15.0
3086,2024-01-10,7pm-7am,3.0,1.0,-2.0,39.94019,-75.16691,21.0
3448,2026-03-25,7am-7pm,3.0,2.0,-1.0,39.93995,-75.16604,5.0
3088,2025-01-31,7am-7pm,3.0,3.0,0.0,39.96984,-75.1418,35.0
3008,2024-10-24,7pm-7am,1.0,1.0,0.0,39.98081,-75.15067,17.0
3284,2025-04-22,7am-7pm,2.0,0.0,-2.0,40.01112,-75.19287,14.0
3236,2026-02-24,7am-7pm,1.0,2.0,1.0,39.96566,-75.17765,18.0
3252,2024-11-14,7pm-7am,5.0,0.0,-5.0,39.93882,-75.19324,14.0
3235,2023-03-08,7am-7pm,9.0,10.0,1.0,39.96,-75.1651,15.0
3204,2025-10-27,7pm-7am,1.0,6.0,5.0,39.96437,-75.16582,22.0
3305,2024-06-15,7am-7pm,1.0,2.0,1.0,39.99569,-75.1671,11.0
3110,2023-03-19,7pm-7am,1.0,0.0,-1.0,39.96175,-75.13641,19.0
3051,2025-08-25,7pm-7am,6.0,4.0,-2.0,39.96744,-75.17507,37.0
3259,2025-06-23,7pm-7am,1.0,1.0,0.0,39.95998,-75.19883,17.0
3064,2025-05-06,7am-7pm,22.0,21.0,-1.0,39.9384,-75.17327,22.0
3182,2023-11-05,7am-7pm,17.0,13.0,-4.0,,,
3203,2023-04-17,7pm-7am,2.0,5.0,3.0,39.94077,-75.17227,20.0
3252,2024-04-26,7pm-7am,6.0,6.0,0.0,39.93882,-75.19324,14.0
3033,2025-04-21,7am-7pm,14.0,14.0,0.0,39.95005,-75.15672,20.0
3371,2025-03-01,7pm-7am,1.0,2.0,1.0,39.9534,-75.1543,19.0
3098,2025-02-03,7pm-7am,2.0,1.0,-1.0,39.93431,-75.16042,19.0
3030,2024-04-01,7am-7pm,14.0,13.0,-1.0,,,
3032,2025-07-14,7am-7pm,52.0,59.0,7.0,39.94527,-75.17971,20.0
3112,2024-10-17,7am-7pm,8.0,7.0,-1.0,39.95373,-75.21825,18.0
3333,2025-04-25,7am-7pm,8.0,11.0,3.0,39.9541,-75.16965,25.0
3059,2023-08-10,7pm-7am,11.0,13.0,2.0,39.96244,-75.16121,21.0
3375,2024-03-22,7am-7pm,2.0,7.0,5.0,39.96036,-75.1402,22.0
3249,2024-10-26,7am-7pm,6.0,8.0,2.0,39.95784,-75.19079,22.0
3039,2024-02-03,7am-7pm,2.0,6.0,4.0,39.97157,-75.15993,17.0
3363,2026-02-04,7am-7pm,5.0,5.0,0.0,39.94655,-75.16263,17.0
3072,2023-05-14,7pm-7am,2.0,2.0,0.0,39.93445,-75.14541,25.0
3165,2023-05-25,7pm-7am,8.0,10.0,2.0,39.95819,-75.1782,22.0
3298,2023-08-18,7am-7pm,4.0,1.0,-3.0,39.94717,-75.20691,15.0
3096,2024-09-24,7am-7pm,3.0,3.0,0.0,39.99119,-75.17975,14.0
3017,2024-08-10,7pm-7am,4.0,4.0,0.0,39.98003,-75.14371,15.0
3250,2023-02-15,7pm-7am,1.0,2.0,1.0,39.95673,-75.14575,17.0
3100,2025-09-30,7pm-7am,9.0,17.0,8.0,39.92777,-75.15103,38.0
3256,2024-07-31,7pm-7am,6.0,7.0,1.0,39.95269,-75.17779,23.0
3166,2024-05-08,7pm-7am,5.0,4.0,-1.0,39.97195,-75.13445,22.0
3301,2025-08-05,7am-7pm,34.0,39.0,5.0,39.95029,-75.17126,15.0
3054,2023-09-20,7am-7pm,45.0,37.0,-8.0,39.9625,-75.1742,35.0
3297,2023-03-24,7am-7pm,7.0,7.0,0.0,39.95821,-75.16901,19.0
3164,2025-02-14,7pm-7am,1.0,4.0,3.0,39.92814,-75.16515,18.0
3187,2025-04-01,7pm-7am,1.0,2.0,1.0,39.95725,-75.17232,19.0
3006,2025-02-02,7pm-7am,0.0,1.0,1.0,39.9522,-75.20311,17.0
3265,2023-01-08,7pm-7am,0.0,1.0,1.0,39.95957,-75.19633,13.0
3296,2023-08-27,7pm-7am,16.0,11.0,-5.0,39.95134,-75.16758,21.0
3039,2025-12-21,7pm-7am,1.0,0.0,-1.0,39.97157,-75.15993,17.0
3351,2024-02-11,7am-7pm,1.0,1.0,0.0,39.99655,-75.14991,18.0
3058,2024-03-10,7pm-7am,1.0,2.0,1.0,,,
3279,2023-01-26,7pm-7am,1.0,1.0,0.0,39.9265,-75.1668,18.0
3120,2025-08-12,7pm-7am,4.0,6.0,2.0,39.97522,-75.18669,19.0
3266,2024-11-25,7pm-7am,0.0,2.0,2.0,39.9237,-75.14701,22.0
3256,2023-06-05,7pm-7am,14.0,11.0,-3.0,39.95269,-75.17779,23.0
3185,2024-05-25,7pm-7am,11.0,5.0,-6.0,39.95169,-75.15888,21.0
3253,2023-12-05,7pm-7am,0.0,1.0,1.0,39.93074,-75.18924,21.0
3118,2025-04-15,7pm-7am,2.0,1.0,-1.0,39.95866,-75.21323,20.0
3053,2024-10-29,7am-7pm,19.0,21.0,2.0,39.93231,-75.18154,19.0
3054,2023-06-04,7am-7pm,25.0,40.0,15.0,39.9625,-75.1742,35.0
3112,2023-03-29,7am-7pm,6.0,4.0,-2.0,39.95373,-75.21825,18.0
3150,2025-10-27,7pm-7am,6.0,6.0,0.0,39.92884,-75.17021,17.0
3346,2024-11-25,7am-7pm,16.0,14.0,-2.0,39.94883,-75.15097,17.0
3378,2024-12-01,7pm-7am,1.0,2.0,1.0,39.95238,-75.14728,18.0
3331,2026-03-30,7pm-7am,1.0,2.0,1.0,39.97116,-75.12813,20.0
3102,2026-03-24,7am-7pm,19.0,15.0,-4.0,39.96759,-75.17952,26.0
3295,2024-09-01,7am-7pm,20.0,17.0,-3.0,39.95028,-75.16027,21.0
3244,2025-02-04,7am-7pm,20.0,20.0,0.0,,,
3093,2024-08-18,7am-7pm,2.0,2.0,0.0,39.98837,-75.18701,16.0
3066,2024-05-05,7pm-7am,11.0,8.0,-3.0,39.94561,-75.17348,29.0
3246,2023-02-16,7pm-7am,0.0,1.0,1.0,39.94782,-75.22301,17.0
3382,2025-01-13,7am-7pm,6.0,9.0,3.0,39.95038,-75.17309,11.0
3115,2025-12-11,7am-7pm,6.0,3.0,-3.0,39.97263,-75.16757,18.0
3267,2025-01-05,7am-7pm,2.0,2.0,0.0,39.918,-75.1796,12.0
3059,2024-11-26,7pm-7am,5.0,7.0,2.0,39.96244,-75.16121,21.0
3292,2024-02-05,7pm-7am,3.0,3.0,0.0,39.92,-75.1562,17.0
3166,2026-02-19,7pm-7am,4.0,1.0,-3.0,39.97195,-75.13445,22.0
3349,2025-09-15,7pm-7am,7.0,7.0,0.0,39.93651,-75.18621,17.0
3335,2023-09-19,7pm-7am,1.0,1.0,0.0,40.02237,-75.218,18.0
3318,2023-04-19,7pm-7am,1.0,1.0,0.0,39.95182,-75.16395,20.0
3291,2023-04-05,7am-7pm,2.0,2.0,0.0,40.01022,-75.197,15.0
3072,2025-11-20,7am-7pm,8.0,6.0,-2.0,39.93445,-75.14541,25.0
3236,2025-11-16,7am-7pm,3.0,1.0,-2.0,39.96566,-75.17765,18.0
3398,2026-02-16,7pm-7am,1.0,0.0,-1.0,39.91551,-75.15474,15.0
3271,2024-03-09,7pm-7am,0.0,1.0,1.0,39.9476,-75.22946,18.0
3277,2023-09-28,7pm-7am,1.0,3.0,2.0,39.98306,-75.16738,20.0
3261,2025-09-13,7pm-7am,9.0,7.0,-2.0,39.96304,-75.14099,17.0
3017,2025-10-08,7am-7pm,8.0,10.0,2.0,39.98003,-75.14371,15.0
3102,2025-08-28,7am-7pm,19.0,17.0,-2.0,39.96759,-75.17952,26.0
3210,2023-06-24,7pm-7am,5.0,8.0,3.0,39.98492,-75.15668,18.0
3394,2025-01-16,7pm-7am,1.0,0.0,-1.0,39.924,-75.16959,14.0
3101,2023-07-19,7am-7pm,19.0,21.0,2.0,39.94295,-75.15955,18.0
3267,2024-06-12,7am-7pm,7.0,9.0,2.0,39.918,-75.1796,12.0
3292,2026-01-06,7pm-7am,1.0,2.0,1.0,39.92,-75.1562,17.0
3322,2025-01-28,7am-7pm,6.0,5.0,-1.0,39.93638,-75.15526,13.0
3341,2024-11-23,7am-7pm,5.0,4.0,-1.0,39.98131,-75.12732,20.0
3226,2025-12-18,7am-7pm,2.0,2.0,0.0,39.98101,-75.13721,18.0
3209,2024-09-01,7am-7pm,8.0,6.0,-2.0,39.949,-75.21278,14.0
3286,2023-02-22,7pm-7am,3.0,3.0,0.0,39.96409,-75.14769,22.0
3156,2024-08-31,7am-7pm,9.0,11.0,2.0,39.95381,-75.17407,22.0
3387,2025-11-22,7am-7pm,4.0,2.0,-2.0,39.97012,-75.14666,19.0
3063,2024-04-01,7am-7pm,9.0,13.0,4.0,39.94633,-75.1698,25.0
3037,2025-11-23,7am-7pm,31.0,18.0,-13.0,39.95424,-75.16138,21.0
3025,2025-11-24,7pm-7am,3.0,5.0,2.0,39.93724,-75.1612,15.0
3078,2025-04-28,7am-7pm,23.0,22.0,-1.0,39.95355,-75.17192,18.0
3365,2024-06-05,7am-7pm,22.0,14.0,-8.0,39.96173,-75.18788,17.0
3286,2025-12-09,7am-7pm,6.0,4.0,-2.0,39.96409,-75.14769,22.0
3236,2023-06-20,7am-7pm,9.0,9.0,0.0,39.96566,-75.17765,18.0
3007,2023-06-11,7am-7pm,30.0,36.0,6.0,39.94517,-75.15993,20.0
3326,2025-08-18,7am-7pm,6.0,7.0,1.0,39.99198,-75.19944,17.0
3053,2024-06-02,7pm-7am,2.0,7.0,5.0,39.93231,-75.18154,19.0
3253,2024-01-01,7am-7pm,4.0,2.0,-2.0,39.93074,-75.18924,21.0
3375,2024-07-04,7pm-7am,13.0,3.0,-10.0,39.96036,-75.1402,22.0
3100,2023-01-23,7am-7pm,6.0,6.0,0.0,39.92777,-75.15103,38.0
3157,2023-10-03,7pm-7am,5.0,3.0,-2.0,39.92545,-75.15954,18.0
3018,2025-06-07,7am-7pm,17.0,20.0,3.0,39.95273,-75.15979,18.0
3445,2026-02-01,7am-7pm,1.0,0.0,-1.0,39.97235,-75.13426,3.0
3208,2026-03-21,7pm-7am,7.0,6.0,-1.0,39.95048,-75.19324,28.0
3111,2025-09-11,7am-7pm,2.0,0.0,-2.0,39.97779,-75.21323,14.0
3060,2024-10-01,7am-7pm,9.0,9.0,0.0,39.95923,-75.17036,19.0
3203,2025-07-19,7pm-7am,9.0,13.0,4.0,39.94077,-75.17227,20.0
3100,2026-01-18,7pm-7am,0.0,3.0,3.0,39.92777,-75.15103,38.0
3008,2023-08-13,7am-7pm,6.0,2.0,-4.0,39.98081,-75.15067,17.0
3314,2024-12-17,7pm-7am,1.0,0.0,-1.0,39.93682,-75.14492,17.0
3233,2024-04-06,7am-7pm,1.0,2.0,1.0,,,
3123,2025-04-25,7pm-7am,1.0,1.0,0.0,39.98004,-75.17088,16.0
3169,2026-01-12,7am-7pm,7.0,8.0,1.0,39.95382,-75.14263,17.0
3248,2025-12-16,7pm-7am,2.0,2.0,0.0,39.94213,-75.18335,22.0
3205,2023-01-12,7pm-7am,4.0,1.0,-3.0,39.95405,-75.16783,22.0
3211,2024-02-05,7am-7pm,4.0,0.0,-4.0,39.97172,-75.1706,22.0
3258,2025-06-07,7am-7pm,2.0,1.0,-1.0,39.95828,-75.22424,20.0
3354,2024-09-17,7am-7pm,3.0,1.0,-2.0,39.95628,-75.2387,18.0
3207,2025-06-08,7pm-7am,4.0,2.0,-2.0,39.95441,-75.192,20.0
3334,2023-11-29,7am-7pm,8.0,7.0,-1.0,39.9302,-75.15636,19.0
3301,2024-02-10,7pm-7am,3.0,6.0,3.0,39.95029,-75.17126,15.0
3117,2025-10-18,7am-7pm,2.0,4.0,2.0,39.97841,-75.22399,14.0
3245,2024-05-20,7am-7pm,15.0,17.0,2.0,39.97887,-75.15777,20.0
3051,2023-09-26,7pm-7am,8.0,8.0,0.0,39.96744,-75.17507,37.0
3029,2024-04-19,7pm-7am,10.0,6.0,-4.0,39.9538,-75.19479,17.0
3063,2025-08-16,7am-7pm,35.0,27.0,-8.0,39.94633,-75.1698,25.0
3065,2023-06-04,7pm-7am,4.0,5.0,1.0,39.9707,-75.15171,15.0
3107,2025-08-29,7pm-7am,2.0,0.0,-2.0,39.98203,-75.18866,18.0
3006,2023-03-07,7pm-7am,2.0,3.0,1.0,39.9522,-75.20311,17.0
3029,2024-05-15,7am-7pm,31.0,29.0,-2.0,39.9538,-75.19479,17.0
3032,2025-05-09,7pm-7am,12.0,8.0,-4.0,39.94527,-75.17971,20.0
3188,2025-05-28,7am-7pm,5.0,3.0,-2.0,39.90471,-75.1734,56.0
3020,2025-08-24,7am-7pm,18.0,19.0,1.0,39.94855,-75.19007,36.0
3119,2023-02-24,7am-7pm,2.0,1.0,-1.0,39.96674,-75.20799,17.0
3388,2025-08-18,7pm-7am,1.0,1.0,0.0,39.96634,-75.15097,19.0
3241,2023-09-27,7am-7pm,8.0,6.0,-2.0,39.95225,-75.22637,20.0
3300,2025-10-21,7am-7pm,6.0,7.0,1.0,39.95511,-75.16287,13.0
3038,2024-02-22,7pm-7am,1.0,4.0,3.0,39.94781,-75.19409,28.0
3252,2025-04-05,7am-7pm,1.0,4.0,3.0,39.93882,-75.19324,14.0
3329,2024-04-26,7am-7pm,2.0,6.0,4.0,40.02651,-75.22445,15.0
3210,2025-11-01,7pm-7am,5.0,3.0,-2.0,39.98492,-75.15668,18.0
3078,2025-08-29,7pm-7am,5.0,5.0,0.0,39.95355,-75.17192,18.0
3007,2025-06-22,7am-7pm,18.0,21.0,3.0,39.94517,-75.15993,20.0
3389,2025-06-05,7am-7pm,16.0,11.0,-5.0,39.94431,-75.18128,16.0
3259,2025-06-14,7pm-7am,5.0,7.0,2.0,39.95998,-75.19883,17.0
3318,2025-07-24,7pm-7am,6.0,4.0,-2.0,39.95182,-75.16395,20.0
3371,2025-11-25,7pm-7am,2.0,0.0,-2.0,39.9534,-75.1543,19.0
3064,2024-07-18,7am-7pm,26.0,25.0,-1.0,39.9384,-75.17327,22.0
3335,2024-09-06,7pm-7am,0.0,2.0,2.0,40.02237,-75.218,18.0
3118,2024-08-06,7pm-7am,1.0,0.0,-1.0,39.95866,-75.21323,20.0
3047,2024-07-03,7pm-7am,11.0,6.0,-5.0,39.95073,-75.14947,20.0
3296,2023-08-20,7am-7pm,29.0,33.0,4.0,39.95134,-75.16758,21.0
3006,2025-07-04,7am-7pm,12.0,11.0,-1.0,39.9522,-75.20311,17.0
3106,2024-07-23,7am-7pm,2.0,1.0,-1.0,39.99179,-75.18637,17.0
3053,2024-08-11,7am-7pm,24.0,13.0,-11.0,39.93231,-75.18154,19.0
3088,2025-07-11,7pm-7am,4.0,10.0,6.0,39.96984,-75.1418,35.0
3187,2024-04-23,7am-7pm,9.0,10.0,1.0,39.95725,-75.17232,19.0
3051,2025-08-03,7am-7pm,22.0,22.0,0.0,39.96744,-75.17507,37.0
3065,2024-09-15,7am-7pm,1.0,2.0,1.0,39.9707,-75.15171,15.0
3124,2023-03-29,7am-7pm,7.0,6.0,-1.0,39.95367,-75.13956,17.0
3030,2024-02-28,7am-7pm,21.0,13.0,-8.0,,,
3155,2025-06-24,7am-7pm,12.0,14.0,2.0,39.94018,-75.15442,18.0
3263,2026-03-03,7am-7pm,1.0,2.0,1.0,39.9586,-75.2081,18.0
3155,2026-01-05,7pm-7am,1.0,5.0,4.0,39.94018,-75.15442,18.0
3029,2024-02-05,7am-7pm,15.0,22.0,7.0,39.9538,-75.19479,17.0
3098,2024-01-14,7am-7pm,7.0,7.0,0.0,39.93431,-75.16042,19.0
3403,2025-08-29,7am-7pm,1.0,1.0,0.0,39.99153,-75.22528,15.0
3334,2023-06-28,7am-7pm,9.0,8.0,-1.0,39.9302,-75.15636,19.0
3327,2023-08-08,7pm-7am,1.0,2.0,1.0,39.97759,-75.12442,17.0
3030,2025-08-15,7pm-7am,10.0,11.0,1.0,,,
3032,2024-03-27,7pm-7am,2.0,3.0,1.0,39.94527,-75.17971,20.0
3314,2025-04-18,7pm-7am,2.0,1.0,-1.0,39.93682,-75.14492,17.0
3360,2025-08-31,7pm-7am,10.0,7.0,-3.0,39.93304,-75.16822,22.0
3238,2025-12-31,7am-7pm,6.0,7.0,1.0,39.97674,-75.11995,11.0
3014,2023-02-01,7am-7pm,6.0,5.0,-1.0,39.95886,-75.17369,25.0
3304,2023-11-22,7am-7pm,12.0,14.0,2.0,39.94234,-75.15399,21.0
3350,2024-05-08,7pm-7am,3.0,3.0,0.0,39.99415,-75.15527,20.0
3245,2025-08-17,7am-7pm,0.0,3.0,3.0,39.97887,-75.15777,20.0
3282,2025-06-26,7am-7pm,1.0,0.0,-1.0,39.98628,-75.14925,15.0
3116,2024-01-19,7pm-7am,0.0,1.0,1.0,39.96006,-75.17198,21.0
3272,2023-05-05,7pm-7am,1.0,2.0,1.0,39.96405,-75.22048,13.0
3240,2024-05-25,7am-7pm,2.0,0.0,-2.0,39.96277,-75.21185,12.0
3287,2024-10-12,7pm-7am,1.0,1.0,0.0,39.94367,-75.21606,16.0
3066,2023-06-14,7am-7pm,36.0,31.0,-5.0,39.94561,-75.17348,29.0
3303,2024-03-28,7am-7pm,6.0,0.0,-6.0,39.9559,-75.2053,20.0
3253,2023-07-11,7am-7pm,5.0,2.0,-3.0,39.93074,-75.18924,21.0
3150,2023-07-31,7pm-7am,4.0,3.0,-1.0,39.92884,-75.17021,17.0
3346,2024-11-27,7am-7pm,17.0,16.0,-1.0,39.94883,-75.15097,17.0
3014,2024-05-30,7am-7pm,14.0,6.0,-8.0,39.95886,-75.17369,25.0
3243,2024-05-12,7am-7pm,3.0,4.0,1.0,39.9835,-75.14743,12.0
3244,2023-07-23,7am-7pm,26.0,32.0,6.0,,,
3101,2023-04-04,7am-7pm,22.0,30.0,8.0,39.94295,-75.15955,18.0
3431,2025-09-28,7pm-7am,3.0,2.0,-1.0,39.96239,-75.24522,15.0
3041,2024-10-09,7am-7pm,11.0,22.0,11.0,39.96849,-75.13546,26.0
3086,2023-06-17,7pm-7am,2.0,3.0,1.0,39.94019,-75.16691,21.0
3392,2026-03-08,7am-7pm,0.0,2.0,2.0,39.93633,-75.19447,13.0
3304,2024-08-09,7am-7pm,15.0,20.0,5.0,39.94234,-75.15399,21.0
3152,2024-11-16,7am-7pm,3.0,2.0,-1.0,39.94993,-75.20286,17.0
3204,2025-02-17,7am-7pm,12.0,7.0,-5.0,39.96437,-75.16582,22.0
3005,2024-05-13,7pm-7am,3.0,3.0,0.0,39.94733,-75.14403,13.0
3117,2024-08-28,7am-7pm,3.0,3.0,0.0,39.97841,-75.22399,14.0
3125,2023-04-22,7pm-7am,2.0,1.0,-1.0,39.94391,-75.16735,16.0
3057,2025-12-08,7pm-7am,0.0,2.0,2.0,39.96439,-75.17987,26.0
3378,2026-01-19,7pm-7am,0.0,2.0,2.0,39.95238,-75.14728,18.0
3074,2023-12-30,7am-7pm,1.0,1.0,0.0,39.95511,-75.20987,15.0
3394,2024-11-08,7am-7pm,5.0,6.0,1.0,39.924,-75.16959,14.0
3163,2024-09-28,7am-7pm,25.0,20.0,-5.0,39.94974,-75.18097,22.0
3117,2025-07-30,7am-7pm,0.0,1.0,1.0,39.97841,-75.22399,14.0
3037,2024-12-21,7pm-7am,1.0,0.0,-1.0,39.95424,-75.16138,21.0
3376,2025-08-16,7pm-7am,0.0,1.0,1.0,39.97183,-75.14878,8.0
3200,2024-03-19,7am-7pm,4.0,1.0,-3.0,39.97583,-75.16846,17.0
3287,2026-03-13,7am-7pm,2.0,0.0,-2.0,39.94367,-75.21606,16.0
3261,2023-02-14,7pm-7am,1.0,3.0,2.0,39.96304,-75.14099,17.0
3161,2025-06-03,7am-7pm,34.0,34.0,0.0,39.95486,-75.18091,23.0
3067,2024-05-30,7pm-7am,1.0,3.0,2.0,39.96411,-75.19973,17.0
3317,2024-04-09,7pm-7am,1.0,3.0,2.0,,,
3117,2024-04-23,7am-7pm,2.0,3.0,1.0,39.97841,-75.22399,14.0
3055,2024-02-01,7am-7pm,11.0,9.0,-2.0,39.95112,-75.15457,15.0
3253,2025-08-13,7pm-7am,0.0,1.0,1.0,39.93074,-75.18924,21.0
3321,2023-12-21,7pm-7am,5.0,3.0,-2.0,39.95485,-75.17298,21.0
3400,2025-04-27,7pm-7am,10.0,6.0,-4.0,39.949,-75.16081,18.0
3024,2025-05-18,7pm-7am,4.0,0.0,-4.0,39.94822,-75.20908,19.0
3006,2024-04-21,7pm-7am,5.0,13.0,8.0,39.9522,-75.20311,17.0
3408,2025-09-02,7am-7pm,9.0,7.0,-2.0,39.9216,-75.15,17.0
3098,2023-03-14,7pm-7am,3.0,3.0,0.0,39.93431,-75.16042,19.0
3107,2025-03-27,7pm-7am,0.0,2.0,2.0,39.98203,-75.18866,18.0
3028,2025-10-19,7pm-7am,15.0,7.0,-8.0,39.94061,-75.14958,15.0
3020,2024-07-11,7pm-7am,12.0,19.0,7.0,39.94855,-75.19007,36.0
3060,2024-04-08,7am-7pm,10.0,13.0,3.0,39.95923,-75.17036,19.0
3116,2024-03-31,7am-7pm,6.0,5.0,-1.0,39.96006,-75.17198,21.0
3070,2023-07-25,7am-7pm,7.0,6.0,-1.0,,,
3392,2025-08-09,7pm-7am,1.0,1.0,0.0,39.93633,-75.19447,13.0
3405,2025-04-22,7pm-7am,4.0,2.0,-2.0,39.94167,-75.16502,16.0
3168,2023-05-01,7pm-7am,11.0,10.0,-1.0,,,
3398,2025-05-04,7am-7pm,9.0,7.0,-2.0,39.91551,-75.15474,15.0
3078,2025-02-16,7am-7pm,1.0,1.0,0.0,39.95355,-75.17192,18.0
3033,2025-08-14,7am-7pm,24.0,16.0,-8.0,39.95005,-75.15672,20.0
3305,2024-06-10,7pm-7am,1.0,2.0,1.0,39.99569,-75.1671,11.0
3277,2026-02-17,7pm-7am,1.0,0.0,-1.0,39.98306,-75.16738,20.0
3359,2026-02-16,7pm-7am,8.0,3.0,-5.0,39.94888,-75.16978,29.0
3345,2024-04-08,7am-7pm,10.0,10.0,0.0,39.9617,-75.14667,19.0
3307,2025-10-07,7pm-7am,1.0,1.0,0.0,40.0028,-75.174,11.0
3024,2025-02-20,7pm-7am,1.0,0.0,-1.0,39.94822,-75.20908,19.0
3376,2025-06-03,7pm-7am,0.0,3.0,3.0,39.97183,-75.14878,8.0
3368,2025-03-18,7pm-7am,0.0,1.0,1.0,39.97647,-75.17362,17.0
3158,2023-01-23,7pm-7am,3.0,1.0,-2.0,39.92552,-75.16904,15.0
3319,2026-02-09,7pm-7am,1.0,0.0,-1.0,39.96672,-75.12964,16.0
3253,2025-10-23,7pm-7am,0.0,3.0,3.0,39.93074,-75.18924,21.0
3039,2025-05-21,7am-7pm,4.0,4.0,0.0,39.97157,-75.15993,17.0
3291,2025-09-29,7pm-7am,1.0,1.0,0.0,40.01022,-75.197,15.0
3058,2025-09-02,7am-7pm,35.0,28.0,-7.0,,,
3287,2023-08-22,7am-7pm,8.0,7.0,-1.0,39.94367,-75.21606,16.0
3237,2024-08-10,7am-7pm,6.0,7.0,1.0,39.91717,-75.17096,21.0
3032,2024-09-24,7am-7pm,48.0,51.0,3.0,39.94527,-75.17971,20.0
3028,2025-02-05,7am-7pm,19.0,26.0,7.0,39.94061,-75.14958,15.0
3210,2025-03-18,7am-7pm,3.0,5.0,2.0,39.98492,-75.15668,18.0
3162,2025-12-21,7am-7pm,3.0,1.0,-2.0,39.94595,-75.18475,34.0
3006,2023-02-08,7am-7pm,14.0,13.0,-1.0,39.9522,-75.20311,17.0
3015,2024-06-26,7am-7pm,12.0,5.0,-7.0,39.94735,-75.14886,11.0
3264,2025-01-14,7am-7pm,19.0,16.0,-3.0,39.94571,-75.15508,23.0
3287,2025-01-09,7pm-7am,1.0,0.0,-1.0,39.94367,-75.21606,16.0
3158,2023-10-30,7pm-7am,0.0,2.0,2.0,39.92552,-75.16904,15.0
3099,2024-11-30,7am-7pm,8.0,3.0,-5.0,39.93401,-75.15094,19.0
3114,2024-05-02,7am-7pm,15.0,13.0,-2.0,39.93775,-75.18012,17.0
3381,2026-03-30,7am-7pm,5.0,8.0,3.0,39.94845,-75.21807,13.0
3207,2023-10-11,7am-7pm,33.0,36.0,3.0,39.95441,-75.192,20.0
3233,2024-09-28,7pm-7am,1.0,1.0,0.0,,,
3008,2026-03-28,7am-7pm,2.0,2.0,0.0,39.98081,-75.15067,17.0
3323,2025-04-20,7am-7pm,6.0,7.0,1.0,40.02796,-75.2277,18.0
3053,2023-10-12,7am-7pm,26.0,27.0,1.0,39.93231,-75.18154,19.0
3120,2024-04-06,7am-7pm,5.0,3.0,-2.0,39.97522,-75.18669,19.0
3009,2025-11-11,7pm-7am,8.0,7.0,-1.0,39.95576,-75.18982,14.0
3019,2025-04-03,7pm-7am,1.0,0.0,-1.0,39.95403,-75.14983,15.0
3098,2025-09-19,7am-7pm,22.0,20.0,-2.0,39.93431,-75.16042,19.0
3039,2023-07-29,7am-7pm,6.0,3.0,-3.0,39.97157,-75.15993,17.0
3205,2023-06-21,7am-7pm,18.0,28.0,10.0,39.95405,-75.16783,22.0
3028,2025-03-02,7am-7pm,9.0,13.0,4.0,39.94061,-75.14958,15.0
3326,2024-04-28,7am-7pm,12.0,12.0,0.0,39.99198,-75.19944,17.0
3099,2025-03-02,7am-7pm,3.0,1.0,-2.0,39.93401,-75.15094,19.0
3301,2023-10-18,7pm-7am,11.0,3.0,-8.0,39.95029,-75.17126,15.0
3362,2025-08-14,7am-7pm,32.0,36.0,4.0,39.94816,-75.16226,19.0
3099,2025-08-05,7pm-7am,5.0,5.0,0.0,39.93401,-75.15094,19.0
3055,2025-01-23,7am-7pm,11.0,11.0,0.0,39.95112,-75.15457,15.0
3359,2025-07-30,7pm-7am,26.0,11.0,-15.0,39.94888,-75.16978,29.0
3037,2025-02-09,7am-7pm,7.0,4.0,-3.0,39.95424,-75.16138,21.0
3101,2023-12-29,7pm-7am,6.0,4.0,-2.0,39.94295,-75.15955,18.0
3304,2023-05-02,7am-7pm,6.0,11.0,5.0,39.94234,-75.15399,21.0
3211,2024-04-08,7am-7pm,5.0,3.0,-2.0,39.97172,-75.1706,22.0
3297,2023-08-03,7pm-7am,2.0,1.0,-1.0,39.95821,-75.16901,19.0
3014,2023-09-14,7am-7pm,14.0,8.0,-6.0,39.95886,-75.17369,25.0
3077,2024-09-21,7am-7pm,10.0,7.0,-3.0,39.97207,-75.16351,19.0
3272,2024-11-22,7pm-7am,0.0,1.0,1.0,39.96405,-75.22048,13.0
3041,2024-05-15,7pm-7am,2.0,1.0,-1.0,39.96849,-75.13546,26.0
3285,2023-01-09,7pm-7am,0.0,1.0,1.0,39.95946,-75.14745,19.0
3247,2024-07-11,7pm-7am,2.0,0.0,-2.0,39.96538,-75.21514,16.0
3349,2025-03-21,7pm-7am,2.0,5.0,3.0,39.93651,-75.18621,17.0
3169,2023-06-19,7am-7pm,13.0,11.0,-2.0,39.95382,-75.14263,17.0
3253,2025-06-16,7am-7pm,3.0,2.0,-1.0,39.93074,-75.18924,21.0
3359,2024-02-27,7pm-7am,7.0,2.0,-5.0,39.94888,-75.16978,29.0
3308,2024-06-22,7pm-7am,5.0,6.0,1.0,,,
3033,2025-12-10,7pm-7am,2.0,4.0,2.0,39.95005,-75.15672,20.0
3311,2024-05-02,7am-7pm,3.0,3.0,0.0,,,
3155,2023-02-25,7pm-7am,3.0,5.0,2.0,39.94018,-75.15442,18.0
3235,2024-08-14,7pm-7am,7.0,11.0,4.0,39.96,-75.1651,15.0
3233,2024-09-19,7am-7pm,6.0,5.0,-1.0,,,
3295,2023-01-02,7am-7pm,11.0,17.0,6.0,39.95028,-75.16027,21.0
3053,2024-06-25,7pm-7am,4.0,9.0,5.0,39.93231,-75.18154,19.0
3338,2025-06-19,7am-7pm,3.0,0.0,-3.0,39.95098,-75.23035,21.0
3169,2025-09-02,7pm-7am,8.0,7.0,-1.0,39.95382,-75.14263,17.0
3031,2025-09-04,7pm-7am,4.0,5.0,1.0,39.98005,-75.15522,21.0
3263,2024-10-20,7pm-7am,0.0,1.0,1.0,39.9586,-75.2081,18.0
3393,2025-05-23,7pm-7am,8.0,1.0,-7.0,39.96727,-75.13999,18.0
3065,2023-05-12,7pm-7am,2.0,3.0,1.0,39.9707,-75.15171,15.0
3370,2025-02-18,7am-7pm,3.0,1.0,-2.0,40.0163,-75.21241,16.0
3046,2024-07-31,7pm-7am,13.0,11.0,-2.0,,,
3240,2023-11-21,7pm-7am,0.0,1.0,1.0,39.96277,-75.21185,12.0
3110,2025-12-08,7pm-7am,3.0,2.0,-1.0,39.96175,-75.13641,19.0
3187,2025-09-22,7am-7pm,11.0,8.0,-3.0,39.95725,-75.17232,19.0
3118,2023-07-16,7am-7pm,4.0,3.0,-1.0,39.95866,-75.21323,20.0
3024,2024-05-24,7am-7pm,5.0,4.0,-1.0,39.94822,-75.20908,19.0
3158,2024-09-18,7pm-7am,4.0,4.0,0.0,39.92552,-75.16904,15.0
3246,2025-07-16,7pm-7am,0.0,1.0,1.0,39.94782,-75.22301,17.0
3154,2024-10-14,7pm-7am,5.0,4.0,-1.0,39.95924,-75.15821,16.0
3100,2024-05-01,7pm-7am,6.0,11.0,5.0,39.92777,-75.15103,38.0
3115,2025-03-17,7pm-7am,2.0,2.0,0.0,39.97263,-75.16757,18.0
3333,2024-03-28,7pm-7am,4.0,3.0,-1.0,39.9541,-75.16965,25.0
3022,2025-05-07,7am-7pm,33.0,36.0,3.0,39.95472,-75.18323,21.0
3235,2025-04-10,7pm-7am,4.0,3.0,-1.0,39.96,-75.1651,15.0
3281,2024-04-11,7pm-7am,1.0,0.0,-1.0,39.9323,-75.2162,15.0
3264,2023-09-21,7pm-7am,19.0,14.0,-5.0,39.94571,-75.15508,23.0
3226,2023-11-27,7pm-7am,0.0,1.0,1.0,39.98101,-75.13721,18.0
3334,2025-05-15,7pm-7am,2.0,5.0,3.0,39.9302,-75.15636,19.0
3104,2025-05-02,7pm-7am,3.0,6.0,3.0,39.96664,-75.19209,13.0
3304,2024-02-14,7am-7pm,13.0,10.0,-3.0,39.94234,-75.15399,21.0
3022,2025-05-27,7am-7pm,35.0,43.0,8.0,39.95472,-75.18323,21.0
3357,2024-05-31,7pm-7am,8.0,1.0,-7.0,39.9104,-75.16588,27.0
3267,2023-10-24,7pm-7am,4.0,3.0,-1.0,39.918,-75.1796,12.0
3313,2025-07-18,7am-7pm,2.0,2.0,0.0,39.9158,-75.1643,9.0
3333,2024-10-11,7pm-7am,6.0,2.0,-4.0,39.9541,-75.16965,25.0
3024,2025-07-19,7am-7pm,9.0,7.0,-2.0,39.94822,-75.20908,19.0
3238,2023-12-26,7am-7pm,7.0,6.0,-1.0,39.97674,-75.11995,11.0
3377,2024-09-09,7am-7pm,12.0,11.0,-1.0,,,
3347,2024-03-05,7am-7pm,5.0,3.0,-2.0,,,
3045,2023-01-18,7am-7pm,21.0,25.0,4.0,,,
3064,2026-03-30,7am-7pm,22.0,25.0,3.0,39.9384,-75.17327,22.0
3033,2025-09-28,7pm-7am,5.0,5.0,0.0,39.95005,-75.15672,20.0
3150,2023-03-14,7pm-7am,0.0,5.0,5.0,39.92884,-75.17021,17.0
3197,2025-08-31,7pm-7am,2.0,3.0,1.0,39.92083,-75.17033,23.0
3077,2024-07-27,7pm-7am,2.0,5.0,3.0,39.97207,-75.16351,19.0
3275,2024-09-12,7am-7pm,12.0,16.0,4.0,39.97576,-75.12157,22.0
3102,2025-08-28,7pm-7am,11.0,12.0,1.0,39.96759,-75.17952,26.0
3155,2023-08-20,7pm-7am,2.0,6.0,4.0,39.94018,-75.15442,18.0
3297,2023-05-08,7am-7pm,10.0,10.0,0.0,39.95821,-75.16901,19.0
3300,2025-07-02,7pm-7am,6.0,4.0,-2.0,39.95511,-75.16287,13.0
3301,2025-11-10,7pm-7am,6.0,4.0,-2.0,39.95029,-75.17126,15.0
3054,2023-08-17,7pm-7am,8.0,11.0,3.0,39.9625,-75.1742,35.0
3361,2026-01-12,7am-7pm,16.0,14.0,-2.0,39.93082,-75.17474,21.0
3280,2026-02-26,7am-7pm,1.0,1.0,0.0,39.93968,-75.21362,18.0
3325,2024-06-01,7pm-7am,3.0,5.0,2.0,39.9768,-75.12764,22.0
3021,2023-05-23,7pm-7am,7.0,5.0,-2.0,39.9539,-75.16902,34.0
3009,2025-11-19,7pm-7am,7.0,7.0,0.0,39.95576,-75.18982,14.0
3017,2023-12-26,7am-7pm,3.0,3.0,0.0,39.98003,-75.14371,15.0
3058,2024-12-08,7am-7pm,11.0,12.0,1.0,,,
3264,2025-05-06,7am-7pm,25.0,18.0,-7.0,39.94571,-75.15508,23.0
3245,2023-06-29,7pm-7am,7.0,6.0,-1.0,39.97887,-75.15777,20.0
3304,2024-05-05,7pm-7am,7.0,7.0,0.0,39.94234,-75.15399,21.0
3114,2026-01-06,7am-7pm,9.0,7.0,-2.0,39.93775,-75.18012,17.0
3250,2025-01-10,7am-7pm,1.0,1.0,0.0,39.95673,-75.14575,17.0
3337,2025-01-30,7pm-7am,2.0,1.0,-1.0,39.97318,-75.14612,15.0
3054,2025-02-15,7pm-7am,2.0,3.0,1.0,39.9625,-75.1742,35.0
3362,2025-08-25,7am-7pm,23.0,23.0,0.0,39.94816,-75.16226,19.0
3004,2023-03-29,7am-7pm,6.0,6.0,0.0,39.95371,-75.16423,23.0
3038,2025-10-23,7am-7pm,39.0,34.0,-5.0,39.94781,-75.19409,28.0
3054,2024-08-08,7am-7pm,28.0,19.0,-9.0,39.9625,-75.1742,35.0
3047,2025-06-26,7pm-7am,1.0,2.0,1.0,39.95073,-75.14947,20.0
3208,2024-09-22,7pm-7am,3.0,8.0,5.0,39.95048,-75.19324,28.0
3181,2024-05-23,7am-7pm,2.0,1.0,-1.0,39.89629,-75.17514,20.0
3235,2024-08-12,7am-7pm,14.0,14.0,0.0,39.96,-75.1651,15.0
3325,2023-09-06,7pm-7am,1.0,0.0,-1.0,39.9768,-75.12764,22.0
3313,2023-09-18,7am-7pm,3.0,4.0,1.0,39.9158,-75.1643,9.0
3019,2025-08-02,7pm-7am,5.0,3.0,-2.0,39.95403,-75.14983,15.0
3310,2025-09-20,7pm-7am,0.0,1.0,1.0,39.98024,-75.18651,15.0
3031,2023-11-02,7pm-7am,5.0,0.0,-5.0,39.98005,-75.15522,21.0
3207,2024-11-04,7am-7pm,33.0,30.0,-3.0,39.95441,-75.192,20.0
3212,2026-01-09,7am-7pm,8.0,3.0,-5.0,39.96383,-75.18177,32.0
3009,2025-07-15,7pm-7am,8.0,4.0,-4.0,39.95576,-75.18982,14.0
3345,2024-10-17,7pm-7am,7.0,7.0,0.0,39.9617,-75.14667,19.0
3334,2025-05-14,7am-7pm,10.0,8.0,-2.0,39.9302,-75.15636,19.0
3077,2023-06-08,7pm-7am,4.0,1.0,-3.0,39.97207,-75.16351,19.0
3357,2025-11-22,7am-7pm,3.0,5.0,2.0,39.9104,-75.16588,27.0
3295,2025-02-23,7am-7pm,13.0,18.0,5.0,39.95028,-75.16027,21.0
3400,2025-10-25,7pm-7am,4.0,1.0,-3.0,39.949,-75.16081,18.0
3244,2024-02-20,7am-7pm,15.0,19.0,4.0,,,
3296,2026-02-25,7am-7pm,21.0,19.0,-2.0,39.95134,-75.16758,21.0
3116,2024-04-07,7pm-7am,4.0,2.0,-2.0,39.96006,-75.17198,21.0
3069,2025-12-06,7am-7pm,12.0,10.0,-2.0,39.93704,-75.15038,23.0
3328,2024-07-18,7am-7pm,9.0,7.0,-2.0,39.98798,-75.1995,23.0
3117,2024-11-02,7am-7pm,3.0,0.0,-3.0,39.97841,-75.22399,14.0
3093,2025-06-28,7am-7pm,4.0,2.0,-2.0,39.98837,-75.18701,16.0
3065,2025-03-12,7pm-7am,1.0,1.0,0.0,39.9707,-75.15171,15.0
3110,2025-07-15,7pm-7am,4.0,5.0,1.0,39.96175,-75.13641,19.0
3280,2023-06-04,7am-7pm,0.0,1.0,1.0,39.93968,-75.21362,18.0
3347,2024-03-11,7pm-7am,5.0,4.0,-1.0,,,
3040,2024-11-27,7pm-7am,4.0,1.0,-3.0,39.96289,-75.16606,21.0
3261,2024-12-22,7am-7pm,2.0,4.0,2.0,39.96304,-75.14099,17.0
3038,2023-12-20,7pm-7am,1.0,3.0,2.0,39.94781,-75.19409,28.0
3047,2024-05-23,7pm-7am,1.0,1.0,0.0,39.95073,-75.14947,20.0
3032,2026-03-01,7pm-7am,5.0,4.0,-1.0,39.94527,-75.17971,20.0
3049,2024-08-02,7am-7pm,22.0,17.0,-5.0,39.94509,-75.1425,29.0
3058,2026-01-17,7pm-7am,2.0,3.0,1.0,,,
3018,2023-03-24,7pm-7am,0.0,3.0,3.0,39.95273,-75.15979,18.0
3166,2025-04-24,7pm-7am,11.0,9.0,-2.0,39.97195,-75.13445,22.0
3163,2023-11-05,7pm-7am,1.0,5.0,4.0,39.94974,-75.18097,22.0
3357,2024-05-07,7pm-7am,9.0,1.0,-8.0,39.9104,-75.16588,27.0
3368,2025-09-18,7pm-7am,0.0,3.0,3.0,39.97647,-75.17362,17.0
3299,2024-01-03,7pm-7am,5.0,2.0,-3.0,39.94332,-75.15698,22.0
3093,2025-04-04,7pm-7am,1.0,2.0,1.0,39.98837,-75.18701,16.0
3303,2024-10-13,7am-7pm,6.0,8.0,2.0,39.9559,-75.2053,20.0
3006,2025-10-20,7am-7pm,17.0,20.0,3.0,39.9522,-75.20311,17.0
3353,2024-08-17,7am-7pm,1.0,2.0,1.0,40.00496,-75.15233,22.0
3334,2025-02-07,7am-7pm,6.0,6.0,0.0,39.9302,-75.15636,19.0
3168,2023-09-11,7pm-7am,11.0,11.0,0.0,,,
3015,2025-04-30,7am-7pm,10.0,15.0,5.0,39.94735,-75.14886,11.0
3168,2023-12-15,7pm-7am,14.0,11.0,-3.0,,,
3162,2024-12-27,7pm-7am,1.0,2.0,1.0,39.94595,-75.18475,34.0
3240,2023-03-28,7pm-7am,1.0,0.0,-1.0,39.96277,-75.21185,12.0
3360,2025-12-08,7pm-7am,2.0,3.0,1.0,39.93304,-75.16822,22.0
3438,2025-10-08,7pm-7am,1.0,1.0,0.0,39.98421,-75.11304,13.0
3284,2023-09-02,7am-7pm,3.0,2.0,-1.0,40.01112,-75.19287,14.0
3282,2025-12-03,7am-7pm,1.0,1.0,0.0,39.98628,-75.14925,15.0
3266,2025-04-03,7am-7pm,6.0,9.0,3.0,39.9237,-75.14701,22.0
3032,2025-02-08,7pm-7am,1.0,4.0,3.0,39.94527,-75.17971,20.0
3067,2024-04-25,7pm-7am,2.0,1.0,-1.0,39.96411,-75.19973,17.0
3014,2023-02-12,7am-7pm,6.0,6.0,0.0,39.95886,-75.17369,25.0
3210,2025-06-09,7am-7pm,5.0,5.0,0.0,39.98492,-75.15668,18.0
3372,2025-08-17,7am-7pm,6.0,2.0,-4.0,39.92528,-75.18672,15.0
3059,2023-11-15,7am-7pm,23.0,25.0,2.0,39.96244,-75.16121,21.0
3246,2024-06-02,7am-7pm,5.0,6.0,1.0,39.94782,-75.22301,17.0
3051,2024-04-01,7am-7pm,4.0,7.0,3.0,39.96744,-75.17507,37.0
3342,2025-02-07,7pm-7am,3.0,2.0,-1.0,39.9639,-75.17385,20.0
3059,2025-04-27,7pm-7am,1.0,6.0,5.0,39.96244,-75.16121,21.0
3073,2023-08-01,7am-7pm,8.0,6.0,-2.0,39.96143,-75.15242,15.0
3396,2025-12-11,7am-7pm,2.0,4.0,2.0,39.92327,-75.1821,16.0
3264,2024-05-05,7pm-7am,3.0,4.0,1.0,39.94571,-75.15508,23.0
3029,2024-02-11,7am-7pm,5.0,6.0,1.0,39.9538,-75.19479,17.0
3063,2025-10-26,7am-7pm,22.0,12.0,-10.0,39.94633,-75.1698,25.0
3170,2023-09-30,7am-7pm,6.0,3.0,-3.0,,,
3341,2023-11-25,7pm-7am,1.0,1.0,0.0,39.98131,-75.12732,20.0
3340,2024-04-21,7am-7pm,12.0,7.0,-5.0,39.96906,-75.18169,17.0
3297,2023-06-26,7pm-7am,2.0,2.0,0.0,39.95821,-75.16901,19.0
3365,2024-10-23,7pm-7am,5.0,2.0,-3.0,39.96173,-75.18788,17.0
3097,2024-12-16,7am-7pm,0.0,4.0,4.0,39.97888,-75.13339,18.0
3211,2023-04-03,7am-7pm,6.0,3.0,-3.0,39.97172,-75.1706,22.0
3098,2023-04-23,7am-7pm,14.0,16.0,2.0,39.93431,-75.16042,19.0
3009,2023-12-25,7am-7pm,2.0,3.0,1.0,39.95576,-75.18982,14.0
3253,2023-06-17,7am-7pm,5.0,1.0,-4.0,39.93074,-75.18924,21.0
3062,2023-11-13,7pm-7am,1.0,0.0,-1.0,,,
3285,2023-07-18,7pm-7am,0.0,1.0,1.0,39.95946,-75.14745,19.0
3065,2023-08-04,7pm-7am,3.0,3.0,0.0,39.9707,-75.15171,15.0
3405,2025-11-17,7am-7pm,5.0,5.0,0.0,39.94167,-75.16502,16.0
3022,2025-03-16,7am-7pm,4.0,12.0,8.0,39.95472,-75.18323,21.0
3038,2024-06-12,7am-7pm,33.0,36.0,3.0,39.94781,-75.19409,28.0
3068,2025-06-18,7pm-7am,8.0,8.0,0.0,39.93549,-75.16711,18.0
3074,2026-03-13,7pm-7am,3.0,8.0,5.0,39.95511,-75.20987,15.0
3154,2024-12-29,7pm-7am,0.0,3.0,3.0,39.95924,-75.15821,16.0
3245,2023-10-07,7pm-7am,6.0,7.0,1.0,39.97887,-75.15777,20.0
3008,2024-07-06,7pm-7am,1.0,1.0,0.0,39.98081,-75.15067,17.0
3162,2023-02-17,7am-7pm,5.0,5.0,0.0,39.94595,-75.18475,34.0
3060,2023-08-21,7am-7pm,3.0,6.0,3.0,39.95923,-75.17036,19.0
3116,2023-09-08,7pm-7am,6.0,1.0,-5.0,39.96006,-75.17198,21.0
3328,2024-10-12,7am-7pm,22.0,21.0,-1.0,39.98798,-75.1995,23.0
3014,2025-11-07,7am-7pm,7.0,7.0,0.0,39.95886,-75.17369,25.0
3124,2024-07-25,7am-7pm,12.0,22.0,10.0,39.95367,-75.13956,17.0
3125,2025-12-07,7pm-7am,6.0,4.0,-2.0,39.94391,-75.16735,16.0
3185,2026-03-29,7pm-7am,9.0,0.0,-9.0,39.95169,-75.15888,21.0
3345,2024-01-05,7pm-7am,2.0,3.0,1.0,39.9617,-75.14667,19.0
3200,2025-11-10,7am-7pm,5.0,5.0,0.0,39.97583,-75.16846,17.0
3375,2024-04-01,7pm-7am,2.0,1.0,-1.0,39.96036,-75.1402,22.0
3308,2023-08-01,7am-7pm,14.0,12.0,-2.0,,,
3395,2025-06-13,7pm-7am,4.0,4.0,0.0,39.93866,-75.16351,13.0
3341,2024-06-19,7pm-7am,1.0,2.0,1.0,39.98131,-75.12732,20.0
3120,2025-10-10,7pm-7am,4.0,5.0,1.0,39.97522,-75.18669,19.0
3256,2024-02-14,7am-7pm,13.0,17.0,4.0,39.95269,-75.17779,23.0
3265,2026-03-20,7pm-7am,0.0,1.0,1.0,39.95957,-75.19633,13.0
3254,2025-11-04,7am-7pm,14.0,8.0,-6.0,39.98091,-75.16065,18.0
3265,2025-04-29,7pm-7am,0.0,1.0,1.0,39.95957,-75.19633,13.0
3088,2025-08-25,7am-7pm,12.0,14.0,2.0,39.96984,-75.1418,35.0
3031,2026-02-25,7am-7pm,7.0,6.0,-1.0,39.98005,-75.15522,21.0
3328,2024-02-04,7am-7pm,12.0,13.0,1.0,39.98798,-75.1995,23.0
3049,2024-04-26,7pm-7am,4.0,1.0,-3.0,39.94509,-75.1425,29.0
3188,2023-10-29,7pm-7am,7.0,2.0,-5.0,39.90471,-75.1734,56.0
3321,2026-01-17,7am-7pm,3.0,1.0,-2.0,39.95485,-75.17298,21.0
3394,2025-03-17,7am-7pm,4.0,6.0,2.0,39.924,-75.16959,14.0
3203,2025-02-01,7pm-7am,1.0,2.0,1.0,39.94077,-75.17227,20.0
3157,2024-11-09,7pm-7am,6.0,4.0,-2.0,39.92545,-75.15954,18.0
3209,2025-10-29,7am-7pm,5.0,7.0,2.0,39.949,-75.21278,14.0
3360,2025-10-05,7pm-7am,4.0,8.0,4.0,39.93304,-75.16822,22.0
3322,2024-07-01,7am-7pm,14.0,22.0,8.0,39.93638,-75.15526,13.0
3392,2025-01-31,7am-7pm,2.0,2.0,0.0,39.93633,-75.19447,13.0
3159,2024-11-12,7pm-7am,4.0,1.0,-3.0,39.95121,-75.19962,23.0
3236,2025-07-30,7am-7pm,6.0,11.0,5.0,39.96566,-75.17765,18.0
3104,2024-04-30,7am-7pm,6.0,6.0,0.0,39.96664,-75.19209,13.0
3075,2025-05-04,7pm-7am,10.0,11.0,1.0,39.96718,-75.16125,12.0
3339,2023-08-14,7am-7pm,4.0,4.0,0.0,,,
3393,2025-02-07,7am-7pm,6.0,7.0,1.0,39.96727,-75.13999,18.0
3209,2026-01-05,7pm-7am,1.0,0.0,-1.0,39.949,-75.21278,14.0
3212,2024-12-07,7am-7pm,4.0,6.0,2.0,39.96383,-75.18177,32.0
3099,2025-02-10,7pm-7am,3.0,5.0,2.0,39.93401,-75.15094,19.0
3327,2024-08-25,7am-7pm,4.0,2.0,-2.0,39.97759,-75.12442,17.0
3296,2023-01-18,7pm-7am,9.0,6.0,-3.0,39.95134,-75.16758,21.0
3261,2024-08-23,7am-7pm,12.0,11.0,-1.0,39.96304,-75.14099,17.0
3314,2024-10-17,7pm-7am,4.0,5.0,1.0,39.93682,-75.14492,17.0
3337,2024-03-31,7am-7pm,3.0,1.0,-2.0,39.97318,-75.14612,15.0
3236,2023-09-21,7pm-7am,3.0,0.0,-3.0,39.96566,-75.17765,18.0
3355,2023-11-22,7pm-7am,2.0,2.0,0.0,,,
3318,2024-03-22,7pm-7am,2.0,1.0,-1.0,39.95182,-75.16395,20.0
3060,2023-12-11,7am-7pm,7.0,3.0,-4.0,39.95923,-75.17036,19.0
3033,2024-04-18,7am-7pm,13.0,21.0,8.0,39.95005,-75.15672,20.0
3116,2023-09-12,7am-7pm,22.0,21.0,-1.0,39.96006,-75.17198,21.0
3210,2025-09-13,7pm-7am,4.0,8.0,4.0,39.98492,-75.15668,18.0
3319,2025-01-28,7am-7pm,3.0,2.0,-1.0,39.96672,-75.12964,16.0
3035,2023-10-18,7am-7pm,18.0,13.0,-5.0,39.96271,-75.19419,20.0
3031,2024-04-11,7am-7pm,11.0,12.0,1.0,39.98005,-75.15522,21.0
3282,2024-03-24,7am-7pm,0.0,1.0,1.0,39.98628,-75.14925,15.0
3012,2023-06-09,7pm-7am,5.0,6.0,1.0,39.94218,-75.17747,27.0
3052,2025-05-20,7pm-7am,7.0,7.0,0.0,39.94732,-75.15695,25.0
3066,2023-08-16,7am-7pm,45.0,36.0,-9.0,39.94561,-75.17348,29.0
3418,2025-10-31,7am-7pm,2.0,1.0,-1.0,40.00924,-75.15198,17.0
3118,2024-01-10,7pm-7am,0.0,1.0,1.0,39.95866,-75.21323,20.0
3396,2025-05-09,7am-7pm,2.0,3.0,1.0,39.92327,-75.1821,16.0
3118,2025-11-09,7am-7pm,8.0,6.0,-2.0,39.95866,-75.21323,20.0
3102,2023-03-31,7pm-7am,8.0,6.0,-2.0,39.96759,-75.17952,26.0
3363,2024-07-15,7am-7pm,15.0,21.0,6.0,39.94655,-75.16263,17.0
3065,2023-08-03,7am-7pm,5.0,9.0,4.0,39.9707,-75.15171,15.0
3066,2024-11-15,7pm-7am,10.0,7.0,-3.0,39.94561,-75.17348,29.0
3047,2025-07-01,7am-7pm,6.0,11.0,5.0,39.95073,-75.14947,20.0
3115,2025-04-23,7pm-7am,1.0,1.0,0.0,39.97263,-75.16757,18.0
3064,2023-12-28,7pm-7am,2.0,2.0,0.0,39.9384,-75.17327,22.0
3110,2024-07-02,7am-7pm,5.0,8.0,3.0,39.96175,-75.13641,19.0
3115,2025-06-07,7am-7pm,4.0,3.0,-1.0,39.97263,-75.16757,18.0
3040,2023-06-16,7pm-7am,3.0,3.0,0.0,39.96289,-75.16606,21.0
3275,2025-04-19,7pm-7am,3.0,3.0,0.0,39.97576,-75.12157,22.0
3057,2025-11-10,7pm-7am,1.0,1.0,0.0,39.96439,-75.17987,26.0
3244,2023-12-27,7am-7pm,9.0,9.0,0.0,,,
3301,2025-02-03,7am-7pm,13.0,17.0,4.0,39.95029,-75.17126,15.0
3040,2024-11-16,7pm-7am,4.0,4.0,0.0,39.96289,-75.16606,21.0
3330,2023-10-02,7pm-7am,5.0,1.0,-4.0,,,
3057,2025-09-27,7pm-7am,11.0,7.0,-4.0,39.96439,-75.17987,26.0
3350,2025-03-14,7pm-7am,3.0,3.0,0.0,39.99415,-75.15527,20.0
3086,2025-08-05,7pm-7am,3.0,2.0,-1.0,39.94019,-75.16691,21.0
3118,2025-07-13,7am-7pm,4.0,2.0,-2.0,39.95866,-75.21323,20.0
3182,2024-12-12,7am-7pm,26.0,26.0,0.0,,,
3251,2023-09-22,7pm-7am,3.0,3.0,0.0,39.93366,-75.19319,16.0
3169,2024-06-16,7am-7pm,10.0,18.0,8.0,39.95382,-75.14263,17.0
3028,2024-07-13,7pm-7am,12.0,7.0,-5.0,39.94061,-75.14958,15.0
3056,2025-09-09,7am-7pm,8.0,9.0,1.0,39.97669,-75.15813,22.0
3305,2024-03-19,7am-7pm,1.0,3.0,2.0,39.99569,-75.1671,11.0
3114,2025-10-28,7pm-7am,4.0,6.0,2.0,39.93775,-75.18012,17.0
3271,2024-10-16,7am-7pm,3.0,1.0,-2.0,39.9476,-75.22946,18.0
3101,2025-05-26,7pm-7am,14.0,13.0,-1.0,39.94295,-75.15955,18.0
3362,2026-01-24,7am-7pm,14.0,15.0,1.0,39.94816,-75.16226,19.0
3210,2024-06-12,7am-7pm,11.0,5.0,-6.0,39.98492,-75.15668,18.0
3110,2024-02-14,7pm-7am,2.0,1.0,-1.0,39.96175,-75.13641,19.0
3318,2024-04-12,7am-7pm,15.0,15.0,0.0,39.95182,-75.16395,20.0
3075,2024-05-07,7pm-7am,8.0,10.0,2.0,39.96718,-75.16125,12.0
3267,2023-08-29,7am-7pm,9.0,12.0,3.0,39.918,-75.1796,12.0
3053,2025-07-24,7am-7pm,34.0,25.0,-9.0,39.93231,-75.18154,19.0
3056,2026-02-07,7pm-7am,1.0,0.0,-1.0,39.97669,-75.15813,22.0
3112,2026-03-12,7am-7pm,6.0,6.0,0.0,39.95373,-75.21825,18.0
3309,2023-06-09,7am-7pm,4.0,4.0,0.0,,,
3248,2025-04-05,7am-7pm,23.0,10.0,-13.0,39.94213,-75.18335,22.0
3078,2025-11-09,7pm-7am,4.0,1.0,-3.0,39.95355,-75.17192,18.0
3295,2024-09-27,7am-7pm,21.0,18.0,-3.0,39.95028,-75.16027,21.0
3393,2026-01-23,7am-7pm,6.0,10.0,4.0,39.96727,-75.13999,18.0
3063,2023-03-05,7am-7pm,28.0,19.0,-9.0,39.94633,-75.1698,25.0
3338,2024-05-17,7pm-7am,0.0,1.0,1.0,39.95098,-75.23035,21.0
3071,2023-06-18,7am-7pm,6.0,4.0,-2.0,,,
3272,2025-03-13,7am-7pm,3.0,1.0,-2.0,39.96405,-75.22048,13.0
3188,2026-01-10,7pm-7am,2.0,0.0,-2.0,39.90471,-75.1734,56.0
3054,2024-12-31,7pm-7am,7.0,5.0,-2.0,39.9625,-75.1742,35.0
3168,2023-07-02,7pm-7am,5.0,8.0,3.0,,,
3360,2025-05-14,7am-7pm,9.0,5.0,-4.0,39.93304,-75.16822,22.0
3162,2025-09-24,7am-7pm,11.0,15.0,4.0,39.94595,-75.18475,34.0
3034,2026-01-06,7pm-7am,3.0,4.0,1.0,39.93315,-75.16248,16.0
3160,2023-12-19,7pm-7am,2.0,2.0,0.0,39.95662,-75.19862,41.0
3331,2025-02-07,7am-7pm,2.0,0.0,-2.0,39.97116,-75.12813,20.0
3281,2023-09-12,7pm-7am,1.0,1.0,0.0,39.9323,-75.2162,15.0
3025,2025-09-08,7am-7pm,31.0,26.0,-5.0,39.93724,-75.1612,15.0
3120,2024-10-29,7pm-7am,6.0,8.0,2.0,39.97522,-75.18669,19.0
3104,2025-01-24,7pm-7am,1.0,0.0,-1.0,39.96664,-75.19209,13.0
3009,2024-05-27,7pm-7am,5.0,7.0,2.0,39.95576,-75.18982,14.0
3106,2025-07-17,7am-7pm,1.0,3.0,2.0,39.99179,-75.18637,17.0
3162,2025-05-02,7pm-7am,5.0,5.0,0.0,39.94595,-75.18475,34.0
3255,2025-10-23,7am-7pm,22.0,26.0,4.0,39.95095,-75.16438,15.0
3334,2023-08-21,7pm-7am,3.0,2.0,-1.0,39.9302,-75.15636,19.0
3317,2024-05-14,7pm-7am,0.0,1.0,1.0,,,
3281,2024-09-21,7am-7pm,4.0,3.0,-1.0,39.9323,-75.2162,15.0
3073,2024-02-14,7pm-7am,5.0,2.0,-3.0,39.96143,-75.15242,15.0
3282,2025-06-03,7am-7pm,3.0,4.0,1.0,39.98628,-75.14925,15.0
3438,2025-09-03,7am-7pm,1.0,1.0,0.0,39.98421,-75.11304,13.0
3388,2025-08-27,7am-7pm,1.0,4.0,3.0,39.96634,-75.15097,19.0
3153,2023-09-09,7am-7pm,7.0,5.0,-2.0,,,
3244,2024-04-14,7pm-7am,13.0,6.0,-7.0,,,
3345,2024-04-25,7pm-7am,3.0,1.0,-2.0,39.9617,-75.14667,19.0
3099,2024-01-27,7am-7pm,8.0,4.0,-4.0,39.93401,-75.15094,19.0
3443,2026-01-03,7am-7pm,1.0,1.0,0.0,40.02155,-75.21339,10.0
3056,2026-03-15,7am-7pm,8.0,6.0,-2.0,39.97669,-75.15813,22.0
3319,2026-03-27,7pm-7am,1.0,2.0,1.0,39.96672,-75.12964,16.0
3051,2023-11-25,7am-7pm,17.0,23.0,6.0,39.96744,-75.17507,37.0
3064,2025-08-06,7am-7pm,23.0,16.0,-7.0,39.9384,-75.17327,22.0
3341,2025-11-25,7pm-7am,1.0,2.0,1.0,39.98131,-75.12732,20.0
3014,2025-04-22,7pm-7am,3.0,2.0,-1.0,39.95886,-75.17369,25.0
3016,2025-11-27,7am-7pm,3.0,0.0,-3.0,39.96892,-75.1547,15.0
3029,2024-03-04,7pm-7am,2.0,1.0,-1.0,39.9538,-75.19479,17.0
3123,2025-07-05,7am-7pm,3.0,5.0,2.0,39.98004,-75.17088,16.0
3061,2024-06-05,7am-7pm,40.0,38.0,-2.0,,,
3352,2024-09-21,7am-7pm,3.0,4.0,1.0,40.00143,-75.15256,11.0
3337,2025-05-17,7am-7pm,13.0,11.0,-2.0,39.97318,-75.14612,15.0
3012,2025-10-14,7am-7pm,24.0,21.0,-3.0,39.94218,-75.17747,27.0
3360,2024-01-03,7am-7pm,14.0,11.0,-3.0,39.93304,-75.16822,22.0
3299,2025-06-09,7pm-7am,5.0,8.0,3.0,39.94332,-75.15698,22.0
3318,2024-04-25,7pm-7am,10.0,3.0,-7.0,39.95182,-75.16395,20.0
3152,2023-08-04,7pm-7am,1.0,0.0,-1.0,39.94993,-75.20286,17.0
3373,2024-08-23,7pm-7am,5.0,4.0,-1.0,39.95817,-75.15668,15.0
3104,2023-06-14,7am-7pm,10.0,6.0,-4.0,39.96664,-75.19209,13.0
3016,2024-04-07,7pm-7am,3.0,3.0,0.0,39.96892,-75.1547,15.0
3022,2025-05-29,7am-7pm,28.0,30.0,2.0,39.95472,-75.18323,21.0
3320,2025-05-14,7am-7pm,5.0,1.0,-4.0,39.9746,-75.15917,17.0
3309,2023-05-11,7am-7pm,0.0,1.0,1.0,,,
3007,2025-08-20,7pm-7am,11.0,7.0,-4.0,39.94517,-75.15993,20.0
3163,2024-08-03,7am-7pm,35.0,30.0,-5.0,39.94974,-75.18097,22.0
3311,2024-06-04,7pm-7am,3.0,3.0,0.0,,,
3097,2025-12-05,7pm-7am,2.0,3.0,1.0,39.97888,-75.13339,18.0
3276,2025-08-23,7am-7pm,4.0,4.0,0.0,39.96569,-75.15679,18.0
3208,2026-03-06,7am-7pm,24.0,32.0,8.0,39.95048,-75.19324,28.0
3236,2024-11-02,7pm-7am,2.0,1.0,-1.0,39.96566,-75.17765,18.0
3055,2023-11-05,7am-7pm,14.0,17.0,3.0,39.95112,-75.15457,15.0
3410,2025-09-09,7pm-7am,1.0,1.0,0.0,39.94201,-75.21838,11.0
3119,2024-01-18,7pm-7am,0.0,1.0,1.0,39.96674,-75.20799,17.0
3010,2023-03-20,7pm-7am,8.0,5.0,-3.0,39.94711,-75.16618,22.0
3292,2024-06-04,7am-7pm,7.0,6.0,-1.0,39.92,-75.1562,17.0
3185,2025-09-04,7am-7pm,52.0,45.0,-7.0,39.95169,-75.15888,21.0
3054,2025-05-11,7am-7pm,23.0,26.0,3.0,39.9625,-75.1742,35.0
3253,2024-01-23,7am-7pm,2.0,2.0,0.0,39.93074,-75.18924,21.0
3291,2023-09-15,7pm-7am,0.0,1.0,1.0,40.01022,-75.197,15.0
3203,2025-11-28,7am-7pm,8.0,9.0,1.0,39.94077,-75.17227,20.0
3236,2024-05-09,7pm-7am,5.0,3.0,-2.0,39.96566,-75.17765,18.0
3342,2025-07-19,7pm-7am,5.0,4.0,-1.0,39.9639,-75.17385,20.0
3037,2025-04-05,7am-7pm,11.0,15.0,4.0,39.95424,-75.16138,21.0
3316,2023-12-14,7pm-7am,1.0,3.0,2.0,39.92255,-75.17337,19.0
3370,2024-07-14,7am-7pm,1.0,2.0,1.0,40.0163,-75.21241,16.0
3328,2024-07-26,7pm-7am,6.0,2.0,-4.0,39.98798,-75.1995,23.0
3315,2024-01-26,7am-7pm,3.0,2.0,-1.0,39.94235,-75.21138,13.0
3188,2023-01-11,7am-7pm,3.0,1.0,-2.0,39.90471,-75.1734,56.0
3155,2023-07-08,7pm-7am,3.0,3.0,0.0,39.94018,-75.15442,18.0
3283,2023-12-12,7am-7pm,1.0,0.0,-1.0,,,
3074,2023-06-07,7am-7pm,15.0,10.0,-5.0,39.95511,-75.20987,15.0
3020,2025-08-11,7pm-7am,5.0,17.0,12.0,39.94855,-75.19007,36.0
3150,2024-06-06,7pm-7am,1.0,9.0,8.0,39.92884,-75.17021,17.0
3058,2024-11-16,7pm-7am,1.0,3.0,2.0,,,
3072,2024-07-16,7am-7pm,16.0,13.0,-3.0,39.93445,-75.14541,25.0
3051,2023-04-14,7pm-7am,4.0,5.0,1.0,39.96744,-75.17507,37.0
3299,2024-12-05,7pm-7am,5.0,2.0,-3.0,39.94332,-75.15698,22.0
3341,2024-03-01,7pm-7am,0.0,1.0,1.0,39.98131,-75.12732,20.0
3398,2025-11-04,7am-7pm,4.0,2.0,-2.0,39.91551,-75.15474,15.0
3032,2024-01-09,7am-7pm,15.0,13.0,-2.0,39.94527,-75.17971,20.0
3152,2025-06-21,7am-7pm,15.0,9.0,-6.0,39.94993,-75.20286,17.0
3018,2024-07-04,7pm-7am,8.0,8.0,0.0,39.95273,-75.15979,18.0
3356,2025-05-07,7am-7pm,0.0,1.0,1.0,39.89322,-75.17187,19.0
3376,2025-09-01,7pm-7am,0.0,5.0,5.0,39.97183,-75.14878,8.0
3284,2025-04-01,7am-7pm,1.0,0.0,-1.0,40.01112,-75.19287,14.0
3291,2023-08-21,7pm-7am,1.0,0.0,-1.0,40.01022,-75.197,15.0
3034,2024-11-27,7pm-7am,2.0,4.0,2.0,39.93315,-75.16248,16.0
3237,2025-02-18,7am-7pm,2.0,3.0,1.0,39.91717,-75.17096,21.0
3292,2023-05-27,7pm-7am,5.0,3.0,-2.0,39.92,-75.1562,17.0
3047,2024-01-05,7pm-7am,2.0,2.0,0.0,39.95073,-75.14947,20.0
3310,2023-10-18,7am-7pm,2.0,3.0,1.0,39.98024,-75.18651,15.0
3101,2023-05-10,7am-7pm,20.0,24.0,4.0,39.94295,-75.15955,18.0
3157,2023-04-13,7am-7pm,17.0,22.0,5.0,39.92545,-75.15954,18.0
3331,2023-11-12,7am-7pm,4.0,4.0,0.0,39.97116,-75.12813,20.0
3440,2025-12-01,7pm-7am,0.0,1.0,1.0,39.98306,-75.10836,13.0
3253,2025-07-02,7am-7pm,4.0,5.0,1.0,39.93074,-75.18924,21.0
3067,2023-05-21,7am-7pm,1.0,1.0,0.0,39.96411,-75.19973,17.0
3248,2024-12-13,7am-7pm,12.0,8.0,-4.0,39.94213,-75.18335,22.0
3184,2025-11-20,7pm-7am,6.0,3.0,-3.0,39.94573,-75.19551,22.0
3249,2024-11-11,7am-7pm,13.0,10.0,-3.0,39.95784,-75.19079,22.0
3164,2024-08-09,7pm-7am,4.0,6.0,2.0,39.92814,-75.16515,18.0
3264,2025-07-02,7am-7pm,27.0,24.0,-3.0,39.94571,-75.15508,23.0
3316,2024-09-05,7am-7pm,20.0,15.0,-5.0,39.92255,-75.17337,19.0
3018,2025-02-15,7am-7pm,5.0,5.0,0.0,39.95273,-75.15979,18.0
3152,2023-05-21,7pm-7am,1.0,1.0,0.0,39.94993,-75.20286,17.0
3118,2023-03-19,7am-7pm,3.0,2.0,-1.0,39.95866,-75.21323,20.0
3019,2024-10-08,7pm-7am,6.0,1.0,-5.0,39.95403,-75.14983,15.0
3031,2024-06-08,7pm-7am,3.0,0.0,-3.0,39.98005,-75.15522,21.0
3162,2024-06-12,7am-7pm,29.0,18.0,-11.0,39.94595,-75.18475,34.0
3210,2025-05-08,7am-7pm,7.0,9.0,2.0,39.98492,-75.15668,18.0
3318,2023-12-16,7am-7pm,9.0,10.0,1.0,39.95182,-75.16395,20.0
3299,2024-05-28,7pm-7am,3.0,4.0,1.0,39.94332,-75.15698,22.0
3327,2026-02-08,7am-7pm,0.0,1.0,1.0,39.97759,-75.12442,17.0
3104,2023-11-19,7am-7pm,12.0,15.0,3.0,39.96664,-75.19209,13.0
3010,2024-06-06,7am-7pm,63.0,64.0,1.0,39.94711,-75.16618,22.0
3316,2025-12-19,7am-7pm,2.0,4.0,2.0,39.92255,-75.17337,19.0
3238,2023-12-26,7pm-7am,1.0,1.0,0.0,39.97674,-75.11995,11.0
3204,2026-01-27,7am-7pm,2.0,0.0,-2.0,39.96437,-75.16582,22.0
3246,2024-01-31,7am-7pm,3.0,1.0,-2.0,39.94782,-75.22301,17.0
3009,2025-06-18,7pm-7am,11.0,8.0,-3.0,39.95576,-75.18982,14.0
3308,2024-03-16,7am-7pm,9.0,8.0,-1.0,,,
3026,2023-11-05,7pm-7am,2.0,2.0,0.0,39.94182,-75.1455,17.0
3028,2023-09-25,7pm-7am,9.0,7.0,-2.0,39.94061,-75.14958,15.0
3168,2024-01-11,7pm-7am,5.0,4.0,-1.0,,,
3113,2026-03-02,7pm-7am,0.0,1.0,1.0,39.97472,-75.19781,12.0
3052,2023-08-17,7pm-7am,10.0,18.0,8.0,39.94732,-75.15695,25.0
3106,2024-05-15,7pm-7am,1.0,0.0,-1.0,39.99179,-75.18637,17.0
3039,2024-10-07,7am-7pm,16.0,5.0,-11.0,39.97157,-75.15993,17.0
3441,2026-03-16,7pm-7am,0.0,1.0,1.0,39.96305,-75.17454,5.0
3285,2026-02-18,7am-7pm,3.0,2.0,-1.0,39.95946,-75.14745,19.0
3341,2024-11-22,7pm-7am,2.0,1.0,-1.0,39.98131,-75.12732,20.0
3346,2024-08-05,7pm-7am,0.0,2.0,2.0,39.94883,-75.15097,17.0
3314,2023-11-30,7am-7pm,5.0,7.0,2.0,39.93682,-75.14492,17.0
3028,2025-11-23,7am-7pm,29.0,34.0,5.0,39.94061,-75.14958,15.0
3110,2024-02-07,7pm-7am,2.0,0.0,-2.0,39.96175,-75.13641,19.0
3024,2024-03-27,7am-7pm,2.0,1.0,-1.0,39.94822,-75.20908,19.0
3165,2023-07-19,7am-7pm,17.0,13.0,-4.0,39.95819,-75.1782,22.0
3347,2025-03-15,7pm-7am,4.0,3.0,-1.0,,,
3271,2023-05-18,7pm-7am,3.0,2.0,-1.0,39.9476,-75.22946,18.0
3444,2025-12-02,7am-7pm,1.0,1.0,0.0,40.00959,-75.16596,13.0
3057,2024-06-29,7am-7pm,32.0,31.0,-1.0,39.96439,-75.17987,26.0
3034,2025-01-20,7am-7pm,4.0,3.0,-1.0,39.93315,-75.16248,16.0
3313,2025-07-28,7am-7pm,2.0,4.0,2.0,39.9158,-75.1643,9.0
3054,2023-06-10,7pm-7am,6.0,9.0,3.0,39.9625,-75.1742,35.0
3008,2023-08-13,7pm-7am,0.0,1.0,1.0,39.98081,-75.15067,17.0
3393,2026-01-15,7pm-7am,2.0,0.0,-2.0,39.96727,-75.13999,18.0
3052,2023-12-04,7am-7pm,24.0,27.0,3.0,39.94732,-75.15695,25.0
3020,2023-09-26,7pm-7am,9.0,9.0,0.0,39.94855,-75.19007,36.0
3418,2025-07-05,7pm-7am,1.0,1.0,0.0,40.00924,-75.15198,17.0
3118,2024-09-26,7pm-7am,3.0,1.0,-2.0,39.95866,-75.21323,20.0
3059,2024-12-12,7am-7pm,16.0,13.0,-3.0,39.96244,-75.16121,21.0
3236,2025-06-05,7pm-7am,2.0,9.0,7.0,39.96566,-75.17765,18.0
3047,2025-04-27,7pm-7am,6.0,2.0,-4.0,39.95073,-75.14947,20.0
3249,2023-12-15,7pm-7am,7.0,6.0,-1.0,39.95784,-75.19079,22.0
3320,2023-07-13,7pm-7am,5.0,2.0,-3.0,39.9746,-75.15917,17.0
3063,2025-11-13,7am-7pm,22.0,19.0,-3.0,39.94633,-75.1698,25.0
3353,2025-12-07,7pm-7am,1.0,1.0,0.0,40.00496,-75.15233,22.0
3204,2024-04-17,7am-7pm,17.0,15.0,-2.0,39.96437,-75.16582,22.0
3410,2025-04-24,7am-7pm,5.0,6.0,1.0,39.94201,-75.21838,11.0
3204,2023-09-03,7pm-7am,0.0,5.0,5.0,39.96437,-75.16582,22.0
3390,2025-04-12,7am-7pm,2.0,3.0,1.0,39.96,-75.2244,18.0
3316,2024-07-20,7pm-7am,5.0,9.0,4.0,39.92255,-75.17337,19.0
3370,2025-02-09,7pm-7am,0.0,2.0,2.0,40.0163,-75.21241,16.0
3321,2023-07-08,7am-7pm,8.0,7.0,-1.0,39.95485,-75.17298,21.0
3307,2025-07-10,7pm-7am,1.0,1.0,0.0,40.0028,-75.174,11.0
3253,2026-03-09,7pm-7am,2.0,0.0,-2.0,39.93074,-75.18924,21.0
3381,2025-06-27,7am-7pm,5.0,5.0,0.0,39.94845,-75.21807,13.0
3226,2025-06-11,7am-7pm,5.0,5.0,0.0,39.98101,-75.13721,18.0
3005,2023-01-20,7am-7pm,4.0,6.0,2.0,39.94733,-75.14403,13.0
3025,2025-11-14,7am-7pm,20.0,17.0,-3.0,39.93724,-75.1612,15.0
3031,2023-02-10,7am-7pm,11.0,16.0,5.0,39.98005,-75.15522,21.0
3156,2023-04-18,7pm-7am,6.0,6.0,0.0,39.95381,-75.17407,22.0
3249,2024-02-06,7am-7pm,8.0,9.0,1.0,39.95784,-75.19079,22.0
3275,2025-11-18,7am-7pm,6.0,5.0,-1.0,39.97576,-75.12157,22.0
3251,2023-12-21,7pm-7am,0.0,3.0,3.0,39.93366,-75.19319,16.0
3265,2023-07-15,7pm-7am,2.0,3.0,1.0,39.95957,-75.19633,13.0
3054,2024-12-29,7pm-7am,3.0,2.0,-1.0,39.9625,-75.1742,35.0
3313,2024-06-08,7am-7pm,1.0,6.0,5.0,39.9158,-75.1643,9.0
3267,2023-08-24,7am-7pm,8.0,8.0,0.0,39.918,-75.1796,12.0
3007,2024-08-06,7pm-7am,9.0,6.0,-3.0,39.94517,-75.15993,20.0
3250,2023-05-25,7pm-7am,3.0,0.0,-3.0,39.95673,-75.14575,17.0
3006,2025-05-14,7pm-7am,10.0,7.0,-3.0,39.9522,-75.20311,17.0
3184,2024-11-22,7pm-7am,0.0,1.0,1.0,39.94573,-75.19551,22.0
3153,2023-08-08,7pm-7am,3.0,1.0,-2.0,,,
3276,2025-04-26,7pm-7am,5.0,3.0,-2.0,39.96569,-75.15679,18.0
3285,2024-08-09,7pm-7am,1.0,0.0,-1.0,39.95946,-75.14745,19.0
3254,2024-12-04,7pm-7am,1.0,0.0,-1.0,39.98091,-75.16065,18.0
3056,2024-08-10,7am-7pm,4.0,4.0,0.0,39.97669,-75.15813,22.0
3300,2024-10-13,7am-7pm,6.0,5.0,-1.0,39.95511,-75.16287,13.0
3068,2023-07-26,7pm-7am,3.0,12.0,9.0,39.93549,-75.16711,18.0
3265,2024-01-17,7am-7pm,2.0,0.0,-2.0,39.95957,-75.19633,13.0
3240,2023-12-07,7am-7pm,2.0,2.0,0.0,39.96277,-75.21185,12.0
3370,2024-10-31,7pm-7am,0.0,1.0,1.0,40.0163,-75.21241,16.0
3123,2025-12-12,7pm-7am,1.0,1.0,0.0,39.98004,-75.17088,16.0
3243,2024-08-02,7am-7pm,1.0,1.0,0.0,39.9835,-75.14743,12.0
3264,2024-08-20,7am-7pm,35.0,30.0,-5.0,39.94571,-75.15508,23.0
3102,2023-07-27,7am-7pm,18.0,16.0,-2.0,39.96759,-75.17952,26.0
3252,2025-06-19,7pm-7am,3.0,0.0,-3.0,39.93882,-75.19324,14.0
3102,2026-03-03,7pm-7am,3.0,3.0,0.0,39.96759,-75.17952,26.0
3275,2026-01-15,7am-7pm,2.0,6.0,4.0,39.97576,-75.12157,22.0
3371,2024-05-06,7am-7pm,9.0,10.0,1.0,39.9534,-75.1543,19.0
3005,2023-10-12,7am-7pm,7.0,10.0,3.0,39.94733,-75.14403,13.0
3150,2023-12-26,7pm-7am,1.0,2.0,1.0,39.92884,-75.17021,17.0
3049,2024-06-28,7pm-7am,14.0,9.0,-5.0,39.94509,-75.1425,29.0
3100,2024-12-19,7pm-7am,5.0,7.0,2.0,39.92777,-75.15103,38.0
3287,2025-04-01,7pm-7am,0.0,1.0,1.0,39.94367,-75.21606,16.0
3296,2024-06-11,7am-7pm,33.0,32.0,-1.0,39.95134,-75.16758,21.0
3185,2026-01-21,7pm-7am,8.0,4.0,-4.0,39.95169,-75.15888,21.0
3102,2026-02-13,7am-7pm,15.0,8.0,-7.0,39.96759,-75.17952,26.0
3102,2024-07-08,7am-7pm,24.0,22.0,-2.0,39.96759,-75.17952,26.0
3077,2023-07-21,7pm-7am,2.0,3.0,1.0,39.97207,-75.16351,19.0
3040,2025-04-10,7pm-7am,3.0,1.0,-2.0,39.96289,-75.16606,21.0
3345,2023-10-25,7am-7pm,12.0,9.0,-3.0,39.9617,-75.14667,19.0
3275,2024-12-28,7am-7pm,1.0,0.0,-1.0,39.97576,-75.12157,22.0
3238,2024-04-16,7am-7pm,25.0,27.0,2.0,39.97674,-75.11995,11.0
3035,2025-09-29,7pm-7am,15.0,19.0,4.0,39.96271,-75.19419,20.0
3204,2025-07-30,7pm-7am,6.0,5.0,-1.0,39.96437,-75.16582,22.0
3182,2025-12-18,7pm-7am,5.0,3.0,-2.0,,,
3240,2025-05-31,7pm-7am,2.0,0.0,-2.0,39.96277,-75.21185,12.0
3015,2023-04-01,7am-7pm,2.0,2.0,0.0,39.94735,-75.14886,11.0
3058,2023-12-31,7am-7pm,6.0,5.0,-1.0,,,
3310,2023-11-28,7am-7pm,3.0,1.0,-2.0,39.98024,-75.18651,15.0
3245,2023-10-31,7pm-7am,3.0,3.0,0.0,39.97887,-75.15777,20.0
3006,2023-08-15,7pm-7am,5.0,2.0,-3.0,39.9522,-75.20311,17.0
3187,2023-05-29,7pm-7am,7.0,2.0,-5.0,39.95725,-75.17232,19.0
3407,2025-10-10,7pm-7am,1.0,1.0,0.0,39.9785,-75.13911,15.0
3320,2023-06-20,7am-7pm,9.0,9.0,0.0,39.9746,-75.15917,17.0
3101,2023-03-29,7am-7pm,12.0,16.0,4.0,39.94295,-75.15955,18.0
3263,2023-10-28,7am-7pm,8.0,6.0,-2.0,39.9586,-75.2081,18.0
3018,2025-09-20,7pm-7am,13.0,7.0,-6.0,39.95273,-75.15979,18.0
3291,2023-10-28,7am-7pm,4.0,6.0,2.0,40.01022,-75.197,15.0
3119,2024-05-14,7am-7pm,4.0,3.0,-1.0,39.96674,-75.20799,17.0
3017,2026-03-15,7am-7pm,4.0,3.0,-1.0,39.98003,-75.14371,15.0
3259,2023-08-17,7pm-7am,3.0,5.0,2.0,39.95998,-75.19883,17.0
3363,2025-11-06,7am-7pm,22.0,22.0,0.0,39.94655,-75.16263,17.0
3236,2025-09-04,7am-7pm,8.0,10.0,2.0,39.96566,-75.17765,18.0
3394,2025-08-06,7am-7pm,9.0,10.0,1.0,39.924,-75.16959,14.0
3187,2026-03-06,7am-7pm,0.0,6.0,6.0,39.95725,-75.17232,19.0
3196,2023-09-20,7am-7pm,1.0,0.0,-1.0,39.98717,-75.17477,17.0
3423,2026-01-03,7pm-7am,1.0,0.0,-1.0,40.02826,-75.21106,15.0
3165,2023-07-13,7pm-7am,7.0,6.0,-1.0,39.95819,-75.1782,22.0
3043,2023-08-27,7am-7pm,15.0,11.0,-4.0,,,
3022,2023-09-06,7am-7pm,43.0,46.0,3.0,39.95472,-75.18323,21.0
3264,2023-05-18,7pm-7am,6.0,8.0,2.0,39.94571,-75.15508,23.0
3166,2024-02-05,7pm-7am,4.0,2.0,-2.0,39.97195,-75.13445,22.0
3075,2026-01-24,7am-7pm,6.0,6.0,0.0,39.96718,-75.16125,12.0
3308,2023-06-15,7am-7pm,9.0,5.0,-4.0,,,
3316,2025-07-22,7pm-7am,2.0,4.0,2.0,39.92255,-75.17337,19.0
3381,2024-11-19,7am-7pm,3.0,2.0,-1.0,39.94845,-75.21807,13.0
3156,2025-03-03,7am-7pm,11.0,16.0,5.0,39.95381,-75.17407,22.0
3032,2025-02-24,7am-7pm,31.0,32.0,1.0,39.94527,-75.17971,20.0
3203,2026-02-15,7pm-7am,2.0,1.0,-1.0,39.94077,-75.17227,20.0
3197,2023-08-27,7pm-7am,2.0,5.0,3.0,39.92083,-75.17033,23.0
3170,2023-10-17,7pm-7am,4.0,3.0,-1.0,,,
3343,2024-02-11,7pm-7am,0.0,2.0,2.0,,,
3327,2025-04-26,7am-7pm,1.0,0.0,-1.0,39.97759,-75.12442,17.0
3058,2024-02-12,7pm-7am,2.0,1.0,-1.0,,,
3316,2023-05-22,7pm-7am,1.0,3.0,2.0,39.92255,-75.17337,19.0
3032,2025-01-11,7pm-7am,3.0,3.0,0.0,39.94527,-75.17971,20.0
3241,2024-08-09,7pm-7am,1.0,1.0,0.0,39.95225,-75.22637,20.0
3340,2024-10-19,7pm-7am,3.0,7.0,4.0,39.96906,-75.18169,17.0
3068,2024-05-01,7am-7pm,17.0,21.0,4.0,39.93549,-75.16711,18.0
3319,2024-08-04,7pm-7am,6.0,4.0,-2.0,39.96672,-75.12964,16.0
3373,2025-12-09,7am-7pm,4.0,5.0,1.0,39.95817,-75.15668,15.0
3243,2024-12-14,7am-7pm,1.0,1.0,0.0,39.9835,-75.14743,12.0
3321,2023-12-01,7pm-7am,1.0,0.0,-1.0,39.95485,-75.17298,21.0
3163,2024-05-24,7pm-7am,17.0,5.0,-12.0,39.94974,-75.18097,22.0
3335,2025-07-12,7pm-7am,2.0,0.0,-2.0,40.02237,-75.218,18.0
3074,2023-07-02,7am-7pm,7.0,10.0,3.0,39.95511,-75.20987,15.0
3204,2025-01-28,7pm-7am,2.0,4.0,2.0,39.96437,-75.16582,22.0
3060,2023-04-07,7am-7pm,5.0,6.0,1.0,39.95923,-75.17036,19.0
3207,2025-05-03,7pm-7am,6.0,4.0,-2.0,39.95441,-75.192,20.0
3326,2024-09-14,7am-7pm,10.0,10.0,0.0,39.99198,-75.19944,17.0
3348,2024-05-25,7am-7pm,5.0,3.0,-2.0,,,
3294,2023-05-27,7am-7pm,21.0,27.0,6.0,39.95174,-75.17063,21.0
3157,2025-10-25,7pm-7am,6.0,5.0,-1.0,39.92545,-75.15954,18.0
3154,2025-11-18,7am-7pm,9.0,16.0,7.0,39.95924,-75.15821,16.0
3201,2024-10-18,7pm-7am,2.0,3.0,1.0,39.95523,-75.1662,20.0
3033,2026-02-03,7pm-7am,0.0,2.0,2.0,39.95005,-75.15672,20.0
3276,2023-10-13,7pm-7am,2.0,1.0,-1.0,39.96569,-75.15679,18.0
3336,2024-05-20,7am-7pm,13.0,8.0,-5.0,39.95719,-75.19388,20.0
3342,2025-06-26,7am-7pm,9.0,8.0,-1.0,39.9639,-75.17385,20.0
3439,2025-12-24,7am-7pm,3.0,2.0,-1.0,39.99033,-75.12759,15.0
3286,2025-12-02,7pm-7am,1.0,1.0,0.0,39.96409,-75.14769,22.0
3353,2023-12-25,7pm-7am,1.0,1.0,0.0,40.00496,-75.15233,22.0
3078,2024-04-25,7pm-7am,10.0,6.0,-4.0,39.95355,-75.17192,18.0
3299,2023-04-05,7pm-7am,3.0,3.0,0.0,39.94332,-75.15698,22.0
3018,2026-01-30,7am-7pm,1.0,1.0,0.0,39.95273,-75.15979,18.0
3286,2025-09-05,7am-7pm,10.0,9.0,-1.0,39.96409,-75.14769,22.0
3342,2025-02-19,7am-7pm,12.0,5.0,-7.0,39.9639,-75.17385,20.0
3346,2024-04-20,7pm-7am,2.0,1.0,-1.0,39.94883,-75.15097,17.0
3012,2024-03-24,7am-7pm,17.0,8.0,-9.0,39.94218,-75.17747,27.0
3034,2024-06-01,7am-7pm,16.0,19.0,3.0,39.93315,-75.16248,16.0
3008,2025-01-15,7am-7pm,5.0,4.0,-1.0,39.98081,-75.15067,17.0
3063,2023-10-06,7am-7pm,28.0,27.0,-1.0,39.94633,-75.1698,25.0
3024,2024-09-17,7pm-7am,2.0,1.0,-1.0,39.94822,-75.20908,19.0
3418,2025-10-17,7pm-7am,0.0,1.0,1.0,40.00924,-75.15198,17.0
3009,2024-12-22,7am-7pm,2.0,4.0,2.0,39.95576,-75.18982,14.0
3115,2024-01-30,7pm-7am,2.0,3.0,1.0,39.97263,-75.16757,18.0
3256,2025-02-10,7pm-7am,8.0,1.0,-7.0,39.95269,-75.17779,23.0
3028,2025-10-03,7am-7pm,44.0,52.0,8.0,39.94061,-75.14958,15.0
3393,2024-10-07,7pm-7am,2.0,3.0,1.0,39.96727,-75.13999,18.0
3350,2025-10-06,7pm-7am,2.0,1.0,-1.0,39.99415,-75.15527,20.0
3114,2025-09-25,7pm-7am,3.0,7.0,4.0,39.93775,-75.18012,17.0
3241,2025-07-20,7am-7pm,2.0,0.0,-2.0,39.95225,-75.22637,20.0
3395,2025-12-27,7pm-7am,1.0,1.0,0.0,39.93866,-75.16351,13.0
3051,2025-01-21,7am-7pm,2.0,4.0,2.0,39.96744,-75.17507,37.0
3049,2023-06-20,7am-7pm,5.0,15.0,10.0,39.94509,-75.1425,29.0
3240,2025-02-27,7pm-7am,1.0,1.0,0.0,39.96277,-75.21185,12.0
3340,2024-08-30,7pm-7am,4.0,5.0,1.0,39.96906,-75.18169,17.0
3010,2025-05-21,7am-7pm,36.0,49.0,13.0,39.94711,-75.16618,22.0
3352,2024-07-09,7am-7pm,1.0,1.0,0.0,40.00143,-75.15256,11.0
3049,2025-10-30,7pm-7am,8.0,7.0,-1.0,39.94509,-75.1425,29.0
3249,2024-08-03,7pm-7am,3.0,3.0,0.0,39.95784,-75.19079,22.0
3213,2026-01-06,7am-7pm,16.0,19.0,3.0,39.93887,-75.16663,25.0
3410,2025-05-10,7pm-7am,0.0,3.0,3.0,39.94201,-75.21838,11.0
3350,2025-06-22,7am-7pm,4.0,1.0,-3.0,39.99415,-75.15527,20.0
3026,2025-02-19,7pm-7am,2.0,2.0,0.0,39.94182,-75.1455,17.0
3282,2024-01-01,7am-7pm,1.0,0.0,-1.0,39.98628,-75.14925,15.0
3210,2025-08-18,7am-7pm,6.0,5.0,-1.0,39.98492,-75.15668,18.0
3154,2023-06-02,7am-7pm,22.0,23.0,1.0,39.95924,-75.15821,16.0
3250,2023-01-03,7am-7pm,1.0,4.0,3.0,39.95673,-75.14575,17.0
3278,2024-02-10,7am-7pm,2.0,3.0,1.0,39.99301,-75.1681,11.0
3207,2023-09-14,7am-7pm,36.0,37.0,1.0,39.95441,-75.192,20.0
3238,2023-09-21,7am-7pm,28.0,33.0,5.0,39.97674,-75.11995,11.0
3100,2025-12-07,7pm-7am,0.0,3.0,3.0,39.92777,-75.15103,38.0
3086,2023-01-19,7pm-7am,1.0,1.0,0.0,39.94019,-75.16691,21.0
3292,2023-10-19,7pm-7am,3.0,3.0,0.0,39.92,-75.1562,17.0
3041,2025-01-25,7am-7pm,5.0,9.0,4.0,39.96849,-75.13546,26.0
3119,2023-03-16,7pm-7am,0.0,1.0,1.0,39.96674,-75.20799,17.0
3068,2025-07-30,7am-7pm,17.0,21.0,4.0,39.93549,-75.16711,18.0
3028,2023-07-15,7pm-7am,12.0,12.0,0.0,39.94061,-75.14958,15.0
3104,2023-11-29,7pm-7am,3.0,1.0,-2.0,39.96664,-75.19209,13.0
3352,2024-08-05,7am-7pm,1.0,1.0,0.0,40.00143,-75.15256,11.0
3351,2024-10-04,7am-7pm,1.0,1.0,0.0,39.99655,-75.14991,18.0
3256,2025-05-20,7am-7pm,36.0,41.0,5.0,39.95269,-75.17779,23.0
3029,2025-06-29,7pm-7am,3.0,4.0,1.0,39.9538,-75.19479,17.0
3272,2025-04-22,7pm-7am,1.0,1.0,0.0,39.96405,-75.22048,13.0
3040,2023-04-26,7pm-7am,2.0,2.0,0.0,39.96289,-75.16606,21.0
3398,2025-03-05,7pm-7am,3.0,3.0,0.0,39.91551,-75.15474,15.0
3006,2025-01-02,7am-7pm,5.0,5.0,0.0,39.9522,-75.20311,17.0
3321,2023-11-14,7pm-7am,3.0,4.0,1.0,39.95485,-75.17298,21.0
3154,2023-07-23,7am-7pm,27.0,33.0,6.0,39.95924,-75.15821,16.0
3112,2024-01-16,7am-7pm,0.0,1.0,1.0,39.95373,-75.21825,18.0
3160,2024-04-12,7am-7pm,16.0,11.0,-5.0,39.95662,-75.19862,41.0
3247,2024-06-03,7pm-7am,1.0,1.0,0.0,39.96538,-75.21514,16.0
3007,2024-03-01,7pm-7am,6.0,4.0,-2.0,39.94517,-75.15993,20.0
3068,2024-11-21,7am-7pm,12.0,7.0,-5.0,39.93549,-75.16711,18.0
3052,2025-06-17,7am-7pm,33.0,27.0,-6.0,39.94732,-75.15695,25.0
3245,2025-04-23,7pm-7am,6.0,14.0,8.0,39.97887,-75.15777,20.0
3028,2024-01-29,7pm-7am,5.0,4.0,-1.0,39.94061,-75.14958,15.0
3301,2025-06-22,7am-7pm,19.0,25.0,6.0,39.95029,-75.17126,15.0
3059,2023-09-01,7am-7pm,32.0,23.0,-9.0,39.96244,-75.16121,21.0
3049,2024-01-31,7pm-7am,1.0,0.0,-1.0,39.94509,-75.1425,29.0
3275,2025-12-14,7pm-7am,0.0,1.0,1.0,39.97576,-75.12157,22.0
3388,2024-11-27,7am-7pm,1.0,1.0,0.0,39.96634,-75.15097,19.0
3030,2025-06-29,7am-7pm,19.0,21.0,2.0,,,
3098,2025-06-14,7am-7pm,11.0,12.0,1.0,39.93431,-75.16042,19.0
3337,2025-11-14,7am-7pm,11.0,7.0,-4.0,39.97318,-75.14612,15.0
3058,2024-03-04,7am-7pm,17.0,11.0,-6.0,,,
3212,2023-02-15,7pm-7am,6.0,6.0,0.0,39.96383,-75.18177,32.0
3020,2023-10-14,7am-7pm,8.0,3.0,-5.0,39.94855,-75.19007,36.0
3102,2023-12-30,7am-7pm,10.0,1.0,-9.0,39.96759,-75.17952,26.0
3038,2023-11-04,7am-7pm,11.0,11.0,0.0,39.94781,-75.19409,28.0
3297,2024-02-28,7pm-7am,3.0,0.0,-3.0,39.95821,-75.16901,19.0
3150,2023-08-27,7am-7pm,9.0,6.0,-3.0,39.92884,-75.17021,17.0
3098,2024-10-01,7pm-7am,4.0,9.0,5.0,39.93431,-75.16042,19.0
3155,2023-02-18,7am-7pm,6.0,5.0,-1.0,39.94018,-75.15442,18.0
3182,2023-03-17,7pm-7am,4.0,1.0,-3.0,,,
3075,2024-08-21,7am-7pm,14.0,19.0,5.0,39.96718,-75.16125,12.0
3400,2025-11-11,7pm-7am,7.0,7.0,0.0,39.949,-75.16081,18.0
3331,2024-10-10,7am-7pm,10.0,9.0,-1.0,39.97116,-75.12813,20.0
3320,2023-10-18,7am-7pm,12.0,6.0,-6.0,39.9746,-75.15917,17.0
3201,2025-12-23,7pm-7am,5.0,5.0,0.0,39.95523,-75.1662,20.0
3279,2024-05-14,7pm-7am,0.0,5.0,5.0,39.9265,-75.1668,18.0
3063,2025-12-19,7pm-7am,3.0,4.0,1.0,39.94633,-75.1698,25.0
3378,2025-11-15,7pm-7am,5.0,6.0,1.0,39.95238,-75.14728,18.0
3125,2025-05-15,7pm-7am,11.0,9.0,-2.0,39.94391,-75.16735,16.0
3101,2024-07-06,7pm-7am,11.0,9.0,-2.0,39.94295,-75.15955,18.0
3156,2024-03-01,7am-7pm,9.0,9.0,0.0,39.95381,-75.17407,22.0
3200,2024-08-19,7pm-7am,1.0,0.0,-1.0,39.97583,-75.16846,17.0
3035,2023-08-21,7pm-7am,4.0,9.0,5.0,39.96271,-75.19419,20.0
3233,2023-11-04,7am-7pm,0.0,2.0,2.0,,,
3359,2025-12-06,7am-7pm,21.0,20.0,-1.0,39.94888,-75.16978,29.0
3086,2024-07-08,7am-7pm,9.0,12.0,3.0,39.94019,-75.16691,21.0
3324,2025-07-26,7pm-7am,4.0,4.0,0.0,39.99484,-75.19242,23.0
3359,2025-09-20,7am-7pm,55.0,58.0,3.0,39.94888,-75.16978,29.0
3112,2023-08-22,7am-7pm,7.0,8.0,1.0,39.95373,-75.21825,18.0
3342,2024-07-11,7am-7pm,10.0,11.0,1.0,39.9639,-75.17385,20.0
3213,2025-08-02,7am-7pm,44.0,45.0,1.0,39.93887,-75.16663,25.0
3152,2023-02-03,7pm-7am,1.0,0.0,-1.0,39.94993,-75.20286,17.0
3107,2023-06-29,7am-7pm,2.0,3.0,1.0,39.98203,-75.18866,18.0
3104,2023-01-27,7pm-7am,1.0,0.0,-1.0,39.96664,-75.19209,13.0
3155,2026-03-01,7am-7pm,12.0,12.0,0.0,39.94018,-75.15442,18.0
3390,2026-03-18,7am-7pm,4.0,5.0,1.0,39.96,-75.2244,18.0
3037,2024-10-07,7pm-7am,5.0,3.0,-2.0,39.95424,-75.16138,21.0
3182,2025-12-25,7am-7pm,3.0,1.0,-2.0,,,
3115,2024-09-09,7am-7pm,5.0,3.0,-2.0,39.97263,-75.16757,18.0
3204,2023-12-20,7pm-7am,3.0,4.0,1.0,39.96437,-75.16582,22.0
3331,2024-01-31,7pm-7am,2.0,0.0,-2.0,39.97116,-75.12813,20.0
3018,2025-07-01,7am-7pm,13.0,19.0,6.0,39.95273,-75.15979,18.0
3236,2025-09-17,7am-7pm,5.0,3.0,-2.0,39.96566,-75.17765,18.0
3031,2025-09-05,7pm-7am,11.0,6.0,-5.0,39.98005,-75.15522,21.0
3337,2026-02-23,7am-7pm,0.0,1.0,1.0,39.97318,-75.14612,15.0
3333,2023-09-20,7pm-7am,4.0,4.0,0.0,39.9541,-75.16965,25.0
3158,2023-01-24,7am-7pm,9.0,6.0,-3.0,39.92552,-75.16904,15.0
3098,2024-02-25,7pm-7am,1.0,2.0,1.0,39.93431,-75.16042,19.0
3164,2023-05-20,7pm-7am,7.0,3.0,-4.0,39.92814,-75.16515,18.0
3360,2024-09-24,7pm-7am,4.0,9.0,5.0,39.93304,-75.16822,22.0
3010,2025-10-04,7am-7pm,52.0,52.0,0.0,39.94711,-75.16618,22.0
3407,2025-12-22,7am-7pm,1.0,1.0,0.0,39.9785,-75.13911,15.0
3319,2024-08-31,7pm-7am,10.0,4.0,-6.0,39.96672,-75.12964,16.0
3124,2023-06-20,7pm-7am,8.0,7.0,-1.0,39.95367,-75.13956,17.0
3211,2024-09-24,7pm-7am,2.0,2.0,0.0,39.97172,-75.1706,22.0
3377,2024-07-29,7pm-7am,5.0,3.0,-2.0,,,
3039,2023-02-10,7am-7pm,7.0,7.0,0.0,39.97157,-75.15993,17.0
3368,2024-12-17,7am-7pm,0.0,1.0,1.0,39.97647,-75.17362,17.0
3374,2024-10-20,7pm-7am,0.0,6.0,6.0,39.9728,-75.17971,18.0
3282,2023-10-31,7pm-7am,1.0,1.0,0.0,39.98628,-75.14925,15.0
3203,2023-12-20,7am-7pm,22.0,28.0,6.0,39.94077,-75.17227,20.0
3157,2025-08-31,7pm-7am,6.0,8.0,2.0,39.92545,-75.15954,18.0
3159,2023-10-25,7am-7pm,22.0,21.0,-1.0,39.95121,-75.19962,23.0
3361,2024-09-26,7am-7pm,23.0,21.0,-2.0,39.93082,-75.17474,21.0
3067,2025-08-14,7am-7pm,8.0,6.0,-2.0,39.96411,-75.19973,17.0
3264,2024-10-17,7pm-7am,4.0,9.0,5.0,39.94571,-75.15508,23.0
3243,2025-06-12,7pm-7am,0.0,2.0,2.0,39.9835,-75.14743,12.0
3012,2023-08-21,7am-7pm,27.0,29.0,2.0,39.94218,-75.17747,27.0
3006,2023-03-24,7am-7pm,9.0,9.0,0.0,39.9522,-75.20311,17.0
3070,2023-12-24,7pm-7am,1.0,0.0,-1.0,,,
3299,2024-03-04,7pm-7am,4.0,6.0,2.0,39.94332,-75.15698,22.0
3319,2024-03-10,7pm-7am,1.0,1.0,0.0,39.96672,-75.12964,16.0
3382,2025-03-10,7am-7pm,13.0,11.0,-2.0,39.95038,-75.17309,11.0
3051,2025-03-01,7am-7pm,19.0,11.0,-8.0,39.96744,-75.17507,37.0
3251,2024-03-15,7pm-7am,1.0,1.0,0.0,39.93366,-75.19319,16.0
3299,2024-05-22,7pm-7am,6.0,7.0,1.0,39.94332,-75.15698,22.0
3368,2024-02-10,7pm-7am,0.0,1.0,1.0,39.97647,-75.17362,17.0
3245,2023-05-23,7am-7pm,8.0,6.0,-2.0,39.97887,-75.15777,20.0
3326,2024-11-01,7am-7pm,5.0,5.0,0.0,39.99198,-75.19944,17.0
3009,2024-02-22,7am-7pm,15.0,16.0,1.0,39.95576,-75.18982,14.0
3235,2023-02-07,7pm-7am,1.0,2.0,1.0,39.96,-75.1651,15.0
3324,2024-05-23,7pm-7am,3.0,5.0,2.0,39.99484,-75.19242,23.0
3316,2023-09-01,7am-7pm,6.0,2.0,-4.0,39.92255,-75.17337,19.0
3164,2023-08-05,7am-7pm,13.0,12.0,-1.0,39.92814,-75.16515,18.0
3275,2024-09-23,7am-7pm,13.0,13.0,0.0,39.97576,-75.12157,22.0
3279,2024-10-19,7am-7pm,6.0,7.0,1.0,39.9265,-75.1668,18.0
3249,2023-07-05,7am-7pm,7.0,15.0,8.0,39.95784,-75.19079,22.0
3237,2023-05-14,7am-7pm,4.0,4.0,0.0,39.91717,-75.17096,21.0
3041,2024-09-21,7am-7pm,6.0,10.0,4.0,39.96849,-75.13546,26.0
3372,2025-03-28,7pm-7am,0.0,1.0,1.0,39.92528,-75.18672,15.0
3303,2025-08-19,7am-7pm,8.0,2.0,-6.0,39.9559,-75.2053,20.0
3184,2025-04-19,7am-7pm,1.0,1.0,0.0,39.94573,-75.19551,22.0
3009,2025-11-04,7am-7pm,25.0,26.0,1.0,39.95576,-75.18982,14.0
3322,2025-01-11,7pm-7am,2.0,3.0,1.0,39.93638,-75.15526,13.0
3319,2023-07-04,7pm-7am,1.0,5.0,4.0,39.96672,-75.12964,16.0
3024,2024-06-03,7pm-7am,4.0,4.0,0.0,39.94822,-75.20908,19.0
3032,2023-04-25,7pm-7am,6.0,15.0,9.0,39.94527,-75.17971,20.0
3254,2025-08-19,7pm-7am,5.0,2.0,-3.0,39.98091,-75.16065,18.0
3333,2025-02-12,7pm-7am,1.0,0.0,-1.0,39.9541,-75.16965,25.0
3316,2025-08-18,7pm-7am,5.0,1.0,-4.0,39.92255,-75.17337,19.0
3277,2024-06-03,7pm-7am,4.0,0.0,-4.0,39.98306,-75.16738,20.0
3304,2024-10-26,7am-7pm,20.0,18.0,-2.0,39.94234,-75.15399,21.0
3034,2023-12-10,7am-7pm,7.0,7.0,0.0,39.93315,-75.16248,16.0
3258,2023-07-10,7pm-7am,1.0,1.0,0.0,39.95828,-75.22424,20.0
3051,2024-12-28,7pm-7am,1.0,1.0,0.0,39.96744,-75.17507,37.0
3324,2025-04-01,7am-7pm,3.0,5.0,2.0,39.99484,-75.19242,23.0
3052,2025-11-09,7am-7pm,11.0,10.0,-1.0,39.94732,-75.15695,25.0
3051,2024-06-06,7pm-7am,16.0,22.0,6.0,39.96744,-75.17507,37.0
3034,2023-05-12,7pm-7am,3.0,10.0,7.0,39.93315,-75.16248,16.0
3375,2024-12-13,7am-7pm,4.0,8.0,4.0,39.96036,-75.1402,22.0
3310,2023-09-11,7am-7pm,2.0,1.0,-1.0,39.98024,-75.18651,15.0
3264,2025-01-11,7am-7pm,5.0,2.0,-3.0,39.94571,-75.15508,23.0
3162,2023-02-08,7pm-7am,3.0,0.0,-3.0,39.94595,-75.18475,34.0
3063,2023-03-20,7pm-7am,5.0,1.0,-4.0,39.94633,-75.1698,25.0
3271,2023-03-06,7pm-7am,0.0,1.0,1.0,39.9476,-75.22946,18.0
3313,2024-03-19,7am-7pm,2.0,2.0,0.0,39.9158,-75.1643,9.0
3205,2024-03-20,7pm-7am,3.0,3.0,0.0,39.95405,-75.16783,22.0
3012,2023-04-19,7am-7pm,33.0,25.0,-8.0,39.94218,-75.17747,27.0
3021,2025-01-31,7pm-7am,2.0,1.0,-1.0,39.9539,-75.16902,34.0
3100,2023-03-21,7am-7pm,16.0,16.0,0.0,39.92777,-75.15103,38.0
3205,2024-07-14,7pm-7am,3.0,2.0,-1.0,39.95405,-75.16783,22.0
3069,2023-04-19,7am-7pm,17.0,13.0,-4.0,39.93704,-75.15038,23.0
3182,2023-12-27,7am-7pm,6.0,7.0,1.0,,,
3054,2024-09-02,7am-7pm,33.0,30.0,-3.0,39.9625,-75.1742,35.0
3297,2023-09-19,7am-7pm,12.0,10.0,-2.0,39.95821,-75.16901,19.0
3427,2026-01-06,7am-7pm,1.0,0.0,-1.0,39.97961,-75.11844,14.0
3207,2026-03-30,7pm-7am,2.0,1.0,-1.0,39.95441,-75.192,20.0
3118,2023-10-01,7am-7pm,7.0,5.0,-2.0,39.95866,-75.21323,20.0
3165,2023-09-18,7am-7pm,12.0,12.0,0.0,39.95819,-75.1782,22.0
3124,2025-11-18,7pm-7am,1.0,1.0,0.0,39.95367,-75.13956,17.0
3040,2025-10-12,7am-7pm,7.0,10.0,3.0,39.96289,-75.16606,21.0
3040,2023-11-04,7pm-7am,2.0,4.0,2.0,39.96289,-75.16606,21.0
3165,2025-10-16,7am-7pm,16.0,19.0,3.0,39.95819,-75.1782,22.0
3310,2023-09-06,7pm-7am,0.0,1.0,1.0,39.98024,-75.18651,15.0
3345,2024-04-06,7am-7pm,8.0,10.0,2.0,39.9617,-75.14667,19.0
3100,2023-05-10,7pm-7am,4.0,8.0,4.0,39.92777,-75.15103,38.0
3025,2023-04-03,7am-7pm,10.0,12.0,2.0,39.93724,-75.1612,15.0
3166,2023-08-31,7pm-7am,8.0,8.0,0.0,39.97195,-75.13445,22.0
3101,2026-01-12,7am-7pm,16.0,25.0,9.0,39.94295,-75.15955,18.0
3031,2024-02-10,7am-7pm,2.0,2.0,0.0,39.98005,-75.15522,21.0
3014,2025-07-04,7am-7pm,9.0,10.0,1.0,39.95886,-75.17369,25.0
3119,2023-04-29,7am-7pm,3.0,2.0,-1.0,39.96674,-75.20799,17.0
3064,2025-07-28,7am-7pm,20.0,18.0,-2.0,39.9384,-75.17327,22.0
3250,2023-07-10,7am-7pm,5.0,6.0,1.0,39.95673,-75.14575,17.0
3014,2025-02-04,7am-7pm,4.0,5.0,1.0,39.95886,-75.17369,25.0
3063,2024-06-02,7pm-7am,7.0,8.0,1.0,39.94633,-75.1698,25.0
3409,2025-12-07,7pm-7am,1.0,1.0,0.0,39.95508,-75.15128,20.0
3366,2024-02-07,7am-7pm,2.0,2.0,0.0,,,
3287,2023-11-27,7am-7pm,2.0,1.0,-1.0,39.94367,-75.21606,16.0
3252,2023-05-24,7am-7pm,4.0,5.0,1.0,39.93882,-75.19324,14.0
3106,2023-12-15,7am-7pm,1.0,0.0,-1.0,39.99179,-75.18637,17.0
3297,2024-06-11,7am-7pm,14.0,19.0,5.0,39.95821,-75.16901,19.0
3356,2024-07-27,7am-7pm,13.0,13.0,0.0,39.89322,-75.17187,19.0
3101,2023-01-23,7am-7pm,19.0,16.0,-3.0,39.94295,-75.15955,18.0
3056,2024-01-09,7am-7pm,3.0,3.0,0.0,39.97669,-75.15813,22.0
3385,2025-08-08,7pm-7am,2.0,1.0,-1.0,39.94974,-75.15424,15.0
3370,2025-05-25,7pm-7am,3.0,1.0,-2.0,40.0163,-75.21241,16.0
3041,2025-03-11,7pm-7am,6.0,6.0,0.0,39.96849,-75.13546,26.0
3279,2023-04-23,7am-7pm,2.0,2.0,0.0,39.9265,-75.1668,18.0
3063,2025-09-22,7am-7pm,34.0,34.0,0.0,39.94633,-75.1698,25.0
3153,2023-06-09,7am-7pm,4.0,0.0,-4.0,,,
3449,2026-01-21,7pm-7am,3.0,3.0,0.0,39.94628,-75.15138,21.0
3255,2024-04-20,7am-7pm,10.0,13.0,3.0,39.95095,-75.16438,15.0
3346,2025-10-19,7pm-7am,4.0,3.0,-1.0,39.94883,-75.15097,17.0
3159,2025-09-11,7am-7pm,33.0,27.0,-6.0,39.95121,-75.19962,23.0
3374,2025-07-12,7am-7pm,10.0,8.0,-2.0,39.9728,-75.17971,18.0
3326,2023-05-28,7pm-7am,3.0,0.0,-3.0,39.99198,-75.19944,17.0
3298,2024-11-19,7pm-7am,0.0,1.0,1.0,39.94717,-75.20691,15.0
3349,2025-10-25,7am-7pm,5.0,4.0,-1.0,39.93651,-75.18621,17.0
3024,2024-02-14,7pm-7am,2.0,2.0,0.0,39.94822,-75.20908,19.0
3285,2025-05-08,7am-7pm,6.0,9.0,3.0,39.95946,-75.14745,19.0
3209,2024-12-02,7pm-7am,0.0,1.0,1.0,39.949,-75.21278,14.0
3074,2024-03-31,7am-7pm,11.0,10.0,-1.0,39.95511,-75.20987,15.0
3041,2025-08-31,7pm-7am,16.0,6.0,-10.0,39.96849,-75.13546,26.0
3240,2026-01-23,7am-7pm,0.0,1.0,1.0,39.96277,-75.21185,12.0
3107,2025-08-11,7pm-7am,0.0,2.0,2.0,39.98203,-75.18866,18.0
3319,2023-10-19,7pm-7am,1.0,1.0,0.0,39.96672,-75.12964,16.0
3078,2023-02-26,7pm-7am,2.0,3.0,1.0,39.95355,-75.17192,18.0
3034,2023-02-02,7am-7pm,16.0,13.0,-3.0,39.93315,-75.16248,16.0
3335,2024-10-11,7am-7pm,3.0,3.0,0.0,40.02237,-75.218,18.0
3015,2024-07-08,7am-7pm,11.0,8.0,-3.0,39.94735,-75.14886,11.0
3104,2025-01-22,7am-7pm,1.0,1.0,0.0,39.96664,-75.19209,13.0
3254,2023-04-10,7pm-7am,3.0,5.0,2.0,39.98091,-75.16065,18.0
3266,2024-11-27,7am-7pm,5.0,4.0,-1.0,39.9237,-75.14701,22.0
3197,2026-02-14,7am-7pm,3.0,2.0,-1.0,39.92083,-75.17033,23.0
3060,2023-06-22,7pm-7am,3.0,1.0,-2.0,39.95923,-75.17036,19.0
3341,2024-06-30,7pm-7am,1.0,1.0,0.0,39.98131,-75.12732,20.0
3161,2025-01-18,7pm-7am,1.0,2.0,1.0,39.95486,-75.18091,23.0
3295,2024-06-05,7am-7pm,33.0,37.0,4.0,39.95028,-75.16027,21.0
3053,2023-11-10,7pm-7am,4.0,8.0,4.0,39.93231,-75.18154,19.0
3197,2023-11-13,7am-7pm,8.0,4.0,-4.0,39.92083,-75.17033,23.0
3107,2025-07-11,7am-7pm,2.0,2.0,0.0,39.98203,-75.18866,18.0
3210,2023-01-14,7am-7pm,5.0,3.0,-2.0,39.98492,-75.15668,18.0
3396,2025-02-24,7am-7pm,3.0,3.0,0.0,39.92327,-75.1821,16.0
3326,2024-10-12,7pm-7am,0.0,1.0,1.0,39.99198,-75.19944,17.0
3201,2026-02-23,7pm-7am,0.0,2.0,2.0,39.95523,-75.1662,20.0
3346,2025-04-15,7am-7pm,22.0,18.0,-4.0,39.94883,-75.15097,17.0
3233,2023-08-08,7pm-7am,1.0,1.0,0.0,,,
3017,2024-02-23,7pm-7am,0.0,4.0,4.0,39.98003,-75.14371,15.0
3203,2023-09-03,7am-7pm,14.0,8.0,-6.0,39.94077,-75.17227,20.0
3248,2024-05-19,7am-7pm,14.0,9.0,-5.0,39.94213,-75.18335,22.0
3062,2025-08-25,7pm-7am,8.0,4.0,-4.0,,,
3303,2025-04-03,7pm-7am,2.0,0.0,-2.0,39.9559,-75.2053,20.0
3333,2025-07-16,7pm-7am,4.0,7.0,3.0,39.9541,-75.16965,25.0
3341,2024-06-25,7am-7pm,6.0,6.0,0.0,39.98131,-75.12732,20.0
3284,2023-08-14,7pm-7am,2.0,2.0,0.0,40.01112,-75.19287,14.0
3115,2025-03-08,7pm-7am,0.0,3.0,3.0,39.97263,-75.16757,18.0
3116,2024-05-20,7pm-7am,3.0,6.0,3.0,39.96006,-75.17198,21.0
3018,2023-07-29,7am-7pm,23.0,34.0,11.0,39.95273,-75.15979,18.0
3112,2024-05-28,7pm-7am,3.0,4.0,1.0,39.95373,-75.21825,18.0
3038,2024-12-19,7am-7pm,30.0,28.0,-2.0,39.94781,-75.19409,28.0
3373,2025-09-26,7pm-7am,15.0,11.0,-4.0,39.95817,-75.15668,15.0
3024,2024-03-11,7am-7pm,1.0,3.0,2.0,39.94822,-75.20908,19.0
3166,2023-06-13,7pm-7am,2.0,1.0,-1.0,39.97195,-75.13445,22.0
3240,2023-01-13,7am-7pm,3.0,1.0,-2.0,39.96277,-75.21185,12.0
3371,2025-07-16,7pm-7am,4.0,4.0,0.0,39.9534,-75.1543,19.0
3120,2023-12-04,7pm-7am,3.0,4.0,1.0,39.97522,-75.18669,19.0
3411,2026-01-01,7pm-7am,1.0,0.0,-1.0,39.96693,-75.23359,15.0
3204,2025-06-19,7am-7pm,11.0,12.0,1.0,39.96437,-75.16582,22.0
3039,2025-07-10,7pm-7am,8.0,7.0,-1.0,39.97157,-75.15993,17.0
3026,2023-01-11,7pm-7am,8.0,4.0,-4.0,39.94182,-75.1455,17.0
3164,2024-12-17,7pm-7am,6.0,5.0,-1.0,39.92814,-75.16515,18.0
3116,2025-05-07,7pm-7am,7.0,3.0,-4.0,39.96006,-75.17198,21.0
3154,2023-07-16,7pm-7am,6.0,3.0,-3.0,39.95924,-75.15821,16.0
3051,2023-01-02,7am-7pm,10.0,10.0,0.0,39.96744,-75.17507,37.0
3075,2023-02-22,7am-7pm,9.0,8.0,-1.0,39.96718,-75.16125,12.0
3015,2024-03-29,7pm-7am,0.0,3.0,3.0,39.94735,-75.14886,11.0
3299,2023-06-02,7pm-7am,2.0,2.0,0.0,39.94332,-75.15698,22.0
3104,2025-04-22,7pm-7am,0.0,5.0,5.0,39.96664,-75.19209,13.0
3246,2025-01-17,7am-7pm,1.0,3.0,2.0,39.94782,-75.22301,17.0
3255,2023-06-05,7pm-7am,5.0,2.0,-3.0,39.95095,-75.16438,15.0
3116,2025-08-16,7am-7pm,11.0,11.0,0.0,39.96006,-75.17198,21.0
3362,2025-11-02,7pm-7am,14.0,11.0,-3.0,39.94816,-75.16226,19.0
3041,2026-02-11,7am-7pm,7.0,6.0,-1.0,39.96849,-75.13546,26.0
3060,2025-04-29,7am-7pm,10.0,15.0,5.0,39.95923,-75.17036,19.0
3408,2025-06-02,7pm-7am,3.0,5.0,2.0,39.9216,-75.15,17.0
3303,2023-05-28,7am-7pm,4.0,3.0,-1.0,39.9559,-75.2053,20.0
3037,2025-05-06,7pm-7am,7.0,0.0,-7.0,39.95424,-75.16138,21.0
3005,2024-02-17,7pm-7am,4.0,2.0,-2.0,39.94733,-75.14403,13.0
3333,2024-09-16,7am-7pm,31.0,25.0,-6.0,39.9541,-75.16965,25.0
3284,2023-07-31,7am-7pm,1.0,2.0,1.0,40.01112,-75.19287,14.0
3397,2025-12-04,7pm-7am,0.0,2.0,2.0,39.93906,-75.17824,15.0
3072,2025-10-25,7am-7pm,16.0,15.0,-1.0,39.93445,-75.14541,25.0
3060,2024-01-03,7pm-7am,2.0,1.0,-1.0,39.95923,-75.17036,19.0
3304,2024-03-06,7pm-7am,1.0,1.0,0.0,39.94234,-75.15399,21.0
3107,2023-06-02,7am-7pm,2.0,0.0,-2.0,39.98203,-75.18866,18.0
3187,2023-05-30,7pm-7am,4.0,4.0,0.0,39.95725,-75.17232,19.0
3209,2024-08-04,7pm-7am,1.0,3.0,2.0,39.949,-75.21278,14.0
3030,2025-10-22,7pm-7am,8.0,12.0,4.0,,,
3335,2024-10-30,7pm-7am,0.0,3.0,3.0,40.02237,-75.218,18.0
3015,2024-10-02,7am-7pm,16.0,19.0,3.0,39.94735,-75.14886,11.0
3294,2023-10-13,7am-7pm,22.0,32.0,10.0,39.95174,-75.17063,21.0
3010,2023-12-10,7am-7pm,12.0,20.0,8.0,39.94711,-75.16618,22.0
3114,2025-05-01,7am-7pm,20.0,17.0,-3.0,39.93775,-75.18012,17.0
3119,2024-05-31,7am-7pm,4.0,4.0,0.0,39.96674,-75.20799,17.0
3168,2024-08-14,7am-7pm,19.0,29.0,10.0,,,
3264,2023-01-01,7pm-7am,1.0,2.0,1.0,39.94571,-75.15508,23.0
3263,2025-08-26,7am-7pm,12.0,7.0,-5.0,39.9586,-75.2081,18.0
3161,2025-12-29,7pm-7am,4.0,8.0,4.0,39.95486,-75.18091,23.0
3334,2025-07-25,7pm-7am,3.0,11.0,8.0,39.9302,-75.15636,19.0
3250,2026-02-11,7am-7pm,2.0,0.0,-2.0,39.95673,-75.14575,17.0
3088,2025-06-07,7pm-7am,4.0,4.0,0.0,39.96984,-75.1418,35.0
3073,2023-09-03,7pm-7am,4.0,4.0,0.0,39.96143,-75.15242,15.0
3298,2025-11-05,7am-7pm,2.0,2.0,0.0,39.94717,-75.20691,15.0
3110,2023-10-22,7am-7pm,12.0,11.0,-1.0,39.96175,-75.13641,19.0
3248,2024-10-08,7am-7pm,21.0,21.0,0.0,39.94213,-75.18335,22.0
3291,2024-09-19,7am-7pm,4.0,2.0,-2.0,40.01022,-75.197,15.0
3102,2025-05-26,7pm-7am,5.0,7.0,2.0,39.96759,-75.17952,26.0
3152,2025-09-04,7am-7pm,9.0,6.0,-3.0,39.94993,-75.20286,17.0
3319,2025-06-12,7pm-7am,4.0,3.0,-1.0,39.96672,-75.12964,16.0
3054,2025-04-17,7am-7pm,31.0,27.0,-4.0,39.9625,-75.1742,35.0
3265,2024-11-28,7am-7pm,0.0,1.0,1.0,39.95957,-75.19633,13.0
3073,2023-09-29,7am-7pm,4.0,12.0,8.0,39.96143,-75.15242,15.0
3107,2025-09-21,7am-7pm,12.0,9.0,-3.0,39.98203,-75.18866,18.0
3342,2025-06-14,7pm-7am,3.0,8.0,5.0,39.9639,-75.17385,20.0
3015,2025-03-07,7pm-7am,3.0,1.0,-2.0,39.94735,-75.14886,11.0
3015,2024-02-02,7am-7pm,2.0,5.0,3.0,39.94735,-75.14886,11.0
3162,2024-01-20,7pm-7am,1.0,1.0,0.0,39.94595,-75.18475,34.0
3152,2023-04-05,7pm-7am,1.0,0.0,-1.0,39.94993,-75.20286,17.0
3086,2024-09-01,7pm-7am,2.0,1.0,-1.0,39.94019,-75.16691,21.0
3291,2025-04-27,7am-7pm,11.0,12.0,1.0,40.01022,-75.197,15.0
3061,2024-12-10,7pm-7am,2.0,4.0,2.0,,,
3344,2024-07-01,7am-7pm,3.0,1.0,-2.0,39.95961,-75.23354,23.0
3287,2024-06-12,7pm-7am,1.0,3.0,2.0,39.94367,-75.21606,16.0
3392,2024-11-08,7pm-7am,1.0,1.0,0.0,39.93633,-75.19447,13.0
3025,2023-01-08,7am-7pm,9.0,16.0,7.0,39.93724,-75.1612,15.0
3295,2023-08-15,7am-7pm,52.0,53.0,1.0,39.95028,-75.16027,21.0
3361,2025-11-23,7am-7pm,22.0,15.0,-7.0,39.93082,-75.17474,21.0
3301,2026-01-02,7pm-7am,4.0,1.0,-3.0,39.95029,-75.17126,15.0
3078,2024-09-28,7am-7pm,5.0,12.0,7.0,39.95355,-75.17192,18.0
3342,2023-10-25,7am-7pm,13.0,12.0,-1.0,39.9639,-75.17385,20.0
3382,2024-05-24,7am-7pm,15.0,19.0,4.0,39.95038,-75.17309,11.0
3286,2024-12-07,7pm-7am,1.0,0.0,-1.0,39.96409,-75.14769,22.0
3166,2025-08-21,7am-7pm,9.0,15.0,6.0,39.97195,-75.13445,22.0
3116,2023-11-02,7pm-7am,4.0,3.0,-1.0,39.96006,-75.17198,21.0
3025,2025-09-25,7pm-7am,9.0,8.0,-1.0,39.93724,-75.1612,15.0
3304,2024-01-28,7pm-7am,1.0,4.0,3.0,39.94234,-75.15399,21.0
3385,2025-10-12,7am-7pm,5.0,7.0,2.0,39.94974,-75.15424,15.0
3344,2025-02-10,7pm-7am,0.0,4.0,4.0,39.95961,-75.23354,23.0
3240,2023-09-04,7pm-7am,0.0,1.0,1.0,39.96277,-75.21185,12.0
3417,2025-10-21,7am-7pm,1.0,1.0,0.0,39.99146,-75.14808,15.0
3238,2023-01-26,7am-7pm,17.0,23.0,6.0,39.97674,-75.11995,11.0
3254,2024-05-25,7pm-7am,4.0,9.0,5.0,39.98091,-75.16065,18.0
3383,2024-10-01,7pm-7am,2.0,4.0,2.0,39.96634,-75.14222,19.0
3267,2025-04-03,7pm-7am,2.0,1.0,-1.0,39.918,-75.1796,12.0
3315,2026-03-12,7pm-7am,0.0,1.0,1.0,39.94235,-75.21138,13.0
3324,2024-09-06,7am-7pm,4.0,4.0,0.0,39.99484,-75.19242,23.0
3183,2024-07-15,7pm-7am,2.0,0.0,-2.0,39.88994,-75.17679,20.0
3259,2025-03-13,7am-7pm,6.0,7.0,1.0,39.95998,-75.19883,17.0
3196,2024-04-01,7pm-7am,0.0,1.0,1.0,39.98717,-75.17477,17.0
3243,2023-07-23,7am-7pm,2.0,7.0,5.0,39.9835,-75.14743,12.0
3184,2023-02-16,7am-7pm,3.0,4.0,1.0,39.94573,-75.19551,22.0
3243,2024-05-04,7pm-7am,2.0,2.0,0.0,39.9835,-75.14743,12.0
3212,2024-08-23,7pm-7am,20.0,18.0,-2.0,39.96383,-75.18177,32.0
3118,2023-03-16,7am-7pm,7.0,7.0,0.0,39.95866,-75.21323,20.0
3204,2024-01-11,7am-7pm,9.0,7.0,-2.0,39.96437,-75.16582,22.0
3054,2023-07-03,7am-7pm,38.0,41.0,3.0,39.9625,-75.1742,35.0
3277,2023-03-28,7am-7pm,1.0,1.0,0.0,39.98306,-75.16738,20.0
3381,2025-09-24,7pm-7am,1.0,3.0,2.0,39.94845,-75.21807,13.0
3345,2023-12-31,7pm-7am,0.0,1.0,1.0,39.9617,-75.14667,19.0
3039,2025-06-01,7pm-7am,2.0,3.0,1.0,39.97157,-75.15993,17.0
3298,2024-10-26,7am-7pm,3.0,3.0,0.0,39.94717,-75.20691,15.0
3069,2025-07-03,7pm-7am,7.0,10.0,3.0,39.93704,-75.15038,23.0
3351,2024-08-16,7am-7pm,0.0,1.0,1.0,39.99655,-75.14991,18.0
3049,2023-08-16,7am-7pm,7.0,21.0,14.0,39.94509,-75.1425,29.0
3297,2024-06-10,7pm-7am,6.0,7.0,1.0,39.95821,-75.16901,19.0
3313,2025-04-13,7am-7pm,0.0,1.0,1.0,39.9158,-75.1643,9.0
3072,2024-07-04,7pm-7am,4.0,6.0,2.0,39.93445,-75.14541,25.0
3012,2023-08-16,7am-7pm,35.0,30.0,-5.0,39.94218,-75.17747,27.0
3040,2023-08-24,7pm-7am,9.0,3.0,-6.0,39.96289,-75.16606,21.0
3014,2025-10-17,7am-7pm,7.0,6.0,-1.0,39.95886,-75.17369,25.0
3015,2023-03-15,7am-7pm,7.0,12.0,5.0,39.94735,-75.14886,11.0
3359,2025-07-03,7pm-7am,13.0,9.0,-4.0,39.94888,-75.16978,29.0
3064,2024-05-17,7pm-7am,7.0,21.0,14.0,39.9384,-75.17327,22.0
3265,2024-08-02,7pm-7am,4.0,5.0,1.0,39.95957,-75.19633,13.0
3361,2024-09-22,7pm-7am,2.0,4.0,2.0,39.93082,-75.17474,21.0
3162,2024-09-11,7am-7pm,30.0,17.0,-13.0,39.94595,-75.18475,34.0
3046,2023-11-06,7pm-7am,12.0,9.0,-3.0,,,
3281,2023-05-11,7am-7pm,0.0,1.0,1.0,39.9323,-75.2162,15.0
3256,2023-07-31,7pm-7am,14.0,12.0,-2.0,39.95269,-75.17779,23.0
3238,2023-03-04,7pm-7am,3.0,1.0,-2.0,39.97674,-75.11995,11.0
3337,2025-08-02,7pm-7am,2.0,2.0,0.0,39.97318,-75.14612,15.0
3123,2023-02-12,7pm-7am,3.0,1.0,-2.0,39.98004,-75.17088,16.0
3204,2023-09-04,7am-7pm,6.0,4.0,-2.0,39.96437,-75.16582,22.0
3124,2025-04-21,7pm-7am,3.0,3.0,0.0,39.95367,-75.13956,17.0
3034,2024-05-02,7am-7pm,31.0,34.0,3.0,39.93315,-75.16248,16.0
3328,2023-06-13,7pm-7am,3.0,3.0,0.0,39.98798,-75.1995,23.0
3104,2024-08-28,7pm-7am,0.0,5.0,5.0,39.96664,-75.19209,13.0
3205,2023-10-18,7pm-7am,4.0,5.0,1.0,39.95405,-75.16783,22.0
3026,2024-05-25,7pm-7am,14.0,9.0,-5.0,39.94182,-75.1455,17.0
3015,2025-11-04,7pm-7am,3.0,2.0,-1.0,39.94735,-75.14886,11.0
3341,2024-10-17,7pm-7am,1.0,1.0,0.0,39.98131,-75.12732,20.0
3388,2025-02-21,7pm-7am,2.0,1.0,-1.0,39.96634,-75.15097,19.0
3236,2024-05-31,7am-7pm,6.0,8.0,2.0,39.96566,-75.17765,18.0
3051,2025-08-11,7am-7pm,12.0,15.0,3.0,39.96744,-75.17507,37.0
3040,2023-09-17,7pm-7am,1.0,3.0,2.0,39.96289,-75.16606,21.0
3341,2025-07-30,7pm-7am,2.0,5.0,3.0,39.98131,-75.12732,20.0
3055,2023-04-22,7pm-7am,1.0,1.0,0.0,39.95112,-75.15457,15.0
3398,2025-02-11,7am-7pm,2.0,3.0,1.0,39.91551,-75.15474,15.0
3205,2023-06-18,7pm-7am,2.0,3.0,1.0,39.95405,-75.16783,22.0
3325,2025-12-30,7am-7pm,1.0,2.0,1.0,39.9768,-75.12764,22.0
3074,2023-02-20,7pm-7am,3.0,6.0,3.0,39.95511,-75.20987,15.0
3251,2023-10-29,7pm-7am,1.0,0.0,-1.0,39.93366,-75.19319,16.0
3053,2023-07-04,7am-7pm,14.0,10.0,-4.0,39.93231,-75.18154,19.0
3156,2025-03-19,7pm-7am,8.0,0.0,-8.0,39.95381,-75.17407,22.0
3158,2023-11-05,7am-7pm,3.0,10.0,7.0,39.92552,-75.16904,15.0
3376,2025-06-22,7pm-7am,0.0,1.0,1.0,39.97183,-75.14878,8.0
3341,2024-02-27,7am-7pm,3.0,1.0,-2.0,39.98131,-75.12732,20.0
3281,2025-10-05,7am-7pm,0.0,1.0,1.0,39.9323,-75.2162,15.0
3020,2024-03-23,7pm-7am,6.0,0.0,-6.0,39.94855,-75.19007,36.0
3046,2024-08-21,7am-7pm,18.0,19.0,1.0,,,
3115,2023-10-13,7pm-7am,1.0,3.0,2.0,39.97263,-75.16757,18.0
3241,2023-08-13,7am-7pm,2.0,3.0,1.0,39.95225,-75.22637,20.0
3115,2024-06-09,7pm-7am,0.0,4.0,4.0,39.97263,-75.16757,18.0
3282,2023-11-05,7pm-7am,1.0,0.0,-1.0,39.98628,-75.14925,15.0
3255,2023-02-15,7pm-7am,8.0,6.0,-2.0,39.95095,-75.16438,15.0
3120,2026-03-12,7am-7pm,6.0,4.0,-2.0,39.97522,-75.18669,19.0
3336,2026-02-11,7am-7pm,6.0,8.0,2.0,39.95719,-75.19388,20.0
3039,2025-08-25,7am-7pm,4.0,4.0,0.0,39.97157,-75.15993,17.0
3078,2025-11-23,7pm-7am,3.0,3.0,0.0,39.95355,-75.17192,18.0
3200,2023-04-30,7am-7pm,3.0,2.0,-1.0,39.97583,-75.16846,17.0
3182,2024-12-25,7am-7pm,1.0,1.0,0.0,,,
3018,2023-05-23,7am-7pm,23.0,23.0,0.0,39.95273,-75.15979,18.0
3040,2023-08-22,7am-7pm,24.0,16.0,-8.0,39.96289,-75.16606,21.0
3113,2024-12-22,7pm-7am,1.0,0.0,-1.0,39.97472,-75.19781,12.0
3300,2023-10-03,7am-7pm,10.0,14.0,4.0,39.95511,-75.16287,13.0
3166,2024-02-28,7am-7pm,3.0,2.0,-1.0,39.97195,-75.13445,22.0
3182,2025-02-13,7pm-7am,4.0,6.0,2.0,,,
3058,2023-01-17,7pm-7am,7.0,6.0,-1.0,,,
3255,2024-02-27,7am-7pm,16.0,17.0,1.0,39.95095,-75.16438,15.0
3088,2023-04-17,7pm-7am,2.0,5.0,3.0,39.96984,-75.1418,35.0
3200,2025-08-06,7am-7pm,11.0,5.0,-6.0,39.97583,-75.16846,17.0
3319,2025-09-02,7pm-7am,4.0,4.0,0.0,39.96672,-75.12964,16.0
3213,2025-11-23,7pm-7am,6.0,8.0,2.0,39.93887,-75.16663,25.0
3307,2024-03-15,7am-7pm,1.0,1.0,0.0,40.0028,-75.174,11.0
3041,2023-01-14,7am-7pm,3.0,5.0,2.0,39.96849,-75.13546,26.0
3021,2024-11-11,7am-7pm,7.0,5.0,-2.0,39.9539,-75.16902,34.0
3052,2026-01-09,7pm-7am,5.0,4.0,-1.0,39.94732,-75.15695,25.0
3063,2023-03-06,7pm-7am,10.0,3.0,-7.0,39.94633,-75.1698,25.0
3077,2025-10-07,7pm-7am,4.0,3.0,-1.0,39.97207,-75.16351,19.0
3021,2025-04-02,7pm-7am,7.0,4.0,-3.0,39.9539,-75.16902,34.0
3182,2024-12-08,7pm-7am,7.0,1.0,-6.0,,,
3050,2023-09-12,7pm-7am,4.0,5.0,1.0,,,
3427,2025-09-28,7pm-7am,1.0,3.0,2.0,39.97961,-75.11844,14.0
3029,2023-04-24,7pm-7am,9.0,2.0,-7.0,39.9538,-75.19479,17.0
3236,2025-11-22,7pm-7am,3.0,6.0,3.0,39.96566,-75.17765,18.0
3116,2024-06-14,7pm-7am,7.0,4.0,-3.0,39.96006,-75.17198,21.0
3067,2023-02-26,7am-7pm,5.0,0.0,-5.0,39.96411,-75.19973,17.0
3183,2025-08-07,7pm-7am,0.0,1.0,1.0,39.88994,-75.17679,20.0
3047,2025-04-23,7am-7pm,10.0,20.0,10.0,39.95073,-75.14947,20.0
3032,2023-12-30,7am-7pm,12.0,10.0,-2.0,39.94527,-75.17971,20.0
3047,2025-10-01,7pm-7am,7.0,7.0,0.0,39.95073,-75.14947,20.0
3299,2024-12-06,7pm-7am,3.0,1.0,-2.0,39.94332,-75.15698,22.0
3334,2025-10-08,7pm-7am,1.0,9.0,8.0,39.9302,-75.15636,19.0
3025,2025-09-16,7am-7pm,22.0,26.0,4.0,39.93724,-75.1612,15.0
3235,2024-07-26,7am-7pm,8.0,11.0,3.0,39.96,-75.1651,15.0
3284,2025-07-06,7am-7pm,6.0,3.0,-3.0,40.01112,-75.19287,14.0
3397,2025-03-27,7pm-7am,2.0,3.0,1.0,39.93906,-75.17824,15.0
3024,2024-08-20,7am-7pm,10.0,8.0,-2.0,39.94822,-75.20908,19.0
3021,2023-03-04,7am-7pm,4.0,6.0,2.0,39.9539,-75.16902,34.0
3047,2023-09-20,7pm-7am,7.0,5.0,-2.0,39.95073,-75.14947,20.0
3098,2024-01-24,7am-7pm,9.0,9.0,0.0,39.93431,-75.16042,19.0
3067,2023-05-06,7am-7pm,3.0,4.0,1.0,39.96411,-75.19973,17.0
3251,2024-05-24,7pm-7am,2.0,2.0,0.0,39.93366,-75.19319,16.0
3030,2024-07-04,7am-7pm,19.0,15.0,-4.0,,,
3277,2023-05-30,7am-7pm,4.0,2.0,-2.0,39.98306,-75.16738,20.0
3034,2024-05-23,7am-7pm,22.0,18.0,-4.0,39.93315,-75.16248,16.0
3238,2023-06-14,7pm-7am,7.0,7.0,0.0,39.97674,-75.11995,11.0
3065,2024-09-30,7am-7pm,6.0,3.0,-3.0,39.9707,-75.15171,15.0
3299,2025-07-19,7pm-7am,5.0,8.0,3.0,39.94332,-75.15698,22.0
3160,2025-03-03,7am-7pm,10.0,7.0,-3.0,39.95662,-75.19862,41.0
3393,2026-02-10,7am-7pm,7.0,5.0,-2.0,39.96727,-75.13999,18.0
3365,2025-10-16,7pm-7am,3.0,6.0,3.0,39.96173,-75.18788,17.0
3235,2024-05-04,7pm-7am,1.0,4.0,3.0,39.96,-75.1651,15.0
3073,2024-01-06,7am-7pm,3.0,3.0,0.0,39.96143,-75.15242,15.0
3345,2025-10-09,7am-7pm,27.0,35.0,8.0,39.9617,-75.14667,19.0
3120,2025-03-03,7pm-7am,2.0,1.0,-1.0,39.97522,-75.18669,19.0
3296,2023-01-14,7pm-7am,5.0,6.0,1.0,39.95134,-75.16758,21.0
3016,2023-04-24,7pm-7am,1.0,4.0,3.0,39.96892,-75.1547,15.0
3246,2024-02-20,7am-7pm,4.0,1.0,-3.0,39.94782,-75.22301,17.0
3052,2025-11-13,7am-7pm,32.0,27.0,-5.0,39.94732,-75.15695,25.0
3361,2024-11-19,7pm-7am,6.0,7.0,1.0,39.93082,-75.17474,21.0
3184,2025-09-23,7am-7pm,17.0,18.0,1.0,39.94573,-75.19551,22.0
3035,2024-07-11,7pm-7am,12.0,12.0,0.0,39.96271,-75.19419,20.0
3020,2024-05-22,7am-7pm,62.0,54.0,-8.0,39.94855,-75.19007,36.0
3204,2024-08-03,7pm-7am,2.0,3.0,1.0,39.96437,-75.16582,22.0
3124,2023-01-08,7am-7pm,8.0,8.0,0.0,39.95367,-75.13956,17.0
3236,2025-07-04,7am-7pm,13.0,19.0,6.0,39.96566,-75.17765,18.0
3272,2023-07-28,7am-7pm,0.0,1.0,1.0,39.96405,-75.22048,13.0
3359,2023-11-04,7pm-7am,12.0,3.0,-9.0,39.94888,-75.16978,29.0
3166,2025-05-09,7pm-7am,6.0,6.0,0.0,39.97195,-75.13445,22.0
3072,2026-01-15,7am-7pm,7.0,3.0,-4.0,39.93445,-75.14541,25.0
3197,2024-12-06,7pm-7am,0.0,3.0,3.0,39.92083,-75.17033,23.0
3250,2025-06-28,7am-7pm,1.0,3.0,2.0,39.95673,-75.14575,17.0
3314,2024-04-09,7pm-7am,1.0,1.0,0.0,39.93682,-75.14492,17.0
3328,2025-03-10,7pm-7am,2.0,0.0,-2.0,39.98798,-75.1995,23.0
3371,2024-07-06,7am-7pm,22.0,16.0,-6.0,39.9534,-75.1543,19.0
3356,2025-11-20,7am-7pm,0.0,1.0,1.0,39.89322,-75.17187,19.0
3029,2024-08-02,7am-7pm,20.0,24.0,4.0,39.9538,-75.19479,17.0
3309,2023-02-26,7pm-7am,0.0,1.0,1.0,,,
3238,2023-03-29,7am-7pm,16.0,24.0,8.0,39.97674,-75.11995,11.0
3088,2024-02-26,7pm-7am,4.0,4.0,0.0,39.96984,-75.1418,35.0
3041,2024-03-26,7am-7pm,4.0,2.0,-2.0,39.96849,-75.13546,26.0
3382,2026-02-20,7am-7pm,5.0,6.0,1.0,39.95038,-75.17309,11.0
3252,2024-06-22,7pm-7am,1.0,2.0,1.0,39.93882,-75.19324,14.0
3303,2024-03-04,7pm-7am,1.0,1.0,0.0,39.9559,-75.2053,20.0
3117,2023-03-12,7am-7pm,1.0,0.0,-1.0,39.97841,-75.22399,14.0
3204,2023-02-06,7am-7pm,11.0,10.0,-1.0,39.96437,-75.16582,22.0
3246,2025-12-17,7am-7pm,4.0,2.0,-2.0,39.94782,-75.22301,17.0
3304,2023-08-03,7am-7pm,16.0,14.0,-2.0,39.94234,-75.15399,21.0
3365,2024-10-10,7am-7pm,5.0,7.0,2.0,39.96173,-75.18788,17.0
3307,2025-01-30,7am-7pm,1.0,0.0,-1.0,40.0028,-75.174,11.0
3157,2025-02-04,7pm-7am,4.0,6.0,2.0,39.92545,-75.15954,18.0
3053,2023-01-23,7pm-7am,5.0,4.0,-1.0,39.93231,-75.18154,19.0
3068,2025-02-09,7am-7pm,6.0,7.0,1.0,39.93549,-75.16711,18.0
3286,2025-03-27,7pm-7am,1.0,3.0,2.0,39.96409,-75.14769,22.0
3264,2024-04-14,7pm-7am,6.0,3.0,-3.0,39.94571,-75.15508,23.0
3323,2025-02-07,7pm-7am,0.0,1.0,1.0,40.02796,-75.2277,18.0
3331,2024-01-14,7am-7pm,1.0,3.0,2.0,39.97116,-75.12813,20.0
3035,2024-08-08,7am-7pm,11.0,8.0,-3.0,39.96271,-75.19419,20.0
3004,2023-05-01,7am-7pm,11.0,10.0,-1.0,39.95371,-75.16423,23.0
3150,2024-06-07,7pm-7am,3.0,9.0,6.0,39.92884,-75.17021,17.0
3112,2025-06-11,7pm-7am,6.0,13.0,7.0,39.95373,-75.21825,18.0
3372,2024-03-17,7am-7pm,2.0,1.0,-1.0,39.92528,-75.18672,15.0
3340,2023-08-27,7am-7pm,9.0,11.0,2.0,39.96906,-75.18169,17.0
3298,2024-10-12,7pm-7am,0.0,1.0,1.0,39.94717,-75.20691,15.0
3073,2023-12-22,7am-7pm,5.0,5.0,0.0,39.96143,-75.15242,15.0
3205,2025-12-16,7pm-7am,1.0,0.0,-1.0,39.95405,-75.16783,22.0
3378,2024-11-30,7pm-7am,0.0,2.0,2.0,39.95238,-75.14728,18.0
3412,2025-08-20,7am-7pm,1.0,1.0,0.0,39.93771,-75.23373,15.0
3423,2025-09-19,7am-7pm,0.0,1.0,1.0,40.02826,-75.21106,15.0
3007,2026-01-24,7pm-7am,3.0,4.0,1.0,39.94517,-75.15993,20.0
3285,2024-03-25,7pm-7am,1.0,0.0,-1.0,39.95946,-75.14745,19.0
3249,2025-09-20,7pm-7am,2.0,4.0,2.0,39.95784,-75.19079,22.0
3160,2025-01-26,7pm-7am,4.0,3.0,-1.0,39.95662,-75.19862,41.0
3294,2026-03-06,7am-7pm,13.0,13.0,0.0,39.95174,-75.17063,21.0
3188,2025-03-17,7am-7pm,4.0,1.0,-3.0,39.90471,-75.1734,56.0
3362,2025-04-20,7pm-7am,15.0,11.0,-4.0,39.94816,-75.16226,19.0
3181,2025-09-21,7am-7pm,11.0,17.0,6.0,39.89629,-75.17514,20.0
3259,2025-06-21,7pm-7am,3.0,6.0,3.0,39.95998,-75.19883,17.0
3257,2023-09-05,7am-7pm,9.0,5.0,-4.0,,,
3237,2023-11-03,7am-7pm,0.0,1.0,1.0,39.91717,-75.17096,21.0
3022,2026-01-06,7pm-7am,8.0,12.0,4.0,39.95472,-75.18323,21.0
3292,2023-10-04,7am-7pm,5.0,7.0,2.0,39.92,-75.1562,17.0
3280,2025-07-16,7pm-7am,3.0,3.0,0.0,39.93968,-75.21362,18.0
3256,2026-02-10,7am-7pm,23.0,21.0,-2.0,39.95269,-75.17779,23.0
3261,2023-01-10,7am-7pm,7.0,7.0,0.0,39.96304,-75.14099,17.0
3344,2024-09-29,7am-7pm,4.0,4.0,0.0,39.95961,-75.23354,23.0
3059,2025-03-03,7pm-7am,5.0,6.0,1.0,39.96244,-75.16121,21.0
3304,2025-05-04,7am-7pm,12.0,10.0,-2.0,39.94234,-75.15399,21.0
3275,2025-05-02,7pm-7am,2.0,3.0,1.0,39.97576,-75.12157,22.0
3012,2023-12-27,7pm-7am,0.0,3.0,3.0,39.94218,-75.17747,27.0
3061,2023-06-28,7am-7pm,26.0,37.0,11.0,,,
3165,2024-09-09,7am-7pm,26.0,15.0,-11.0,39.95819,-75.1782,22.0
3253,2023-12-24,7pm-7am,0.0,1.0,1.0,39.93074,-75.18924,21.0
3258,2024-06-28,7am-7pm,5.0,5.0,0.0,39.95828,-75.22424,20.0
3357,2025-05-05,7pm-7am,6.0,3.0,-3.0,39.9104,-75.16588,27.0
3327,2025-05-01,7am-7pm,2.0,2.0,0.0,39.97759,-75.12442,17.0
3342,2025-03-10,7pm-7am,5.0,1.0,-4.0,39.9639,-75.17385,20.0
3053,2025-07-30,7am-7pm,22.0,16.0,-6.0,39.93231,-75.18154,19.0
3263,2024-08-19,7am-7pm,3.0,4.0,1.0,39.9586,-75.2081,18.0
3066,2023-08-02,7pm-7am,15.0,9.0,-6.0,39.94561,-75.17348,29.0
3280,2023-02-10,7am-7pm,1.0,0.0,-1.0,39.93968,-75.21362,18.0
3210,2023-03-27,7am-7pm,5.0,4.0,-1.0,39.98492,-75.15668,18.0
3110,2026-01-06,7pm-7am,2.0,2.0,0.0,39.96175,-75.13641,19.0
3205,2023-01-18,7pm-7am,5.0,3.0,-2.0,39.95405,-75.16783,22.0
3039,2023-03-16,7am-7pm,4.0,2.0,-2.0,39.97157,-75.15993,17.0
3374,2024-05-22,7pm-7am,3.0,4.0,1.0,39.9728,-75.17971,18.0
3259,2024-11-29,7am-7pm,1.0,1.0,0.0,39.95998,-75.19883,17.0
3014,2023-04-26,7pm-7am,2.0,0.0,-2.0,39.95886,-75.17369,25.0
3355,2024-08-09,7am-7pm,7.0,3.0,-4.0,,,
3120,2024-11-22,7pm-7am,1.0,0.0,-1.0,39.97522,-75.18669,19.0
3421,2025-06-18,7am-7pm,3.0,4.0,1.0,39.91972,-75.16408,13.0
3005,2024-11-22,7pm-7am,2.0,0.0,-2.0,39.94733,-75.14403,13.0
3241,2024-08-08,7pm-7am,1.0,2.0,1.0,39.95225,-75.22637,20.0
3349,2025-04-03,7pm-7am,0.0,4.0,4.0,39.93651,-75.18621,17.0
3018,2024-08-16,7am-7pm,14.0,18.0,4.0,39.95273,-75.15979,18.0
3162,2025-10-19,7pm-7am,3.0,5.0,2.0,39.94595,-75.18475,34.0
3212,2023-05-11,7am-7pm,36.0,43.0,7.0,39.96383,-75.18177,32.0
3183,2025-06-09,7am-7pm,4.0,3.0,-1.0,39.88994,-75.17679,20.0
3063,2024-05-04,7pm-7am,3.0,5.0,2.0,39.94633,-75.1698,25.0
3168,2025-01-14,7pm-7am,7.0,1.0,-6.0,,,
3197,2025-12-08,7pm-7am,0.0,3.0,3.0,39.92083,-75.17033,23.0
3299,2026-01-17,7pm-7am,1.0,2.0,1.0,39.94332,-75.15698,22.0
3024,2026-01-11,7pm-7am,0.0,1.0,1.0,39.94822,-75.20908,19.0
3276,2023-06-11,7am-7pm,4.0,6.0,2.0,39.96569,-75.15679,18.0
3334,2024-02-01,7am-7pm,10.0,6.0,-4.0,39.9302,-75.15636,19.0
3411,2026-02-17,7am-7pm,2.0,1.0,-1.0,39.96693,-75.23359,15.0
3159,2024-07-24,7pm-7am,8.0,6.0,-2.0,39.95121,-75.19962,23.0
3363,2025-12-10,7am-7pm,8.0,9.0,1.0,39.94655,-75.16263,17.0
3119,2025-09-22,7am-7pm,3.0,3.0,0.0,39.96674,-75.20799,17.0
3315,2023-04-06,7am-7pm,0.0,1.0,1.0,39.94235,-75.21138,13.0
3062,2025-11-14,7pm-7am,6.0,4.0,-2.0,,,
3304,2023-07-13,7am-7pm,17.0,16.0,-1.0,39.94234,-75.15399,21.0
3258,2025-10-22,7am-7pm,2.0,3.0,1.0,39.95828,-75.22424,20.0
3265,2023-11-24,7am-7pm,13.0,8.0,-5.0,39.95957,-75.19633,13.0
3033,2024-02-05,7am-7pm,14.0,19.0,5.0,39.95005,-75.15672,20.0
3018,2025-07-08,7am-7pm,30.0,33.0,3.0,39.95273,-75.15979,18.0
3248,2024-05-02,7pm-7am,4.0,3.0,-1.0,39.94213,-75.18335,22.0
3347,2025-01-02,7pm-7am,2.0,3.0,1.0,,,
3061,2023-04-04,7am-7pm,18.0,17.0,-1.0,,,
3064,2025-04-24,7am-7pm,22.0,23.0,1.0,39.9384,-75.17327,22.0
3273,2023-04-10,7pm-7am,0.0,2.0,2.0,,,
3060,2023-06-09,7am-7pm,12.0,15.0,3.0,39.95923,-75.17036,19.0
3304,2024-03-29,7pm-7am,7.0,6.0,-1.0,39.94234,-75.15399,21.0
3407,2025-07-21,7am-7pm,6.0,3.0,-3.0,39.9785,-75.13911,15.0
3097,2023-04-15,7pm-7am,3.0,6.0,3.0,39.97888,-75.13339,18.0
3068,2025-08-13,7pm-7am,2.0,3.0,1.0,39.93549,-75.16711,18.0
3154,2024-11-14,7am-7pm,19.0,14.0,-5.0,39.95924,-75.15821,16.0
3016,2025-04-21,7am-7pm,1.0,2.0,1.0,39.96892,-75.1547,15.0
3022,2023-11-06,7pm-7am,5.0,11.0,6.0,39.95472,-75.18323,21.0
3258,2023-07-31,7am-7pm,1.0,1.0,0.0,39.95828,-75.22424,20.0
3314,2024-02-01,7am-7pm,6.0,5.0,-1.0,39.93682,-75.14492,17.0
3337,2023-11-01,7pm-7am,1.0,2.0,1.0,39.97318,-75.14612,15.0
3297,2024-03-15,7am-7pm,4.0,6.0,2.0,39.95821,-75.16901,19.0
3022,2026-01-29,7pm-7am,2.0,2.0,0.0,39.95472,-75.18323,21.0
3026,2023-07-28,7am-7pm,23.0,30.0,7.0,39.94182,-75.1455,17.0
3294,2025-08-08,7pm-7am,9.0,10.0,1.0,39.95174,-75.17063,21.0
3314,2023-04-28,7pm-7am,0.0,1.0,1.0,39.93682,-75.14492,17.0
3378,2025-11-02,7pm-7am,6.0,5.0,-1.0,39.95238,-75.14728,18.0
3252,2024-12-09,7am-7pm,3.0,5.0,2.0,39.93882,-75.19324,14.0
3168,2024-02-04,7am-7pm,7.0,12.0,5.0,,,
3297,2024-12-29,7am-7pm,7.0,3.0,-4.0,39.95821,-75.16901,19.0
3357,2025-10-09,7pm-7am,1.0,0.0,-1.0,39.9104,-75.16588,27.0
3069,2025-04-01,7pm-7am,7.0,8.0,1.0,39.93704,-75.15038,23.0
3204,2023-06-08,7pm-7am,2.0,2.0,0.0,39.96437,-75.16582,22.0
3299,2023-11-16,7am-7pm,18.0,14.0,-4.0,39.94332,-75.15698,22.0
3117,2024-05-24,7am-7pm,1.0,2.0,1.0,39.97841,-75.22399,14.0
3264,2024-12-21,7am-7pm,11.0,7.0,-4.0,39.94571,-75.15508,23.0
3210,2025-07-22,7pm-7am,6.0,6.0,0.0,39.98492,-75.15668,18.0
3266,2023-06-20,7pm-7am,4.0,4.0,0.0,39.9237,-75.14701,22.0
3426,2026-03-16,7am-7pm,1.0,0.0,-1.0,39.93448,-75.22764,15.0
3101,2024-09-29,7pm-7am,9.0,8.0,-1.0,39.94295,-75.15955,18.0
3323,2024-09-01,7pm-7am,1.0,1.0,0.0,40.02796,-75.2277,18.0
3077,2025-03-23,7pm-7am,2.0,4.0,2.0,39.97207,-75.16351,19.0
3375,2025-01-06,7am-7pm,0.0,1.0,1.0,39.96036,-75.1402,22.0
3115,2023-02-18,7pm-7am,1.0,2.0,1.0,39.97263,-75.16757,18.0
3063,2024-12-13,7am-7pm,15.0,21.0,6.0,39.94633,-75.1698,25.0
3240,2025-05-18,7am-7pm,1.0,4.0,3.0,39.96277,-75.21185,12.0
3008,2025-11-26,7pm-7am,0.0,1.0,1.0,39.98081,-75.15067,17.0
3006,2024-02-24,7pm-7am,1.0,2.0,1.0,39.9522,-75.20311,17.0
3112,2023-12-06,7am-7pm,5.0,4.0,-1.0,39.95373,-75.21825,18.0
3309,2023-11-18,7am-7pm,1.0,5.0,4.0,,,
3064,2024-11-30,7pm-7am,0.0,3.0,3.0,39.9384,-75.17327,22.0
3012,2024-06-28,7pm-7am,7.0,7.0,0.0,39.94218,-75.17747,27.0
3354,2024-05-07,7am-7pm,1.0,0.0,-1.0,39.95628,-75.2387,18.0
3300,2023-09-30,7pm-7am,9.0,5.0,-4.0,39.95511,-75.16287,13.0
3272,2023-04-20,7am-7pm,3.0,3.0,0.0,39.96405,-75.22048,13.0
3212,2025-09-15,7am-7pm,22.0,21.0,-1.0,39.96383,-75.18177,32.0
3031,2023-01-16,7am-7pm,4.0,7.0,3.0,39.98005,-75.15522,21.0
3245,2024-01-13,7pm-7am,0.0,2.0,2.0,39.97887,-75.15777,20.0
3363,2024-08-18,7pm-7am,15.0,10.0,-5.0,39.94655,-75.16263,17.0
3022,2024-06-20,7pm-7am,17.0,12.0,-5.0,39.95472,-75.18323,21.0
3210,2024-01-31,7am-7pm,9.0,10.0,1.0,39.98492,-75.15668,18.0
3346,2025-06-06,7pm-7am,4.0,4.0,0.0,39.94883,-75.15097,17.0
3277,2025-07-01,7pm-7am,0.0,1.0,1.0,39.98306,-75.16738,20.0
3241,2025-03-28,7am-7pm,3.0,4.0,1.0,39.95225,-75.22637,20.0
3421,2025-07-27,7am-7pm,2.0,2.0,0.0,39.91972,-75.16408,13.0
3371,2025-08-05,7pm-7am,3.0,5.0,2.0,39.9534,-75.1543,19.0
3210,2023-11-24,7am-7pm,4.0,2.0,-2.0,39.98492,-75.15668,18.0
3339,2023-07-20,7am-7pm,2.0,3.0,1.0,,,
3327,2023-09-09,7pm-7am,1.0,0.0,-1.0,39.97759,-75.12442,17.0
3277,2024-07-25,7pm-7am,5.0,1.0,-4.0,39.98306,-75.16738,20.0
3351,2024-08-07,7am-7pm,0.0,1.0,1.0,39.99655,-75.14991,18.0
3152,2023-03-31,7pm-7am,0.0,1.0,1.0,39.94993,-75.20286,17.0
3353,2024-10-25,7am-7pm,5.0,3.0,-2.0,40.00496,-75.15233,22.0
3056,2024-08-21,7pm-7am,5.0,10.0,5.0,39.97669,-75.15813,22.0
3399,2026-02-27,7am-7pm,9.0,9.0,0.0,39.97502,-75.14006,15.0
3251,2024-09-17,7pm-7am,5.0,6.0,1.0,39.93366,-75.19319,16.0
3395,2025-03-09,7am-7pm,7.0,10.0,3.0,39.93866,-75.16351,13.0
3349,2025-10-15,7am-7pm,7.0,8.0,1.0,39.93651,-75.18621,17.0
3050,2023-07-14,7am-7pm,15.0,15.0,0.0,,,
3322,2025-11-13,7pm-7am,6.0,4.0,-2.0,39.93638,-75.15526,13.0
3072,2025-03-05,7pm-7am,1.0,2.0,1.0,39.93445,-75.14541,25.0
3438,2025-12-13,7am-7pm,2.0,2.0,0.0,39.98421,-75.11304,13.0
3075,2025-03-03,7pm-7am,1.0,0.0,-1.0,39.96718,-75.16125,12.0
3308,2024-09-17,7am-7pm,2.0,3.0,1.0,,,
3005,2026-01-11,7am-7pm,2.0,3.0,1.0,39.94733,-75.14403,13.0
3115,2023-09-15,7am-7pm,6.0,4.0,-2.0,39.97263,-75.16757,18.0
3340,2025-06-24,7am-7pm,11.0,13.0,2.0,39.96906,-75.18169,17.0
3301,2024-09-13,7am-7pm,20.0,23.0,3.0,39.95029,-75.17126,15.0
3361,2024-11-01,7am-7pm,17.0,21.0,4.0,39.93082,-75.17474,21.0
3107,2023-02-15,7am-7pm,2.0,0.0,-2.0,39.98203,-75.18866,18.0
3398,2025-11-10,7am-7pm,4.0,7.0,3.0,39.91551,-75.15474,15.0
3051,2025-05-27,7am-7pm,17.0,13.0,-4.0,39.96744,-75.17507,37.0
3226,2025-02-27,7am-7pm,2.0,1.0,-1.0,39.98101,-75.13721,18.0
3047,2026-02-13,7am-7pm,4.0,3.0,-1.0,39.95073,-75.14947,20.0
3254,2023-01-23,7am-7pm,2.0,0.0,-2.0,39.98091,-75.16065,18.0
3019,2023-09-19,7am-7pm,11.0,12.0,1.0,39.95403,-75.14983,15.0
3035,2024-05-08,7am-7pm,25.0,12.0,-13.0,39.96271,-75.19419,20.0
3294,2025-08-08,7am-7pm,20.0,28.0,8.0,39.95174,-75.17063,21.0
3077,2024-11-03,7pm-7am,1.0,1.0,0.0,39.97207,-75.16351,19.0
3321,2024-05-15,7pm-7am,2.0,0.0,-2.0,39.95485,-75.17298,21.0
3101,2025-08-22,7pm-7am,18.0,18.0,0.0,39.94295,-75.15955,18.0
3266,2023-09-17,7am-7pm,6.0,5.0,-1.0,39.9237,-75.14701,22.0
3022,2024-08-24,7pm-7am,8.0,4.0,-4.0,39.95472,-75.18323,21.0
3006,2024-12-08,7pm-7am,3.0,4.0,1.0,39.9522,-75.20311,17.0
3099,2025-09-12,7pm-7am,7.0,7.0,0.0,39.93401,-75.15094,19.0
3251,2026-01-09,7am-7pm,2.0,3.0,1.0,39.93366,-75.19319,16.0
3072,2023-06-25,7pm-7am,1.0,1.0,0.0,39.93445,-75.14541,25.0
3007,2024-12-07,7am-7pm,15.0,16.0,1.0,39.94517,-75.15993,20.0
3396,2025-07-09,7am-7pm,7.0,5.0,-2.0,39.92327,-75.1821,16.0
3411,2026-03-31,7am-7pm,1.0,2.0,1.0,39.96693,-75.23359,15.0
3125,2024-10-21,7am-7pm,20.0,16.0,-4.0,39.94391,-75.16735,16.0
3336,2025-12-22,7pm-7am,2.0,1.0,-1.0,39.95719,-75.19388,20.0
3029,2024-05-11,7pm-7am,6.0,1.0,-5.0,39.9538,-75.19479,17.0
3162,2024-09-13,7pm-7am,2.0,3.0,1.0,39.94595,-75.18475,34.0
3123,2024-09-26,7am-7pm,6.0,3.0,-3.0,39.98004,-75.17088,16.0
3417,2025-10-07,7am-7pm,0.0,2.0,2.0,39.99146,-75.14808,15.0
3421,2025-07-04,7pm-7am,0.0,7.0,7.0,39.91972,-75.16408,13.0
3334,2025-03-26,7pm-7am,4.0,7.0,3.0,39.9302,-75.15636,19.0
3113,2025-11-21,7am-7pm,1.0,1.0,0.0,39.97472,-75.19781,12.0
3350,2024-07-29,7am-7pm,5.0,4.0,-1.0,39.99415,-75.15527,20.0
3318,2025-07-01,7pm-7am,5.0,5.0,0.0,39.95182,-75.16395,20.0
3277,2023-10-28,7am-7pm,1.0,1.0,0.0,39.98306,-75.16738,20.0
3005,2025-04-27,7am-7pm,8.0,11.0,3.0,39.94733,-75.14403,13.0
3319,2024-04-18,7am-7pm,5.0,7.0,2.0,39.96672,-75.12964,16.0
3204,2023-09-16,7am-7pm,18.0,13.0,-5.0,39.96437,-75.16582,22.0
3015,2023-06-09,7pm-7am,3.0,4.0,1.0,39.94735,-75.14886,11.0
3158,2023-06-12,7pm-7am,0.0,2.0,2.0,39.92552,-75.16904,15.0
3026,2024-06-12,7am-7pm,27.0,29.0,2.0,39.94182,-75.1455,17.0
3067,2023-08-02,7am-7pm,6.0,7.0,1.0,39.96411,-75.19973,17.0
3060,2024-03-26,7am-7pm,6.0,11.0,5.0,39.95923,-75.17036,19.0
3375,2024-03-30,7pm-7am,3.0,3.0,0.0,39.96036,-75.1402,22.0
3246,2023-03-17,7pm-7am,1.0,2.0,1.0,39.94782,-75.22301,17.0
3062,2023-08-01,7am-7pm,16.0,12.0,-4.0,,,
3249,2024-06-30,7am-7pm,6.0,2.0,-4.0,39.95784,-75.19079,22.0
3165,2026-03-15,7pm-7am,3.0,4.0,1.0,39.95819,-75.1782,22.0
3311,2024-08-18,7pm-7am,0.0,2.0,2.0,,,
3152,2023-10-12,7pm-7am,1.0,1.0,0.0,39.94993,-75.20286,17.0
3062,2024-04-07,7pm-7am,3.0,2.0,-1.0,,,
3407,2026-03-30,7pm-7am,2.0,2.0,0.0,39.9785,-75.13911,15.0
3058,2025-09-02,7pm-7am,9.0,11.0,2.0,,,
3326,2024-09-21,7am-7pm,8.0,8.0,0.0,39.99198,-75.19944,17.0
3052,2025-03-20,7pm-7am,3.0,2.0,-1.0,39.94732,-75.15695,25.0
3322,2024-04-10,7am-7pm,16.0,14.0,-2.0,39.93638,-75.15526,13.0
3211,2023-12-02,7am-7pm,3.0,3.0,0.0,39.97172,-75.1706,22.0
3102,2024-06-19,7pm-7am,12.0,18.0,6.0,39.96759,-75.17952,26.0
3061,2024-04-16,7am-7pm,36.0,33.0,-3.0,,,
3307,2025-07-23,7pm-7am,1.0,1.0,0.0,40.0028,-75.174,11.0
3247,2025-07-24,7am-7pm,0.0,1.0,1.0,39.96538,-75.21514,16.0
3345,2025-12-09,7am-7pm,15.0,13.0,-2.0,39.9617,-75.14667,19.0
3024,2023-06-24,7pm-7am,0.0,2.0,2.0,39.94822,-75.20908,19.0
3099,2025-05-25,7am-7pm,7.0,11.0,4.0,39.93401,-75.15094,19.0
3154,2023-02-05,7pm-7am,4.0,2.0,-2.0,39.95924,-75.15821,16.0
3255,2024-11-24,7pm-7am,9.0,8.0,-1.0,39.95095,-75.16438,15.0
3125,2026-02-28,7pm-7am,2.0,5.0,3.0,39.94391,-75.16735,16.0
3372,2024-05-05,7pm-7am,0.0,1.0,1.0,39.92528,-75.18672,15.0
3032,2024-08-08,7pm-7am,7.0,6.0,-1.0,39.94527,-75.17971,20.0
3107,2025-12-22,7am-7pm,2.0,1.0,-1.0,39.98203,-75.18866,18.0
3226,2025-10-30,7pm-7am,1.0,3.0,2.0,39.98101,-75.13721,18.0
3211,2025-07-20,7am-7pm,5.0,4.0,-1.0,39.97172,-75.1706,22.0
3297,2025-10-01,7am-7pm,11.0,10.0,-1.0,39.95821,-75.16901,19.0
3316,2025-10-25,7am-7pm,5.0,4.0,-1.0,39.92255,-75.17337,19.0
3305,2024-09-27,7am-7pm,2.0,0.0,-2.0,39.99569,-75.1671,11.0
3099,2024-01-10,7am-7pm,4.0,10.0,6.0,39.93401,-75.15094,19.0
3159,2025-06-06,7am-7pm,13.0,12.0,-1.0,39.95121,-75.19962,23.0
3333,2024-02-12,7pm-7am,3.0,4.0,1.0,39.9541,-75.16965,25.0
3197,2025-04-17,7pm-7am,1.0,5.0,4.0,39.92083,-75.17033,23.0
3300,2026-02-18,7pm-7am,3.0,0.0,-3.0,39.95511,-75.16287,13.0
3196,2024-02-02,7pm-7am,0.0,1.0,1.0,39.98717,-75.17477,17.0
3163,2024-09-07,7am-7pm,30.0,37.0,7.0,39.94974,-75.18097,22.0
3061,2025-10-06,7pm-7am,6.0,8.0,2.0,,,
3300,2023-01-16,7pm-7am,1.0,1.0,0.0,39.95511,-75.16287,13.0
3244,2024-04-05,7pm-7am,7.0,8.0,1.0,,,
3253,2025-08-30,7am-7pm,3.0,2.0,-1.0,39.93074,-75.18924,21.0
3182,2023-11-20,7am-7pm,12.0,14.0,2.0,,,
3067,2023-09-25,7am-7pm,5.0,6.0,1.0,39.96411,-75.19973,17.0
3255,2025-12-10,7am-7pm,15.0,18.0,3.0,39.95095,-75.16438,15.0
3053,2025-04-14,7am-7pm,22.0,16.0,-6.0,39.93231,-75.18154,19.0
3188,2025-07-17,7pm-7am,1.0,0.0,-1.0,39.90471,-75.1734,56.0
3059,2025-02-09,7pm-7am,10.0,12.0,2.0,39.96244,-75.16121,21.0
3245,2025-04-08,7am-7pm,9.0,8.0,-1.0,39.97887,-75.15777,20.0
3211,2025-04-13,7am-7pm,3.0,3.0,0.0,39.97172,-75.1706,22.0
3200,2024-05-08,7am-7pm,4.0,3.0,-1.0,39.97583,-75.16846,17.0
3297,2025-06-27,7am-7pm,6.0,7.0,1.0,39.95821,-75.16901,19.0
3039,2024-01-05,7pm-7am,3.0,1.0,-2.0,39.97157,-75.15993,17.0
3045,2023-03-06,7am-7pm,19.0,28.0,9.0,,,
3017,2024-08-26,7am-7pm,5.0,8.0,3.0,39.98003,-75.14371,15.0
3161,2025-12-11,7pm-7am,14.0,23.0,9.0,39.95486,-75.18091,23.0
3349,2024-02-18,7pm-7am,0.0,2.0,2.0,39.93651,-75.18621,17.0
3033,2025-01-31,7pm-7am,3.0,4.0,1.0,39.95005,-75.15672,20.0
3279,2025-09-20,7pm-7am,5.0,5.0,0.0,39.9265,-75.1668,18.0
3114,2024-10-05,7am-7pm,24.0,11.0,-13.0,39.93775,-75.18012,17.0
3040,2024-02-02,7pm-7am,6.0,5.0,-1.0,39.96289,-75.16606,21.0
3282,2024-03-11,7am-7pm,1.0,1.0,0.0,39.98628,-75.14925,15.0
3334,2025-08-06,7pm-7am,1.0,7.0,6.0,39.9302,-75.15636,19.0
3264,2023-10-01,7am-7pm,12.0,8.0,-4.0,39.94571,-75.15508,23.0
3310,2023-06-30,7am-7pm,4.0,3.0,-1.0,39.98024,-75.18651,15.0
3256,2025-09-20,7am-7pm,30.0,37.0,7.0,39.95269,-75.17779,23.0
3360,2025-12-09,7am-7pm,13.0,9.0,-4.0,39.93304,-75.16822,22.0
3325,2025-03-10,7am-7pm,2.0,4.0,2.0,39.9768,-75.12764,22.0
3125,2023-02-11,7am-7pm,4.0,3.0,-1.0,39.94391,-75.16735,16.0
3010,2024-06-19,7pm-7am,22.0,20.0,-2.0,39.94711,-75.16618,22.0
3056,2023-02-21,7am-7pm,3.0,3.0,0.0,39.97669,-75.15813,22.0
3382,2024-09-15,7am-7pm,24.0,29.0,5.0,39.95038,-75.17309,11.0
3104,2023-11-12,7pm-7am,4.0,6.0,2.0,39.96664,-75.19209,13.0
3259,2023-07-25,7am-7pm,6.0,1.0,-5.0,39.95998,-75.19883,17.0
3055,2024-06-16,7am-7pm,23.0,21.0,-2.0,39.95112,-75.15457,15.0
3235,2023-10-23,7pm-7am,4.0,8.0,4.0,39.96,-75.1651,15.0
3025,2024-02-05,7pm-7am,2.0,1.0,-1.0,39.93724,-75.1612,15.0
3162,2025-11-08,7pm-7am,2.0,2.0,0.0,39.94595,-75.18475,34.0
3209,2025-05-04,7am-7pm,9.0,5.0,-4.0,39.949,-75.21278,14.0
3325,2025-02-07,7pm-7am,1.0,1.0,0.0,39.9768,-75.12764,22.0
3314,2024-03-01,7am-7pm,7.0,5.0,-2.0,39.93682,-75.14492,17.0
3155,2024-12-06,7am-7pm,11.0,10.0,-1.0,39.94018,-75.15442,18.0
3294,2025-04-05,7am-7pm,10.0,9.0,-1.0,39.95174,-75.17063,21.0
3170,2024-03-17,7am-7pm,8.0,2.0,-6.0,,,
3025,2023-06-14,7am-7pm,12.0,16.0,4.0,39.93724,-75.1612,15.0
3069,2023-04-07,7pm-7am,3.0,2.0,-1.0,39.93704,-75.15038,23.0
3249,2024-12-10,7am-7pm,1.0,2.0,1.0,39.95784,-75.19079,22.0
3055,2023-02-04,7am-7pm,8.0,7.0,-1.0,39.95112,-75.15457,15.0
3233,2024-03-30,7am-7pm,2.0,0.0,-2.0,,,
3040,2026-03-31,7am-7pm,26.0,23.0,-3.0,39.96289,-75.16606,21.0
3074,2024-09-29,7pm-7am,3.0,5.0,2.0,39.95511,-75.20987,15.0
3299,2025-11-29,7pm-7am,5.0,2.0,-3.0,39.94332,-75.15698,22.0
3010,2025-11-29,7am-7pm,18.0,22.0,4.0,39.94711,-75.16618,22.0
3395,2025-06-10,7am-7pm,5.0,6.0,1.0,39.93866,-75.16351,13.0
3326,2025-12-08,7pm-7am,2.0,2.0,0.0,39.99198,-75.19944,17.0
3057,2026-03-16,7am-7pm,5.0,3.0,-2.0,39.96439,-75.17987,26.0
3205,2024-07-29,7pm-7am,5.0,6.0,1.0,39.95405,-75.16783,22.0
3333,2024-02-13,7am-7pm,7.0,5.0,-2.0,39.9541,-75.16965,25.0
3067,2025-07-06,7pm-7am,1.0,1.0,0.0,39.96411,-75.19973,17.0
3118,2023-08-14,7pm-7am,4.0,0.0,-4.0,39.95866,-75.21323,20.0
3263,2023-12-02,7pm-7am,1.0,3.0,2.0,39.9586,-75.2081,18.0
3104,2026-03-29,7am-7pm,8.0,8.0,0.0,39.96664,-75.19209,13.0
3096,2025-10-17,7am-7pm,1.0,0.0,-1.0,39.99119,-75.17975,14.0
3201,2025-11-07,7pm-7am,4.0,4.0,0.0,39.95523,-75.1662,20.0
3154,2026-02-28,7pm-7am,1.0,0.0,-1.0,39.95924,-75.15821,16.0
3021,2024-12-03,7am-7pm,16.0,17.0,1.0,39.9539,-75.16902,34.0
3159,2025-11-28,7am-7pm,7.0,4.0,-3.0,39.95121,-75.19962,23.0
3111,2026-03-25,7am-7pm,2.0,1.0,-1.0,39.97779,-75.21323,14.0
3275,2025-08-08,7pm-7am,2.0,3.0,1.0,39.97576,-75.12157,22.0
3240,2024-09-16,7am-7pm,3.0,3.0,0.0,39.96277,-75.21185,12.0
3120,2024-08-05,7pm-7am,0.0,6.0,6.0,39.97522,-75.18669,19.0
3396,2024-11-14,7am-7pm,9.0,12.0,3.0,39.92327,-75.1821,16.0
3258,2025-10-07,7am-7pm,5.0,6.0,1.0,39.95828,-75.22424,20.0
3383,2024-05-08,7pm-7am,2.0,6.0,4.0,39.96634,-75.14222,19.0
3284,2025-02-14,7am-7pm,8.0,18.0,10.0,40.01112,-75.19287,14.0
3375,2025-12-07,7pm-7am,5.0,2.0,-3.0,39.96036,-75.1402,22.0
3252,2023-09-30,7pm-7am,3.0,3.0,0.0,39.93882,-75.19324,14.0
3164,2023-05-16,7am-7pm,14.0,14.0,0.0,39.92814,-75.16515,18.0
3164,2023-05-14,7am-7pm,7.0,8.0,1.0,39.92814,-75.16515,18.0
3119,2024-09-05,7am-7pm,0.0,3.0,3.0,39.96674,-75.20799,17.0
3261,2026-01-19,7pm-7am,1.0,0.0,-1.0,39.96304,-75.14099,17.0
3102,2023-04-04,7am-7pm,40.0,31.0,-9.0,39.96759,-75.17952,26.0
3005,2023-12-25,7am-7pm,0.0,2.0,2.0,39.94733,-75.14403,13.0
3209,2023-10-19,7pm-7am,2.0,2.0,0.0,39.949,-75.21278,14.0
3032,2025-04-30,7pm-7am,21.0,18.0,-3.0,39.94527,-75.17971,20.0
3382,2024-06-22,7am-7pm,11.0,14.0,3.0,39.95038,-75.17309,11.0
3300,2024-11-21,7am-7pm,5.0,5.0,0.0,39.95511,-75.16287,13.0
3267,2024-10-25,7pm-7am,3.0,3.0,0.0,39.918,-75.1796,12.0
3071,2023-04-28,7pm-7am,0.0,1.0,1.0,,,
3284,2025-09-01,7pm-7am,1.0,3.0,2.0,40.01112,-75.19287,14.0
3201,2026-02-14,7pm-7am,1.0,3.0,2.0,39.95523,-75.1662,20.0
3403,2025-06-14,7pm-7am,0.0,1.0,1.0,39.99153,-75.22528,15.0
3436,2025-08-14,7pm-7am,1.0,1.0,0.0,39.98287,-75.10121,13.0
3073,2024-01-26,7pm-7am,5.0,6.0,1.0,39.96143,-75.15242,15.0
3078,2023-03-15,7pm-7am,3.0,3.0,0.0,39.95355,-75.17192,18.0
3246,2023-01-10,7am-7pm,2.0,2.0,0.0,39.94782,-75.22301,17.0
3104,2023-09-01,7pm-7am,7.0,10.0,3.0,39.96664,-75.19209,13.0
3033,2025-08-04,7pm-7am,4.0,9.0,5.0,39.95005,-75.15672,20.0
3320,2023-05-20,7am-7pm,4.0,3.0,-1.0,39.9746,-75.15917,17.0
3021,2026-03-12,7pm-7am,5.0,0.0,-5.0,39.9539,-75.16902,34.0
3035,2023-01-01,7am-7pm,9.0,8.0,-1.0,39.96271,-75.19419,20.0
3086,2024-09-12,7am-7pm,15.0,8.0,-7.0,39.94019,-75.16691,21.0
3360,2025-03-25,7pm-7am,2.0,4.0,2.0,39.93304,-75.16822,22.0
3301,2023-05-14,7am-7pm,26.0,27.0,1.0,39.95029,-75.17126,15.0
3363,2024-06-11,7am-7pm,19.0,22.0,3.0,39.94655,-75.16263,17.0
3006,2024-05-12,7am-7pm,8.0,10.0,2.0,39.9522,-75.20311,17.0
3200,2025-06-01,7pm-7am,0.0,1.0,1.0,39.97583,-75.16846,17.0
3407,2026-03-05,7am-7pm,4.0,5.0,1.0,39.9785,-75.13911,15.0
3022,2023-09-25,7pm-7am,18.0,7.0,-11.0,39.95472,-75.18323,21.0
3021,2026-02-04,7am-7pm,19.0,27.0,8.0,39.9539,-75.16902,34.0
3381,2025-01-17,7pm-7am,0.0,1.0,1.0,39.94845,-75.21807,13.0
3088,2025-07-27,7am-7pm,9.0,9.0,0.0,39.96984,-75.1418,35.0
3025,2025-08-31,7pm-7am,11.0,19.0,8.0,39.93724,-75.1612,15.0
3292,2024-04-12,7pm-7am,1.0,4.0,3.0,39.92,-75.1562,17.0
3235,2025-06-12,7pm-7am,7.0,6.0,-1.0,39.96,-75.1651,15.0
3022,2023-12-13,7pm-7am,8.0,6.0,-2.0,39.95472,-75.18323,21.0
3187,2026-01-29,7am-7pm,4.0,1.0,-3.0,39.95725,-75.17232,19.0
3099,2023-07-15,7am-7pm,6.0,8.0,2.0,39.93401,-75.15094,19.0
3299,2024-02-05,7am-7pm,13.0,8.0,-5.0,39.94332,-75.15698,22.0
3034,2026-01-06,7am-7pm,24.0,22.0,-2.0,39.93315,-75.16248,16.0
3088,2023-02-18,7pm-7am,2.0,5.0,3.0,39.96984,-75.1418,35.0
3376,2025-02-22,7am-7pm,2.0,1.0,-1.0,39.97183,-75.14878,8.0
3271,2024-09-14,7pm-7am,1.0,2.0,1.0,39.9476,-75.22946,18.0
3280,2025-08-11,7pm-7am,1.0,1.0,0.0,39.93968,-75.21362,18.0
3410,2025-06-08,7pm-7am,1.0,3.0,2.0,39.94201,-75.21838,11.0
3297,2025-02-10,7am-7pm,3.0,4.0,1.0,39.95821,-75.16901,19.0
3056,2024-11-26,7am-7pm,2.0,2.0,0.0,39.97669,-75.15813,22.0
3056,2025-05-17,7pm-7am,8.0,8.0,0.0,39.97669,-75.15813,22.0
3345,2025-08-07,7am-7pm,24.0,24.0,0.0,39.9617,-75.14667,19.0
3243,2023-01-24,7pm-7am,0.0,1.0,1.0,39.9835,-75.14743,12.0
3247,2024-09-11,7pm-7am,4.0,1.0,-3.0,39.96538,-75.21514,16.0
3184,2023-05-08,7am-7pm,11.0,10.0,-1.0,39.94573,-75.19551,22.0
3119,2024-07-03,7am-7pm,7.0,6.0,-1.0,39.96674,-75.20799,17.0
3074,2026-01-19,7pm-7am,1.0,3.0,2.0,39.95511,-75.20987,15.0
3026,2023-05-05,7am-7pm,10.0,14.0,4.0,39.94182,-75.1455,17.0
3053,2024-08-13,7am-7pm,17.0,26.0,9.0,39.93231,-75.18154,19.0
3196,2025-07-04,7am-7pm,1.0,1.0,0.0,39.98717,-75.17477,17.0
3066,2026-01-19,7pm-7am,0.0,1.0,1.0,39.94561,-75.17348,29.0
3334,2025-05-11,7am-7pm,13.0,8.0,-5.0,39.9302,-75.15636,19.0
3007,2024-11-16,7pm-7am,8.0,9.0,1.0,39.94517,-75.15993,20.0
3200,2023-12-18,7am-7pm,3.0,2.0,-1.0,39.97583,-75.16846,17.0
3259,2025-06-28,7am-7pm,6.0,7.0,1.0,39.95998,-75.19883,17.0
3033,2024-03-25,7am-7pm,10.0,8.0,-2.0,39.95005,-75.15672,20.0
3405,2026-03-07,7pm-7am,3.0,4.0,1.0,39.94167,-75.16502,16.0
3120,2024-07-05,7am-7pm,6.0,7.0,1.0,39.97522,-75.18669,19.0
3075,2024-12-25,7am-7pm,1.0,2.0,1.0,39.96718,-75.16125,12.0
3067,2024-07-26,7pm-7am,5.0,3.0,-2.0,39.96411,-75.19973,17.0
3318,2026-03-19,7pm-7am,5.0,3.0,-2.0,39.95182,-75.16395,20.0
3063,2025-09-08,7pm-7am,17.0,12.0,-5.0,39.94633,-75.1698,25.0
3005,2024-04-23,7pm-7am,6.0,4.0,-2.0,39.94733,-75.14403,13.0
3253,2024-09-19,7am-7pm,5.0,2.0,-3.0,39.93074,-75.18924,21.0
3359,2026-03-31,7am-7pm,40.0,49.0,9.0,39.94888,-75.16978,29.0
3233,2024-09-05,7pm-7am,1.0,0.0,-1.0,,,
3158,2023-11-30,7pm-7am,2.0,2.0,0.0,39.92552,-75.16904,15.0
3310,2023-05-31,7am-7pm,3.0,0.0,-3.0,39.98024,-75.18651,15.0
3205,2025-08-15,7am-7pm,14.0,18.0,4.0,39.95405,-75.16783,22.0
3250,2023-04-19,7pm-7am,0.0,1.0,1.0,39.95673,-75.14575,17.0
3208,2023-07-26,7pm-7am,5.0,21.0,16.0,39.95048,-75.19324,28.0
3088,2025-07-28,7am-7pm,9.0,7.0,-2.0,39.96984,-75.1418,35.0
3352,2025-10-27,7pm-7am,0.0,1.0,1.0,40.00143,-75.15256,11.0
3308,2023-07-26,7am-7pm,7.0,12.0,5.0,,,
3248,2025-10-13,7am-7pm,5.0,5.0,0.0,39.94213,-75.18335,22.0
3068,2024-10-15,7am-7pm,15.0,20.0,5.0,39.93549,-75.16711,18.0
3233,2023-01-20,7pm-7am,0.0,2.0,2.0,,,
3124,2024-07-12,7pm-7am,5.0,6.0,1.0,39.95367,-75.13956,17.0
3114,2023-09-29,7am-7pm,17.0,18.0,1.0,39.93775,-75.18012,17.0
3040,2024-04-10,7pm-7am,11.0,13.0,2.0,39.96289,-75.16606,21.0
3251,2024-04-12,7pm-7am,0.0,3.0,3.0,39.93366,-75.19319,16.0
3039,2023-12-15,7am-7pm,8.0,6.0,-2.0,39.97157,-75.15993,17.0
3185,2023-03-19,7am-7pm,5.0,9.0,4.0,39.95169,-75.15888,21.0
3338,2024-12-23,7pm-7am,0.0,1.0,1.0,39.95098,-75.23035,21.0
3277,2025-04-07,7pm-7am,1.0,0.0,-1.0,39.98306,-75.16738,20.0
3373,2025-03-14,7am-7pm,12.0,14.0,2.0,39.95817,-75.15668,15.0
3182,2025-01-14,7am-7pm,19.0,14.0,-5.0,,,
3117,2025-05-20,7am-7pm,3.0,5.0,2.0,39.97841,-75.22399,14.0
3255,2026-02-25,7am-7pm,11.0,14.0,3.0,39.95095,-75.16438,15.0
3061,2025-12-09,7pm-7am,3.0,5.0,2.0,,,
3319,2024-03-07,7pm-7am,1.0,1.0,0.0,39.96672,-75.12964,16.0
3306,2024-10-06,7pm-7am,1.0,2.0,1.0,39.99683,-75.17761,11.0
3256,2025-03-23,7am-7pm,9.0,12.0,3.0,39.95269,-75.17779,23.0
3028,2023-01-13,7am-7pm,18.0,27.0,9.0,39.94061,-75.14958,15.0
3273,2023-01-04,7am-7pm,4.0,2.0,-2.0,,,
3088,2025-07-24,7pm-7am,10.0,17.0,7.0,39.96984,-75.1418,35.0
3387,2025-05-25,7am-7pm,2.0,3.0,1.0,39.97012,-75.14666,19.0
3163,2026-02-25,7pm-7am,1.0,3.0,2.0,39.94974,-75.18097,22.0
3237,2024-12-17,7am-7pm,5.0,3.0,-2.0,39.91717,-75.17096,21.0
3338,2025-05-27,7am-7pm,1.0,3.0,2.0,39.95098,-75.23035,21.0
3280,2023-02-15,7am-7pm,1.0,1.0,0.0,39.93968,-75.21362,18.0
3303,2024-05-13,7pm-7am,1.0,1.0,0.0,39.9559,-75.2053,20.0
3159,2023-01-29,7am-7pm,2.0,1.0,-1.0,39.95121,-75.19962,23.0
3007,2025-02-02,7am-7pm,10.0,6.0,-4.0,39.94517,-75.15993,20.0
3369,2024-04-26,7am-7pm,22.0,16.0,-6.0,40.00772,-75.19194,16.0
3030,2024-02-21,7pm-7am,3.0,5.0,2.0,,,
3116,2025-01-05,7am-7pm,6.0,5.0,-1.0,39.96006,-75.17198,21.0
3039,2023-10-27,7am-7pm,5.0,2.0,-3.0,39.97157,-75.15993,17.0
3376,2024-02-10,7am-7pm,4.0,2.0,-2.0,39.97183,-75.14878,8.0
3029,2023-12-23,7am-7pm,6.0,8.0,2.0,39.9538,-75.19479,17.0
3211,2024-09-28,7pm-7am,2.0,2.0,0.0,39.97172,-75.1706,22.0
3022,2024-02-17,7pm-7am,2.0,0.0,-2.0,39.95472,-75.18323,21.0
3256,2024-10-10,7am-7pm,18.0,27.0,9.0,39.95269,-75.17779,23.0
3120,2023-07-20,7am-7pm,13.0,12.0,-1.0,39.97522,-75.18669,19.0
3066,2024-01-27,7pm-7am,4.0,8.0,4.0,39.94561,-75.17348,29.0
3019,2025-03-12,7pm-7am,1.0,0.0,-1.0,39.95403,-75.14983,15.0
3166,2023-01-12,7pm-7am,0.0,1.0,1.0,39.97195,-75.13445,22.0
3252,2023-08-13,7am-7pm,7.0,5.0,-2.0,39.93882,-75.19324,14.0
3377,2024-06-07,7pm-7am,2.0,1.0,-1.0,,,
3292,2023-12-23,7am-7pm,4.0,2.0,-2.0,39.92,-75.1562,17.0
3163,2023-06-09,7am-7pm,30.0,35.0,5.0,39.94974,-75.18097,22.0
3055,2024-04-13,7am-7pm,10.0,10.0,0.0,39.95112,-75.15457,15.0
3005,2025-12-22,7am-7pm,9.0,12.0,3.0,39.94733,-75.14403,13.0
3276,2023-11-25,7pm-7am,2.0,0.0,-2.0,39.96569,-75.15679,18.0
3024,2024-09-02,7am-7pm,12.0,8.0,-4.0,39.94822,-75.20908,19.0
3021,2024-12-30,7pm-7am,0.0,1.0,1.0,39.9539,-75.16902,34.0
3168,2023-05-30,7am-7pm,16.0,26.0,10.0,,,
3266,2025-01-19,7pm-7am,1.0,2.0,1.0,39.9237,-75.14701,22.0
3359,2025-01-29,7pm-7am,13.0,4.0,-9.0,39.94888,-75.16978,29.0
3012,2023-02-06,7pm-7am,9.0,11.0,2.0,39.94218,-75.17747,27.0
3077,2025-10-18,7pm-7am,3.0,1.0,-2.0,39.97207,-75.16351,19.0
3391,2025-08-18,7am-7pm,0.0,1.0,1.0,39.99667,-75.23482,13.0
3395,2026-01-07,7am-7pm,8.0,7.0,-1.0,39.93866,-75.16351,13.0
3431,2025-08-15,7pm-7am,0.0,1.0,1.0,39.96239,-75.24522,15.0
3152,2024-06-15,7am-7pm,5.0,7.0,2.0,39.94993,-75.20286,17.0
3360,2024-07-19,7am-7pm,13.0,9.0,-4.0,39.93304,-75.16822,22.0
3235,2024-10-05,7am-7pm,13.0,8.0,-5.0,39.96,-75.1651,15.0
3373,2025-01-18,7am-7pm,10.0,10.0,0.0,39.95817,-75.15668,15.0
3007,2024-09-30,7am-7pm,24.0,26.0,2.0,39.94517,-75.15993,20.0
3226,2024-02-10,7am-7pm,2.0,2.0,0.0,39.98101,-75.13721,18.0
3088,2024-08-21,7pm-7am,6.0,11.0,5.0,39.96984,-75.1418,35.0
3123,2024-06-24,7am-7pm,5.0,4.0,-1.0,39.98004,-75.17088,16.0
3022,2025-03-17,7pm-7am,6.0,3.0,-3.0,39.95472,-75.18323,21.0
3156,2025-06-28,7pm-7am,3.0,2.0,-1.0,39.95381,-75.17407,22.0
3039,2025-05-18,7pm-7am,1.0,3.0,2.0,39.97157,-75.15993,17.0
3118,2024-07-27,7pm-7am,0.0,2.0,2.0,39.95866,-75.21323,20.0
3264,2024-01-29,7am-7pm,18.0,12.0,-6.0,39.94571,-75.15508,23.0
3284,2023-04-19,7am-7pm,2.0,1.0,-1.0,40.01112,-75.19287,14.0
3364,2024-02-23,7am-7pm,14.0,20.0,6.0,,,
3009,2024-10-13,7pm-7am,8.0,6.0,-2.0,39.95576,-75.18982,14.0
3248,2023-10-22,7am-7pm,10.0,10.0,0.0,39.94213,-75.18335,22.0
3363,2025-07-22,7am-7pm,15.0,25.0,10.0,39.94655,-75.16263,17.0
3395,2025-03-18,7pm-7am,1.0,1.0,0.0,39.93866,-75.16351,13.0
3329,2024-05-01,7am-7pm,1.0,2.0,1.0,40.02651,-75.22445,15.0
3124,2024-02-15,7pm-7am,2.0,2.0,0.0,39.95367,-75.13956,17.0
3209,2024-02-08,7pm-7am,2.0,2.0,0.0,39.949,-75.21278,14.0
3276,2024-02-01,7am-7pm,6.0,2.0,-4.0,39.96569,-75.15679,18.0
3157,2023-04-16,7am-7pm,4.0,12.0,8.0,39.92545,-75.15954,18.0
3025,2023-06-15,7pm-7am,8.0,8.0,0.0,39.93724,-75.1612,15.0
3063,2024-07-02,7am-7pm,36.0,34.0,-2.0,39.94633,-75.1698,25.0
3334,2024-08-10,7pm-7am,3.0,7.0,4.0,39.9302,-75.15636,19.0
3124,2024-02-28,7pm-7am,1.0,2.0,1.0,39.95367,-75.13956,17.0
3305,2025-08-07,7pm-7am,0.0,1.0,1.0,39.99569,-75.1671,11.0
3006,2025-05-22,7am-7pm,3.0,2.0,-1.0,39.9522,-75.20311,17.0
3322,2023-10-05,7am-7pm,23.0,17.0,-6.0,39.93638,-75.15526,13.0
3347,2024-03-24,7pm-7am,3.0,0.0,-3.0,,,
3162,2024-12-12,7am-7pm,11.0,5.0,-6.0,39.94595,-75.18475,34.0
3154,2026-02-06,7pm-7am,0.0,2.0,2.0,39.95924,-75.15821,16.0
3243,2024-06-11,7am-7pm,4.0,1.0,-3.0,39.9835,-75.14743,12.0
3197,2025-11-09,7am-7pm,3.0,7.0,4.0,39.92083,-75.17033,23.0
3297,2026-03-23,7am-7pm,8.0,4.0,-4.0,39.95821,-75.16901,19.0
3037,2023-06-27,7pm-7am,4.0,0.0,-4.0,39.95424,-75.16138,21.0
3295,2025-08-03,7pm-7am,16.0,9.0,-7.0,39.95028,-75.16027,21.0
3303,2025-12-02,7pm-7am,3.0,3.0,0.0,39.9559,-75.2053,20.0
3110,2024-11-10,7pm-7am,3.0,2.0,-1.0,39.96175,-75.13641,19.0
3104,2024-11-12,7am-7pm,7.0,6.0,-1.0,39.96664,-75.19209,13.0
3035,2023-05-28,7pm-7am,3.0,4.0,1.0,39.96271,-75.19419,20.0
3373,2025-01-20,7am-7pm,4.0,5.0,1.0,39.95817,-75.15668,15.0
3374,2025-09-11,7pm-7am,5.0,6.0,1.0,39.9728,-75.17971,18.0
3207,2025-08-06,7pm-7am,3.0,2.0,-1.0,39.95441,-75.192,20.0
3086,2025-04-15,7am-7pm,7.0,11.0,4.0,39.94019,-75.16691,21.0
3304,2024-11-23,7pm-7am,8.0,6.0,-2.0,39.94234,-75.15399,21.0
3365,2024-12-29,7pm-7am,1.0,2.0,1.0,39.96173,-75.18788,17.0
3032,2024-09-17,7am-7pm,54.0,58.0,4.0,39.94527,-75.17971,20.0
3241,2024-09-09,7pm-7am,2.0,3.0,1.0,39.95225,-75.22637,20.0
3256,2023-01-08,7am-7pm,12.0,14.0,2.0,39.95269,-75.17779,23.0
3337,2023-11-08,7am-7pm,11.0,10.0,-1.0,39.97318,-75.14612,15.0
3188,2026-01-05,7pm-7am,1.0,2.0,1.0,39.90471,-75.1734,56.0
3038,2024-12-17,7pm-7am,2.0,5.0,3.0,39.94781,-75.19409,28.0
3388,2025-07-25,7am-7pm,3.0,1.0,-2.0,39.96634,-75.15097,19.0
3347,2024-04-15,7pm-7am,4.0,2.0,-2.0,,,
3361,2024-10-20,7am-7pm,18.0,10.0,-8.0,39.93082,-75.17474,21.0
3243,2024-05-05,7pm-7am,0.0,1.0,1.0,39.9835,-75.14743,12.0
3114,2023-11-07,7pm-7am,6.0,10.0,4.0,39.93775,-75.18012,17.0
3208,2025-11-03,7pm-7am,6.0,15.0,9.0,39.95048,-75.19324,28.0
3012,2024-08-20,7am-7pm,29.0,30.0,1.0,39.94218,-75.17747,27.0
3058,2025-03-02,7am-7pm,9.0,8.0,-1.0,,,
3301,2023-07-05,7pm-7am,8.0,3.0,-5.0,39.95029,-75.17126,15.0
3065,2025-01-14,7am-7pm,2.0,1.0,-1.0,39.9707,-75.15171,15.0
3258,2024-05-08,7am-7pm,5.0,5.0,0.0,39.95828,-75.22424,20.0
3100,2025-03-17,7am-7pm,14.0,16.0,2.0,39.92777,-75.15103,38.0
3068,2025-06-01,7am-7pm,23.0,22.0,-1.0,39.93549,-75.16711,18.0
3033,2025-07-21,7am-7pm,19.0,23.0,4.0,39.95005,-75.15672,20.0
3244,2024-06-18,7pm-7am,10.0,14.0,4.0,,,
3019,2023-10-10,7pm-7am,1.0,1.0,0.0,39.95403,-75.14983,15.0
3381,2025-08-16,7am-7pm,7.0,4.0,-3.0,39.94845,-75.21807,13.0
3255,2026-03-18,7pm-7am,9.0,6.0,-3.0,39.95095,-75.16438,15.0
3182,2024-06-04,7pm-7am,7.0,5.0,-2.0,,,
3010,2024-05-05,7am-7pm,33.0,21.0,-12.0,39.94711,-75.16618,22.0
3236,2025-06-05,7am-7pm,13.0,6.0,-7.0,39.96566,-75.17765,18.0
3053,2024-11-26,7pm-7am,5.0,5.0,0.0,39.93231,-75.18154,19.0
3112,2023-11-18,7am-7pm,4.0,2.0,-2.0,39.95373,-75.21825,18.0
3166,2025-04-09,7am-7pm,6.0,7.0,1.0,39.97195,-75.13445,22.0
3155,2024-11-21,7am-7pm,15.0,13.0,-2.0,39.94018,-75.15442,18.0
3016,2023-06-22,7pm-7am,0.0,4.0,4.0,39.96892,-75.1547,15.0
3434,2025-10-29,7am-7pm,3.0,9.0,6.0,39.97487,-75.13286,15.0
3291,2023-09-01,7am-7pm,2.0,2.0,0.0,40.01022,-75.197,15.0
3375,2025-11-19,7pm-7am,8.0,4.0,-4.0,39.96036,-75.1402,22.0
3341,2024-09-25,7am-7pm,6.0,7.0,1.0,39.98131,-75.12732,20.0
3273,2023-12-22,7am-7pm,1.0,1.0,0.0,,,
3385,2026-02-04,7am-7pm,5.0,3.0,-2.0,39.94974,-75.15424,15.0
3233,2024-06-19,7am-7pm,5.0,3.0,-2.0,,,
3039,2023-11-27,7am-7pm,6.0,2.0,-4.0,39.97157,-75.15993,17.0
3258,2023-01-29,7am-7pm,1.0,3.0,2.0,39.95828,-75.22424,20.0
3025,2024-08-15,7pm-7am,7.0,11.0,4.0,39.93724,-75.1612,15.0
3096,2025-09-12,7am-7pm,1.0,1.0,0.0,39.99119,-75.17975,14.0
3326,2024-10-01,7am-7pm,4.0,5.0,1.0,39.99198,-75.19944,17.0
3188,2023-05-13,7am-7pm,4.0,7.0,3.0,39.90471,-75.1734,56.0
3371,2024-10-09,7am-7pm,14.0,17.0,3.0,39.9534,-75.1543,19.0
3233,2024-07-29,7am-7pm,3.0,4.0,1.0,,,
3261,2025-06-23,7pm-7am,3.0,4.0,1.0,39.96304,-75.14099,17.0
3308,2023-09-14,7am-7pm,15.0,19.0,4.0,,,
3062,2023-03-18,7am-7pm,1.0,0.0,-1.0,,,
3111,2023-04-05,7am-7pm,3.0,2.0,-1.0,39.97779,-75.21323,14.0
3249,2025-01-01,7pm-7am,1.0,4.0,3.0,39.95784,-75.19079,22.0
3353,2024-05-07,7pm-7am,1.0,2.0,1.0,40.00496,-75.15233,22.0
3008,2024-12-18,7am-7pm,10.0,9.0,-1.0,39.98081,-75.15067,17.0
3439,2026-03-29,7am-7pm,2.0,4.0,2.0,39.99033,-75.12759,15.0
3314,2025-07-20,7pm-7am,1.0,5.0,4.0,39.93682,-75.14492,17.0
3323,2025-03-08,7pm-7am,0.0,1.0,1.0,40.02796,-75.2277,18.0
3168,2024-09-16,7pm-7am,20.0,6.0,-14.0,,,
3118,2025-09-28,7am-7pm,7.0,5.0,-2.0,39.95866,-75.21323,20.0
3287,2025-04-19,7am-7pm,3.0,5.0,2.0,39.94367,-75.21606,16.0
3159,2025-10-15,7am-7pm,29.0,26.0,-3.0,39.95121,-75.19962,23.0
3325,2024-07-29,7am-7pm,4.0,5.0,1.0,39.9768,-75.12764,22.0
3297,2024-09-17,7am-7pm,11.0,15.0,4.0,39.95821,-75.16901,19.0
3106,2024-03-20,7am-7pm,0.0,1.0,1.0,39.99179,-75.18637,17.0
3125,2023-03-23,7am-7pm,9.0,10.0,1.0,39.94391,-75.16735,16.0
3300,2025-01-02,7pm-7am,2.0,3.0,1.0,39.95511,-75.16287,13.0
3025,2024-04-01,7am-7pm,9.0,10.0,1.0,39.93724,-75.1612,15.0
3409,2025-06-10,7pm-7am,1.0,4.0,3.0,39.95508,-75.15128,20.0
3196,2024-06-03,7pm-7am,0.0,1.0,1.0,39.98717,-75.17477,17.0
3287,2024-08-24,7am-7pm,4.0,3.0,-1.0,39.94367,-75.21606,16.0
3382,2025-09-30,7pm-7am,11.0,9.0,-2.0,39.95038,-75.17309,11.0
3297,2024-12-18,7pm-7am,2.0,2.0,0.0,39.95821,-75.16901,19.0
3032,2023-07-28,7am-7pm,37.0,40.0,3.0,39.94527,-75.17971,20.0
3427,2025-10-30,7am-7pm,0.0,2.0,2.0,39.97961,-75.11844,14.0
3093,2025-07-11,7am-7pm,4.0,2.0,-2.0,39.98837,-75.18701,16.0
3077,2023-06-07,7pm-7am,2.0,3.0,1.0,39.97207,-75.16351,19.0
3341,2023-09-19,7pm-7am,3.0,6.0,3.0,39.98131,-75.12732,20.0
3039,2023-12-03,7am-7pm,4.0,4.0,0.0,39.97157,-75.15993,17.0
3114,2024-05-22,7am-7pm,21.0,16.0,-5.0,39.93775,-75.18012,17.0
3382,2024-11-01,7pm-7am,7.0,8.0,1.0,39.95038,-75.17309,11.0
3328,2024-02-16,7am-7pm,3.0,3.0,0.0,39.98798,-75.1995,23.0
3246,2023-04-03,7am-7pm,3.0,2.0,-1.0,39.94782,-75.22301,17.0
3237,2024-04-05,7pm-7am,3.0,3.0,0.0,39.91717,-75.17096,21.0
3098,2024-12-09,7am-7pm,14.0,8.0,-6.0,39.93431,-75.16042,19.0
3203,2025-05-16,7pm-7am,9.0,7.0,-2.0,39.94077,-75.17227,20.0
3393,2025-12-09,7pm-7am,0.0,2.0,2.0,39.96727,-75.13999,18.0
3096,2025-06-05,7am-7pm,1.0,1.0,0.0,39.99119,-75.17975,14.0
3286,2024-12-13,7pm-7am,3.0,2.0,-1.0,39.96409,-75.14769,22.0
3387,2025-06-17,7am-7pm,5.0,3.0,-2.0,39.97012,-75.14666,19.0
3010,2025-02-23,7am-7pm,16.0,21.0,5.0,39.94711,-75.16618,22.0
3271,2024-10-18,7am-7pm,2.0,2.0,0.0,39.9476,-75.22946,18.0
3102,2023-12-06,7am-7pm,11.0,13.0,2.0,39.96759,-75.17952,26.0
3050,2023-05-19,7am-7pm,15.0,16.0,1.0,,,
3342,2024-02-08,7pm-7am,0.0,3.0,3.0,39.9639,-75.17385,20.0
3161,2024-02-12,7am-7pm,11.0,11.0,0.0,39.95486,-75.18091,23.0
3250,2024-01-07,7am-7pm,1.0,1.0,0.0,39.95673,-75.14575,17.0
3169,2025-10-22,7am-7pm,19.0,15.0,-4.0,39.95382,-75.14263,17.0
3287,2024-01-15,7pm-7am,0.0,1.0,1.0,39.94367,-75.21606,16.0
3321,2025-10-11,7pm-7am,5.0,4.0,-1.0,39.95485,-75.17298,21.0
3021,2024-11-22,7pm-7am,4.0,3.0,-1.0,39.9539,-75.16902,34.0
3361,2026-01-09,7pm-7am,1.0,5.0,4.0,39.93082,-75.17474,21.0
3305,2025-08-11,7pm-7am,1.0,0.0,-1.0,39.99569,-75.1671,11.0
3284,2024-06-22,7am-7pm,2.0,1.0,-1.0,40.01112,-75.19287,14.0
3235,2025-04-20,7pm-7am,6.0,3.0,-3.0,39.96,-75.1651,15.0
3334,2024-10-04,7am-7pm,12.0,9.0,-3.0,39.9302,-75.15636,19.0
3163,2024-08-22,7am-7pm,26.0,33.0,7.0,39.94974,-75.18097,22.0
3237,2024-12-26,7pm-7am,0.0,1.0,1.0,39.91717,-75.17096,21.0
3114,2023-10-21,7am-7pm,12.0,11.0,-1.0,39.93775,-75.18012,17.0
3046,2024-02-23,7pm-7am,4.0,5.0,1.0,,,
3068,2025-12-01,7am-7pm,11.0,10.0,-1.0,39.93549,-75.16711,18.0
3183,2024-06-13,7am-7pm,9.0,8.0,-1.0,39.88994,-75.17679,20.0
3369,2024-11-17,7pm-7am,0.0,2.0,2.0,40.00772,-75.19194,16.0
3414,2026-03-11,7am-7pm,3.0,4.0,1.0,39.93922,-75.22347,13.0
3018,2023-10-28,7pm-7am,6.0,3.0,-3.0,39.95273,-75.15979,18.0
3237,2024-04-29,7pm-7am,4.0,4.0,0.0,39.91717,-75.17096,21.0
3026,2023-12-10,7am-7pm,14.0,11.0,-3.0,39.94182,-75.1455,17.0
3382,2024-08-28,7pm-7am,6.0,5.0,-1.0,39.95038,-75.17309,11.0
3254,2023-09-21,7pm-7am,0.0,2.0,2.0,39.98091,-75.16065,18.0
3267,2024-11-13,7am-7pm,1.0,5.0,4.0,39.918,-75.1796,12.0
3368,2025-12-10,7pm-7am,0.0,2.0,2.0,39.97647,-75.17362,17.0
3314,2024-03-30,7pm-7am,4.0,1.0,-3.0,39.93682,-75.14492,17.0
3340,2024-06-30,7am-7pm,7.0,7.0,0.0,39.96906,-75.18169,17.0
3015,2023-04-08,7am-7pm,4.0,6.0,2.0,39.94735,-75.14886,11.0
3297,2024-05-27,7am-7pm,3.0,3.0,0.0,39.95821,-75.16901,19.0
3244,2023-07-20,7pm-7am,11.0,13.0,2.0,,,
3324,2024-08-11,7am-7pm,12.0,12.0,0.0,39.99484,-75.19242,23.0
3053,2023-06-30,7am-7pm,12.0,12.0,0.0,39.93231,-75.18154,19.0
3120,2023-12-12,7am-7pm,8.0,12.0,4.0,39.97522,-75.18669,19.0
3207,2023-01-03,7pm-7am,1.0,2.0,1.0,39.95441,-75.192,20.0
3055,2025-11-20,7am-7pm,22.0,23.0,1.0,39.95112,-75.15457,15.0
3212,2023-10-11,7pm-7am,1.0,3.0,2.0,39.96383,-75.18177,32.0
3407,2025-10-11,7pm-7am,2.0,0.0,-2.0,39.9785,-75.13911,15.0
3025,2023-03-13,7pm-7am,1.0,1.0,0.0,39.93724,-75.1612,15.0
3093,2026-03-11,7am-7pm,1.0,1.0,0.0,39.98837,-75.18701,16.0
3101,2023-08-23,7pm-7am,14.0,12.0,-2.0,39.94295,-75.15955,18.0
3040,2023-03-06,7am-7pm,15.0,10.0,-5.0,39.96289,-75.16606,21.0
3237,2024-12-15,7pm-7am,2.0,0.0,-2.0,39.91717,-75.17096,21.0
3107,2024-10-13,7pm-7am,0.0,6.0,6.0,39.98203,-75.18866,18.0
3253,2023-06-28,7am-7pm,4.0,3.0,-1.0,39.93074,-75.18924,21.0
3325,2025-04-18,7am-7pm,9.0,6.0,-3.0,39.9768,-75.12764,22.0
3303,2025-04-14,7pm-7am,1.0,0.0,-1.0,39.9559,-75.2053,20.0
3243,2024-01-10,7pm-7am,1.0,1.0,0.0,39.9835,-75.14743,12.0
3182,2025-05-12,7am-7pm,13.0,20.0,7.0,,,
3398,2026-03-10,7am-7pm,2.0,4.0,2.0,39.91551,-75.15474,15.0
3249,2023-03-19,7pm-7am,2.0,1.0,-1.0,39.95784,-75.19079,22.0
3184,2024-11-07,7am-7pm,9.0,14.0,5.0,39.94573,-75.19551,22.0
3072,2025-04-11,7am-7pm,4.0,5.0,1.0,39.93445,-75.14541,25.0
3067,2023-05-15,7pm-7am,0.0,2.0,2.0,39.96411,-75.19973,17.0
3033,2025-10-17,7am-7pm,29.0,24.0,-5.0,39.95005,-75.15672,20.0
3310,2025-09-26,7pm-7am,0.0,2.0,2.0,39.98024,-75.18651,15.0
3385,2025-07-22,7pm-7am,1.0,1.0,0.0,39.94974,-75.15424,15.0
3017,2025-06-04,7pm-7am,2.0,8.0,6.0,39.98003,-75.14371,15.0
3322,2024-05-11,7pm-7am,4.0,2.0,-2.0,39.93638,-75.15526,13.0
3200,2025-11-11,7am-7pm,7.0,6.0,-1.0,39.97583,-75.16846,17.0
3273,2023-11-21,7am-7pm,2.0,0.0,-2.0,,,
3287,2024-11-24,7am-7pm,4.0,0.0,-4.0,39.94367,-75.21606,16.0
3332,2024-10-07,7pm-7am,0.0,1.0,1.0,40.00537,-75.18143,12.0
3363,2025-11-19,7pm-7am,15.0,11.0,-4.0,39.94655,-75.16263,17.0
3213,2025-12-29,7pm-7am,4.0,8.0,4.0,39.93887,-75.16663,25.0
3024,2025-02-23,7am-7pm,3.0,2.0,-1.0,39.94822,-75.20908,19.0
3162,2024-07-25,7am-7pm,23.0,27.0,4.0,39.94595,-75.18475,34.0
3123,2024-06-21,7am-7pm,4.0,4.0,0.0,39.98004,-75.17088,16.0
3294,2024-06-23,7am-7pm,21.0,20.0,-1.0,39.95174,-75.17063,21.0
3088,2023-08-16,7am-7pm,11.0,10.0,-1.0,39.96984,-75.1418,35.0
3207,2024-02-07,7am-7pm,18.0,19.0,1.0,39.95441,-75.192,20.0
3365,2025-12-19,7am-7pm,8.0,4.0,-4.0,39.96173,-75.18788,17.0
3235,2023-01-30,7am-7pm,6.0,5.0,-1.0,39.96,-75.1651,15.0
3185,2026-03-15,7pm-7am,11.0,6.0,-5.0,39.95169,-75.15888,21.0
3319,2026-01-05,7pm-7am,2.0,0.0,-2.0,39.96672,-75.12964,16.0
3054,2023-09-14,7pm-7am,18.0,16.0,-2.0,39.9625,-75.1742,35.0
3210,2025-08-04,7am-7pm,7.0,10.0,3.0,39.98492,-75.15668,18.0
3021,2026-02-11,7am-7pm,16.0,23.0,7.0,39.9539,-75.16902,34.0
3235,2023-01-05,7am-7pm,7.0,5.0,-2.0,39.96,-75.1651,15.0
3050,2023-07-09,7pm-7am,1.0,0.0,-1.0,,,
3431,2026-03-15,7am-7pm,0.0,1.0,1.0,39.96239,-75.24522,15.0
3017,2025-02-04,7am-7pm,8.0,3.0,-5.0,39.98003,-75.14371,15.0
3159,2023-05-15,7am-7pm,12.0,14.0,2.0,39.95121,-75.19962,23.0
3075,2024-02-10,7pm-7am,2.0,3.0,1.0,39.96718,-75.16125,12.0
3208,2025-10-08,7am-7pm,47.0,34.0,-13.0,39.95048,-75.19324,28.0
3067,2025-10-06,7am-7pm,4.0,5.0,1.0,39.96411,-75.19973,17.0
3235,2023-09-24,7am-7pm,7.0,5.0,-2.0,39.96,-75.1651,15.0
3166,2025-08-28,7am-7pm,14.0,12.0,-2.0,39.97195,-75.13445,22.0
3253,2023-10-30,7pm-7am,2.0,3.0,1.0,39.93074,-75.18924,21.0
3200,2024-04-14,7pm-7am,2.0,4.0,2.0,39.97583,-75.16846,17.0
3296,2025-09-11,7am-7pm,35.0,34.0,-1.0,39.95134,-75.16758,21.0
3257,2024-08-25,7am-7pm,3.0,3.0,0.0,,,
3338,2024-11-06,7pm-7am,0.0,1.0,1.0,39.95098,-75.23035,21.0
3318,2025-05-05,7pm-7am,7.0,1.0,-6.0,39.95182,-75.16395,20.0
3363,2025-03-01,7am-7pm,9.0,9.0,0.0,39.94655,-75.16263,17.0
3263,2023-04-20,7pm-7am,1.0,2.0,1.0,39.9586,-75.2081,18.0
3375,2024-12-23,7am-7pm,3.0,4.0,1.0,39.96036,-75.1402,22.0
3332,2024-03-07,7am-7pm,2.0,2.0,0.0,40.00537,-75.18143,12.0
3300,2025-12-03,7am-7pm,12.0,10.0,-2.0,39.95511,-75.16287,13.0
3207,2023-08-07,7am-7pm,22.0,25.0,3.0,39.95441,-75.192,20.0
3241,2023-09-02,7am-7pm,3.0,1.0,-2.0,39.95225,-75.22637,20.0
3097,2024-06-29,7pm-7am,2.0,6.0,4.0,39.97888,-75.13339,18.0
3153,2023-06-04,7am-7pm,7.0,3.0,-4.0,,,
3018,2026-02-11,7am-7pm,16.0,14.0,-2.0,39.95273,-75.15979,18.0
3031,2025-04-07,7pm-7am,6.0,7.0,1.0,39.98005,-75.15522,21.0
3257,2023-11-19,7pm-7am,1.0,3.0,2.0,,,
3209,2025-11-15,7am-7pm,14.0,10.0,-4.0,39.949,-75.21278,14.0
3316,2025-10-12,7pm-7am,0.0,2.0,2.0,39.92255,-75.17337,19.0
3098,2023-05-24,7pm-7am,8.0,8.0,0.0,39.93431,-75.16042,19.0
3104,2024-05-13,7pm-7am,5.0,4.0,-1.0,39.96664,-75.19209,13.0
3376,2024-05-22,7pm-7am,0.0,2.0,2.0,39.97183,-75.14878,8.0
3246,2025-04-10,7pm-7am,1.0,1.0,0.0,39.94782,-75.22301,17.0
3292,2023-07-10,7pm-7am,1.0,0.0,-1.0,39.92,-75.1562,17.0
3267,2024-07-08,7pm-7am,1.0,3.0,2.0,39.918,-75.1796,12.0
3338,2025-08-04,7pm-7am,1.0,0.0,-1.0,39.95098,-75.23035,21.0
3248,2026-02-25,7am-7pm,4.0,6.0,2.0,39.94213,-75.18335,22.0
3021,2025-12-25,7am-7pm,3.0,4.0,1.0,39.9539,-75.16902,34.0
3308,2024-08-06,7pm-7am,4.0,0.0,-4.0,,,
3061,2023-12-12,7pm-7am,13.0,2.0,-11.0,,,
3400,2026-02-07,7pm-7am,8.0,1.0,-7.0,39.949,-75.16081,18.0
3292,2023-08-30,7am-7pm,6.0,8.0,2.0,39.92,-75.1562,17.0
3102,2023-11-26,7am-7pm,11.0,7.0,-4.0,39.96759,-75.17952,26.0
3203,2025-07-13,7am-7pm,24.0,19.0,-5.0,39.94077,-75.17227,20.0
3102,2025-07-25,7am-7pm,26.0,20.0,-6.0,39.96759,-75.17952,26.0
3258,2025-02-28,7pm-7am,1.0,2.0,1.0,39.95828,-75.22424,20.0
3271,2024-12-18,7am-7pm,0.0,1.0,1.0,39.9476,-75.22946,18.0
3381,2026-03-15,7pm-7am,1.0,1.0,0.0,39.94845,-75.21807,13.0
3354,2024-12-14,7am-7pm,1.0,0.0,-1.0,39.95628,-75.2387,18.0
3052,2025-08-23,7pm-7am,5.0,6.0,1.0,39.94732,-75.15695,25.0
3292,2023-11-09,7pm-7am,2.0,2.0,0.0,39.92,-75.1562,17.0
3162,2024-06-10,7pm-7am,10.0,9.0,-1.0,39.94595,-75.18475,34.0
3007,2024-10-23,7pm-7am,17.0,13.0,-4.0,39.94517,-75.15993,20.0
3115,2025-10-13,7pm-7am,0.0,1.0,1.0,39.97263,-75.16757,18.0
3047,2025-02-22,7pm-7am,2.0,2.0,0.0,39.95073,-75.14947,20.0
3019,2025-05-01,7am-7pm,8.0,9.0,1.0,39.95403,-75.14983,15.0
3024,2025-11-06,7am-7pm,5.0,6.0,1.0,39.94822,-75.20908,19.0
3058,2025-03-07,7pm-7am,3.0,4.0,1.0,,,
3066,2025-04-08,7am-7pm,26.0,20.0,-6.0,39.94561,-75.17348,29.0
3028,2023-01-19,7am-7pm,12.0,11.0,-1.0,39.94061,-75.14958,15.0
3037,2026-02-06,7am-7pm,7.0,5.0,-2.0,39.95424,-75.16138,21.0
3337,2025-10-03,7pm-7am,4.0,5.0,1.0,39.97318,-75.14612,15.0
3021,2025-06-05,7am-7pm,35.0,35.0,0.0,39.9539,-75.16902,34.0
3159,2024-06-12,7am-7pm,32.0,34.0,2.0,39.95121,-75.19962,23.0
3183,2024-11-25,7pm-7am,2.0,1.0,-1.0,39.88994,-75.17679,20.0
3267,2026-01-19,7am-7pm,0.0,1.0,1.0,39.918,-75.1796,12.0
3162,2023-12-08,7am-7pm,8.0,12.0,4.0,39.94595,-75.18475,34.0
3295,2023-06-04,7pm-7am,29.0,24.0,-5.0,39.95028,-75.16027,21.0
3029,2023-12-05,7pm-7am,5.0,1.0,-4.0,39.9538,-75.19479,17.0
3156,2025-02-23,7am-7pm,5.0,6.0,1.0,39.95381,-75.17407,22.0
3114,2023-05-31,7pm-7am,4.0,4.0,0.0,39.93775,-75.18012,17.0
3204,2024-02-23,7pm-7am,3.0,2.0,-1.0,39.96437,-75.16582,22.0
3163,2025-05-16,7am-7pm,19.0,22.0,3.0,39.94974,-75.18097,22.0
3038,2024-02-01,7am-7pm,29.0,29.0,0.0,39.94781,-75.19409,28.0
3035,2024-03-14,7pm-7am,2.0,7.0,5.0,39.96271,-75.19419,20.0
3261,2024-05-24,7pm-7am,2.0,8.0,6.0,39.96304,-75.14099,17.0
3067,2023-01-04,7am-7pm,3.0,1.0,-2.0,39.96411,-75.19973,17.0
3255,2023-11-07,7pm-7am,3.0,6.0,3.0,39.95095,-75.16438,15.0
3018,2025-06-22,7pm-7am,10.0,4.0,-6.0,39.95273,-75.15979,18.0
3040,2023-10-19,7pm-7am,4.0,3.0,-1.0,39.96289,-75.16606,21.0
3034,2023-04-11,7pm-7am,6.0,8.0,2.0,39.93315,-75.16248,16.0
3266,2024-04-29,7am-7pm,7.0,9.0,2.0,39.9237,-75.14701,22.0
3336,2024-07-14,7am-7pm,4.0,5.0,1.0,39.95719,-75.19388,20.0
3009,2023-03-08,7am-7pm,16.0,14.0,-2.0,39.95576,-75.18982,14.0
3116,2024-07-20,7pm-7am,7.0,4.0,-3.0,39.96006,-75.17198,21.0
3049,2023-03-18,7am-7pm,22.0,16.0,-6.0,39.94509,-75.1425,29.0
3331,2023-11-11,7pm-7am,1.0,2.0,1.0,39.97116,-75.12813,20.0
3097,2026-01-09,7am-7pm,8.0,8.0,0.0,39.97888,-75.13339,18.0
3008,2026-02-10,7am-7pm,7.0,7.0,0.0,39.98081,-75.15067,17.0
3261,2026-01-30,7pm-7am,0.0,1.0,1.0,39.96304,-75.14099,17.0
3382,2024-08-14,7am-7pm,16.0,23.0,7.0,39.95038,-75.17309,11.0
3256,2024-05-29,7am-7pm,27.0,32.0,5.0,39.95269,-75.17779,23.0
3015,2025-02-08,7pm-7am,0.0,1.0,1.0,39.94735,-75.14886,11.0
3104,2025-12-25,7pm-7am,0.0,1.0,1.0,39.96664,-75.19209,13.0
3022,2023-03-28,7am-7pm,17.0,18.0,1.0,39.95472,-75.18323,21.0
3072,2026-02-14,7pm-7am,4.0,1.0,-3.0,39.93445,-75.14541,25.0
3252,2023-06-14,7am-7pm,3.0,5.0,2.0,39.93882,-75.19324,14.0
3099,2023-10-20,7pm-7am,3.0,2.0,-1.0,39.93401,-75.15094,19.0
3409,2025-05-10,7am-7pm,5.0,7.0,2.0,39.95508,-75.15128,20.0
3263,2023-04-13,7pm-7am,0.0,4.0,4.0,39.9586,-75.2081,18.0
3120,2024-02-26,7am-7pm,10.0,11.0,1.0,39.97522,-75.18669,19.0
3211,2024-07-23,7am-7pm,9.0,4.0,-5.0,39.97172,-75.1706,22.0
3298,2024-09-27,7am-7pm,3.0,1.0,-2.0,39.94717,-75.20691,15.0
3150,2023-05-28,7pm-7am,3.0,4.0,1.0,39.92884,-75.17021,17.0
3067,2024-08-27,7am-7pm,6.0,3.0,-3.0,39.96411,-75.19973,17.0
3369,2024-09-30,7pm-7am,1.0,2.0,1.0,40.00772,-75.19194,16.0
3359,2026-03-12,7am-7pm,13.0,18.0,5.0,39.94888,-75.16978,29.0
3183,2023-03-14,7pm-7am,1.0,1.0,0.0,39.88994,-75.17679,20.0
3318,2025-05-06,7am-7pm,24.0,24.0,0.0,39.95182,-75.16395,20.0
3205,2024-07-24,7am-7pm,18.0,19.0,1.0,39.95405,-75.16783,22.0
3155,2024-09-02,7pm-7am,4.0,3.0,-1.0,39.94018,-75.15442,18.0
3169,2023-04-13,7am-7pm,14.0,14.0,0.0,39.95382,-75.14263,17.0
3056,2024-06-28,7pm-7am,6.0,7.0,1.0,39.97669,-75.15813,22.0
3303,2023-07-18,7am-7pm,5.0,3.0,-2.0,39.9559,-75.2053,20.0
3097,2025-11-05,7am-7pm,8.0,11.0,3.0,39.97888,-75.13339,18.0
3059,2024-03-27,7pm-7am,4.0,6.0,2.0,39.96244,-75.16121,21.0
3072,2025-09-04,7am-7pm,13.0,17.0,4.0,39.93445,-75.14541,25.0
3086,2024-10-27,7pm-7am,3.0,3.0,0.0,39.94019,-75.16691,21.0
3032,2024-05-08,7am-7pm,51.0,52.0,1.0,39.94527,-75.17971,20.0
3205,2025-03-08,7am-7pm,8.0,11.0,3.0,39.95405,-75.16783,22.0
3201,2026-01-19,7pm-7am,0.0,2.0,2.0,39.95523,-75.1662,20.0
3104,2023-10-24,7am-7pm,10.0,13.0,3.0,39.96664,-75.19209,13.0
3296,2025-02-25,7pm-7am,8.0,6.0,-2.0,39.95134,-75.16758,21.0
3028,2025-08-05,7am-7pm,33.0,39.0,6.0,39.94061,-75.14958,15.0
3261,2026-01-02,7am-7pm,7.0,7.0,0.0,39.96304,-75.14099,17.0
3272,2025-10-18,7pm-7am,1.0,0.0,-1.0,39.96405,-75.22048,13.0
3320,2025-11-04,7am-7pm,7.0,5.0,-2.0,39.9746,-75.15917,17.0
3382,2025-03-26,7am-7pm,12.0,16.0,4.0,39.95038,-75.17309,11.0
3021,2023-04-13,7am-7pm,37.0,37.0,0.0,39.9539,-75.16902,34.0
3255,2025-09-20,7am-7pm,32.0,34.0,2.0,39.95095,-75.16438,15.0
3086,2023-07-31,7pm-7am,4.0,6.0,2.0,39.94019,-75.16691,21.0
3097,2023-10-18,7am-7pm,10.0,12.0,2.0,39.97888,-75.13339,18.0
3301,2024-02-29,7pm-7am,6.0,6.0,0.0,39.95029,-75.17126,15.0
3238,2024-03-05,7am-7pm,12.0,11.0,-1.0,39.97674,-75.11995,11.0
3015,2024-03-25,7pm-7am,2.0,1.0,-1.0,39.94735,-75.14886,11.0
3362,2025-04-02,7pm-7am,12.0,7.0,-5.0,39.94816,-75.16226,19.0
3032,2024-01-12,7pm-7am,4.0,5.0,1.0,39.94527,-75.17971,20.0
3361,2025-02-21,7am-7pm,7.0,8.0,1.0,39.93082,-75.17474,21.0
3436,2026-01-07,7am-7pm,2.0,1.0,-1.0,39.98287,-75.10121,13.0
3033,2024-09-15,7am-7pm,18.0,18.0,0.0,39.95005,-75.15672,20.0
3071,2023-09-28,7am-7pm,11.0,12.0,1.0,,,
3244,2023-09-05,7pm-7am,6.0,10.0,4.0,,,
3341,2023-12-13,7am-7pm,7.0,1.0,-6.0,39.98131,-75.12732,20.0
3029,2024-03-18,7am-7pm,28.0,26.0,-2.0,39.9538,-75.19479,17.0
3110,2023-08-17,7pm-7am,7.0,1.0,-6.0,39.96175,-75.13641,19.0
3021,2024-01-01,7am-7pm,6.0,6.0,0.0,39.9539,-75.16902,34.0
3062,2025-11-25,7pm-7am,1.0,3.0,2.0,,,
3241,2025-01-06,7am-7pm,0.0,2.0,2.0,39.95225,-75.22637,20.0
3265,2025-01-01,7am-7pm,3.0,5.0,2.0,39.95957,-75.19633,13.0
3068,2023-05-25,7pm-7am,7.0,11.0,4.0,39.93549,-75.16711,18.0
3287,2023-12-31,7pm-7am,1.0,0.0,-1.0,39.94367,-75.21606,16.0
3363,2026-03-19,7am-7pm,11.0,10.0,-1.0,39.94655,-75.16263,17.0
3245,2024-07-14,7pm-7am,1.0,1.0,0.0,39.97887,-75.15777,20.0
3317,2023-04-03,7am-7pm,0.0,1.0,1.0,,,
3314,2023-10-08,7am-7pm,6.0,5.0,-1.0,39.93682,-75.14492,17.0
3267,2023-05-31,7am-7pm,1.0,4.0,3.0,39.918,-75.1796,12.0
3252,2023-08-31,7am-7pm,6.0,7.0,1.0,39.93882,-75.19324,14.0
3409,2026-01-10,7pm-7am,0.0,1.0,1.0,39.95508,-75.15128,20.0
3276,2024-05-16,7am-7pm,5.0,5.0,0.0,39.96569,-75.15679,18.0
3181,2024-08-02,7am-7pm,1.0,0.0,-1.0,39.89629,-75.17514,20.0
3278,2025-04-30,7am-7pm,0.0,1.0,1.0,39.99301,-75.1681,11.0
3287,2023-06-17,7pm-7am,1.0,3.0,2.0,39.94367,-75.21606,16.0
3032,2024-08-14,7am-7pm,50.0,49.0,-1.0,39.94527,-75.17971,20.0
3037,2026-01-31,7am-7pm,4.0,6.0,2.0,39.95424,-75.16138,21.0
3096,2024-02-05,7am-7pm,1.0,1.0,0.0,39.99119,-75.17975,14.0
3368,2025-08-03,7am-7pm,3.0,0.0,-3.0,39.97647,-75.17362,17.0
3294,2023-08-31,7am-7pm,7.0,22.0,15.0,39.95174,-75.17063,21.0
3344,2024-02-08,7am-7pm,2.0,2.0,0.0,39.95961,-75.23354,23.0
3014,2025-07-11,7am-7pm,7.0,6.0,-1.0,39.95886,-75.17369,25.0
3396,2025-04-05,7pm-7am,1.0,1.0,0.0,39.92327,-75.1821,16.0
3014,2026-01-20,7am-7pm,3.0,1.0,-2.0,39.95886,-75.17369,25.0
3120,2023-02-07,7pm-7am,2.0,3.0,1.0,39.97522,-75.18669,19.0
3272,2023-06-04,7am-7pm,4.0,4.0,0.0,39.96405,-75.22048,13.0
3369,2025-07-13,7am-7pm,9.0,5.0,-4.0,40.00772,-75.19194,16.0
3099,2025-12-29,7pm-7am,2.0,2.0,0.0,39.93401,-75.15094,19.0
3349,2026-01-06,7am-7pm,2.0,3.0,1.0,39.93651,-75.18621,17.0
3120,2025-04-22,7pm-7am,8.0,6.0,-2.0,39.97522,-75.18669,19.0
3022,2024-10-04,7pm-7am,13.0,15.0,2.0,39.95472,-75.18323,21.0
3205,2023-04-12,7pm-7am,2.0,4.0,2.0,39.95405,-75.16783,22.0
3249,2025-01-05,7pm-7am,1.0,1.0,0.0,39.95784,-75.19079,22.0
3281,2023-11-03,7am-7pm,3.0,1.0,-2.0,39.9323,-75.2162,15.0
3272,2026-03-12,7pm-7am,1.0,0.0,-1.0,39.96405,-75.22048,13.0
3291,2024-09-09,7am-7pm,1.0,1.0,0.0,40.01022,-75.197,15.0
3263,2024-06-29,7am-7pm,2.0,3.0,1.0,39.9586,-75.2081,18.0
3031,2024-09-28,7am-7pm,5.0,9.0,4.0,39.98005,-75.15522,21.0
3211,2024-06-20,7am-7pm,7.0,10.0,3.0,39.97172,-75.1706,22.0
3008,2024-09-06,7pm-7am,2.0,5.0,3.0,39.98081,-75.15067,17.0
3211,2026-03-22,7pm-7am,1.0,3.0,2.0,39.97172,-75.1706,22.0
3020,2025-03-30,7am-7pm,13.0,15.0,2.0,39.94855,-75.19007,36.0
3251,2024-11-20,7pm-7am,1.0,2.0,1.0,39.93366,-75.19319,16.0
3058,2024-11-01,7am-7pm,25.0,18.0,-7.0,,,
3292,2026-02-09,7pm-7am,2.0,0.0,-2.0,39.92,-75.1562,17.0
3158,2023-01-07,7pm-7am,1.0,2.0,1.0,39.92552,-75.16904,15.0
3203,2024-02-09,7am-7pm,24.0,13.0,-11.0,39.94077,-75.17227,20.0
3298,2023-10-21,7pm-7am,0.0,1.0,1.0,39.94717,-75.20691,15.0
3251,2023-03-15,7pm-7am,1.0,1.0,0.0,39.93366,-75.19319,16.0
3075,2025-08-05,7am-7pm,16.0,17.0,1.0,39.96718,-75.16125,12.0
3236,2024-10-15,7am-7pm,11.0,7.0,-4.0,39.96566,-75.17765,18.0
3237,2023-10-20,7pm-7am,3.0,0.0,-3.0,39.91717,-75.17096,21.0
3299,2024-10-30,7am-7pm,22.0,23.0,1.0,39.94332,-75.15698,22.0
3031,2024-08-25,7am-7pm,10.0,13.0,3.0,39.98005,-75.15522,21.0
3245,2024-09-24,7am-7pm,16.0,15.0,-1.0,39.97887,-75.15777,20.0
3397,2025-12-07,7am-7pm,10.0,9.0,-1.0,39.93906,-75.17824,15.0
3252,2025-04-11,7am-7pm,2.0,4.0,2.0,39.93882,-75.19324,14.0
3104,2025-12-30,7am-7pm,2.0,3.0,1.0,39.96664,-75.19209,13.0
3102,2023-09-08,7am-7pm,16.0,14.0,-2.0,39.96759,-75.17952,26.0
3343,2024-09-13,7am-7pm,15.0,14.0,-1.0,,,
3181,2025-10-17,7pm-7am,5.0,6.0,1.0,39.89629,-75.17514,20.0
3153,2023-03-22,7am-7pm,2.0,3.0,1.0,,,
3251,2025-10-10,7am-7pm,2.0,1.0,-1.0,39.93366,-75.19319,16.0
3047,2025-03-07,7am-7pm,5.0,5.0,0.0,39.95073,-75.14947,20.0
3276,2024-09-04,7am-7pm,9.0,15.0,6.0,39.96569,-75.15679,18.0
3336,2023-06-28,7pm-7am,1.0,2.0,1.0,39.95719,-75.19388,20.0
3343,2024-04-23,7pm-7am,0.0,2.0,2.0,,,
3102,2025-03-18,7am-7pm,34.0,16.0,-18.0,39.96759,-75.17952,26.0
3182,2025-06-08,7pm-7am,5.0,0.0,-5.0,,,
3006,2025-03-30,7pm-7am,6.0,5.0,-1.0,39.9522,-75.20311,17.0
3298,2024-07-29,7am-7pm,5.0,3.0,-2.0,39.94717,-75.20691,15.0
3168,2023-09-09,7am-7pm,39.0,33.0,-6.0,,,
3275,2024-10-16,7am-7pm,9.0,9.0,0.0,39.97576,-75.12157,22.0
3344,2025-04-11,7am-7pm,1.0,0.0,-1.0,39.95961,-75.23354,23.0
3265,2025-06-17,7am-7pm,7.0,4.0,-3.0,39.95957,-75.19633,13.0
3263,2025-04-21,7am-7pm,4.0,3.0,-1.0,39.9586,-75.2081,18.0
3073,2023-08-17,7pm-7am,9.0,6.0,-3.0,39.96143,-75.15242,15.0
3208,2026-01-08,7pm-7am,4.0,8.0,4.0,39.95048,-75.19324,28.0
3101,2023-12-16,7am-7pm,27.0,24.0,-3.0,39.94295,-75.15955,18.0
3152,2025-07-28,7am-7pm,4.0,1.0,-3.0,39.94993,-75.20286,17.0
3256,2025-05-26,7am-7pm,46.0,40.0,-6.0,39.95269,-75.17779,23.0
3275,2023-04-16,7pm-7am,1.0,2.0,1.0,39.97576,-75.12157,22.0
3053,2025-09-23,7am-7pm,28.0,30.0,2.0,39.93231,-75.18154,19.0
3026,2023-06-11,7am-7pm,29.0,36.0,7.0,39.94182,-75.1455,17.0
3159,2025-06-09,7am-7pm,22.0,17.0,-5.0,39.95121,-75.19962,23.0
3098,2025-11-07,7am-7pm,13.0,16.0,3.0,39.93431,-75.16042,19.0
3250,2024-03-01,7pm-7am,0.0,2.0,2.0,39.95673,-75.14575,17.0
3155,2023-02-17,7am-7pm,6.0,6.0,0.0,39.94018,-75.15442,18.0
3300,2025-07-22,7am-7pm,14.0,17.0,3.0,39.95511,-75.16287,13.0
3266,2023-10-25,7pm-7am,5.0,3.0,-2.0,39.9237,-75.14701,22.0
3247,2023-05-29,7pm-7am,0.0,1.0,1.0,39.96538,-75.21514,16.0
3299,2024-11-24,7pm-7am,9.0,6.0,-3.0,39.94332,-75.15698,22.0
3207,2025-07-24,7pm-7am,3.0,0.0,-3.0,39.95441,-75.192,20.0
3422,2026-01-22,7am-7pm,5.0,7.0,2.0,39.95619,-75.18647,10.0
3123,2024-04-06,7am-7pm,5.0,4.0,-1.0,39.98004,-75.17088,16.0
3099,2024-08-25,7pm-7am,5.0,4.0,-1.0,39.93401,-75.15094,19.0
3320,2026-03-09,7am-7pm,4.0,3.0,-1.0,39.9746,-75.15917,17.0
3067,2025-10-15,7am-7pm,8.0,9.0,1.0,39.96411,-75.19973,17.0
3115,2024-09-29,7pm-7am,4.0,1.0,-3.0,39.97263,-75.16757,18.0
3074,2024-06-01,7pm-7am,4.0,6.0,2.0,39.95511,-75.20987,15.0
3365,2026-02-21,7pm-7am,4.0,5.0,1.0,39.96173,-75.18788,17.0
3110,2024-01-21,7am-7pm,0.0,1.0,1.0,39.96175,-75.13641,19.0
3110,2024-02-04,7am-7pm,5.0,5.0,0.0,39.96175,-75.13641,19.0
3310,2025-02-01,7am-7pm,3.0,4.0,1.0,39.98024,-75.18651,15.0
3068,2023-01-30,7am-7pm,10.0,14.0,4.0,39.93549,-75.16711,18.0
3099,2025-06-04,7pm-7am,2.0,5.0,3.0,39.93401,-75.15094,19.0
3030,2023-01-31,7am-7pm,7.0,8.0,1.0,,,
3096,2023-11-02,7am-7pm,2.0,0.0,-2.0,39.99119,-75.17975,14.0
3029,2023-02-23,7pm-7am,5.0,4.0,-1.0,39.9538,-75.19479,17.0
3200,2024-05-05,7pm-7am,0.0,2.0,2.0,39.97583,-75.16846,17.0
3205,2025-02-25,7am-7pm,22.0,12.0,-10.0,39.95405,-75.16783,22.0
3157,2023-06-18,7am-7pm,7.0,17.0,10.0,39.92545,-75.15954,18.0
3353,2024-10-27,7am-7pm,4.0,2.0,-2.0,40.00496,-75.15233,22.0
3292,2023-05-25,7pm-7am,0.0,3.0,3.0,39.92,-75.1562,17.0
3365,2025-05-03,7pm-7am,5.0,6.0,1.0,39.96173,-75.18788,17.0
3212,2023-11-02,7am-7pm,16.0,17.0,1.0,39.96383,-75.18177,32.0
3358,2023-11-26,7pm-7am,0.0,3.0,3.0,,,
3226,2025-11-05,7am-7pm,5.0,4.0,-1.0,39.98101,-75.13721,18.0
3063,2024-07-06,7pm-7am,4.0,8.0,4.0,39.94633,-75.1698,25.0
3019,2023-09-06,7am-7pm,13.0,10.0,-3.0,39.95403,-75.14983,15.0
3039,2024-08-22,7am-7pm,7.0,10.0,3.0,39.97157,-75.15993,17.0
3271,2026-01-22,7am-7pm,2.0,2.0,0.0,39.9476,-75.22946,18.0
3344,2026-03-04,7pm-7am,1.0,0.0,-1.0,39.95961,-75.23354,23.0
3049,2025-06-13,7pm-7am,9.0,8.0,-1.0,39.94509,-75.1425,29.0
3067,2024-05-06,7am-7pm,4.0,3.0,-1.0,39.96411,-75.19973,17.0
3304,2025-05-06,7pm-7am,10.0,8.0,-2.0,39.94234,-75.15399,21.0
3241,2024-03-11,7am-7pm,1.0,0.0,-1.0,39.95225,-75.22637,20.0
3200,2025-01-04,7am-7pm,0.0,1.0,1.0,39.97583,-75.16846,17.0
3209,2026-02-26,7am-7pm,10.0,8.0,-2.0,39.949,-75.21278,14.0
3022,2025-06-21,7pm-7am,12.0,13.0,1.0,39.95472,-75.18323,21.0
3342,2024-04-15,7am-7pm,25.0,18.0,-7.0,39.9639,-75.17385,20.0
3078,2023-08-10,7pm-7am,8.0,6.0,-2.0,39.95355,-75.17192,18.0
3295,2026-01-12,7pm-7am,5.0,6.0,1.0,39.95028,-75.16027,21.0
3241,2025-06-08,7pm-7am,1.0,1.0,0.0,39.95225,-75.22637,20.0
3411,2025-04-13,7pm-7am,2.0,1.0,-1.0,39.96693,-75.23359,15.0
3237,2024-09-01,7am-7pm,8.0,5.0,-3.0,39.91717,-75.17096,21.0
3067,2026-02-23,7am-7pm,1.0,0.0,-1.0,39.96411,-75.19973,17.0
3058,2023-05-27,7am-7pm,15.0,15.0,0.0,,,
3326,2024-09-09,7pm-7am,3.0,3.0,0.0,39.99198,-75.19944,17.0
3264,2024-01-08,7pm-7am,2.0,4.0,2.0,39.94571,-75.15508,23.0
3209,2024-02-11,7am-7pm,8.0,7.0,-1.0,39.949,-75.21278,14.0
3163,2023-03-17,7am-7pm,13.0,9.0,-4.0,39.94974,-75.18097,22.0
3321,2024-07-26,7pm-7am,2.0,5.0,3.0,39.95485,-75.17298,21.0
3327,2025-08-06,7am-7pm,4.0,5.0,1.0,39.97759,-75.12442,17.0
3275,2025-02-01,7pm-7am,2.0,1.0,-1.0,39.97576,-75.12157,22.0
3041,2024-05-17,7am-7pm,9.0,9.0,0.0,39.96849,-75.13546,26.0
3314,2023-08-07,7am-7pm,9.0,11.0,2.0,39.93682,-75.14492,17.0
3323,2023-10-04,7am-7pm,1.0,2.0,1.0,40.02796,-75.2277,18.0
3332,2024-09-15,7am-7pm,1.0,2.0,1.0,40.00537,-75.18143,12.0
3250,2024-05-24,7am-7pm,3.0,1.0,-2.0,39.95673,-75.14575,17.0
3208,2025-10-14,7pm-7am,5.0,8.0,3.0,39.95048,-75.19324,28.0
3049,2025-12-31,7pm-7am,1.0,8.0,7.0,39.94509,-75.1425,29.0
3033,2026-01-24,7am-7pm,6.0,6.0,0.0,39.95005,-75.15672,20.0
3264,2024-03-29,7pm-7am,5.0,7.0,2.0,39.94571,-75.15508,23.0
3034,2024-01-26,7pm-7am,6.0,5.0,-1.0,39.93315,-75.16248,16.0
3330,2023-08-12,7pm-7am,3.0,4.0,1.0,,,
3017,2023-03-24,7am-7pm,5.0,4.0,-1.0,39.98003,-75.14371,15.0
3347,2024-02-08,7am-7pm,4.0,6.0,2.0,,,
3072,2026-03-25,7am-7pm,14.0,9.0,-5.0,39.93445,-75.14541,25.0
3030,2025-12-19,7am-7pm,21.0,11.0,-10.0,,,
3212,2023-01-13,7am-7pm,0.0,2.0,2.0,39.96383,-75.18177,32.0
3324,2025-09-09,7pm-7am,3.0,2.0,-1.0,39.99484,-75.19242,23.0
3031,2024-10-13,7am-7pm,3.0,6.0,3.0,39.98005,-75.15522,21.0
3251,2025-08-09,7pm-7am,1.0,4.0,3.0,39.93366,-75.19319,16.0
3241,2023-04-27,7pm-7am,0.0,1.0,1.0,39.95225,-75.22637,20.0
3124,2023-05-02,7am-7pm,2.0,2.0,0.0,39.95367,-75.13956,17.0
3067,2024-11-02,7pm-7am,1.0,2.0,1.0,39.96411,-75.19973,17.0
3196,2024-07-29,7pm-7am,0.0,1.0,1.0,39.98717,-75.17477,17.0
3236,2025-06-12,7pm-7am,6.0,4.0,-2.0,39.96566,-75.17765,18.0
3335,2024-05-08,7pm-7am,4.0,6.0,2.0,40.02237,-75.218,18.0
3116,2023-05-27,7pm-7am,1.0,2.0,1.0,39.96006,-75.17198,21.0
3211,2024-09-16,7am-7pm,5.0,7.0,2.0,39.97172,-75.1706,22.0
3294,2024-01-30,7am-7pm,9.0,12.0,3.0,39.95174,-75.17063,21.0
3245,2025-07-06,7pm-7am,3.0,7.0,4.0,39.97887,-75.15777,20.0
3249,2024-10-01,7am-7pm,16.0,20.0,4.0,39.95784,-75.19079,22.0
3282,2023-10-22,7am-7pm,1.0,1.0,0.0,39.98628,-75.14925,15.0
3247,2025-10-14,7pm-7am,0.0,1.0,1.0,39.96538,-75.21514,16.0
3258,2024-08-29,7am-7pm,5.0,3.0,-2.0,39.95828,-75.22424,20.0
3005,2023-08-12,7pm-7am,7.0,3.0,-4.0,39.94733,-75.14403,13.0
3065,2025-04-30,7am-7pm,5.0,2.0,-3.0,39.9707,-75.15171,15.0
3292,2026-01-21,7am-7pm,5.0,4.0,-1.0,39.92,-75.1562,17.0
3039,2024-09-17,7pm-7am,7.0,3.0,-4.0,39.97157,-75.15993,17.0
3287,2025-07-25,7pm-7am,0.0,3.0,3.0,39.94367,-75.21606,16.0
3250,2023-02-23,7am-7pm,1.0,3.0,2.0,39.95673,-75.14575,17.0
3292,2025-02-09,7pm-7am,3.0,4.0,1.0,39.92,-75.1562,17.0
3266,2025-03-17,7am-7pm,8.0,6.0,-2.0,39.9237,-75.14701,22.0
3053,2025-10-09,7pm-7am,13.0,14.0,1.0,39.93231,-75.18154,19.0
3010,2024-05-03,7pm-7am,36.0,24.0,-12.0,39.94711,-75.16618,22.0
3261,2023-01-08,7am-7pm,6.0,3.0,-3.0,39.96304,-75.14099,17.0
3295,2023-11-19,7am-7pm,27.0,33.0,6.0,39.95028,-75.16027,21.0
3102,2023-01-15,7pm-7am,1.0,1.0,0.0,39.96759,-75.17952,26.0
3304,2024-08-11,7pm-7am,2.0,8.0,6.0,39.94234,-75.15399,21.0
3405,2025-08-29,7pm-7am,3.0,1.0,-2.0,39.94167,-75.16502,16.0
3039,2024-05-12,7pm-7am,3.0,3.0,0.0,39.97157,-75.15993,17.0
3166,2024-10-15,7am-7pm,11.0,9.0,-2.0,39.97195,-75.13445,22.0
3387,2025-12-19,7am-7pm,4.0,1.0,-3.0,39.97012,-75.14666,19.0
3392,2025-04-09,7am-7pm,3.0,1.0,-2.0,39.93633,-75.19447,13.0
3020,2025-03-27,7pm-7am,4.0,7.0,3.0,39.94855,-75.19007,36.0
3394,2026-03-02,7pm-7am,2.0,4.0,2.0,39.924,-75.16959,14.0
3261,2024-02-06,7am-7pm,4.0,5.0,1.0,39.96304,-75.14099,17.0
3043,2023-08-17,7am-7pm,20.0,24.0,4.0,,,
3362,2024-07-04,7am-7pm,32.0,26.0,-6.0,39.94816,-75.16226,19.0
3066,2025-10-30,7pm-7am,15.0,8.0,-7.0,39.94561,-75.17348,29.0
3182,2024-08-23,7pm-7am,7.0,11.0,4.0,,,
3356,2025-10-31,7pm-7am,0.0,1.0,1.0,39.89322,-75.17187,19.0
3057,2024-03-19,7pm-7am,2.0,13.0,11.0,39.96439,-75.17987,26.0
3209,2024-05-25,7pm-7am,3.0,3.0,0.0,39.949,-75.21278,14.0
3316,2023-09-07,7am-7pm,9.0,5.0,-4.0,39.92255,-75.17337,19.0
3033,2024-06-13,7pm-7am,4.0,9.0,5.0,39.95005,-75.15672,20.0
3019,2023-07-08,7am-7pm,1.0,7.0,6.0,39.95403,-75.14983,15.0
3018,2023-04-24,7am-7pm,24.0,20.0,-4.0,39.95273,-75.15979,18.0
3112,2025-02-25,7am-7pm,5.0,7.0,2.0,39.95373,-75.21825,18.0
3377,2024-07-31,7pm-7am,4.0,4.0,0.0,,,
3383,2024-12-01,7am-7pm,2.0,2.0,0.0,39.96634,-75.14222,19.0
3365,2025-04-25,7am-7pm,10.0,9.0,-1.0,39.96173,-75.18788,17.0
3152,2025-07-23,7am-7pm,2.0,1.0,-1.0,39.94993,-75.20286,17.0
3205,2023-12-11,7pm-7am,2.0,2.0,0.0,39.95405,-75.16783,22.0
3337,2024-12-24,7pm-7am,0.0,1.0,1.0,39.97318,-75.14612,15.0
3031,2023-12-21,7pm-7am,0.0,1.0,1.0,39.98005,-75.15522,21.0
3265,2025-09-25,7am-7pm,10.0,5.0,-5.0,39.95957,-75.19633,13.0
3297,2025-05-13,7pm-7am,4.0,7.0,3.0,39.95821,-75.16901,19.0
3119,2025-10-16,7am-7pm,4.0,4.0,0.0,39.96674,-75.20799,17.0
3257,2023-07-26,7am-7pm,6.0,4.0,-2.0,,,
3309,2023-08-28,7am-7pm,2.0,0.0,-2.0,,,
3020,2023-11-27,7pm-7am,11.0,8.0,-3.0,39.94855,-75.19007,36.0
3102,2025-07-08,7pm-7am,6.0,2.0,-4.0,39.96759,-75.17952,26.0
3243,2023-11-12,7pm-7am,1.0,0.0,-1.0,39.9835,-75.14743,12.0
3051,2023-06-23,7pm-7am,4.0,5.0,1.0,39.96744,-75.17507,37.0
3340,2025-09-18,7pm-7am,5.0,11.0,6.0,39.96906,-75.18169,17.0
3009,2023-03-09,7pm-7am,4.0,3.0,-1.0,39.95576,-75.18982,14.0
3305,2024-02-16,7am-7pm,2.0,3.0,1.0,39.99569,-75.1671,11.0
3110,2023-04-17,7pm-7am,2.0,5.0,3.0,39.96175,-75.13641,19.0
3431,2025-08-21,7pm-7am,2.0,4.0,2.0,39.96239,-75.24522,15.0
3062,2024-05-13,7am-7pm,16.0,14.0,-2.0,,,
3371,2024-01-22,7am-7pm,4.0,1.0,-3.0,39.9534,-75.1543,19.0
3347,2024-04-23,7pm-7am,5.0,2.0,-3.0,,,
3164,2024-05-01,7pm-7am,9.0,8.0,-1.0,39.92814,-75.16515,18.0
3430,2025-06-19,7am-7pm,1.0,0.0,-1.0,39.97408,-75.1801,14.0
3318,2025-10-25,7am-7pm,13.0,20.0,7.0,39.95182,-75.16395,20.0
3283,2023-08-09,7am-7pm,4.0,2.0,-2.0,,,
3104,2024-06-11,7am-7pm,7.0,7.0,0.0,39.96664,-75.19209,13.0
3257,2024-04-08,7pm-7am,1.0,5.0,4.0,,,
3344,2025-11-16,7am-7pm,3.0,2.0,-1.0,39.95961,-75.23354,23.0
3236,2025-03-29,7pm-7am,1.0,3.0,2.0,39.96566,-75.17765,18.0
3201,2023-11-09,7am-7pm,16.0,15.0,-1.0,39.95523,-75.1662,20.0
3350,2025-03-20,7am-7pm,1.0,1.0,0.0,39.99415,-75.15527,20.0
3078,2024-02-01,7am-7pm,22.0,23.0,1.0,39.95355,-75.17192,18.0
3066,2024-10-10,7am-7pm,32.0,36.0,4.0,39.94561,-75.17348,29.0
3294,2023-04-27,7pm-7am,20.0,14.0,-6.0,39.95174,-75.17063,21.0
3410,2025-09-29,7pm-7am,1.0,1.0,0.0,39.94201,-75.21838,11.0
3278,2023-01-02,7am-7pm,3.0,1.0,-2.0,39.99301,-75.1681,11.0
3032,2023-09-10,7pm-7am,7.0,4.0,-3.0,39.94527,-75.17971,20.0
3159,2024-10-24,7am-7pm,34.0,33.0,-1.0,39.95121,-75.19962,23.0
3422,2025-10-19,7pm-7am,2.0,1.0,-1.0,39.95619,-75.18647,10.0
3303,2024-09-19,7am-7pm,20.0,8.0,-12.0,39.9559,-75.2053,20.0
3012,2025-06-23,7am-7pm,20.0,14.0,-6.0,39.94218,-75.17747,27.0
3244,2024-11-10,7am-7pm,28.0,25.0,-3.0,,,
3422,2026-02-13,7am-7pm,4.0,2.0,-2.0,39.95619,-75.18647,10.0
3026,2024-01-23,7am-7pm,12.0,10.0,-2.0,39.94182,-75.1455,17.0
3338,2025-08-08,7pm-7am,2.0,2.0,0.0,39.95098,-75.23035,21.0
3257,2023-04-29,7am-7pm,4.0,3.0,-1.0,,,
3053,2024-01-21,7pm-7am,2.0,2.0,0.0,39.93231,-75.18154,19.0
3374,2025-03-14,7am-7pm,20.0,11.0,-9.0,39.9728,-75.17971,18.0
3038,2025-01-01,7pm-7am,6.0,4.0,-2.0,39.94781,-75.19409,28.0
3101,2024-04-02,7am-7pm,2.0,6.0,4.0,39.94295,-75.15955,18.0
3088,2023-09-08,7pm-7am,0.0,5.0,5.0,39.96984,-75.1418,35.0
3326,2024-03-25,7am-7pm,2.0,2.0,0.0,39.99198,-75.19944,17.0
3361,2024-08-17,7am-7pm,15.0,11.0,-4.0,39.93082,-75.17474,21.0
3185,2023-05-29,7pm-7am,10.0,11.0,1.0,39.95169,-75.15888,21.0
3387,2024-07-27,7am-7pm,6.0,6.0,0.0,39.97012,-75.14666,19.0
3168,2024-03-10,7pm-7am,6.0,6.0,0.0,,,
3100,2023-08-26,7pm-7am,8.0,11.0,3.0,39.92777,-75.15103,38.0
3282,2023-10-25,7pm-7am,1.0,1.0,0.0,39.98628,-75.14925,15.0
3287,2025-05-31,7pm-7am,1.0,2.0,1.0,39.94367,-75.21606,16.0
3150,2025-04-11,7am-7pm,2.0,3.0,1.0,39.92884,-75.17021,17.0
3061,2026-02-16,7am-7pm,15.0,6.0,-9.0,,,
3387,2025-07-23,7pm-7am,2.0,5.0,3.0,39.97012,-75.14666,19.0
3046,2023-09-07,7pm-7am,18.0,16.0,-2.0,,,
3245,2025-10-05,7am-7pm,13.0,13.0,0.0,39.97887,-75.15777,20.0
3247,2023-07-21,7am-7pm,2.0,1.0,-1.0,39.96538,-75.21514,16.0
3066,2024-09-23,7am-7pm,33.0,34.0,1.0,39.94561,-75.17348,29.0
3441,2026-02-06,7am-7pm,4.0,5.0,1.0,39.96305,-75.17454,5.0
3069,2023-02-08,7pm-7am,3.0,2.0,-1.0,39.93704,-75.15038,23.0
3055,2024-07-01,7pm-7am,5.0,6.0,1.0,39.95112,-75.15457,15.0
3276,2025-12-08,7am-7pm,4.0,2.0,-2.0,39.96569,-75.15679,18.0
3050,2023-01-04,7am-7pm,7.0,11.0,4.0,,,
3119,2023-04-25,7pm-7am,1.0,2.0,1.0,39.96674,-75.20799,17.0
3014,2025-04-08,7am-7pm,6.0,5.0,-1.0,39.95886,-75.17369,25.0
3355,2024-03-06,7am-7pm,3.0,1.0,-2.0,,,
3168,2024-11-22,7pm-7am,5.0,1.0,-4.0,,,
3201,2023-10-18,7am-7pm,22.0,20.0,-2.0,39.95523,-75.1662,20.0
3101,2023-01-02,7pm-7am,5.0,6.0,1.0,39.94295,-75.15955,18.0
3052,2024-12-19,7pm-7am,5.0,8.0,3.0,39.94732,-75.15695,25.0
3066,2025-09-26,7pm-7am,19.0,10.0,-9.0,39.94561,-75.17348,29.0
3051,2023-02-13,7am-7pm,8.0,6.0,-2.0,39.96744,-75.17507,37.0
3155,2023-10-08,7am-7pm,10.0,11.0,1.0,39.94018,-75.15442,18.0
3413,2026-01-03,7pm-7am,1.0,0.0,-1.0,39.97115,-75.21596,15.0
3039,2023-12-09,7pm-7am,6.0,2.0,-4.0,39.97157,-75.15993,17.0
3068,2025-08-25,7am-7pm,15.0,15.0,0.0,39.93549,-75.16711,18.0
3381,2025-09-15,7am-7pm,6.0,8.0,2.0,39.94845,-75.21807,13.0
3241,2023-12-04,7pm-7am,0.0,1.0,1.0,39.95225,-75.22637,20.0
3435,2025-09-30,7pm-7am,0.0,2.0,2.0,39.98451,-75.12348,13.0
3012,2023-06-04,7am-7pm,27.0,20.0,-7.0,39.94218,-75.17747,27.0
3333,2024-12-08,7am-7pm,3.0,6.0,3.0,39.9541,-75.16965,25.0
3072,2025-07-08,7pm-7am,3.0,2.0,-1.0,39.93445,-75.14541,25.0
3119,2023-06-26,7am-7pm,5.0,3.0,-2.0,39.96674,-75.20799,17.0
3363,2024-07-03,7am-7pm,17.0,22.0,5.0,39.94655,-75.16263,17.0
3286,2026-02-28,7pm-7am,1.0,1.0,0.0,39.96409,-75.14769,22.0
3104,2026-03-31,7am-7pm,5.0,1.0,-4.0,39.96664,-75.19209,13.0
3251,2025-04-24,7am-7pm,4.0,3.0,-1.0,39.93366,-75.19319,16.0
3430,2025-07-28,7am-7pm,5.0,5.0,0.0,39.97408,-75.1801,14.0
3414,2026-03-12,7am-7pm,0.0,1.0,1.0,39.93922,-75.22347,13.0
3400,2025-12-22,7pm-7am,1.0,2.0,1.0,39.949,-75.16081,18.0
3374,2026-01-30,7pm-7am,0.0,1.0,1.0,39.9728,-75.17971,18.0
3436,2026-01-06,7pm-7am,0.0,1.0,1.0,39.98287,-75.10121,13.0
3271,2025-08-16,7am-7pm,1.0,0.0,-1.0,39.9476,-75.22946,18.0
3010,2025-08-19,7pm-7am,26.0,22.0,-4.0,39.94711,-75.16618,22.0
3030,2025-03-18,7pm-7am,7.0,7.0,0.0,,,
3207,2025-10-21,7pm-7am,6.0,3.0,-3.0,39.95441,-75.192,20.0
3124,2023-11-10,7am-7pm,7.0,7.0,0.0,39.95367,-75.13956,17.0
3251,2025-10-02,7am-7pm,3.0,4.0,1.0,39.93366,-75.19319,16.0
3053,2025-02-03,7pm-7am,2.0,7.0,5.0,39.93231,-75.18154,19.0
3101,2025-10-26,7am-7pm,25.0,32.0,7.0,39.94295,-75.15955,18.0
3210,2024-10-29,7am-7pm,10.0,9.0,-1.0,39.98492,-75.15668,18.0
3212,2025-11-17,7pm-7am,1.0,1.0,0.0,39.96383,-75.18177,32.0
3160,2025-11-09,7am-7pm,2.0,5.0,3.0,39.95662,-75.19862,41.0
3118,2025-05-27,7am-7pm,5.0,5.0,0.0,39.95866,-75.21323,20.0
3237,2025-12-02,7am-7pm,2.0,3.0,1.0,39.91717,-75.17096,21.0
3212,2023-01-17,7pm-7am,0.0,1.0,1.0,39.96383,-75.18177,32.0
3255,2023-11-13,7pm-7am,5.0,6.0,1.0,39.95095,-75.16438,15.0
3314,2025-08-22,7pm-7am,2.0,5.0,3.0,39.93682,-75.14492,17.0
3347,2025-08-30,7pm-7am,10.0,7.0,-3.0,,,
3115,2025-11-07,7am-7pm,9.0,6.0,-3.0,39.97263,-75.16757,18.0
3161,2024-01-24,7am-7pm,17.0,20.0,3.0,39.95486,-75.18091,23.0
3397,2026-02-25,7am-7pm,8.0,7.0,-1.0,39.93906,-75.17824,15.0
3352,2024-08-24,7am-7pm,2.0,1.0,-1.0,40.00143,-75.15256,11.0
3038,2025-09-17,7pm-7am,4.0,8.0,4.0,39.94781,-75.19409,28.0
3243,2024-05-15,7am-7pm,1.0,0.0,-1.0,39.9835,-75.14743,12.0
3388,2024-07-18,7am-7pm,5.0,5.0,0.0,39.96634,-75.15097,19.0
3255,2025-09-01,7am-7pm,24.0,25.0,1.0,39.95095,-75.16438,15.0
3117,2024-03-07,7am-7pm,3.0,3.0,0.0,39.97841,-75.22399,14.0
3354,2025-04-15,7pm-7am,2.0,1.0,-1.0,39.95628,-75.2387,18.0
3026,2024-07-19,7pm-7am,5.0,4.0,-1.0,39.94182,-75.1455,17.0
3409,2025-09-28,7pm-7am,3.0,4.0,1.0,39.95508,-75.15128,20.0
3204,2025-08-25,7am-7pm,17.0,14.0,-3.0,39.96437,-75.16582,22.0
3374,2024-10-02,7pm-7am,6.0,8.0,2.0,39.9728,-75.17971,18.0
3005,2025-09-09,7pm-7am,11.0,15.0,4.0,39.94733,-75.14403,13.0
3098,2024-09-18,7pm-7am,4.0,6.0,2.0,39.93431,-75.16042,19.0
3279,2024-05-03,7pm-7am,4.0,6.0,2.0,39.9265,-75.1668,18.0
3316,2023-04-03,7am-7pm,1.0,0.0,-1.0,39.92255,-75.17337,19.0
3123,2024-06-09,7am-7pm,7.0,4.0,-3.0,39.98004,-75.17088,16.0
3209,2026-03-11,7am-7pm,14.0,15.0,1.0,39.949,-75.21278,14.0
3007,2023-04-26,7am-7pm,20.0,27.0,7.0,39.94517,-75.15993,20.0
3049,2025-07-28,7pm-7am,8.0,3.0,-5.0,39.94509,-75.1425,29.0
3329,2024-10-01,7pm-7am,0.0,2.0,2.0,40.02651,-75.22445,15.0
3371,2025-01-30,7pm-7am,1.0,3.0,2.0,39.9534,-75.1543,19.0
3100,2024-04-05,7pm-7am,4.0,6.0,2.0,39.92777,-75.15103,38.0
3034,2023-02-03,7am-7pm,12.0,7.0,-5.0,39.93315,-75.16248,16.0
3211,2024-09-06,7am-7pm,8.0,5.0,-3.0,39.97172,-75.1706,22.0
3097,2025-08-14,7pm-7am,1.0,2.0,1.0,39.97888,-75.13339,18.0
3212,2024-07-16,7am-7pm,10.0,12.0,2.0,39.96383,-75.18177,32.0
3395,2026-03-25,7pm-7am,3.0,1.0,-2.0,39.93866,-75.16351,13.0
3407,2025-11-24,7am-7pm,3.0,3.0,0.0,39.9785,-75.13911,15.0
3181,2023-06-11,7pm-7am,0.0,1.0,1.0,39.89629,-75.17514,20.0
3349,2025-04-04,7am-7pm,14.0,5.0,-9.0,39.93651,-75.18621,17.0
3158,2024-01-18,7pm-7am,0.0,1.0,1.0,39.92552,-75.16904,15.0
3101,2023-05-09,7am-7pm,14.0,20.0,6.0,39.94295,-75.15955,18.0
3352,2024-09-12,7am-7pm,3.0,5.0,2.0,40.00143,-75.15256,11.0
3154,2024-07-26,7am-7pm,22.0,24.0,2.0,39.95924,-75.15821,16.0
3261,2023-10-10,7pm-7am,0.0,3.0,3.0,39.96304,-75.14099,17.0
3067,2023-05-23,7am-7pm,5.0,0.0,-5.0,39.96411,-75.19973,17.0
3157,2025-07-25,7am-7pm,12.0,12.0,0.0,39.92545,-75.15954,18.0
3254,2023-09-20,7pm-7am,4.0,2.0,-2.0,39.98091,-75.16065,18.0
3162,2023-09-20,7am-7pm,30.0,22.0,-8.0,39.94595,-75.18475,34.0
3097,2025-03-31,7am-7pm,7.0,8.0,1.0,39.97888,-75.13339,18.0
3124,2024-07-14,7am-7pm,27.0,40.0,13.0,39.95367,-75.13956,17.0
3304,2024-08-18,7pm-7am,7.0,5.0,-2.0,39.94234,-75.15399,21.0
3236,2025-03-01,7pm-7am,1.0,0.0,-1.0,39.96566,-75.17765,18.0
3314,2025-03-25,7am-7pm,8.0,7.0,-1.0,39.93682,-75.14492,17.0
3271,2023-04-27,7pm-7am,1.0,0.0,-1.0,39.9476,-75.22946,18.0
3383,2024-09-12,7am-7pm,23.0,25.0,2.0,39.96634,-75.14222,19.0
3100,2023-11-24,7pm-7am,0.0,4.0,4.0,39.92777,-75.15103,38.0
3099,2023-12-27,7pm-7am,0.0,1.0,1.0,39.93401,-75.15094,19.0
3355,2024-03-16,7am-7pm,3.0,2.0,-1.0,,,
3258,2023-08-23,7pm-7am,1.0,1.0,0.0,39.95828,-75.22424,20.0
3169,2024-08-03,7pm-7am,4.0,2.0,-2.0,39.95382,-75.14263,17.0
3346,2024-01-10,7am-7pm,4.0,8.0,4.0,39.94883,-75.15097,17.0
3205,2025-08-11,7pm-7am,6.0,4.0,-2.0,39.95405,-75.16783,22.0
3281,2024-05-26,7pm-7am,2.0,2.0,0.0,39.9323,-75.2162,15.0
3208,2025-12-29,7pm-7am,7.0,7.0,0.0,39.95048,-75.19324,28.0
3345,2025-11-21,7pm-7am,5.0,5.0,0.0,39.9617,-75.14667,19.0
3168,2025-05-03,7pm-7am,14.0,4.0,-10.0,,,
3077,2025-12-07,7am-7pm,4.0,2.0,-2.0,39.97207,-75.16351,19.0
3308,2023-12-15,7am-7pm,4.0,2.0,-2.0,,,
3123,2025-01-11,7am-7pm,1.0,1.0,0.0,39.98004,-75.17088,16.0
3327,2025-01-14,7pm-7am,1.0,1.0,0.0,39.97759,-75.12442,17.0
3316,2023-04-24,7am-7pm,3.0,3.0,0.0,39.92255,-75.17337,19.0
3120,2025-07-19,7am-7pm,13.0,12.0,-1.0,39.97522,-75.18669,19.0
3336,2024-02-15,7pm-7am,1.0,1.0,0.0,39.95719,-75.19388,20.0
3046,2024-07-16,7am-7pm,22.0,27.0,5.0,,,
3009,2023-08-26,7am-7pm,17.0,18.0,1.0,39.95576,-75.18982,14.0
3119,2025-06-02,7pm-7am,1.0,0.0,-1.0,39.96674,-75.20799,17.0
3287,2024-08-02,7am-7pm,1.0,1.0,0.0,39.94367,-75.21606,16.0
3160,2024-09-23,7pm-7am,8.0,3.0,-5.0,39.95662,-75.19862,41.0
3248,2024-09-01,7am-7pm,8.0,4.0,-4.0,39.94213,-75.18335,22.0
3265,2023-02-16,7pm-7am,0.0,1.0,1.0,39.95957,-75.19633,13.0
3255,2024-09-04,7am-7pm,28.0,30.0,2.0,39.95095,-75.16438,15.0
3254,2025-02-04,7pm-7am,2.0,2.0,0.0,39.98091,-75.16065,18.0
3340,2025-12-15,7pm-7am,4.0,5.0,1.0,39.96906,-75.18169,17.0
3303,2023-05-01,7pm-7am,3.0,2.0,-1.0,39.9559,-75.2053,20.0
3123,2024-04-06,7pm-7am,0.0,1.0,1.0,39.98004,-75.17088,16.0
3255,2023-12-01,7pm-7am,6.0,4.0,-2.0,39.95095,-75.16438,15.0
3361,2026-03-27,7am-7pm,14.0,9.0,-5.0,39.93082,-75.17474,21.0
3266,2025-01-31,7pm-7am,1.0,2.0,1.0,39.9237,-75.14701,22.0
3319,2025-02-13,7pm-7am,1.0,2.0,1.0,39.96672,-75.12964,16.0
3200,2025-11-25,7pm-7am,2.0,2.0,0.0,39.97583,-75.16846,17.0
3266,2024-10-17,7pm-7am,3.0,7.0,4.0,39.9237,-75.14701,22.0
3359,2024-03-16,7pm-7am,6.0,7.0,1.0,39.94888,-75.16978,29.0
3014,2023-04-12,7pm-7am,2.0,1.0,-1.0,39.95886,-75.17369,25.0
3300,2025-02-23,7pm-7am,2.0,1.0,-1.0,39.95511,-75.16287,13.0
3381,2025-05-17,7pm-7am,2.0,4.0,2.0,39.94845,-75.21807,13.0
3118,2024-08-08,7pm-7am,1.0,1.0,0.0,39.95866,-75.21323,20.0
3155,2025-02-25,7pm-7am,3.0,5.0,2.0,39.94018,-75.15442,18.0
3204,2025-03-14,7pm-7am,2.0,2.0,0.0,39.96437,-75.16582,22.0
3243,2025-06-08,7am-7pm,1.0,2.0,1.0,39.9835,-75.14743,12.0
3346,2024-02-22,7pm-7am,1.0,1.0,0.0,39.94883,-75.15097,17.0
3188,2024-04-09,7am-7pm,1.0,9.0,8.0,39.90471,-75.1734,56.0
3119,2025-03-09,7am-7pm,2.0,0.0,-2.0,39.96674,-75.20799,17.0
3235,2025-01-19,7am-7pm,3.0,1.0,-2.0,39.96,-75.1651,15.0
3112,2024-05-14,7am-7pm,9.0,10.0,1.0,39.95373,-75.21825,18.0
3303,2024-04-01,7pm-7am,1.0,2.0,1.0,39.9559,-75.2053,20.0
3039,2024-01-03,7am-7pm,1.0,2.0,1.0,39.97157,-75.15993,17.0
3245,2023-08-17,7pm-7am,2.0,5.0,3.0,39.97887,-75.15777,20.0
3264,2024-10-07,7pm-7am,11.0,8.0,-3.0,39.94571,-75.15508,23.0
3281,2024-11-13,7am-7pm,1.0,1.0,0.0,39.9323,-75.2162,15.0
3397,2025-06-13,7am-7pm,18.0,16.0,-2.0,39.93906,-75.17824,15.0
3066,2023-04-21,7pm-7am,6.0,7.0,1.0,39.94561,-75.17348,29.0
3015,2025-11-23,7pm-7am,2.0,2.0,0.0,39.94735,-75.14886,11.0
3238,2023-02-09,7am-7pm,17.0,19.0,2.0,39.97674,-75.11995,11.0
3393,2024-12-14,7am-7pm,6.0,4.0,-2.0,39.96727,-75.13999,18.0
3120,2024-12-16,7pm-7am,1.0,0.0,-1.0,39.97522,-75.18669,19.0
3112,2023-11-06,7pm-7am,2.0,2.0,0.0,39.95373,-75.21825,18.0
3211,2026-03-07,7pm-7am,1.0,3.0,2.0,39.97172,-75.1706,22.0
3181,2023-06-16,7am-7pm,2.0,3.0,1.0,39.89629,-75.17514,20.0
3053,2023-01-26,7am-7pm,7.0,2.0,-5.0,39.93231,-75.18154,19.0
3320,2023-06-26,7am-7pm,1.0,1.0,0.0,39.9746,-75.15917,17.0
3119,2023-11-09,7am-7pm,10.0,9.0,-1.0,39.96674,-75.20799,17.0
3008,2023-05-24,7am-7pm,7.0,6.0,-1.0,39.98081,-75.15067,17.0
3345,2025-07-19,7am-7pm,14.0,5.0,-9.0,39.9617,-75.14667,19.0
3291,2024-08-10,7pm-7am,6.0,4.0,-2.0,40.01022,-75.197,15.0
3075,2023-02-03,7pm-7am,3.0,1.0,-2.0,39.96718,-75.16125,12.0
3359,2025-02-08,7pm-7am,6.0,2.0,-4.0,39.94888,-75.16978,29.0
3056,2024-05-03,7pm-7am,6.0,3.0,-3.0,39.97669,-75.15813,22.0
3204,2024-03-08,7am-7pm,13.0,11.0,-2.0,39.96437,-75.16582,22.0
3212,2024-12-04,7am-7pm,2.0,3.0,1.0,39.96383,-75.18177,32.0
3161,2025-12-22,7pm-7am,7.0,8.0,1.0,39.95486,-75.18091,23.0
3212,2023-02-28,7am-7pm,4.0,2.0,-2.0,39.96383,-75.18177,32.0
3316,2023-12-18,7am-7pm,2.0,2.0,0.0,39.92255,-75.17337,19.0
3363,2026-02-06,7am-7pm,5.0,8.0,3.0,39.94655,-75.16263,17.0
3226,2023-04-15,7pm-7am,0.0,3.0,3.0,39.98101,-75.13721,18.0
3280,2024-05-10,7am-7pm,1.0,0.0,-1.0,39.93968,-75.21362,18.0
3047,2023-01-06,7am-7pm,7.0,9.0,2.0,39.95073,-75.14947,20.0
3165,2023-09-19,7am-7pm,26.0,27.0,1.0,39.95819,-75.1782,22.0
3238,2025-10-19,7am-7pm,30.0,29.0,-1.0,39.97674,-75.11995,11.0
3352,2025-09-09,7pm-7am,2.0,2.0,0.0,40.00143,-75.15256,11.0
3276,2024-04-30,7pm-7am,2.0,5.0,3.0,39.96569,-75.15679,18.0
3265,2024-06-28,7am-7pm,12.0,9.0,-3.0,39.95957,-75.19633,13.0
3049,2025-01-26,7am-7pm,4.0,4.0,0.0,39.94509,-75.1425,29.0
3346,2023-12-18,7am-7pm,1.0,4.0,3.0,39.94883,-75.15097,17.0
3119,2023-11-30,7pm-7am,2.0,2.0,0.0,39.96674,-75.20799,17.0
3185,2026-03-06,7am-7pm,19.0,24.0,5.0,39.95169,-75.15888,21.0
3150,2025-07-10,7am-7pm,21.0,17.0,-4.0,39.92884,-75.17021,17.0
3397,2026-03-05,7pm-7am,1.0,3.0,2.0,39.93906,-75.17824,15.0
3099,2025-09-29,7pm-7am,3.0,5.0,2.0,39.93401,-75.15094,19.0
3055,2025-05-26,7pm-7am,3.0,3.0,0.0,39.95112,-75.15457,15.0
3255,2025-11-19,7am-7pm,16.0,20.0,4.0,39.95095,-75.16438,15.0
3183,2024-07-12,7pm-7am,1.0,2.0,1.0,39.88994,-75.17679,20.0
3008,2023-09-03,7am-7pm,6.0,4.0,-2.0,39.98081,-75.15067,17.0
3066,2024-12-30,7pm-7am,4.0,6.0,2.0,39.94561,-75.17348,29.0
3236,2025-09-19,7am-7pm,2.0,6.0,4.0,39.96566,-75.17765,18.0
3362,2025-01-23,7am-7pm,16.0,19.0,3.0,39.94816,-75.16226,19.0
3378,2024-09-29,7am-7pm,4.0,4.0,0.0,39.95238,-75.14728,18.0
3160,2023-03-11,7pm-7am,0.0,2.0,2.0,39.95662,-75.19862,41.0
3354,2025-05-31,7am-7pm,5.0,2.0,-3.0,39.95628,-75.2387,18.0
3034,2024-01-18,7am-7pm,5.0,12.0,7.0,39.93315,-75.16248,16.0
3299,2025-01-12,7am-7pm,12.0,14.0,2.0,39.94332,-75.15698,22.0
3039,2025-07-02,7pm-7am,1.0,7.0,6.0,39.97157,-75.15993,17.0
3265,2025-12-27,7pm-7am,1.0,0.0,-1.0,39.95957,-75.19633,13.0
3252,2024-03-26,7pm-7am,2.0,4.0,2.0,39.93882,-75.19324,14.0
3247,2025-10-05,7am-7pm,7.0,6.0,-1.0,39.96538,-75.21514,16.0
3101,2023-05-04,7pm-7am,10.0,5.0,-5.0,39.94295,-75.15955,18.0
3049,2025-11-24,7pm-7am,5.0,1.0,-4.0,39.94509,-75.1425,29.0
3245,2024-06-01,7am-7pm,7.0,8.0,1.0,39.97887,-75.15777,20.0
3233,2025-02-28,7pm-7am,1.0,0.0,-1.0,,,
3040,2026-02-20,7pm-7am,1.0,1.0,0.0,39.96289,-75.16606,21.0
3078,2026-02-08,7pm-7am,2.0,0.0,-2.0,39.95355,-75.17192,18.0
3037,2024-09-20,7pm-7am,4.0,6.0,2.0,39.95424,-75.16138,21.0
3169,2025-06-04,7pm-7am,10.0,5.0,-5.0,39.95382,-75.14263,17.0
3165,2024-11-06,7pm-7am,3.0,6.0,3.0,39.95819,-75.1782,22.0
3040,2025-01-29,7pm-7am,2.0,0.0,-2.0,39.96289,-75.16606,21.0
3349,2026-01-05,7pm-7am,1.0,1.0,0.0,39.93651,-75.18621,17.0
3111,2023-10-25,7am-7pm,2.0,3.0,1.0,39.97779,-75.21323,14.0
3323,2023-11-27,7am-7pm,1.0,0.0,-1.0,40.02796,-75.2277,18.0
3093,2025-08-06,7pm-7am,1.0,0.0,-1.0,39.98837,-75.18701,16.0
3253,2023-06-05,7pm-7am,0.0,3.0,3.0,39.93074,-75.18924,21.0
3074,2023-03-31,7pm-7am,2.0,4.0,2.0,39.95511,-75.20987,15.0
3188,2023-06-16,7pm-7am,6.0,1.0,-5.0,39.90471,-75.1734,56.0
3328,2025-08-23,7pm-7am,5.0,2.0,-3.0,39.98798,-75.1995,23.0
3053,2025-12-17,7am-7pm,8.0,10.0,2.0,39.93231,-75.18154,19.0
3096,2026-02-14,7am-7pm,3.0,2.0,-1.0,39.99119,-75.17975,14.0
3115,2023-10-20,7am-7pm,6.0,2.0,-4.0,39.97263,-75.16757,18.0
3022,2026-01-24,7pm-7am,6.0,7.0,1.0,39.95472,-75.18323,21.0
3448,2026-02-06,7pm-7am,1.0,1.0,0.0,39.93995,-75.16604,5.0
3165,2024-07-01,7am-7pm,15.0,20.0,5.0,39.95819,-75.1782,22.0
3059,2023-09-18,7pm-7am,10.0,9.0,-1.0,39.96244,-75.16121,21.0
3088,2025-05-01,7pm-7am,6.0,9.0,3.0,39.96984,-75.1418,35.0
3057,2025-05-30,7pm-7am,6.0,5.0,-1.0,39.96439,-75.17987,26.0
3360,2025-06-17,7pm-7am,4.0,7.0,3.0,39.93304,-75.16822,22.0
3065,2025-01-05,7am-7pm,1.0,0.0,-1.0,39.9707,-75.15171,15.0
3160,2023-10-23,7am-7pm,20.0,14.0,-6.0,39.95662,-75.19862,41.0
3077,2024-08-01,7am-7pm,9.0,6.0,-3.0,39.97207,-75.16351,19.0
3115,2025-02-05,7am-7pm,4.0,4.0,0.0,39.97263,-75.16757,18.0
3286,2026-02-20,7pm-7am,1.0,2.0,1.0,39.96409,-75.14769,22.0
3017,2024-02-13,7pm-7am,0.0,1.0,1.0,39.98003,-75.14371,15.0
3019,2024-03-13,7pm-7am,1.0,0.0,-1.0,39.95403,-75.14983,15.0
3116,2024-06-03,7am-7pm,16.0,14.0,-2.0,39.96006,-75.17198,21.0
3024,2024-09-01,7pm-7am,1.0,4.0,3.0,39.94822,-75.20908,19.0
3166,2025-08-04,7pm-7am,8.0,3.0,-5.0,39.97195,-75.13445,22.0
3114,2025-02-08,7pm-7am,1.0,0.0,-1.0,39.93775,-75.18012,17.0
3322,2023-12-03,7am-7pm,2.0,4.0,2.0,39.93638,-75.15526,13.0
3058,2024-08-31,7am-7pm,17.0,17.0,0.0,,,
3366,2023-12-10,7am-7pm,2.0,2.0,0.0,,,
3067,2023-10-29,7am-7pm,4.0,1.0,-3.0,39.96411,-75.19973,17.0
3041,2023-07-13,7am-7pm,18.0,15.0,-3.0,39.96849,-75.13546,26.0
3166,2025-09-29,7am-7pm,9.0,11.0,2.0,39.97195,-75.13445,22.0
3362,2024-05-20,7am-7pm,23.0,22.0,-1.0,39.94816,-75.16226,19.0
3334,2025-10-04,7pm-7am,5.0,9.0,4.0,39.9302,-75.15636,19.0
3158,2023-07-27,7pm-7am,7.0,3.0,-4.0,39.92552,-75.16904,15.0
3047,2026-01-26,7pm-7am,1.0,0.0,-1.0,39.95073,-75.14947,20.0
3331,2025-04-06,7pm-7am,2.0,4.0,2.0,39.97116,-75.12813,20.0
3421,2025-08-29,7pm-7am,0.0,5.0,5.0,39.91972,-75.16408,13.0
3375,2025-05-11,7am-7pm,12.0,10.0,-2.0,39.96036,-75.1402,22.0
3389,2025-08-22,7am-7pm,10.0,5.0,-5.0,39.94431,-75.18128,16.0
3009,2025-08-21,7pm-7am,6.0,11.0,5.0,39.95576,-75.18982,14.0
3053,2025-07-13,7am-7pm,11.0,10.0,-1.0,39.93231,-75.18154,19.0
3065,2025-03-01,7am-7pm,1.0,2.0,1.0,39.9707,-75.15171,15.0
3088,2026-03-16,7pm-7am,2.0,1.0,-1.0,39.96984,-75.1418,35.0
3185,2025-02-04,7am-7pm,28.0,22.0,-6.0,39.95169,-75.15888,21.0
3315,2025-12-24,7am-7pm,3.0,1.0,-2.0,39.94235,-75.21138,13.0
3071,2023-09-18,7pm-7am,4.0,4.0,0.0,,,
3210,2025-04-25,7pm-7am,6.0,8.0,2.0,39.98492,-75.15668,18.0
3237,2024-01-05,7pm-7am,0.0,1.0,1.0,39.91717,-75.17096,21.0
3310,2025-09-22,7am-7pm,5.0,1.0,-4.0,39.98024,-75.18651,15.0
3350,2025-05-19,7am-7pm,1.0,1.0,0.0,39.99415,-75.15527,20.0
3325,2025-08-19,7am-7pm,9.0,10.0,1.0,39.9768,-75.12764,22.0
3018,2024-10-23,7am-7pm,19.0,21.0,2.0,39.95273,-75.15979,18.0
3266,2025-11-15,7pm-7am,2.0,2.0,0.0,39.9237,-75.14701,22.0
3007,2025-09-03,7am-7pm,22.0,29.0,7.0,39.94517,-75.15993,20.0
3162,2023-03-01,7am-7pm,9.0,7.0,-2.0,39.94595,-75.18475,34.0
3337,2024-03-15,7am-7pm,11.0,8.0,-3.0,39.97318,-75.14612,15.0
3069,2024-02-08,7am-7pm,6.0,7.0,1.0,39.93704,-75.15038,23.0
3057,2024-11-13,7pm-7am,1.0,0.0,-1.0,39.96439,-75.17987,26.0
3308,2023-09-19,7pm-7am,0.0,3.0,3.0,,,
3110,2023-05-16,7am-7pm,6.0,8.0,2.0,39.96175,-75.13641,19.0
3028,2025-04-11,7pm-7am,7.0,1.0,-6.0,39.94061,-75.14958,15.0
3256,2024-04-10,7am-7pm,27.0,29.0,2.0,39.95269,-75.17779,23.0
3318,2024-06-19,7pm-7am,10.0,4.0,-6.0,39.95182,-75.16395,20.0
3300,2023-06-02,7am-7pm,5.0,6.0,1.0,39.95511,-75.16287,13.0
3441,2026-02-27,7am-7pm,5.0,7.0,2.0,39.96305,-75.17454,5.0
3088,2025-01-14,7am-7pm,2.0,2.0,0.0,39.96984,-75.1418,35.0
3069,2023-12-18,7pm-7am,3.0,2.0,-1.0,39.93704,-75.15038,23.0
3235,2025-10-03,7am-7pm,22.0,18.0,-4.0,39.96,-75.1651,15.0
3029,2024-02-28,7am-7pm,10.0,17.0,7.0,39.9538,-75.19479,17.0
3322,2024-01-09,7am-7pm,4.0,3.0,-1.0,39.93638,-75.15526,13.0
3016,2024-08-08,7am-7pm,3.0,2.0,-1.0,39.96892,-75.1547,15.0
3166,2023-09-15,7am-7pm,9.0,9.0,0.0,39.97195,-75.13445,22.0
3340,2024-09-18,7am-7pm,14.0,9.0,-5.0,39.96906,-75.18169,17.0
3086,2025-03-01,7pm-7am,0.0,3.0,3.0,39.94019,-75.16691,21.0
3308,2023-07-19,7am-7pm,6.0,5.0,-1.0,,,
3116,2024-05-15,7pm-7am,1.0,4.0,3.0,39.96006,-75.17198,21.0
3237,2023-05-11,7pm-7am,5.0,2.0,-3.0,39.91717,-75.17096,21.0
3093,2025-10-29,7am-7pm,2.0,1.0,-1.0,39.98837,-75.18701,16.0
3033,2023-09-03,7am-7pm,5.0,5.0,0.0,39.95005,-75.15672,20.0
3264,2023-03-01,7am-7pm,7.0,5.0,-2.0,39.94571,-75.15508,23.0
3235,2023-12-03,7pm-7am,1.0,2.0,1.0,39.96,-75.1651,15.0
3150,2026-03-18,7am-7pm,8.0,5.0,-3.0,39.92884,-75.17021,17.0
3243,2023-08-30,7pm-7am,1.0,1.0,0.0,39.9835,-75.14743,12.0
3107,2023-04-09,7am-7pm,2.0,1.0,-1.0,39.98203,-75.18866,18.0
3183,2025-03-18,7pm-7am,0.0,1.0,1.0,39.88994,-75.17679,20.0
3058,2024-10-06,7pm-7am,11.0,8.0,-3.0,,,
3188,2023-05-08,7am-7pm,4.0,3.0,-1.0,39.90471,-75.1734,56.0
3019,2023-08-03,7am-7pm,15.0,15.0,0.0,39.95403,-75.14983,15.0
3114,2025-10-10,7pm-7am,4.0,8.0,4.0,39.93775,-75.18012,17.0
3250,2024-09-22,7am-7pm,3.0,3.0,0.0,39.95673,-75.14575,17.0
3101,2024-12-19,7pm-7am,5.0,7.0,2.0,39.94295,-75.15955,18.0
3211,2024-04-16,7pm-7am,3.0,1.0,-2.0,39.97172,-75.1706,22.0
3196,2025-06-07,7pm-7am,1.0,0.0,-1.0,39.98717,-75.17477,17.0
3209,2024-02-17,7am-7pm,1.0,1.0,0.0,39.949,-75.21278,14.0
3298,2023-07-15,7pm-7am,2.0,3.0,1.0,39.94717,-75.20691,15.0
3373,2025-04-16,7pm-7am,7.0,4.0,-3.0,39.95817,-75.15668,15.0
3321,2025-07-09,7pm-7am,3.0,3.0,0.0,39.95485,-75.17298,21.0
3006,2025-01-27,7am-7pm,4.0,3.0,-1.0,39.9522,-75.20311,17.0
3064,2025-08-24,7pm-7am,5.0,8.0,3.0,39.9384,-75.17327,22.0
3047,2026-01-13,7pm-7am,4.0,1.0,-3.0,39.95073,-75.14947,20.0
3287,2024-09-06,7am-7pm,3.0,1.0,-2.0,39.94367,-75.21606,16.0
3326,2024-09-20,7am-7pm,6.0,6.0,0.0,39.99198,-75.19944,17.0
3355,2024-04-02,7pm-7am,0.0,1.0,1.0,,,
3261,2023-03-03,7am-7pm,8.0,7.0,-1.0,39.96304,-75.14099,17.0
3101,2026-03-27,7am-7pm,21.0,12.0,-9.0,39.94295,-75.15955,18.0
3373,2024-04-03,7pm-7am,6.0,4.0,-2.0,39.95817,-75.15668,15.0
3101,2024-02-22,7pm-7am,6.0,2.0,-4.0,39.94295,-75.15955,18.0
3039,2025-04-25,7am-7pm,12.0,2.0,-10.0,39.97157,-75.15993,17.0
3020,2025-06-11,7pm-7am,4.0,18.0,14.0,39.94855,-75.19007,36.0
3014,2024-05-22,7pm-7am,5.0,3.0,-2.0,39.95886,-75.17369,25.0
3041,2024-08-24,7pm-7am,10.0,6.0,-4.0,39.96849,-75.13546,26.0
3265,2025-02-25,7pm-7am,1.0,2.0,1.0,39.95957,-75.19633,13.0
3078,2025-10-04,7am-7pm,14.0,14.0,0.0,39.95355,-75.17192,18.0
3272,2023-02-26,7am-7pm,0.0,1.0,1.0,39.96405,-75.22048,13.0
3297,2026-02-24,7pm-7am,1.0,1.0,0.0,39.95821,-75.16901,19.0
3369,2024-07-06,7am-7pm,14.0,10.0,-4.0,40.00772,-75.19194,16.0
3259,2024-12-05,7am-7pm,6.0,5.0,-1.0,39.95998,-75.19883,17.0
3181,2023-03-28,7am-7pm,1.0,2.0,1.0,39.89629,-75.17514,20.0
3382,2025-11-11,7pm-7am,9.0,6.0,-3.0,39.95038,-75.17309,11.0
3376,2025-03-26,7pm-7am,1.0,1.0,0.0,39.97183,-75.14878,8.0
3086,2023-10-09,7pm-7am,3.0,2.0,-1.0,39.94019,-75.16691,21.0
3344,2025-10-19,7am-7pm,1.0,1.0,0.0,39.95961,-75.23354,23.0
3207,2024-12-19,7am-7pm,11.0,14.0,3.0,39.95441,-75.192,20.0
3303,2023-11-01,7am-7pm,12.0,4.0,-8.0,39.9559,-75.2053,20.0
3078,2025-10-09,7am-7pm,28.0,30.0,2.0,39.95355,-75.17192,18.0
3363,2024-12-09,7pm-7am,3.0,3.0,0.0,39.94655,-75.16263,17.0
3247,2024-06-07,7pm-7am,0.0,1.0,1.0,39.96538,-75.21514,16.0
3245,2023-02-04,7am-7pm,3.0,5.0,2.0,39.97887,-75.15777,20.0
3256,2023-12-19,7am-7pm,22.0,18.0,-4.0,39.95269,-75.17779,23.0
3287,2025-09-10,7am-7pm,4.0,3.0,-1.0,39.94367,-75.21606,16.0
3362,2024-11-11,7am-7pm,20.0,27.0,7.0,39.94816,-75.16226,19.0
3257,2024-05-24,7am-7pm,6.0,8.0,2.0,,,
3298,2024-03-17,7am-7pm,1.0,0.0,-1.0,39.94717,-75.20691,15.0
3299,2024-07-27,7am-7pm,13.0,10.0,-3.0,39.94332,-75.15698,22.0
3040,2023-01-20,7am-7pm,19.0,15.0,-4.0,39.96289,-75.16606,21.0
3246,2026-02-21,7am-7pm,1.0,2.0,1.0,39.94782,-75.22301,17.0
3071,2023-01-21,7am-7pm,4.0,1.0,-3.0,,,
3050,2023-08-28,7pm-7am,6.0,0.0,-6.0,,,
3116,2025-03-23,7pm-7am,4.0,1.0,-3.0,39.96006,-75.17198,21.0
3263,2024-04-12,7am-7pm,4.0,4.0,0.0,39.9586,-75.2081,18.0
3263,2025-12-22,7pm-7am,2.0,3.0,1.0,39.9586,-75.2081,18.0
3208,2024-07-02,7am-7pm,44.0,44.0,0.0,39.95048,-75.19324,28.0
3276,2023-07-01,7pm-7am,0.0,3.0,3.0,39.96569,-75.15679,18.0
3373,2025-06-06,7am-7pm,16.0,15.0,-1.0,39.95817,-75.15668,15.0
3264,2025-06-26,7am-7pm,24.0,18.0,-6.0,39.94571,-75.15508,23.0
3150,2023-02-05,7pm-7am,0.0,5.0,5.0,39.92884,-75.17021,17.0
3390,2024-10-20,7pm-7am,1.0,0.0,-1.0,39.96,-75.2244,18.0
3267,2024-09-13,7am-7pm,2.0,7.0,5.0,39.918,-75.1796,12.0
3112,2026-02-21,7pm-7am,2.0,1.0,-1.0,39.95373,-75.21825,18.0
3395,2025-10-18,7am-7pm,10.0,11.0,1.0,39.93866,-75.16351,13.0
3035,2025-06-01,7am-7pm,14.0,7.0,-7.0,39.96271,-75.19419,20.0
3100,2024-02-19,7am-7pm,15.0,14.0,-1.0,39.92777,-75.15103,38.0
3341,2023-10-09,7am-7pm,6.0,9.0,3.0,39.98131,-75.12732,20.0
3208,2024-06-13,7pm-7am,0.0,13.0,13.0,39.95048,-75.19324,28.0
3032,2024-03-31,7pm-7am,3.0,4.0,1.0,39.94527,-75.17971,20.0
3334,2023-08-17,7pm-7am,5.0,7.0,2.0,39.9302,-75.15636,19.0
3375,2025-02-22,7am-7pm,5.0,4.0,-1.0,39.96036,-75.1402,22.0
3251,2024-05-09,7pm-7am,1.0,3.0,2.0,39.93366,-75.19319,16.0
3212,2025-05-16,7pm-7am,7.0,4.0,-3.0,39.96383,-75.18177,32.0
3057,2023-05-01,7am-7pm,14.0,14.0,0.0,39.96439,-75.17987,26.0
3100,2024-09-08,7am-7pm,12.0,11.0,-1.0,39.92777,-75.15103,38.0
3116,2025-12-23,7am-7pm,1.0,5.0,4.0,39.96006,-75.17198,21.0
3112,2024-01-22,7pm-7am,1.0,2.0,1.0,39.95373,-75.21825,18.0
3106,2025-10-25,7am-7pm,1.0,5.0,4.0,39.99179,-75.18637,17.0
3328,2023-04-02,7pm-7am,3.0,0.0,-3.0,39.98798,-75.1995,23.0
3014,2025-07-05,7pm-7am,1.0,2.0,1.0,39.95886,-75.17369,25.0
3051,2025-01-27,7pm-7am,1.0,3.0,2.0,39.96744,-75.17507,37.0
3407,2026-03-05,7pm-7am,1.0,0.0,-1.0,39.9785,-75.13911,15.0
3005,2023-10-31,7pm-7am,0.0,1.0,1.0,39.94733,-75.14403,13.0
3400,2026-01-19,7am-7pm,6.0,6.0,0.0,39.949,-75.16081,18.0
3088,2023-05-15,7am-7pm,11.0,11.0,0.0,39.96984,-75.1418,35.0
3322,2024-09-27,7pm-7am,5.0,5.0,0.0,39.93638,-75.15526,13.0
3055,2024-03-15,7am-7pm,13.0,14.0,1.0,39.95112,-75.15457,15.0
3328,2025-03-03,7pm-7am,1.0,1.0,0.0,39.98798,-75.1995,23.0
3110,2023-08-17,7am-7pm,8.0,20.0,12.0,39.96175,-75.13641,19.0
3207,2023-09-22,7am-7pm,25.0,34.0,9.0,39.95441,-75.192,20.0
3155,2025-10-28,7am-7pm,19.0,15.0,-4.0,39.94018,-75.15442,18.0
3062,2024-08-18,7pm-7am,0.0,1.0,1.0,,,
3059,2025-11-27,7am-7pm,6.0,6.0,0.0,39.96244,-75.16121,21.0
3320,2023-10-05,7pm-7am,1.0,5.0,4.0,39.9746,-75.15917,17.0
3041,2025-12-02,7pm-7am,7.0,3.0,-4.0,39.96849,-75.13546,26.0
3300,2023-03-22,7am-7pm,3.0,2.0,-1.0,39.95511,-75.16287,13.0
3313,2026-03-07,7pm-7am,1.0,1.0,0.0,39.9158,-75.1643,9.0
3005,2024-01-01,7am-7pm,2.0,2.0,0.0,39.94733,-75.14403,13.0
3069,2025-01-08,7am-7pm,15.0,15.0,0.0,39.93704,-75.15038,23.0
3264,2025-01-18,7am-7pm,2.0,4.0,2.0,39.94571,-75.15508,23.0
3155,2024-03-06,7am-7pm,8.0,9.0,1.0,39.94018,-75.15442,18.0
3268,2024-08-01,7am-7pm,2.0,2.0,0.0,39.97633,-75.15101,22.0
3233,2024-10-22,7am-7pm,1.0,2.0,1.0,,,
3375,2025-04-03,7am-7pm,9.0,12.0,3.0,39.96036,-75.1402,22.0
3124,2023-11-15,7pm-7am,1.0,0.0,-1.0,39.95367,-75.13956,17.0
3026,2023-07-25,7am-7pm,17.0,16.0,-1.0,39.94182,-75.1455,17.0
3032,2023-11-04,7pm-7am,8.0,6.0,-2.0,39.94527,-75.17971,20.0
3164,2023-02-24,7pm-7am,3.0,3.0,0.0,39.92814,-75.16515,18.0
3353,2024-07-17,7pm-7am,1.0,0.0,-1.0,40.00496,-75.15233,22.0
3156,2023-05-29,7am-7pm,10.0,14.0,4.0,39.95381,-75.17407,22.0
3264,2023-05-31,7am-7pm,27.0,17.0,-10.0,39.94571,-75.15508,23.0
3299,2023-01-28,7pm-7am,2.0,1.0,-1.0,39.94332,-75.15698,22.0
3187,2026-01-23,7am-7pm,7.0,11.0,4.0,39.95725,-75.17232,19.0
3063,2024-06-18,7am-7pm,36.0,30.0,-6.0,39.94633,-75.1698,25.0
3066,2023-08-07,7pm-7am,9.0,7.0,-2.0,39.94561,-75.17348,29.0
3203,2024-06-11,7pm-7am,13.0,11.0,-2.0,39.94077,-75.17227,20.0
3243,2024-03-05,7am-7pm,1.0,1.0,0.0,39.9835,-75.14743,12.0
3255,2023-09-30,7pm-7am,13.0,7.0,-6.0,39.95095,-75.16438,15.0
3158,2025-08-05,7pm-7am,4.0,7.0,3.0,39.92552,-75.16904,15.0
3164,2025-07-15,7am-7pm,29.0,25.0,-4.0,39.92814,-75.16515,18.0
3064,2025-08-17,7am-7pm,22.0,15.0,-7.0,39.9384,-75.17327,22.0
3285,2024-06-16,7pm-7am,5.0,4.0,-1.0,39.95946,-75.14745,19.0
3005,2023-02-23,7pm-7am,4.0,2.0,-2.0,39.94733,-75.14403,13.0
3005,2023-06-08,7pm-7am,3.0,2.0,-1.0,39.94733,-75.14403,13.0
3254,2024-03-19,7am-7pm,2.0,3.0,1.0,39.98091,-75.16065,18.0
3057,2024-10-14,7pm-7am,2.0,4.0,2.0,39.96439,-75.17987,26.0
3114,2025-04-06,7pm-7am,0.0,2.0,2.0,39.93775,-75.18012,17.0
3053,2026-02-18,7pm-7am,3.0,3.0,0.0,39.93231,-75.18154,19.0
3066,2023-12-25,7am-7pm,5.0,4.0,-1.0,39.94561,-75.17348,29.0
3152,2023-06-20,7am-7pm,4.0,2.0,-2.0,39.94993,-75.20286,17.0
3257,2023-05-31,7am-7pm,6.0,6.0,0.0,,,
3165,2025-06-19,7pm-7am,10.0,7.0,-3.0,39.95819,-75.1782,22.0
3064,2024-12-20,7am-7pm,16.0,13.0,-3.0,39.9384,-75.17327,22.0
3328,2025-08-16,7pm-7am,1.0,1.0,0.0,39.98798,-75.1995,23.0
3440,2025-12-27,7am-7pm,1.0,0.0,-1.0,39.98306,-75.10836,13.0
3169,2024-10-30,7am-7pm,15.0,18.0,3.0,39.95382,-75.14263,17.0
3209,2026-03-09,7pm-7am,3.0,2.0,-1.0,39.949,-75.21278,14.0
3251,2025-11-18,7am-7pm,5.0,2.0,-3.0,39.93366,-75.19319,16.0
3116,2023-09-28,7pm-7am,3.0,6.0,3.0,39.96006,-75.17198,21.0
3331,2025-09-21,7pm-7am,3.0,3.0,0.0,39.97116,-75.12813,20.0
3039,2024-08-21,7pm-7am,6.0,5.0,-1.0,39.97157,-75.15993,17.0
3168,2024-06-05,7pm-7am,14.0,5.0,-9.0,,,
3324,2025-09-15,7am-7pm,2.0,2.0,0.0,39.99484,-75.19242,23.0
3298,2023-06-30,7pm-7am,2.0,0.0,-2.0,39.94717,-75.20691,15.0
3114,2024-09-03,7am-7pm,19.0,28.0,9.0,39.93775,-75.18012,17.0
3211,2025-07-10,7pm-7am,1.0,0.0,-1.0,39.97172,-75.1706,22.0
3032,2025-03-11,7pm-7am,11.0,6.0,-5.0,39.94527,-75.17971,20.0
3123,2023-10-01,7am-7pm,4.0,4.0,0.0,39.98004,-75.17088,16.0
3017,2025-07-15,7am-7pm,9.0,8.0,-1.0,39.98003,-75.14371,15.0
3235,2024-09-14,7am-7pm,11.0,10.0,-1.0,39.96,-75.1651,15.0
3257,2024-12-11,7am-7pm,5.0,3.0,-2.0,,,
3332,2025-11-07,7am-7pm,1.0,2.0,1.0,40.00537,-75.18143,12.0
3336,2024-05-29,7pm-7am,2.0,4.0,2.0,39.95719,-75.19388,20.0
3034,2023-05-16,7pm-7am,3.0,4.0,1.0,39.93315,-75.16248,16.0
3287,2024-06-29,7pm-7am,1.0,1.0,0.0,39.94367,-75.21606,16.0
3286,2026-03-25,7am-7pm,4.0,5.0,1.0,39.96409,-75.14769,22.0
3164,2025-11-10,7am-7pm,14.0,14.0,0.0,39.92814,-75.16515,18.0
3414,2025-06-04,7am-7pm,1.0,0.0,-1.0,39.93922,-75.22347,13.0
3281,2024-11-20,7pm-7am,0.0,2.0,2.0,39.9323,-75.2162,15.0
3024,2024-07-01,7pm-7am,2.0,3.0,1.0,39.94822,-75.20908,19.0
3350,2024-09-04,7am-7pm,2.0,2.0,0.0,39.99415,-75.15527,20.0
3396,2025-03-03,7pm-7am,1.0,1.0,0.0,39.92327,-75.1821,16.0
3118,2025-09-02,7pm-7am,4.0,3.0,-1.0,39.95866,-75.21323,20.0
3343,2024-01-04,7am-7pm,3.0,8.0,5.0,,,
3188,2024-11-14,7pm-7am,22.0,2.0,-20.0,39.90471,-75.1734,56.0
3408,2025-06-25,7am-7pm,8.0,4.0,-4.0,39.9216,-75.15,17.0
3246,2026-01-20,7am-7pm,3.0,2.0,-1.0,39.94782,-75.22301,17.0
3115,2023-04-19,7pm-7am,1.0,3.0,2.0,39.97263,-75.16757,18.0
3261,2025-12-26,7am-7pm,2.0,1.0,-1.0,39.96304,-75.14099,17.0
3008,2026-01-15,7am-7pm,4.0,4.0,0.0,39.98081,-75.15067,17.0
3359,2025-12-03,7pm-7am,17.0,6.0,-11.0,39.94888,-75.16978,29.0
3275,2024-12-07,7am-7pm,5.0,5.0,0.0,39.97576,-75.12157,22.0
3244,2023-10-02,7pm-7am,18.0,12.0,-6.0,,,
3159,2023-01-30,7pm-7am,2.0,2.0,0.0,39.95121,-75.19962,23.0
3037,2024-04-03,7pm-7am,1.0,1.0,0.0,39.95424,-75.16138,21.0
3032,2025-12-25,7pm-7am,2.0,1.0,-1.0,39.94527,-75.17971,20.0
3099,2024-11-21,7am-7pm,4.0,4.0,0.0,39.93401,-75.15094,19.0
3067,2024-09-25,7pm-7am,0.0,2.0,2.0,39.96411,-75.19973,17.0
3267,2025-11-01,7pm-7am,5.0,5.0,0.0,39.918,-75.1796,12.0
3038,2025-04-09,7am-7pm,29.0,24.0,-5.0,39.94781,-75.19409,28.0
3066,2025-12-13,7am-7pm,15.0,15.0,0.0,39.94561,-75.17348,29.0
3255,2023-10-14,7am-7pm,3.0,4.0,1.0,39.95095,-75.16438,15.0
3055,2024-05-23,7pm-7am,2.0,4.0,2.0,39.95112,-75.15457,15.0
3382,2024-12-26,7am-7pm,8.0,13.0,5.0,39.95038,-75.17309,11.0
3287,2023-11-29,7pm-7am,2.0,1.0,-1.0,39.94367,-75.21606,16.0
3154,2023-11-15,7am-7pm,27.0,25.0,-2.0,39.95924,-75.15821,16.0
3069,2023-05-23,7pm-7am,2.0,4.0,2.0,39.93704,-75.15038,23.0
3197,2026-03-16,7am-7pm,8.0,4.0,-4.0,39.92083,-75.17033,23.0
3421,2025-12-02,7pm-7am,0.0,3.0,3.0,39.91972,-75.16408,13.0
3031,2023-04-22,7pm-7am,1.0,1.0,0.0,39.98005,-75.15522,21.0
3337,2026-02-05,7am-7pm,6.0,3.0,-3.0,39.97318,-75.14612,15.0
3187,2025-12-19,7pm-7am,1.0,0.0,-1.0,39.95725,-75.17232,19.0
3283,2023-06-15,7pm-7am,3.0,2.0,-1.0,,,
3412,2025-07-23,7pm-7am,1.0,0.0,-1.0,39.93771,-75.23373,15.0
3111,2024-03-14,7am-7pm,4.0,6.0,2.0,39.97779,-75.21323,14.0
3101,2024-01-28,7pm-7am,3.0,3.0,0.0,39.94295,-75.15955,18.0
3184,2023-04-12,7am-7pm,3.0,4.0,1.0,39.94573,-75.19551,22.0
3070,2023-04-03,7am-7pm,7.0,4.0,-3.0,,,
3378,2025-08-06,7am-7pm,4.0,7.0,3.0,39.95238,-75.14728,18.0
3280,2023-04-21,7pm-7am,1.0,1.0,0.0,39.93968,-75.21362,18.0
3294,2025-01-25,7pm-7am,2.0,1.0,-1.0,39.95174,-75.17063,21.0
3255,2024-11-05,7pm-7am,6.0,4.0,-2.0,39.95095,-75.16438,15.0
3196,2024-05-12,7am-7pm,0.0,1.0,1.0,39.98717,-75.17477,17.0
3207,2026-03-22,7pm-7am,4.0,3.0,-1.0,39.95441,-75.192,20.0
3352,2025-07-22,7am-7pm,3.0,2.0,-1.0,40.00143,-75.15256,11.0
3295,2025-02-26,7pm-7am,15.0,8.0,-7.0,39.95028,-75.16027,21.0
3025,2023-02-19,7am-7pm,5.0,7.0,2.0,39.93724,-75.1612,15.0
3361,2024-04-23,7am-7pm,17.0,20.0,3.0,39.93082,-75.17474,21.0
3375,2024-09-25,7pm-7am,7.0,5.0,-2.0,39.96036,-75.1402,22.0
3022,2025-06-21,7am-7pm,23.0,23.0,0.0,39.95472,-75.18323,21.0
3276,2023-03-31,7am-7pm,3.0,3.0,0.0,39.96569,-75.15679,18.0
3159,2023-06-29,7am-7pm,20.0,18.0,-2.0,39.95121,-75.19962,23.0
3361,2025-11-24,7pm-7am,9.0,7.0,-2.0,39.93082,-75.17474,21.0
3163,2024-09-17,7pm-7am,12.0,8.0,-4.0,39.94974,-75.18097,22.0
3063,2023-03-19,7am-7pm,13.0,12.0,-1.0,39.94633,-75.1698,25.0
3039,2023-04-15,7pm-7am,4.0,7.0,3.0,39.97157,-75.15993,17.0
3006,2025-02-06,7pm-7am,3.0,2.0,-1.0,39.9522,-75.20311,17.0
3340,2024-09-01,7pm-7am,5.0,8.0,3.0,39.96906,-75.18169,17.0
3292,2025-12-20,7am-7pm,4.0,3.0,-1.0,39.92,-75.1562,17.0
3107,2025-01-03,7am-7pm,1.0,0.0,-1.0,39.98203,-75.18866,18.0
3008,2023-04-24,7pm-7am,5.0,3.0,-2.0,39.98081,-75.15067,17.0
3158,2023-08-29,7am-7pm,8.0,9.0,1.0,39.92552,-75.16904,15.0
3359,2025-05-04,7am-7pm,17.0,18.0,1.0,39.94888,-75.16978,29.0
3026,2026-02-17,7pm-7am,6.0,2.0,-4.0,39.94182,-75.1455,17.0
3060,2025-03-27,7pm-7am,1.0,0.0,-1.0,39.95923,-75.17036,19.0
3169,2025-09-20,7am-7pm,28.0,37.0,9.0,39.95382,-75.14263,17.0
3059,2024-10-14,7am-7pm,33.0,29.0,-4.0,39.96244,-75.16121,21.0
3362,2024-06-21,7am-7pm,25.0,25.0,0.0,39.94816,-75.16226,19.0
3159,2025-11-09,7am-7pm,9.0,7.0,-2.0,39.95121,-75.19962,23.0
3246,2025-10-31,7am-7pm,6.0,10.0,4.0,39.94782,-75.22301,17.0
3047,2024-11-28,7am-7pm,1.0,2.0,1.0,39.95073,-75.14947,20.0
3258,2024-08-30,7pm-7am,0.0,2.0,2.0,39.95828,-75.22424,20.0
3394,2025-10-30,7pm-7am,1.0,6.0,5.0,39.924,-75.16959,14.0
3005,2024-09-14,7am-7pm,7.0,13.0,6.0,39.94733,-75.14403,13.0
3243,2025-12-16,7am-7pm,0.0,1.0,1.0,39.9835,-75.14743,12.0
3248,2023-12-18,7pm-7am,1.0,2.0,1.0,39.94213,-75.18335,22.0
3376,2024-05-30,7am-7pm,7.0,7.0,0.0,39.97183,-75.14878,8.0
3086,2025-09-26,7pm-7am,2.0,5.0,3.0,39.94019,-75.16691,21.0
3341,2025-01-18,7pm-7am,2.0,2.0,0.0,39.98131,-75.12732,20.0
3395,2025-04-11,7am-7pm,2.0,2.0,0.0,39.93866,-75.16351,13.0
3267,2024-10-28,7am-7pm,3.0,6.0,3.0,39.918,-75.1796,12.0
3282,2023-11-02,7pm-7am,0.0,1.0,1.0,39.98628,-75.14925,15.0
3047,2026-02-17,7pm-7am,2.0,1.0,-1.0,39.95073,-75.14947,20.0
3007,2023-06-04,7pm-7am,35.0,14.0,-21.0,39.94517,-75.15993,20.0
3325,2024-12-14,7am-7pm,0.0,1.0,1.0,39.9768,-75.12764,22.0
3182,2023-02-01,7am-7pm,16.0,13.0,-3.0,,,
3213,2025-10-19,7am-7pm,42.0,44.0,2.0,39.93887,-75.16663,25.0
3030,2024-11-27,7pm-7am,7.0,8.0,1.0,,,
3028,2025-11-19,7am-7pm,30.0,32.0,2.0,39.94061,-75.14958,15.0
3152,2024-05-08,7pm-7am,2.0,5.0,3.0,39.94993,-75.20286,17.0
3060,2024-01-16,7am-7pm,0.0,1.0,1.0,39.95923,-75.17036,19.0
3073,2024-05-09,7pm-7am,12.0,4.0,-8.0,39.96143,-75.15242,15.0
3254,2024-08-12,7am-7pm,5.0,7.0,2.0,39.98091,-75.16065,18.0
3201,2023-05-11,7pm-7am,6.0,3.0,-3.0,39.95523,-75.1662,20.0
3342,2025-11-12,7pm-7am,5.0,6.0,1.0,39.9639,-75.17385,20.0
3068,2023-01-26,7pm-7am,2.0,1.0,-1.0,39.93549,-75.16711,18.0
3188,2024-04-30,7am-7pm,4.0,4.0,0.0,39.90471,-75.1734,56.0
3436,2026-03-23,7am-7pm,0.0,1.0,1.0,39.98287,-75.10121,13.0
3093,2023-11-26,7am-7pm,1.0,2.0,1.0,39.98837,-75.18701,16.0
3018,2025-07-09,7pm-7am,7.0,3.0,-4.0,39.95273,-75.15979,18.0
3102,2023-09-05,7am-7pm,19.0,20.0,1.0,39.96759,-75.17952,26.0
3286,2024-04-10,7am-7pm,17.0,12.0,-5.0,39.96409,-75.14769,22.0
3300,2023-08-19,7pm-7am,2.0,1.0,-1.0,39.95511,-75.16287,13.0
3038,2023-12-08,7pm-7am,9.0,2.0,-7.0,39.94781,-75.19409,28.0
3204,2024-01-03,7am-7pm,11.0,12.0,1.0,39.96437,-75.16582,22.0
3162,2025-05-29,7am-7pm,17.0,16.0,-1.0,39.94595,-75.18475,34.0
3102,2024-03-26,7am-7pm,26.0,12.0,-14.0,39.96759,-75.17952,26.0
3117,2026-01-05,7pm-7am,1.0,1.0,0.0,39.97841,-75.22399,14.0
3435,2025-09-28,7am-7pm,8.0,3.0,-5.0,39.98451,-75.12348,13.0
3099,2023-02-18,7pm-7am,1.0,1.0,0.0,39.93401,-75.15094,19.0
3159,2023-01-24,7am-7pm,18.0,13.0,-5.0,39.95121,-75.19962,23.0
3020,2023-12-04,7am-7pm,46.0,37.0,-9.0,39.94855,-75.19007,36.0
3319,2024-05-26,7am-7pm,7.0,5.0,-2.0,39.96672,-75.12964,16.0
3008,2024-05-15,7am-7pm,8.0,16.0,8.0,39.98081,-75.15067,17.0
3266,2023-12-08,7pm-7am,0.0,3.0,3.0,39.9237,-75.14701,22.0
3298,2023-07-06,7pm-7am,1.0,0.0,-1.0,39.94717,-75.20691,15.0
3150,2025-01-18,7am-7pm,8.0,5.0,-3.0,39.92884,-75.17021,17.0
3325,2024-08-12,7am-7pm,4.0,3.0,-1.0,39.9768,-75.12764,22.0
3256,2025-05-31,7am-7pm,14.0,18.0,4.0,39.95269,-75.17779,23.0
3037,2025-07-23,7pm-7am,4.0,4.0,0.0,39.95424,-75.16138,21.0
3201,2024-10-09,7am-7pm,25.0,26.0,1.0,39.95523,-75.1662,20.0
3041,2023-10-24,7am-7pm,8.0,10.0,2.0,39.96849,-75.13546,26.0
3396,2025-08-05,7pm-7am,4.0,0.0,-4.0,39.92327,-75.1821,16.0
3016,2024-04-22,7am-7pm,4.0,2.0,-2.0,39.96892,-75.1547,15.0
3035,2023-12-10,7pm-7am,2.0,5.0,3.0,39.96271,-75.19419,20.0
3029,2023-07-10,7am-7pm,29.0,27.0,-2.0,39.9538,-75.19479,17.0
3032,2024-03-10,7am-7pm,16.0,18.0,2.0,39.94527,-75.17971,20.0
3425,2026-03-26,7pm-7am,0.0,2.0,2.0,39.9849,-75.13255,15.0
3165,2025-01-21,7am-7pm,3.0,6.0,3.0,39.95819,-75.1782,22.0
3249,2023-07-04,7am-7pm,2.0,3.0,1.0,39.95784,-75.19079,22.0
3065,2024-10-23,7pm-7am,0.0,1.0,1.0,39.9707,-75.15171,15.0
3116,2025-01-12,7pm-7am,2.0,1.0,-1.0,39.96006,-75.17198,21.0
3316,2025-07-15,7am-7pm,6.0,6.0,0.0,39.92255,-75.17337,19.0
3123,2023-01-19,7am-7pm,1.0,1.0,0.0,39.98004,-75.17088,16.0
3117,2025-09-12,7pm-7am,6.0,1.0,-5.0,39.97841,-75.22399,14.0
3047,2024-03-21,7am-7pm,9.0,5.0,-4.0,39.95073,-75.14947,20.0
3153,2023-01-12,7am-7pm,2.0,0.0,-2.0,,,
3341,2024-08-07,7pm-7am,1.0,5.0,4.0,39.98131,-75.12732,20.0
3341,2025-03-21,7pm-7am,1.0,4.0,3.0,39.98131,-75.12732,20.0
3344,2024-12-20,7am-7pm,2.0,0.0,-2.0,39.95961,-75.23354,23.0
3110,2025-12-11,7am-7pm,9.0,12.0,3.0,39.96175,-75.13641,19.0
3208,2023-10-03,7am-7pm,39.0,33.0,-6.0,39.95048,-75.19324,28.0
3241,2023-10-28,7am-7pm,5.0,2.0,-3.0,39.95225,-75.22637,20.0
3342,2025-01-28,7pm-7am,0.0,2.0,2.0,39.9639,-75.17385,20.0
3051,2025-05-12,7pm-7am,5.0,8.0,3.0,39.96744,-75.17507,37.0
3303,2025-02-26,7pm-7am,0.0,3.0,3.0,39.9559,-75.2053,20.0
3007,2025-07-25,7pm-7am,13.0,9.0,-4.0,39.94517,-75.15993,20.0
3438,2025-11-06,7pm-7am,1.0,2.0,1.0,39.98421,-75.11304,13.0
3205,2024-06-27,7pm-7am,6.0,5.0,-1.0,39.95405,-75.16783,22.0
3342,2024-09-11,7am-7pm,16.0,14.0,-2.0,39.9639,-75.17385,20.0
3057,2023-05-20,7am-7pm,23.0,25.0,2.0,39.96439,-75.17987,26.0
3209,2023-02-19,7am-7pm,10.0,9.0,-1.0,39.949,-75.21278,14.0
3017,2023-02-06,7am-7pm,5.0,3.0,-2.0,39.98003,-75.14371,15.0
3297,2024-06-07,7am-7pm,8.0,8.0,0.0,39.95821,-75.16901,19.0
3207,2024-12-23,7am-7pm,3.0,5.0,2.0,39.95441,-75.192,20.0
3337,2025-08-13,7am-7pm,7.0,11.0,4.0,39.97318,-75.14612,15.0
3248,2025-07-04,7pm-7am,5.0,6.0,1.0,39.94213,-75.18335,22.0
3322,2026-03-27,7am-7pm,9.0,9.0,0.0,39.93638,-75.15526,13.0
3097,2025-09-30,7pm-7am,6.0,7.0,1.0,39.97888,-75.13339,18.0
3006,2024-10-12,7am-7pm,11.0,9.0,-2.0,39.9522,-75.20311,17.0
3264,2026-02-01,7pm-7am,2.0,2.0,0.0,39.94571,-75.15508,23.0
3381,2024-06-23,7pm-7am,2.0,1.0,-1.0,39.94845,-75.21807,13.0
3158,2024-01-28,7pm-7am,3.0,0.0,-3.0,39.92552,-75.16904,15.0
3251,2024-03-04,7pm-7am,0.0,1.0,1.0,39.93366,-75.19319,16.0
3371,2025-12-02,7pm-7am,1.0,1.0,0.0,39.9534,-75.1543,19.0
3116,2025-09-19,7am-7pm,26.0,21.0,-5.0,39.96006,-75.17198,21.0
3021,2023-10-24,7pm-7am,3.0,2.0,-1.0,39.9539,-75.16902,34.0
3261,2023-01-25,7pm-7am,1.0,1.0,0.0,39.96304,-75.14099,17.0
3371,2024-05-19,7am-7pm,12.0,17.0,5.0,39.9534,-75.1543,19.0
3235,2024-03-20,7am-7pm,8.0,9.0,1.0,39.96,-75.1651,15.0
3335,2026-01-22,7am-7pm,1.0,2.0,1.0,40.02237,-75.218,18.0
3278,2024-05-03,7am-7pm,1.0,0.0,-1.0,39.99301,-75.1681,11.0
3163,2026-03-28,7pm-7am,1.0,2.0,1.0,39.94974,-75.18097,22.0
3321,2025-07-06,7pm-7am,1.0,1.0,0.0,39.95485,-75.17298,21.0
3241,2025-02-25,7am-7pm,3.0,3.0,0.0,39.95225,-75.22637,20.0
3025,2024-03-08,7am-7pm,20.0,15.0,-5.0,39.93724,-75.1612,15.0
3181,2025-10-07,7pm-7am,1.0,0.0,-1.0,39.89629,-75.17514,20.0
3275,2025-07-29,7pm-7am,8.0,7.0,-1.0,39.97576,-75.12157,22.0
3073,2025-10-30,7am-7pm,13.0,19.0,6.0,39.96143,-75.15242,15.0
3342,2024-08-01,7pm-7am,10.0,10.0,0.0,39.9639,-75.17385,20.0
3249,2024-07-19,7pm-7am,5.0,3.0,-2.0,39.95784,-75.19079,22.0
3300,2024-08-02,7am-7pm,13.0,13.0,0.0,39.95511,-75.16287,13.0
3211,2026-03-27,7am-7pm,10.0,7.0,-3.0,39.97172,-75.1706,22.0
3291,2023-03-07,7am-7pm,2.0,1.0,-1.0,40.01022,-75.197,15.0
3065,2025-11-06,7pm-7am,0.0,1.0,1.0,39.9707,-75.15171,15.0
3349,2024-02-21,7pm-7am,1.0,0.0,-1.0,39.93651,-75.18621,17.0
3069,2023-12-11,7pm-7am,4.0,2.0,-2.0,39.93704,-75.15038,23.0
3235,2023-03-31,7pm-7am,6.0,4.0,-2.0,39.96,-75.1651,15.0
3361,2024-11-11,7pm-7am,5.0,8.0,3.0,39.93082,-75.17474,21.0
3207,2025-04-08,7am-7pm,19.0,20.0,1.0,39.95441,-75.192,20.0
3052,2023-10-29,7am-7pm,10.0,15.0,5.0,39.94732,-75.15695,25.0
3256,2025-07-19,7pm-7am,11.0,9.0,-2.0,39.95269,-75.17779,23.0
3160,2024-11-27,7pm-7am,0.0,3.0,3.0,39.95662,-75.19862,41.0
3209,2023-07-30,7am-7pm,8.0,7.0,-1.0,39.949,-75.21278,14.0
3168,2025-07-26,7am-7pm,20.0,20.0,0.0,,,
3308,2023-05-22,7pm-7am,1.0,0.0,-1.0,,,
3276,2023-08-29,7pm-7am,2.0,3.0,1.0,39.96569,-75.15679,18.0
3124,2024-04-08,7pm-7am,1.0,5.0,4.0,39.95367,-75.13956,17.0
3298,2024-08-04,7am-7pm,7.0,6.0,-1.0,39.94717,-75.20691,15.0
3010,2023-11-15,7pm-7am,26.0,19.0,-7.0,39.94711,-75.16618,22.0
3207,2023-07-31,7pm-7am,8.0,2.0,-6.0,39.95441,-75.192,20.0
3077,2025-10-25,7pm-7am,1.0,3.0,2.0,39.97207,-75.16351,19.0
3028,2023-05-02,7pm-7am,7.0,4.0,-3.0,39.94061,-75.14958,15.0
3117,2025-11-06,7am-7pm,1.0,2.0,1.0,39.97841,-75.22399,14.0
3375,2024-06-18,7pm-7am,4.0,4.0,0.0,39.96036,-75.1402,22.0
3106,2026-03-30,7am-7pm,0.0,1.0,1.0,39.99179,-75.18637,17.0
3421,2025-12-30,7pm-7am,1.0,3.0,2.0,39.91972,-75.16408,13.0
3071,2023-06-22,7am-7pm,13.0,10.0,-3.0,,,
3382,2024-05-16,7pm-7am,6.0,2.0,-4.0,39.95038,-75.17309,11.0
3185,2024-02-02,7pm-7am,7.0,7.0,0.0,39.95169,-75.15888,21.0
3201,2023-04-02,7am-7pm,12.0,6.0,-6.0,39.95523,-75.1662,20.0
3049,2025-07-12,7pm-7am,23.0,10.0,-13.0,39.94509,-75.1425,29.0
3350,2025-10-28,7am-7pm,2.0,5.0,3.0,39.99415,-75.15527,20.0
3162,2023-02-03,7pm-7am,3.0,2.0,-1.0,39.94595,-75.18475,34.0
3200,2025-05-28,7am-7pm,2.0,1.0,-1.0,39.97583,-75.16846,17.0
3204,2024-09-11,7am-7pm,14.0,16.0,2.0,39.96437,-75.16582,22.0
3346,2025-09-02,7am-7pm,28.0,20.0,-8.0,39.94883,-75.15097,17.0
3303,2023-04-22,7pm-7am,2.0,3.0,1.0,39.9559,-75.2053,20.0
3125,2023-04-28,7pm-7am,1.0,1.0,0.0,39.94391,-75.16735,16.0
3051,2023-04-27,7am-7pm,13.0,16.0,3.0,39.96744,-75.17507,37.0
3014,2025-11-09,7pm-7am,1.0,3.0,2.0,39.95886,-75.17369,25.0
3182,2024-07-16,7am-7pm,21.0,25.0,4.0,,,
3119,2025-01-08,7pm-7am,0.0,1.0,1.0,39.96674,-75.20799,17.0
3110,2026-03-01,7am-7pm,9.0,7.0,-2.0,39.96175,-75.13641,19.0
3314,2024-03-29,7am-7pm,11.0,12.0,1.0,39.93682,-75.14492,17.0
3160,2024-01-18,7pm-7am,1.0,2.0,1.0,39.95662,-75.19862,41.0
3410,2025-10-21,7am-7pm,6.0,5.0,-1.0,39.94201,-75.21838,11.0
3267,2025-08-26,7am-7pm,6.0,9.0,3.0,39.918,-75.1796,12.0
3279,2023-12-05,7pm-7am,1.0,1.0,0.0,39.9265,-75.1668,18.0
3124,2023-04-08,7pm-7am,3.0,2.0,-1.0,39.95367,-75.13956,17.0
3378,2024-08-09,7am-7pm,4.0,5.0,1.0,39.95238,-75.14728,18.0
3188,2023-10-04,7am-7pm,3.0,17.0,14.0,39.90471,-75.1734,56.0
3015,2023-08-24,7am-7pm,6.0,7.0,1.0,39.94735,-75.14886,11.0
3271,2024-09-17,7pm-7am,3.0,1.0,-2.0,39.9476,-75.22946,18.0
3212,2024-03-13,7pm-7am,7.0,4.0,-3.0,39.96383,-75.18177,32.0
3322,2025-07-17,7pm-7am,6.0,5.0,-1.0,39.93638,-75.15526,13.0
3125,2023-12-03,7pm-7am,4.0,2.0,-2.0,39.94391,-75.16735,16.0
3057,2025-08-27,7pm-7am,7.0,15.0,8.0,39.96439,-75.17987,26.0
3107,2023-07-15,7am-7pm,6.0,5.0,-1.0,39.98203,-75.18866,18.0
3099,2024-10-19,7am-7pm,6.0,9.0,3.0,39.93401,-75.15094,19.0
3059,2024-09-27,7am-7pm,25.0,24.0,-1.0,39.96244,-75.16121,21.0
3059,2023-07-20,7pm-7am,15.0,15.0,0.0,39.96244,-75.16121,21.0
3061,2023-10-30,7pm-7am,7.0,2.0,-5.0,,,
3053,2023-07-12,7am-7pm,19.0,16.0,-3.0,39.93231,-75.18154,19.0
3185,2024-05-22,7am-7pm,31.0,38.0,7.0,39.95169,-75.15888,21.0
3031,2024-07-16,7am-7pm,8.0,5.0,-3.0,39.98005,-75.15522,21.0
3315,2024-08-06,7pm-7am,0.0,1.0,1.0,39.94235,-75.21138,13.0
3394,2024-09-16,7pm-7am,3.0,4.0,1.0,39.924,-75.16959,14.0
3161,2025-09-03,7pm-7am,7.0,25.0,18.0,39.95486,-75.18091,23.0
3211,2023-06-02,7pm-7am,3.0,1.0,-2.0,39.97172,-75.1706,22.0
3340,2025-05-10,7pm-7am,5.0,7.0,2.0,39.96906,-75.18169,17.0
3275,2024-08-08,7am-7pm,7.0,4.0,-3.0,39.97576,-75.12157,22.0
3114,2024-02-20,7pm-7am,3.0,8.0,5.0,39.93775,-75.18012,17.0
3315,2025-11-13,7am-7pm,1.0,2.0,1.0,39.94235,-75.21138,13.0
3112,2024-06-12,7am-7pm,7.0,7.0,0.0,39.95373,-75.21825,18.0
3272,2025-01-25,7am-7pm,0.0,1.0,1.0,39.96405,-75.22048,13.0
3072,2023-09-27,7am-7pm,15.0,10.0,-5.0,39.93445,-75.14541,25.0
3300,2025-08-31,7am-7pm,9.0,8.0,-1.0,39.95511,-75.16287,13.0
3204,2023-04-13,7am-7pm,17.0,15.0,-2.0,39.96437,-75.16582,22.0
3063,2025-04-20,7am-7pm,23.0,18.0,-5.0,39.94633,-75.1698,25.0
3061,2025-01-25,7am-7pm,7.0,5.0,-2.0,,,
3233,2023-01-11,7pm-7am,1.0,1.0,0.0,,,
3295,2025-05-04,7pm-7am,5.0,12.0,7.0,39.95028,-75.16027,21.0
3247,2024-07-03,7pm-7am,0.0,1.0,1.0,39.96538,-75.21514,16.0
3436,2026-03-05,7am-7pm,2.0,3.0,1.0,39.98287,-75.10121,13.0
3301,2025-04-26,7pm-7am,4.0,6.0,2.0,39.95029,-75.17126,15.0
3347,2024-03-03,7am-7pm,8.0,4.0,-4.0,,,
3028,2023-08-03,7pm-7am,14.0,12.0,-2.0,39.94061,-75.14958,15.0
3004,2023-03-06,7pm-7am,3.0,1.0,-2.0,39.95371,-75.16423,23.0
3399,2025-06-21,7pm-7am,5.0,5.0,0.0,39.97502,-75.14006,15.0
3039,2024-04-10,7pm-7am,1.0,2.0,1.0,39.97157,-75.15993,17.0
3064,2024-06-28,7am-7pm,23.0,21.0,-2.0,39.9384,-75.17327,22.0
3086,2024-10-13,7pm-7am,3.0,2.0,-1.0,39.94019,-75.16691,21.0
3359,2024-05-29,7pm-7am,10.0,6.0,-4.0,39.94888,-75.16978,29.0
3159,2024-12-25,7am-7pm,2.0,2.0,0.0,39.95121,-75.19962,23.0
3362,2024-08-03,7am-7pm,15.0,21.0,6.0,39.94816,-75.16226,19.0
3399,2025-05-06,7am-7pm,9.0,12.0,3.0,39.97502,-75.14006,15.0
3253,2024-07-10,7pm-7am,0.0,2.0,2.0,39.93074,-75.18924,21.0
3099,2025-05-27,7am-7pm,13.0,15.0,2.0,39.93401,-75.15094,19.0
3295,2026-01-09,7pm-7am,4.0,10.0,6.0,39.95028,-75.16027,21.0
3283,2023-03-16,7am-7pm,2.0,1.0,-1.0,,,
3031,2024-09-02,7pm-7am,5.0,2.0,-3.0,39.98005,-75.15522,21.0
3032,2024-05-03,7am-7pm,53.0,57.0,4.0,39.94527,-75.17971,20.0
3257,2024-05-28,7pm-7am,0.0,2.0,2.0,,,
3244,2024-01-14,7am-7pm,17.0,20.0,3.0,,,
3325,2025-04-21,7pm-7am,3.0,2.0,-1.0,39.9768,-75.12764,22.0
3097,2025-07-07,7am-7pm,6.0,8.0,2.0,39.97888,-75.13339,18.0
3263,2026-01-22,7pm-7am,0.0,1.0,1.0,39.9586,-75.2081,18.0
3254,2023-05-13,7pm-7am,1.0,3.0,2.0,39.98091,-75.16065,18.0
3012,2025-12-24,7am-7pm,5.0,9.0,4.0,39.94218,-75.17747,27.0
3297,2023-04-10,7pm-7am,3.0,4.0,1.0,39.95821,-75.16901,19.0
3425,2025-10-04,7am-7pm,7.0,10.0,3.0,39.9849,-75.13255,15.0
3152,2025-10-14,7pm-7am,3.0,4.0,1.0,39.94993,-75.20286,17.0
3325,2024-08-19,7am-7pm,3.0,3.0,0.0,39.9768,-75.12764,22.0
3204,2026-03-19,7am-7pm,16.0,11.0,-5.0,39.96437,-75.16582,22.0
3063,2024-10-04,7am-7pm,36.0,30.0,-6.0,39.94633,-75.1698,25.0
3037,2026-02-06,7pm-7am,0.0,2.0,2.0,39.95424,-75.16138,21.0
3010,2023-07-23,7am-7pm,36.0,46.0,10.0,39.94711,-75.16618,22.0
3159,2023-11-28,7pm-7am,6.0,3.0,-3.0,39.95121,-75.19962,23.0
3337,2023-06-10,7am-7pm,4.0,9.0,5.0,39.97318,-75.14612,15.0
3071,2023-10-30,7pm-7am,4.0,2.0,-2.0,,,
3243,2025-04-24,7pm-7am,3.0,4.0,1.0,39.9835,-75.14743,12.0
3005,2025-12-09,7am-7pm,10.0,10.0,0.0,39.94733,-75.14403,13.0
3037,2025-04-03,7am-7pm,19.0,17.0,-2.0,39.95424,-75.16138,21.0
3345,2026-02-10,7pm-7am,0.0,2.0,2.0,39.9617,-75.14667,19.0
3371,2024-04-21,7am-7pm,10.0,6.0,-4.0,39.9534,-75.1543,19.0
3070,2023-06-17,7pm-7am,3.0,5.0,2.0,,,
3434,2026-02-20,7pm-7am,2.0,1.0,-1.0,39.97487,-75.13286,15.0
3292,2024-03-26,7pm-7am,0.0,3.0,3.0,39.92,-75.1562,17.0
3119,2024-11-23,7pm-7am,1.0,1.0,0.0,39.96674,-75.20799,17.0
3210,2025-12-07,7am-7pm,6.0,4.0,-2.0,39.98492,-75.15668,18.0
3101,2025-07-20,7am-7pm,29.0,44.0,15.0,39.94295,-75.15955,18.0
3159,2023-07-15,7pm-7am,3.0,2.0,-1.0,39.95121,-75.19962,23.0
3161,2024-07-23,7am-7pm,32.0,35.0,3.0,39.95486,-75.18091,23.0
3337,2024-11-13,7am-7pm,7.0,10.0,3.0,39.97318,-75.14612,15.0
3279,2023-08-18,7am-7pm,5.0,3.0,-2.0,39.9265,-75.1668,18.0
3349,2024-04-05,7pm-7am,4.0,5.0,1.0,39.93651,-75.18621,17.0
3086,2023-12-31,7pm-7am,2.0,1.0,-1.0,39.94019,-75.16691,21.0
3258,2025-03-04,7am-7pm,6.0,5.0,-1.0,39.95828,-75.22424,20.0
3285,2023-04-01,7am-7pm,3.0,2.0,-1.0,39.95946,-75.14745,19.0
3150,2026-03-02,7am-7pm,10.0,4.0,-6.0,39.92884,-75.17021,17.0
3275,2023-07-23,7am-7pm,7.0,5.0,-2.0,39.97576,-75.12157,22.0
3400,2025-06-12,7am-7pm,31.0,26.0,-5.0,39.949,-75.16081,18.0
3164,2026-03-12,7pm-7am,9.0,3.0,-6.0,39.92814,-75.16515,18.0
3203,2023-11-28,7pm-7am,5.0,5.0,0.0,39.94077,-75.17227,20.0
3400,2026-01-26,7pm-7am,0.0,1.0,1.0,39.949,-75.16081,18.0
3065,2023-05-24,7pm-7am,1.0,3.0,2.0,39.9707,-75.15171,15.0
3363,2025-08-28,7am-7pm,15.0,22.0,7.0,39.94655,-75.16263,17.0
3437,2025-11-18,7pm-7am,0.0,1.0,1.0,39.93931,-75.20336,15.0
3263,2023-04-18,7am-7pm,5.0,4.0,-1.0,39.9586,-75.2081,18.0
3058,2025-05-17,7pm-7am,3.0,8.0,5.0,,,
3392,2026-03-20,7pm-7am,1.0,1.0,0.0,39.93633,-75.19447,13.0
3118,2024-06-23,7pm-7am,2.0,1.0,-1.0,39.95866,-75.21323,20.0
3069,2023-05-28,7pm-7am,0.0,3.0,3.0,39.93704,-75.15038,23.0
3390,2025-08-11,7am-7pm,3.0,1.0,-2.0,39.96,-75.2244,18.0
3032,2025-06-13,7am-7pm,59.0,48.0,-11.0,39.94527,-75.17971,20.0
3019,2026-03-17,7am-7pm,10.0,6.0,-4.0,39.95403,-75.14983,15.0
3238,2024-05-16,7am-7pm,25.0,23.0,-2.0,39.97674,-75.11995,11.0
3395,2025-09-10,7pm-7am,5.0,2.0,-3.0,39.93866,-75.16351,13.0
3088,2023-09-14,7am-7pm,15.0,14.0,-1.0,39.96984,-75.1418,35.0
3321,2025-09-21,7am-7pm,13.0,9.0,-4.0,39.95485,-75.17298,21.0
3209,2024-11-07,7pm-7am,3.0,6.0,3.0,39.949,-75.21278,14.0
3294,2023-02-15,7pm-7am,3.0,8.0,5.0,39.95174,-75.17063,21.0
3268,2025-10-03,7pm-7am,2.0,4.0,2.0,39.97633,-75.15101,22.0
3243,2025-06-20,7pm-7am,1.0,2.0,1.0,39.9835,-75.14743,12.0
3205,2023-01-22,7am-7pm,6.0,4.0,-2.0,39.95405,-75.16783,22.0
3077,2025-05-27,7pm-7am,8.0,6.0,-2.0,39.97207,-75.16351,19.0
3273,2023-06-22,7am-7pm,0.0,1.0,1.0,,,
3300,2024-10-10,7pm-7am,1.0,2.0,1.0,39.95511,-75.16287,13.0
3058,2023-12-18,7am-7pm,10.0,8.0,-2.0,,,
3252,2025-01-06,7pm-7am,2.0,1.0,-1.0,39.93882,-75.19324,14.0
3326,2023-05-29,7pm-7am,1.0,0.0,-1.0,39.99198,-75.19944,17.0
3373,2025-12-24,7pm-7am,1.0,1.0,0.0,39.95817,-75.15668,15.0
3046,2023-12-04,7am-7pm,20.0,23.0,3.0,,,
3062,2024-01-12,7am-7pm,11.0,8.0,-3.0,,,
3207,2024-04-19,7am-7pm,15.0,14.0,-1.0,39.95441,-75.192,20.0
3156,2023-07-13,7am-7pm,23.0,26.0,3.0,39.95381,-75.17407,22.0
3303,2025-09-26,7pm-7am,3.0,2.0,-1.0,39.9559,-75.2053,20.0
3381,2025-12-25,7am-7pm,4.0,4.0,0.0,39.94845,-75.21807,13.0
3016,2024-12-01,7pm-7am,1.0,1.0,0.0,39.96892,-75.1547,15.0
3253,2025-01-23,7am-7pm,4.0,4.0,0.0,39.93074,-75.18924,21.0
3162,2025-09-23,7am-7pm,17.0,19.0,2.0,39.94595,-75.18475,34.0
3294,2024-10-01,7pm-7am,8.0,5.0,-3.0,39.95174,-75.17063,21.0
3010,2024-10-06,7pm-7am,20.0,12.0,-8.0,39.94711,-75.16618,22.0
3304,2025-06-23,7pm-7am,10.0,9.0,-1.0,39.94234,-75.15399,21.0
3026,2024-05-19,7am-7pm,28.0,29.0,1.0,39.94182,-75.1455,17.0
3032,2025-08-22,7pm-7am,14.0,10.0,-4.0,39.94527,-75.17971,20.0
3086,2024-03-22,7pm-7am,3.0,4.0,1.0,39.94019,-75.16691,21.0
3166,2025-11-13,7pm-7am,4.0,3.0,-1.0,39.97195,-75.13445,22.0
3241,2023-06-07,7am-7pm,4.0,6.0,2.0,39.95225,-75.22637,20.0
3362,2026-01-09,7am-7pm,9.0,16.0,7.0,39.94816,-75.16226,19.0
3161,2023-01-18,7am-7pm,17.0,11.0,-6.0,39.95486,-75.18091,23.0
3251,2024-03-03,7pm-7am,0.0,1.0,1.0,39.93366,-75.19319,16.0
3063,2023-04-10,7pm-7am,3.0,6.0,3.0,39.94633,-75.1698,25.0
3049,2023-01-01,7am-7pm,4.0,3.0,-1.0,39.94509,-75.1425,29.0
3026,2025-01-28,7pm-7am,3.0,2.0,-1.0,39.94182,-75.1455,17.0
3233,2024-01-20,7am-7pm,2.0,0.0,-2.0,,,
3075,2024-03-07,7am-7pm,10.0,8.0,-2.0,39.96718,-75.16125,12.0
3068,2023-07-17,7am-7pm,11.0,13.0,2.0,39.93549,-75.16711,18.0
3039,2025-10-18,7pm-7am,5.0,11.0,6.0,39.97157,-75.15993,17.0
3059,2023-06-23,7am-7pm,13.0,13.0,0.0,39.96244,-75.16121,21.0
3006,2023-11-17,7am-7pm,17.0,18.0,1.0,39.9522,-75.20311,17.0
3287,2023-11-22,7am-7pm,3.0,2.0,-1.0,39.94367,-75.21606,16.0
3328,2024-11-20,7pm-7am,1.0,0.0,-1.0,39.98798,-75.1995,23.0
3255,2024-02-28,7am-7pm,12.0,15.0,3.0,39.95095,-75.16438,15.0
3335,2024-03-17,7am-7pm,3.0,8.0,5.0,40.02237,-75.218,18.0
3200,2025-07-28,7am-7pm,5.0,4.0,-1.0,39.97583,-75.16846,17.0
3017,2025-01-27,7am-7pm,7.0,4.0,-3.0,39.98003,-75.14371,15.0
3163,2023-12-09,7pm-7am,3.0,0.0,-3.0,39.94974,-75.18097,22.0
3248,2025-10-24,7am-7pm,11.0,8.0,-3.0,39.94213,-75.18335,22.0
3086,2023-06-12,7am-7pm,9.0,9.0,0.0,39.94019,-75.16691,21.0
3158,2023-03-14,7pm-7am,0.0,3.0,3.0,39.92552,-75.16904,15.0
3183,2025-07-11,7am-7pm,2.0,5.0,3.0,39.88994,-75.17679,20.0
3061,2023-06-22,7pm-7am,6.0,5.0,-1.0,,,
