duration,start_station,end_station,plan_duration,st_year,st_month,st_day,st_hour,st_minute,end_year,end_month,end_day,end_hour,end_minute,bike_electric,pass_daypass,pass_indego30,pass_indego365,pass_walkup,trip_oneway,day_of_week,is_weekend,st_hr_sin,st_hr_cos,st_day_sin,st_day_cos,st_yr_sin,st_yr_cos
16,3018,3056,30,2021,8,12,15,17,2021,8,12,15,33,0,0,1,0,0,1,3,0,-0.7071067811865471,-0.7071067811865479,0.7818314824680284,0.6234898018587354,1.0,1.1943401194869637e-15
9,3201,3102,1,2025,5,14,16,24,2025,5,14,16,33,1,0,0,0,1,1,2,0,-0.8660254037844385,-0.5000000000000004,0.9749279121818236,-0.2225209339563138,0.8660254037844392,-0.4999999999999992
12,3238,3064,365,2021,9,2,19,59,2021,9,2,20,11,1,0,0,1,0,1,3,0,-0.9659258262890684,0.2588190451025203,-0.9749279121818236,-0.222520933956315,-0.4999999999999991,-0.8660254037844392
12,3025,3373,30,2026,3,14,10,6,2026,3,14,10,18,1,0,1,0,0,1,5,1,0.4999999999999999,-0.8660254037844387,0.4338837391175584,-0.9009688679024188,-0.8660254037844386,0.5000000000000001
74,3212,3057,30,2021,4,18,16,52,2021,4,18,18,6,0,0,1,0,0,1,6,1,-0.8660254037844385,-0.5000000000000004,0.9749279121818236,-0.2225209339563138,0.8660254037844392,-0.4999999999999992
5,3255,3007,30,2025,1,15,9,17,2025,1,15,9,22,1,0,1,0,0,1,2,0,0.7071067811865476,-0.7071067811865475,0.9749279121818236,-0.2225209339563141,-1.0,-1.8369701987210294e-16
93,3273,3187,1,2022,11,20,9,50,2022,11,20,11,23,0,1,0,0,0,1,6,1,0.7071067811865476,-0.7071067811865475,0.9749279121818236,-0.2225209339563141,-1.0,-1.8369701987210294e-16
12,3034,3016,365,2023,4,18,6,41,2023,4,18,6,53,1,0,0,1,0,1,1,0,1.0,6.123233995736766e-17,-0.7818314824680299,0.6234898018587334,1.2246467991473532e-16,-1.0
9,3430,3061,30,2025,10,23,15,44,2025,10,23,15,53,1,0,1,0,0,1,3,0,-0.7071067811865471,-0.7071067811865479,0.7818314824680284,0.6234898018587354,1.0,1.1943401194869637e-15
9,3052,3032,365,2024,11,11,17,3,2024,11,11,17,12,1,0,0,1,0,1,0,0,-0.9659258262890684,-0.2588190451025206,0.433883739117557,-0.9009688679024196,0.4999999999999998,-0.8660254037844388
7,3168,3162,30,2024,8,13,17,22,2024,8,13,17,29,1,0,1,0,0,1,1,0,-0.9659258262890684,-0.2588190451025206,0.433883739117557,-0.9009688679024196,0.4999999999999998,-0.8660254037844388
31,3322,3156,30,2024,6,14,19,20,2024,6,14,19,51,0,0,1,0,0,1,4,0,-0.9659258262890684,0.2588190451025203,-0.9749279121818236,-0.222520933956315,-0.4999999999999991,-0.8660254037844392
8,3033,3054,30,2021,8,12,19,28,2021,8,12,19,36,1,0,1,0,0,1,3,0,-0.9659258262890684,0.2588190451025203,-0.9749279121818236,-0.222520933956315,-0.4999999999999991,-0.8660254037844392
5,3006,3074,30,2021,8,30,11,43,2021,8,30,11,48,0,0,1,0,0,1,0,0,0.258819045102521,-0.9659258262890682,-0.4338837391175562,-0.90096886790242,-0.5000000000000004,0.8660254037844384
7,3300,3010,365,2025,9,10,18,33,2025,9,10,18,40,0,0,0,1,0,1,2,0,-1.0,-1.8369701987210294e-16,-0.4338837391175575,-0.9009688679024194,3.673940397442059e-16,-1.0
24,3068,3168,30,2022,2,18,18,21,2022,2,18,18,45,0,0,1,0,0,1,4,0,-1.0,-1.8369701987210294e-16,-0.4338837391175575,-0.9009688679024194,3.673940397442059e-16,-1.0
7,3007,3169,365,2025,3,31,16,26,2025,3,31,16,33,1,0,0,1,0,1,0,0,-0.8660254037844385,-0.5000000000000004,0.9749279121818236,-0.2225209339563138,0.8660254037844392,-0.4999999999999992
3,3296,3363,365,2026,2,20,15,15,2026,2,20,15,18,1,0,0,1,0,1,4,0,-0.7071067811865471,-0.7071067811865479,0.7818314824680284,0.6234898018587354,1.0,1.1943401194869637e-15
5,3207,3035,30,2024,6,7,13,4,2024,6,7,13,9,1,0,1,0,0,1,4,0,-0.2588190451025208,-0.9659258262890684,-0.781831482468029,0.6234898018587346,0.5,0.8660254037844386
13,3124,3025,30,2022,8,7,5,43,2022,8,7,5,56,1,0,1,0,0,1,6,1,0.9659258262890684,0.2588190451025207,-0.9749279121818236,-0.2225209339563146,0.4999999999999999,-0.8660254037844387
14,3026,3202,365,2021,9,11,7,7,2021,9,11,7,21,0,0,0,1,0,1,5,1,0.9659258262890684,-0.2588190451025206,-2.4492935982947064e-16,1.0,-0.4999999999999997,-0.8660254037844388
11,3004,3055,1,2021,12,30,14,16,2021,12,30,14,27,0,1,0,0,0,1,3,0,-0.4999999999999997,-0.8660254037844388,-4.898587196589413e-16,1.0,0.8660254037844384,0.5000000000000004
7,3255,3066,365,2025,10,2,17,4,2025,10,2,17,11,1,0,0,1,0,1,3,0,-0.9659258262890684,-0.2588190451025206,0.433883739117557,-0.9009688679024196,0.4999999999999998,-0.8660254037844388
16,3185,3041,30,2025,8,25,19,14,2025,8,25,19,30,1,0,1,0,0,1,0,0,-0.9659258262890684,0.2588190451025203,-0.9749279121818236,-0.222520933956315,-0.4999999999999991,-0.8660254037844392
18,3255,3209,30,2022,10,26,16,58,2022,10,26,17,16,1,0,1,0,0,1,2,0,-0.8660254037844385,-0.5000000000000004,0.9749279121818236,-0.2225209339563138,0.8660254037844392,-0.4999999999999992
6,3046,3028,365,2021,10,15,14,10,2021,10,15,14,16,0,0,0,1,0,1,4,0,-0.4999999999999997,-0.8660254037844388,-4.898587196589413e-16,1.0,0.8660254037844384,0.5000000000000004
6,3061,3009,30,2020,4,2,19,13,2020,4,2,19,19,0,0,1,0,0,1,3,0,-0.9659258262890684,0.2588190451025203,-0.9749279121818236,-0.222520933956315,-0.4999999999999991,-0.8660254037844392
12,3259,3201,30,2026,2,20,14,6,2026,2,20,14,18,1,0,1,0,0,1,4,0,-0.4999999999999997,-0.8660254037844388,-4.898587196589413e-16,1.0,0.8660254037844384,0.5000000000000004
19,3017,3100,365,2022,8,27,19,32,2022,8,27,19,51,1,0,0,1,0,1,5,1,-0.9659258262890684,0.2588190451025203,-0.9749279121818236,-0.222520933956315,-0.4999999999999991,-0.8660254037844392
16,3202,3159,30,2021,10,27,13,27,2021,10,27,13,43,1,0,1,0,0,1,2,0,-0.2588190451025208,-0.9659258262890684,-0.781831482468029,0.6234898018587346,0.5,0.8660254037844386
3,3150,3361,30,2026,3,2,15,19,2026,3,2,15,22,1,0,1,0,0,1,0,0,-0.7071067811865471,-0.7071067811865479,0.7818314824680284,0.6234898018587354,1.0,1.1943401194869637e-15
13,3054,3263,365,2025,8,16,15,56,2025,8,16,16,9,0,0,0,1,0,1,5,1,-0.7071067811865471,-0.7071067811865479,0.7818314824680284,0.6234898018587354,1.0,1.1943401194869637e-15
6,3075,3037,30,2022,8,27,13,49,2022,8,27,13,55,1,0,1,0,0,1,5,1,-0.2588190451025208,-0.9659258262890684,-0.781831482468029,0.6234898018587346,0.5,0.8660254037844386
12,3099,3018,30,2020,4,23,15,7,2020,4,23,15,19,1,0,1,0,0,1,3,0,-0.7071067811865471,-0.7071067811865479,0.7818314824680284,0.6234898018587354,1.0,1.1943401194869637e-15
15,3163,3075,30,2024,6,29,16,12,2024,6,29,16,27,0,0,1,0,0,1,5,1,-0.8660254037844385,-0.5000000000000004,0.9749279121818236,-0.2225209339563138,0.8660254037844392,-0.4999999999999992
4,3209,3006,30,2021,9,14,19,25,2021,9,14,19,29,0,0,1,0,0,1,1,0,-0.9659258262890684,0.2588190451025203,-0.9749279121818236,-0.222520933956315,-0.4999999999999991,-0.8660254037844392
37,3165,3212,1,2021,7,24,12,39,2021,7,24,13,16,1,1,0,0,0,1,5,1,1.2246467991473532e-16,-1.0,-0.9749279121818236,-0.2225209339563148,-2.4492935982947064e-16,1.0
9,3155,3360,365,2025,7,21,11,23,2025,7,21,11,32,0,0,0,1,0,1,0,0,0.258819045102521,-0.9659258262890682,-0.4338837391175562,-0.90096886790242,-0.5000000000000004,0.8660254037844384
7,3203,3078,30,2021,11,2,13,16,2021,11,2,13,23,0,0,1,0,0,1,1,0,-0.2588190451025208,-0.9659258262890684,-0.781831482468029,0.6234898018587346,0.5,0.8660254037844386
12,3058,3029,30,2024,8,6,9,0,2024,8,6,9,12,1,0,1,0,0,1,1,0,0.7071067811865476,-0.7071067811865475,0.9749279121818236,-0.2225209339563141,-1.0,-1.8369701987210294e-16
15,3022,3212,30,2021,6,25,20,22,2021,6,25,20,37,0,0,1,0,0,1,4,0,-0.8660254037844386,0.5000000000000001,-0.7818314824680302,0.6234898018587329,-0.8660254037844387,-0.4999999999999998
7,3020,3022,365,2022,11,15,15,15,2022,11,15,15,22,0,0,0,1,0,1,1,0,-0.7071067811865471,-0.7071067811865479,0.7818314824680284,0.6234898018587354,1.0,1.1943401194869637e-15
24,3032,3032,365,2024,10,29,14,18,2024,10,29,14,42,1,0,0,1,0,0,1,0,-0.4999999999999997,-0.8660254037844388,-4.898587196589413e-16,1.0,0.8660254037844384,0.5000000000000004
7,3235,3385,365,2025,3,23,8,14,2025,3,23,8,22,1,0,0,1,0,1,6,1,0.8660254037844387,-0.4999999999999998,0.7818314824680296,0.6234898018587337,-0.8660254037844385,-0.5000000000000004
8,3050,3101,30,2020,10,17,16,52,2020,10,17,17,0,0,0,1,0,0,1,5,1,-0.8660254037844385,-0.5000000000000004,0.9749279121818236,-0.2225209339563138,0.8660254037844392,-0.4999999999999992
9,3165,3018,30,2021,6,23,9,55,2021,6,23,10,4,1,0,1,0,0,1,2,0,0.7071067811865476,-0.7071067811865475,0.9749279121818236,-0.2225209339563141,-1.0,-1.8369701987210294e-16
17,3347,3168,1,2025,10,12,18,3,2025,10,12,18,20,0,0,0,0,1,1,6,1,-1.0,-1.8369701987210294e-16,-0.4338837391175575,-0.9009688679024194,3.673940397442059e-16,-1.0
7,3204,3294,30,2024,5,18,13,10,2024,5,18,13,17,1,0,1,0,0,1,5,1,-0.2588190451025208,-0.9659258262890684,-0.781831482468029,0.6234898018587346,0.5,0.8660254037844386
11,3368,3018,365,2025,11,15,12,42,2025,11,15,12,53,1,0,0,1,0,1,5,1,1.2246467991473532e-16,-1.0,-0.9749279121818236,-0.2225209339563148,-2.4492935982947064e-16,1.0
39,3035,3104,30,2023,3,18,11,12,2023,3,18,11,51,0,0,1,0,0,1,5,1,0.258819045102521,-0.9659258262890682,-0.4338837391175562,-0.90096886790242,-0.5000000000000004,0.8660254037844384
36,3108,3065,30,2020,9,17,18,55,2020,9,17,19,31,0,0,1,0,0,1,3,0,-1.0,-1.8369701987210294e-16,-0.4338837391175575,-0.9009688679024194,3.673940397442059e-16,-1.0
2,3395,3025,30,2025,7,18,18,24,2025,7,18,18,26,0,0,1,0,0,1,4,0,-1.0,-1.8369701987210294e-16,-0.4338837391175575,-0.9009688679024194,3.673940397442059e-16,-1.0
71,3028,3028,30,2020,6,15,18,42,2020,6,15,19,53,0,0,1,0,0,0,0,0,-1.0,-1.8369701987210294e-16,-0.4338837391175575,-0.9009688679024194,3.673940397442059e-16,-1.0
15,3011,3108,30,2021,6,24,10,36,2021,6,24,10,51,0,0,1,0,0,1,3,0,0.4999999999999999,-0.8660254037844387,0.4338837391175584,-0.9009688679024188,-0.8660254037844386,0.5000000000000001
27,3124,3100,1,2022,8,16,18,2,2022,8,16,18,29,0,1,0,0,0,1,1,0,-1.0,-1.8369701987210294e-16,-0.4338837391175575,-0.9009688679024194,3.673940397442059e-16,-1.0
8,3074,3029,30,2021,9,29,17,7,2021,9,29,17,15,0,0,1,0,0,1,2,0,-0.9659258262890684,-0.2588190451025206,0.433883739117557,-0.9009688679024196,0.4999999999999998,-0.8660254037844388
22,3113,3054,30,2025,3,30,20,20,2025,3,30,20,42,0,0,1,0,0,1,6,1,-0.8660254037844386,0.5000000000000001,-0.7818314824680302,0.6234898018587329,-0.8660254037844387,-0.4999999999999998
40,3052,3052,30,2025,1,29,15,42,2025,1,29,16,22,0,0,1,0,0,0,2,0,-0.7071067811865471,-0.7071067811865479,0.7818314824680284,0.6234898018587354,1.0,1.1943401194869637e-15
7,3101,3028,30,2022,6,21,15,59,2022,6,21,16,6,0,0,1,0,0,1,1,0,-0.7071067811865471,-0.7071067811865479,0.7818314824680284,0.6234898018587354,1.0,1.1943401194869637e-15
7,3032,3101,30,2023,9,18,16,49,2023,9,18,16,56,1,0,1,0,0,1,0,0,-0.8660254037844385,-0.5000000000000004,0.9749279121818236,-0.2225209339563138,0.8660254037844392,-0.4999999999999992
2,3254,3245,30,2025,10,7,17,17,2025,10,7,17,19,1,0,1,0,0,1,1,0,-0.9659258262890684,-0.2588190451025206,0.433883739117557,-0.9009688679024196,0.4999999999999998,-0.8660254037844388
5,3032,3203,365,2021,7,5,14,37,2021,7,5,14,42,0,0,0,1,0,1,0,0,-0.4999999999999997,-0.8660254037844388,-4.898587196589413e-16,1.0,0.8660254037844384,0.5000000000000004
14,3187,3163,30,2022,9,21,19,20,2022,9,21,19,34,0,0,1,0,0,1,2,0,-0.9659258262890684,0.2588190451025203,-0.9749279121818236,-0.222520933956315,-0.4999999999999991,-0.8660254037844392
4,3007,3400,30,2025,7,20,14,45,2025,7,20,14,49,0,0,1,0,0,1,6,1,-0.4999999999999997,-0.8660254037844388,-4.898587196589413e-16,1.0,0.8660254037844384,0.5000000000000004
5,3303,3336,365,2025,3,27,9,25,2025,3,27,9,30,0,0,0,1,0,1,3,0,0.7071067811865476,-0.7071067811865475,0.9749279121818236,-0.2225209339563141,-1.0,-1.8369701987210294e-16
13,3007,3052,365,2021,10,30,16,8,2021,10,30,16,21,0,0,0,1,0,1,5,1,-0.8660254037844385,-0.5000000000000004,0.9749279121818236,-0.2225209339563138,0.8660254037844392,-0.4999999999999992
2,3201,3201,30,2022,7,20,19,40,2022,7,20,19,42,0,0,1,0,0,0,2,0,-0.9659258262890684,0.2588190451025203,-0.9749279121818236,-0.222520933956315,-0.4999999999999991,-0.8660254037844392
6,3101,3185,30,2022,2,14,7,10,2022,2,14,7,16,0,0,1,0,0,1,0,0,0.9659258262890684,-0.2588190451025206,-2.4492935982947064e-16,1.0,-0.4999999999999997,-0.8660254037844388
14,3255,3104,30,2023,8,29,14,13,2023,8,29,14,27,1,0,1,0,0,1,1,0,-0.4999999999999997,-0.8660254037844388,-4.898587196589413e-16,1.0,0.8660254037844384,0.5000000000000004
3,3116,3054,30,2022,3,20,19,20,2022,3,20,19,23,0,0,1,0,0,1,6,1,-0.9659258262890684,0.2588190451025203,-0.9749279121818236,-0.222520933956315,-0.4999999999999991,-0.8660254037844392
28,3041,3381,1,2025,8,8,22,53,2025,8,8,23,21,1,0,0,0,1,1,4,0,-0.5000000000000004,0.8660254037844384,0.7818314824680271,0.6234898018587369,-0.8660254037844392,0.4999999999999991
9,3051,3073,365,2025,6,3,11,57,2025,6,3,12,6,1,0,0,1,0,1,1,0,0.258819045102521,-0.9659258262890682,-0.4338837391175562,-0.90096886790242,-0.5000000000000004,0.8660254037844384
10,3422,3119,365,2025,9,29,17,29,2025,9,29,17,39,1,0,0,1,0,1,0,0,-0.9659258262890684,-0.2588190451025206,0.433883739117557,-0.9009688679024196,0.4999999999999998,-0.8660254037844388
13,3261,3017,365,2025,7,16,18,15,2025,7,16,18,28,0,0,0,1,0,1,2,0,-1.0,-1.8369701987210294e-16,-0.4338837391175575,-0.9009688679024194,3.673940397442059e-16,-1.0
9,3066,3038,365,2021,1,15,10,21,2021,1,15,10,30,0,0,0,1,0,1,4,0,0.4999999999999999,-0.8660254037844387,0.4338837391175584,-0.9009688679024188,-0.8660254037844386,0.5000000000000001
6,3037,3201,30,2022,6,15,23,39,2022,6,15,23,45,0,0,1,0,0,1,2,0,-0.2588190451025215,0.965925826289068,0.9749279121818238,-0.2225209339563136,-0.5000000000000014,0.8660254037844378
42,3202,3106,365,2021,9,26,22,54,2021,9,26,23,36,0,0,0,1,0,1,6,1,-0.5000000000000004,0.8660254037844384,0.7818314824680271,0.6234898018587369,-0.8660254037844392,0.4999999999999991
11,3004,3203,365,2020,5,15,13,34,2020,5,15,13,45,0,0,0,1,0,1,4,0,-0.2588190451025208,-0.9659258262890684,-0.781831482468029,0.6234898018587346,0.5,0.8660254037844386
9,3102,3296,30,2023,2,17,13,28,2023,2,17,13,37,1,0,1,0,0,1,4,0,-0.2588190451025208,-0.9659258262890684,-0.781831482468029,0.6234898018587346,0.5,0.8660254037844386
9,3028,3068,30,2020,10,7,19,53,2020,10,7,20,2,0,0,1,0,0,1,2,0,-0.9659258262890684,0.2588190451025203,-0.9749279121818236,-0.222520933956315,-0.4999999999999991,-0.8660254037844392
10,3168,3204,30,2024,3,15,19,9,2024,3,15,19,19,0,0,1,0,0,1,4,0,-0.9659258262890684,0.2588190451025203,-0.9749279121818236,-0.222520933956315,-0.4999999999999991,-0.8660254037844392
7,3061,3208,30,2022,11,9,5,15,2022,11,9,5,22,0,0,1,0,0,1,2,0,0.9659258262890684,0.2588190451025207,-0.9749279121818236,-0.2225209339563146,0.4999999999999999,-0.8660254037844387
19,3114,3373,365,2024,9,3,18,36,2024,9,3,18,55,1,0,0,1,0,1,1,0,-1.0,-1.8369701987210294e-16,-0.4338837391175575,-0.9009688679024194,3.673940397442059e-16,-1.0
5,3015,3050,30,2021,4,17,23,41,2021,4,17,23,46,0,0,1,0,0,1,5,1,-0.2588190451025215,0.965925826289068,0.9749279121818238,-0.2225209339563136,-0.5000000000000014,0.8660254037844378
2,3318,3037,30,2025,9,10,20,5,2025,9,10,20,7,1,0,1,0,0,1,2,0,-0.8660254037844386,0.5000000000000001,-0.7818314824680302,0.6234898018587329,-0.8660254037844387,-0.4999999999999998
10,3006,3061,30,2021,11,24,16,46,2021,11,24,16,56,0,0,1,0,0,1,2,0,-0.8660254037844385,-0.5000000000000004,0.9749279121818236,-0.2225209339563138,0.8660254037844392,-0.4999999999999992
7,3062,3159,365,2024,4,23,11,45,2024,4,23,11,52,1,0,0,1,0,1,1,0,0.258819045102521,-0.9659258262890682,-0.4338837391175562,-0.90096886790242,-0.5000000000000004,0.8660254037844384
29,3169,3245,30,2021,9,5,16,31,2021,9,5,17,0,0,0,1,0,0,1,6,1,-0.8660254037844385,-0.5000000000000004,0.9749279121818236,-0.2225209339563138,0.8660254037844392,-0.4999999999999992
14,3192,3078,30,2020,3,2,8,4,2020,3,2,8,18,1,0,1,0,0,1,0,0,0.8660254037844387,-0.4999999999999998,0.7818314824680296,0.6234898018587337,-0.8660254037844385,-0.5000000000000004
4,3340,3058,30,2024,8,7,18,35,2024,8,7,18,39,1,0,1,0,0,1,2,0,-1.0,-1.8369701987210294e-16,-0.4338837391175575,-0.9009688679024194,3.673940397442059e-16,-1.0
14,3397,3022,30,2025,10,25,13,4,2025,10,25,13,18,1,0,1,0,0,1,5,1,-0.2588190451025208,-0.9659258262890684,-0.781831482468029,0.6234898018587346,0.5,0.8660254037844386
18,3057,3113,1,2025,9,8,15,12,2025,9,8,15,30,1,1,0,0,0,1,0,0,-0.7071067811865471,-0.7071067811865479,0.7818314824680284,0.6234898018587354,1.0,1.1943401194869637e-15
3,3007,3010,365,2025,3,24,16,7,2025,3,24,16,10,1,0,0,1,0,1,0,0,-0.8660254037844385,-0.5000000000000004,0.9749279121818236,-0.2225209339563138,0.8660254037844392,-0.4999999999999992
9,3015,3100,30,2025,10,24,11,51,2025,10,24,12,0,1,0,1,0,0,1,4,0,0.258819045102521,-0.9659258262890682,-0.4338837391175562,-0.90096886790242,-0.5000000000000004,0.8660254037844384
5,3285,3383,30,2025,10,22,15,52,2025,10,22,15,57,1,0,1,0,0,1,2,0,-0.7071067811865471,-0.7071067811865479,0.7818314824680284,0.6234898018587354,1.0,1.1943401194869637e-15
12,3114,3052,30,2024,11,27,17,49,2024,11,27,18,1,1,0,1,0,0,1,2,0,-0.9659258262890684,-0.2588190451025206,0.433883739117557,-0.9009688679024196,0.4999999999999998,-0.8660254037844388
42,3168,3154,30,2020,9,1,18,17,2020,9,1,18,59,0,0,1,0,0,1,1,0,-1.0,-1.8369701987210294e-16,-0.4338837391175575,-0.9009688679024194,3.673940397442059e-16,-1.0
12,3046,3182,365,2021,9,2,13,44,2021,9,2,13,56,0,0,0,1,0,1,3,0,-0.2588190451025208,-0.9659258262890684,-0.781831482468029,0.6234898018587346,0.5,0.8660254037844386
40,3074,3209,30,2020,9,9,16,24,2020,9,9,17,4,0,0,1,0,0,1,2,0,-0.8660254037844385,-0.5000000000000004,0.9749279121818236,-0.2225209339563138,0.8660254037844392,-0.4999999999999992
11,3074,3022,30,2021,8,16,11,31,2021,8,16,11,42,1,0,1,0,0,1,0,0,0.258819045102521,-0.9659258262890682,-0.4338837391175562,-0.90096886790242,-0.5000000000000004,0.8660254037844384
17,3021,3074,30,2024,10,8,16,6,2024,10,8,16,23,1,0,1,0,0,1,1,0,-0.8660254037844385,-0.5000000000000004,0.9749279121818236,-0.2225209339563138,0.8660254037844392,-0.4999999999999992
24,3069,3168,365,2023,5,17,12,38,2023,5,17,13,2,0,0,0,1,0,1,2,0,1.2246467991473532e-16,-1.0,-0.9749279121818236,-0.2225209339563148,-2.4492935982947064e-16,1.0
6,3104,3104,30,2023,8,5,20,5,2023,8,5,20,11,0,0,1,0,0,0,5,1,-0.8660254037844386,0.5000000000000001,-0.7818314824680302,0.6234898018587329,-0.8660254037844387,-0.4999999999999998
11,3383,3226,30,2024,8,31,14,8,2024,8,31,14,19,0,0,1,0,0,1,5,1,-0.4999999999999997,-0.8660254037844388,-4.898587196589413e-16,1.0,0.8660254037844384,0.5000000000000004
9,3318,3039,30,2025,9,3,21,57,2025,9,3,22,6,1,0,1,0,0,1,2,0,-0.7071067811865477,0.7071067811865474,-7.34788079488412e-16,1.0,-1.0,-4.286263797015736e-16
5,3362,3000,365,2025,3,9,7,12,2025,3,9,7,17,1,0,0,1,0,1,6,1,0.9659258262890684,-0.2588190451025206,-2.4492935982947064e-16,1.0,-0.4999999999999997,-0.8660254037844388
7,3204,3204,30,2023,8,31,19,55,2023,8,31,20,2,1,0,1,0,0,0,3,0,-0.9659258262890684,0.2588190451025203,-0.9749279121818236,-0.222520933956315,-0.4999999999999991,-0.8660254037844392
15,3020,3155,7,2026,3,1,23,59,2026,3,2,0,14,1,0,0,0,0,1,6,1,-0.2588190451025215,0.965925826289068,0.9749279121818238,-0.2225209339563136,-0.5000000000000014,0.8660254037844378
19,3055,3331,365,2025,9,22,17,57,2025,9,22,18,16,1,0,0,1,0,1,0,0,-0.9659258262890684,-0.2588190451025206,0.433883739117557,-0.9009688679024196,0.4999999999999998,-0.8660254037844388
23,3161,3056,30,2025,10,27,7,8,2025,10,27,7,31,0,0,1,0,0,1,0,0,0.9659258262890684,-0.2588190451025206,-2.4492935982947064e-16,1.0,-0.4999999999999997,-0.8660254037844388
36,3057,3071,1,2021,10,23,11,39,2021,10,23,12,15,1,1,0,0,0,1,5,1,0.258819045102521,-0.9659258262890682,-0.4338837391175562,-0.90096886790242,-0.5000000000000004,0.8660254037844384
10,3059,3056,30,2021,9,19,14,46,2021,9,19,14,56,0,0,1,0,0,1,6,1,-0.4999999999999997,-0.8660254037844388,-4.898587196589413e-16,1.0,0.8660254037844384,0.5000000000000004
3,3100,3334,30,2023,9,6,16,46,2023,9,6,16,49,0,0,1,0,0,1,2,0,-0.8660254037844385,-0.5000000000000004,0.9749279121818236,-0.2225209339563138,0.8660254037844392,-0.4999999999999992
27,3300,3031,30,2023,10,28,2,2,2023,10,28,2,29,0,0,1,0,0,1,5,1,0.4999999999999999,0.8660254037844387,0.9749279121818236,-0.2225209339563143,0.8660254037844386,0.5000000000000001
9,3359,3025,365,2024,6,11,17,3,2024,6,11,17,12,1,0,0,1,0,1,1,0,-0.9659258262890684,-0.2588190451025206,0.433883739117557,-0.9009688679024196,0.4999999999999998,-0.8660254037844388
6,3182,3125,365,2025,10,20,17,52,2025,10,20,17,58,1,0,0,1,0,1,0,0,-0.9659258262890684,-0.2588190451025206,0.433883739117557,-0.9009688679024196,0.4999999999999998,-0.8660254037844388
6,3120,3104,30,2024,11,3,16,58,2024,11,3,17,4,1,0,1,0,0,1,6,1,-0.8660254037844385,-0.5000000000000004,0.9749279121818236,-0.2225209339563138,0.8660254037844392,-0.4999999999999992
6,3029,3162,365,2023,11,16,17,35,2023,11,16,17,41,1,0,0,1,0,1,3,0,-0.9659258262890684,-0.2588190451025206,0.433883739117557,-0.9009688679024196,0.4999999999999998,-0.8660254037844388
29,3059,3371,30,2024,5,17,16,45,2024,5,17,17,14,0,0,1,0,0,1,4,0,-0.8660254037844385,-0.5000000000000004,0.9749279121818236,-0.2225209339563138,0.8660254037844392,-0.4999999999999992
7,3063,3163,30,2024,6,11,7,16,2024,6,11,7,23,0,0,1,0,0,1,1,0,0.9659258262890684,-0.2588190451025206,-2.4492935982947064e-16,1.0,-0.4999999999999997,-0.8660254037844388
7,3154,3362,30,2024,12,18,13,10,2024,12,18,13,17,1,0,1,0,0,1,2,0,-0.2588190451025208,-0.9659258262890684,-0.781831482468029,0.6234898018587346,0.5,0.8660254037844386
15,3212,3212,30,2022,8,6,9,2,2022,8,6,9,17,0,0,1,0,0,0,5,1,0.7071067811865476,-0.7071067811865475,0.9749279121818236,-0.2225209339563141,-1.0,-1.8369701987210294e-16
27,3054,3158,30,2021,3,11,11,5,2021,3,11,11,32,1,0,1,0,0,1,3,0,0.258819045102521,-0.9659258262890682,-0.4338837391175562,-0.90096886790242,-0.5000000000000004,0.8660254037844384
5,3043,3034,30,2020,7,3,19,13,2020,7,3,19,18,1,0,1,0,0,1,4,0,-0.9659258262890684,0.2588190451025203,-0.9749279121818236,-0.222520933956315,-0.4999999999999991,-0.8660254037844392
11,3020,3187,365,2024,3,30,10,50,2024,3,30,11,1,1,0,0,1,0,1,5,1,0.4999999999999999,-0.8660254037844387,0.4338837391175584,-0.9009688679024188,-0.8660254037844386,0.5000000000000001
26,3164,3051,1,2024,5,11,14,19,2024,5,11,14,45,1,1,0,0,0,1,5,1,-0.4999999999999997,-0.8660254037844388,-4.898587196589413e-16,1.0,0.8660254037844384,0.5000000000000004
5,3061,3318,365,2024,8,25,19,44,2024,8,25,19,49,1,0,0,1,0,1,6,1,-0.9659258262890684,0.2588190451025203,-0.9749279121818236,-0.222520933956315,-0.4999999999999991,-0.8660254037844392
52,3047,3018,1,2023,9,16,12,30,2023,9,16,13,22,0,1,0,0,0,1,5,1,1.2246467991473532e-16,-1.0,-0.9749279121818236,-0.2225209339563148,-2.4492935982947064e-16,1.0
18,3018,3028,30,2023,6,10,14,8,2023,6,10,14,26,1,0,1,0,0,1,5,1,-0.4999999999999997,-0.8660254037844388,-4.898587196589413e-16,1.0,0.8660254037844384,0.5000000000000004
20,3208,3069,365,2021,8,3,15,8,2021,8,3,15,28,0,0,0,1,0,1,1,0,-0.7071067811865471,-0.7071067811865479,0.7818314824680284,0.6234898018587354,1.0,1.1943401194869637e-15
6,3069,3030,30,2021,6,13,14,18,2021,6,13,14,24,0,0,1,0,0,1,6,1,-0.4999999999999997,-0.8660254037844388,-4.898587196589413e-16,1.0,0.8660254037844384,0.5000000000000004
19,3153,3046,30,2020,5,10,19,22,2020,5,10,19,41,1,0,1,0,0,1,6,1,-0.9659258262890684,0.2588190451025203,-0.9749279121818236,-0.222520933956315,-0.4999999999999991,-0.8660254037844392
10,3396,3357,365,2026,3,29,13,20,2026,3,29,13,30,1,0,0,1,0,1,6,1,-0.2588190451025208,-0.9659258262890684,-0.781831482468029,0.6234898018587346,0.5,0.8660254037844386
48,3040,3043,30,2023,4,4,16,4,2023,4,4,16,52,0,0,1,0,0,1,1,0,-0.8660254037844385,-0.5000000000000004,0.9749279121818236,-0.2225209339563138,0.8660254037844392,-0.4999999999999992
38,3100,3310,365,2024,9,21,19,6,2024,9,21,19,43,1,0,0,1,0,1,5,1,-0.9659258262890684,0.2588190451025203,-0.9749279121818236,-0.222520933956315,-0.4999999999999991,-0.8660254037844392
6,3077,3075,30,2025,8,31,19,13,2025,8,31,19,19,0,0,1,0,0,1,6,1,-0.9659258262890684,0.2588190451025203,-0.9749279121818236,-0.222520933956315,-0.4999999999999991,-0.8660254037844392
10,3163,3362,365,2025,6,26,16,17,2025,6,26,16,27,1,0,0,1,0,1,3,0,-0.8660254037844385,-0.5000000000000004,0.9749279121818236,-0.2225209339563138,0.8660254037844392,-0.4999999999999992
4,3028,3238,365,2023,10,8,8,21,2023,10,8,8,25,0,0,0,1,0,1,6,1,0.8660254037844387,-0.4999999999999998,0.7818314824680296,0.6234898018587337,-0.8660254037844385,-0.5000000000000004
32,3205,3049,30,2025,12,25,17,50,2025,12,25,18,22,0,0,1,0,0,1,3,0,-0.9659258262890684,-0.2588190451025206,0.433883739117557,-0.9009688679024196,0.4999999999999998,-0.8660254037844388
34,3185,3020,30,2021,9,25,22,9,2021,9,25,22,43,1,0,1,0,0,1,5,1,-0.5000000000000004,0.8660254037844384,0.7818314824680271,0.6234898018587369,-0.8660254037844392,0.4999999999999991
14,3100,3045,30,2021,7,13,8,54,2021,7,13,9,8,0,0,1,0,0,1,1,0,0.8660254037844387,-0.4999999999999998,0.7818314824680296,0.6234898018587337,-0.8660254037844385,-0.5000000000000004
6,3321,3102,30,2024,3,28,14,1,2024,3,28,14,7,1,0,1,0,0,1,3,0,-0.4999999999999997,-0.8660254037844388,-4.898587196589413e-16,1.0,0.8660254037844384,0.5000000000000004
20,3208,3037,365,2022,5,7,14,55,2022,5,7,15,15,0,0,0,1,0,1,5,1,-0.4999999999999997,-0.8660254037844388,-4.898587196589413e-16,1.0,0.8660254037844384,0.5000000000000004
40,3185,3028,30,2020,2,23,17,53,2020,2,23,18,33,0,0,1,0,0,1,6,1,-0.9659258262890684,-0.2588190451025206,0.433883739117557,-0.9009688679024196,0.4999999999999998,-0.8660254037844388
10,3064,3205,30,2023,6,22,9,15,2023,6,22,9,25,0,0,1,0,0,1,3,0,0.7071067811865476,-0.7071067811865475,0.9749279121818236,-0.2225209339563141,-1.0,-1.8369701987210294e-16
12,3046,3088,30,2021,9,11,3,11,2021,9,11,3,23,1,0,1,0,0,1,5,1,0.7071067811865476,0.7071067811865476,0.4338837391175582,-0.900968867902419,1.0,6.123233995736766e-17
7,3009,3061,30,2021,10,4,19,14,2021,10,4,19,21,0,0,1,0,0,1,0,0,-0.9659258262890684,0.2588190451025203,-0.9749279121818236,-0.222520933956315,-0.4999999999999991,-0.8660254037844392
3,3235,3037,365,2022,8,6,12,26,2022,8,6,12,29,1,0,0,1,0,1,5,1,1.2246467991473532e-16,-1.0,-0.9749279121818236,-0.2225209339563148,-2.4492935982947064e-16,1.0
4,3294,3294,1,2025,8,8,11,59,2025,8,8,12,3,1,0,0,0,1,0,4,0,0.258819045102521,-0.9659258262890682,-0.4338837391175562,-0.90096886790242,-0.5000000000000004,0.8660254037844384
15,3028,3000,30,2022,7,10,11,41,2022,7,10,11,56,0,0,1,0,0,1,6,1,0.258819045102521,-0.9659258262890682,-0.4338837391175562,-0.90096886790242,-0.5000000000000004,0.8660254037844384
9,3226,3031,30,2025,4,18,8,56,2025,4,18,9,5,1,0,1,0,0,1,4,0,0.8660254037844387,-0.4999999999999998,0.7818314824680296,0.6234898018587337,-0.8660254037844385,-0.5000000000000004
5,3125,3162,30,2020,10,7,3,41,2020,10,7,3,46,0,0,1,0,0,1,2,0,0.7071067811865476,0.7071067811865476,0.4338837391175582,-0.900968867902419,1.0,6.123233995736766e-17
20,3202,3204,30,2021,10,12,18,22,2021,10,12,18,42,0,0,1,0,0,1,1,0,-1.0,-1.8369701987210294e-16,-0.4338837391175575,-0.9009688679024194,3.673940397442059e-16,-1.0
18,3012,3059,30,2021,2,7,17,56,2021,2,7,18,14,0,0,1,0,0,1,6,1,-0.9659258262890684,-0.2588190451025206,0.433883739117557,-0.9009688679024196,0.4999999999999998,-0.8660254037844388
9,3088,3059,30,2023,10,3,14,20,2023,10,3,14,29,0,0,1,0,0,1,1,0,-0.4999999999999997,-0.8660254037844388,-4.898587196589413e-16,1.0,0.8660254037844384,0.5000000000000004
7,3066,3078,30,2023,11,8,14,28,2023,11,8,14,35,0,0,1,0,0,1,2,0,-0.4999999999999997,-0.8660254037844388,-4.898587196589413e-16,1.0,0.8660254037844384,0.5000000000000004
15,3020,3102,30,2022,6,7,15,54,2022,6,7,16,9,1,0,1,0,0,1,1,0,-0.7071067811865471,-0.7071067811865479,0.7818314824680284,0.6234898018587354,1.0,1.1943401194869637e-15
17,3158,3033,365,2021,9,7,8,53,2021,9,7,9,10,0,0,0,1,0,1,1,0,0.8660254037844387,-0.4999999999999998,0.7818314824680296,0.6234898018587337,-0.8660254037844385,-0.5000000000000004
5,3029,3256,30,2023,1,24,18,51,2023,1,24,18,56,1,0,1,0,0,1,1,0,-1.0,-1.8369701987210294e-16,-0.4338837391175575,-0.9009688679024194,3.673940397442059e-16,-1.0
6,3058,3374,30,2025,9,30,18,26,2025,9,30,18,32,1,0,1,0,0,1,1,0,-1.0,-1.8369701987210294e-16,-0.4338837391175575,-0.9009688679024194,3.673940397442059e-16,-1.0
4,3203,3021,30,2021,8,21,6,52,2021,8,21,6,56,1,0,1,0,0,1,5,1,1.0,6.123233995736766e-17,-0.7818314824680299,0.6234898018587334,1.2246467991473532e-16,-1.0
23,3208,3244,30,2025,2,10,16,41,2025,2,10,17,4,1,0,1,0,0,1,0,0,-0.8660254037844385,-0.5000000000000004,0.9749279121818236,-0.2225209339563138,0.8660254037844392,-0.4999999999999992
3,3058,3204,30,2022,10,5,16,30,2022,10,5,16,33,1,0,1,0,0,1,2,0,-0.8660254037844385,-0.5000000000000004,0.9749279121818236,-0.2225209339563138,0.8660254037844392,-0.4999999999999992
21,3212,3024,30,2020,8,22,19,35,2020,8,22,19,56,0,0,1,0,0,1,5,1,-0.9659258262890684,0.2588190451025203,-0.9749279121818236,-0.222520933956315,-0.4999999999999991,-0.8660254037844392
6,3052,3025,1,2025,11,10,16,2,2025,11,10,16,8,1,0,0,0,1,1,0,0,-0.8660254037844385,-0.5000000000000004,0.9749279121818236,-0.2225209339563138,0.8660254037844392,-0.4999999999999992
6,3055,3030,30,2021,5,11,15,12,2021,5,11,15,18,0,0,1,0,0,1,1,0,-0.7071067811865471,-0.7071067811865479,0.7818314824680284,0.6234898018587354,1.0,1.1943401194869637e-15
13,3238,3012,30,2025,9,10,17,1,2025,9,10,17,14,1,0,1,0,0,1,2,0,-0.9659258262890684,-0.2588190451025206,0.433883739117557,-0.9009688679024196,0.4999999999999998,-0.8660254037844388
10,3066,3167,30,2022,11,4,19,37,2022,11,4,19,47,0,0,1,0,0,1,4,0,-0.9659258262890684,0.2588190451025203,-0.9749279121818236,-0.222520933956315,-0.4999999999999991,-0.8660254037844392
32,3296,3155,30,2024,4,3,13,13,2024,4,3,13,45,0,0,1,0,0,1,2,0,-0.2588190451025208,-0.9659258262890684,-0.781831482468029,0.6234898018587346,0.5,0.8660254037844386
2,3263,3118,365,2022,3,19,18,4,2022,3,19,18,6,0,0,0,1,0,1,5,1,-1.0,-1.8369701987210294e-16,-0.4338837391175575,-0.9009688679024194,3.673940397442059e-16,-1.0
86,3040,3190,30,2020,8,26,8,40,2020,8,26,10,6,0,0,1,0,0,1,2,0,0.8660254037844387,-0.4999999999999998,0.7818314824680296,0.6234898018587337,-0.8660254037844385,-0.5000000000000004
55,3029,3029,30,2024,5,6,17,33,2024,5,6,18,28,1,0,1,0,0,0,0,0,-0.9659258262890684,-0.2588190451025206,0.433883739117557,-0.9009688679024196,0.4999999999999998,-0.8660254037844388
4,3405,3064,30,2025,7,15,11,12,2025,7,15,11,16,1,0,1,0,0,1,1,0,0.258819045102521,-0.9659258262890682,-0.4338837391175562,-0.90096886790242,-0.5000000000000004,0.8660254037844384
11,3378,3059,30,2025,12,5,20,59,2025,12,5,21,10,0,0,1,0,0,1,4,0,-0.8660254037844386,0.5000000000000001,-0.7818314824680302,0.6234898018587329,-0.8660254037844387,-0.4999999999999998
38,3210,3056,30,2024,8,17,23,10,2024,8,17,23,48,1,0,1,0,0,1,5,1,-0.2588190451025215,0.965925826289068,0.9749279121818238,-0.2225209339563136,-0.5000000000000014,0.8660254037844378
12,3208,3182,30,2020,10,2,16,3,2020,10,2,16,15,0,0,1,0,0,1,4,0,-0.8660254037844385,-0.5000000000000004,0.9749279121818236,-0.2225209339563138,0.8660254037844392,-0.4999999999999992
10,3340,3078,365,2024,2,20,17,33,2024,2,20,17,43,1,0,0,1,0,1,1,0,-0.9659258262890684,-0.2588190451025206,0.433883739117557,-0.9009688679024196,0.4999999999999998,-0.8660254037844388
28,3057,3037,30,2021,8,7,15,22,2021,8,7,15,50,0,0,1,0,0,1,5,1,-0.7071067811865471,-0.7071067811865479,0.7818314824680284,0.6234898018587354,1.0,1.1943401194869637e-15
11,3341,3245,365,2025,4,26,2,6,2025,4,26,2,17,1,0,0,1,0,1,5,1,0.4999999999999999,0.8660254037844387,0.9749279121818236,-0.2225209339563143,0.8660254037844386,0.5000000000000001
8,3150,3244,30,2022,10,31,18,34,2022,10,31,18,42,0,0,1,0,0,1,0,0,-1.0,-1.8369701987210294e-16,-0.4338837391175575,-0.9009688679024194,3.673940397442059e-16,-1.0
5,3208,3160,30,2021,3,8,16,43,2021,3,8,16,48,1,0,1,0,0,1,0,0,-0.8660254037844385,-0.5000000000000004,0.9749279121818236,-0.2225209339563138,0.8660254037844392,-0.4999999999999992
3,3321,3161,365,2025,5,2,7,23,2025,5,2,7,26,0,0,0,1,0,1,4,0,0.9659258262890684,-0.2588190451025206,-2.4492935982947064e-16,1.0,-0.4999999999999997,-0.8660254037844388
10,3073,3049,30,2022,11,29,0,25,2022,11,29,0,34,1,0,1,0,0,1,1,0,0.0,1.0,0.0,1.0,0.0,1.0
9,3349,3061,30,2023,10,24,14,54,2023,10,24,15,3,0,0,1,0,0,1,1,0,-0.4999999999999997,-0.8660254037844388,-4.898587196589413e-16,1.0,0.8660254037844384,0.5000000000000004
3,3125,3010,365,2021,1,27,13,37,2021,1,27,13,40,0,0,0,1,0,1,2,0,-0.2588190451025208,-0.9659258262890684,-0.781831482468029,0.6234898018587346,0.5,0.8660254037844386
9,3204,3185,30,2025,10,23,8,19,2025,10,23,8,28,1,0,1,0,0,1,3,0,0.8660254037844387,-0.4999999999999998,0.7818314824680296,0.6234898018587337,-0.8660254037844385,-0.5000000000000004
16,3101,3038,365,2025,4,24,10,12,2025,4,24,10,27,0,0,0,1,0,1,3,0,0.4999999999999999,-0.8660254037844387,0.4338837391175584,-0.9009688679024188,-0.8660254037844386,0.5000000000000001
22,3017,3041,30,2020,11,15,15,39,2020,11,15,16,1,1,0,1,0,0,1,6,1,-0.7071067811865471,-0.7071067811865479,0.7818314824680284,0.6234898018587354,1.0,1.1943401194869637e-15
5,3063,3163,30,2021,9,30,17,23,2021,9,30,17,28,1,0,1,0,0,1,3,0,-0.9659258262890684,-0.2588190451025206,0.433883739117557,-0.9009688679024196,0.4999999999999998,-0.8660254037844388
53,3163,3165,30,2024,5,17,16,54,2024,5,17,17,47,0,0,1,0,0,1,4,0,-0.8660254037844385,-0.5000000000000004,0.9749279121818236,-0.2225209339563138,0.8660254037844392,-0.4999999999999992
3,3033,3045,365,2022,4,22,18,54,2022,4,22,18,57,0,0,0,1,0,1,4,0,-1.0,-1.8369701987210294e-16,-0.4338837391175575,-0.9009688679024194,3.673940397442059e-16,-1.0
6,3154,3201,365,2023,11,9,9,0,2023,11,9,9,6,1,0,0,1,0,1,3,0,0.7071067811865476,-0.7071067811865475,0.9749279121818236,-0.2225209339563141,-1.0,-1.8369701987210294e-16
8,3276,3295,30,2023,8,31,16,39,2023,8,31,16,47,1,0,1,0,0,1,3,0,-0.8660254037844385,-0.5000000000000004,0.9749279121818236,-0.2225209339563138,0.8660254037844392,-0.4999999999999992
33,3318,3318,30,2024,5,6,12,26,2024,5,6,12,59,0,0,1,0,0,0,0,0,1.2246467991473532e-16,-1.0,-0.9749279121818236,-0.2225209339563148,-2.4492935982947064e-16,1.0
4,3202,3125,30,2021,9,29,14,41,2021,9,29,14,45,1,0,1,0,0,1,2,0,-0.4999999999999997,-0.8660254037844388,-4.898587196589413e-16,1.0,0.8660254037844384,0.5000000000000004
20,3169,3102,30,2020,9,7,15,20,2020,9,7,15,40,0,0,1,0,0,1,0,0,-0.7071067811865471,-0.7071067811865479,0.7818314824680284,0.6234898018587354,1.0,1.1943401194869637e-15
20,3024,3204,30,2024,6,29,12,44,2024,6,29,13,4,1,0,1,0,0,1,5,1,1.2246467991473532e-16,-1.0,-0.9749279121818236,-0.2225209339563148,-2.4492935982947064e-16,1.0
8,3052,3018,30,2020,7,23,15,23,2020,7,23,15,31,0,0,1,0,0,1,3,0,-0.7071067811865471,-0.7071067811865479,0.7818314824680284,0.6234898018587354,1.0,1.1943401194869637e-15
9,3020,3012,30,2022,3,3,15,40,2022,3,3,15,49,0,0,1,0,0,1,3,0,-0.7071067811865471,-0.7071067811865479,0.7818314824680284,0.6234898018587354,1.0,1.1943401194869637e-15
4,3026,3264,365,2025,3,18,6,59,2025,3,18,7,3,1,0,0,1,0,1,1,0,1.0,6.123233995736766e-17,-0.7818314824680299,0.6234898018587334,1.2246467991473532e-16,-1.0
38,3238,3053,30,2022,4,23,20,2,2022,4,23,20,40,0,0,1,0,0,1,5,1,-0.8660254037844386,0.5000000000000001,-0.7818314824680302,0.6234898018587329,-0.8660254037844387,-0.4999999999999998
6,3256,3208,365,2025,11,30,13,31,2025,11,30,13,37,1,0,0,1,0,1,6,1,-0.2588190451025208,-0.9659258262890684,-0.781831482468029,0.6234898018587346,0.5,0.8660254037844386
6,3061,3009,30,2020,8,21,17,43,2020,8,21,17,49,0,0,1,0,0,1,4,0,-0.9659258262890684,-0.2588190451025206,0.433883739117557,-0.9009688679024196,0.4999999999999998,-0.8660254037844388
7,3197,3197,365,2021,8,28,18,17,2021,8,28,18,24,0,0,0,1,0,0,5,1,-1.0,-1.8369701987210294e-16,-0.4338837391175575,-0.9009688679024194,3.673940397442059e-16,-1.0
4,3301,3163,365,2023,7,30,0,49,2023,7,30,0,53,1,0,0,1,0,1,6,1,0.0,1.0,0.0,1.0,0.0,1.0
8,3213,3030,365,2025,10,7,16,50,2025,10,7,16,58,0,0,0,1,0,1,1,0,-0.8660254037844385,-0.5000000000000004,0.9749279121818236,-0.2225209339563138,0.8660254037844392,-0.4999999999999992
11,3244,3043,30,2021,7,27,15,33,2021,7,27,15,44,0,0,1,0,0,1,1,0,-0.7071067811865471,-0.7071067811865479,0.7818314824680284,0.6234898018587354,1.0,1.1943401194869637e-15
3,3063,3010,30,2024,11,1,7,51,2024,11,1,7,54,1,0,1,0,0,1,4,0,0.9659258262890684,-0.2588190451025206,-2.4492935982947064e-16,1.0,-0.4999999999999997,-0.8660254037844388
16,3054,3154,30,2020,7,2,0,46,2020,7,2,1,2,0,0,1,0,0,1,3,0,0.0,1.0,0.0,1.0,0.0,1.0
52,3031,3059,30,2020,12,15,16,34,2020,12,15,17,26,0,0,1,0,0,1,1,0,-0.8660254037844385,-0.5000000000000004,0.9749279121818236,-0.2225209339563138,0.8660254037844392,-0.4999999999999992
16,3114,3296,365,2024,2,29,9,8,2024,2,29,9,24,1,0,0,1,0,1,3,0,0.7071067811865476,-0.7071067811865475,0.9749279121818236,-0.2225209339563141,-1.0,-1.8369701987210294e-16
50,3328,3111,1,2025,3,19,11,42,2025,3,19,12,32,0,1,0,0,0,1,2,0,0.258819045102521,-0.9659258262890682,-0.4338837391175562,-0.90096886790242,-0.5000000000000004,0.8660254037844384
41,3066,3273,30,2023,5,25,16,46,2023,5,25,17,27,0,0,1,0,0,1,3,0,-0.8660254037844385,-0.5000000000000004,0.9749279121818236,-0.2225209339563138,0.8660254037844392,-0.4999999999999992
6,3101,3034,365,2023,5,21,17,26,2023,5,21,17,32,1,0,0,1,0,1,6,1,-0.9659258262890684,-0.2588190451025206,0.433883739117557,-0.9009688679024196,0.4999999999999998,-0.8660254037844388
6,3253,3150,30,2023,10,28,9,1,2023,10,28,9,7,1,0,1,0,0,1,5,1,0.7071067811865476,-0.7071067811865475,0.9749279121818236,-0.2225209339563141,-1.0,-1.8369701987210294e-16
9,3203,3007,30,2021,7,31,23,18,2021,7,31,23,27,0,0,1,0,0,1,5,1,-0.2588190451025215,0.965925826289068,0.9749279121818238,-0.2225209339563136,-0.5000000000000014,0.8660254037844378
14,3111,3246,365,2026,3,30,11,40,2026,3,30,11,54,1,0,0,1,0,1,0,0,0.258819045102521,-0.9659258262890682,-0.4338837391175562,-0.90096886790242,-0.5000000000000004,0.8660254037844384
5,3238,3007,365,2022,1,11,15,18,2022,1,11,15,23,0,0,0,1,0,1,1,0,-0.7071067811865471,-0.7071067811865479,0.7818314824680284,0.6234898018587354,1.0,1.1943401194869637e-15
27,3028,3245,30,2025,6,5,17,32,2025,6,5,17,59,1,0,1,0,0,1,3,0,-0.9659258262890684,-0.2588190451025206,0.433883739117557,-0.9009688679024196,0.4999999999999998,-0.8660254037844388
12,3246,3303,30,2025,11,26,17,17,2025,11,26,17,29,1,0,1,0,0,1,2,0,-0.9659258262890684,-0.2588190451025206,0.433883739117557,-0.9009688679024196,0.4999999999999998,-0.8660254037844388
15,3154,3299,365,2023,4,3,22,1,2023,4,3,22,16,0,0,0,1,0,1,0,0,-0.5000000000000004,0.8660254037844384,0.7818314824680271,0.6234898018587369,-0.8660254037844392,0.4999999999999991
3,3118,3074,30,2021,4,30,11,25,2021,4,30,11,28,0,0,1,0,0,1,4,0,0.258819045102521,-0.9659258262890682,-0.4338837391175562,-0.90096886790242,-0.5000000000000004,0.8660254037844384
3,3363,3299,365,2025,7,16,19,48,2025,7,16,19,51,1,0,0,1,0,1,2,0,-0.9659258262890684,0.2588190451025203,-0.9749279121818236,-0.222520933956315,-0.4999999999999991,-0.8660254037844392
10,3064,3208,30,2021,8,18,7,31,2021,8,18,7,41,1,0,1,0,0,1,2,0,0.9659258262890684,-0.2588190451025206,-2.4492935982947064e-16,1.0,-0.4999999999999997,-0.8660254037844388
10,3052,3068,30,2020,12,23,17,4,2020,12,23,17,14,0,0,1,0,0,1,2,0,-0.9659258262890684,-0.2588190451025206,0.433883739117557,-0.9009688679024196,0.4999999999999998,-0.8660254037844388
10,3285,3337,30,2024,8,10,19,43,2024,8,10,19,53,0,0,1,0,0,1,5,1,-0.9659258262890684,0.2588190451025203,-0.9749279121818236,-0.222520933956315,-0.4999999999999991,-0.8660254037844392
14,3033,3166,365,2024,2,21,19,19,2024,2,21,19,33,1,0,0,1,0,1,2,0,-0.9659258262890684,0.2588190451025203,-0.9749279121818236,-0.222520933956315,-0.4999999999999991,-0.8660254037844392
21,3365,3238,30,2025,5,8,9,53,2025,5,8,10,14,1,0,1,0,0,1,3,0,0.7071067811865476,-0.7071067811865475,0.9749279121818236,-0.2225209339563141,-1.0,-1.8369701987210294e-16
8,3063,3012,1,2025,9,13,13,25,2025,9,13,13,33,1,0,0,0,1,1,5,1,-0.2588190451025208,-0.9659258262890684,-0.781831482468029,0.6234898018587346,0.5,0.8660254037844386
5,3394,3257,30,2024,11,22,0,5,2024,11,22,0,10,1,0,1,0,0,1,4,0,0.0,1.0,0.0,1.0,0.0,1.0
22,3005,3327,1,2025,6,4,9,54,2025,6,4,10,16,0,0,0,0,1,1,2,0,0.7071067811865476,-0.7071067811865475,0.9749279121818236,-0.2225209339563141,-1.0,-1.8369701987210294e-16
13,3285,3069,365,2024,12,23,11,56,2024,12,23,12,9,0,0,0,1,0,1,0,0,0.258819045102521,-0.9659258262890682,-0.4338837391175562,-0.90096886790242,-0.5000000000000004,0.8660254037844384
56,3047,3047,30,2023,4,3,14,34,2023,4,3,15,30,0,0,1,0,0,0,0,0,-0.4999999999999997,-0.8660254037844388,-4.898587196589413e-16,1.0,0.8660254037844384,0.5000000000000004
19,3168,3075,30,2021,5,12,18,44,2021,5,12,19,3,1,0,1,0,0,1,2,0,-1.0,-1.8369701987210294e-16,-0.4338837391175575,-0.9009688679024194,3.673940397442059e-16,-1.0
30,3261,3350,1,2024,4,6,18,58,2024,4,6,19,28,1,1,0,0,0,1,5,1,-1.0,-1.8369701987210294e-16,-0.4338837391175575,-0.9009688679024194,3.673940397442059e-16,-1.0
15,3010,3015,365,2024,3,19,7,30,2024,3,19,7,45,0,0,0,1,0,1,1,0,0.9659258262890684,-0.2588190451025206,-2.4492935982947064e-16,1.0,-0.4999999999999997,-0.8660254037844388
8,3203,3068,30,2022,5,29,14,47,2022,5,29,14,55,0,0,1,0,0,1,6,1,-0.4999999999999997,-0.8660254037844388,-4.898587196589413e-16,1.0,0.8660254037844384,0.5000000000000004
35,3054,3061,1,2022,5,23,17,36,2022,5,23,18,11,1,1,0,0,0,1,0,0,-0.9659258262890684,-0.2588190451025206,0.433883739117557,-0.9009688679024196,0.4999999999999998,-0.8660254037844388
10,3055,3072,30,2023,7,12,22,23,2023,7,12,22,33,1,0,1,0,0,1,2,0,-0.5000000000000004,0.8660254037844384,0.7818314824680271,0.6234898018587369,-0.8660254037844392,0.4999999999999991
55,3047,3010,30,2020,7,1,20,7,2020,7,1,21,2,0,0,1,0,0,1,2,0,-0.8660254037844386,0.5000000000000001,-0.7818314824680302,0.6234898018587329,-0.8660254037844387,-0.4999999999999998
2,3163,3062,365,2024,9,4,14,59,2024,9,4,15,1,0,0,0,1,0,1,2,0,-0.4999999999999997,-0.8660254037844388,-4.898587196589413e-16,1.0,0.8660254037844384,0.5000000000000004
8,3059,3037,365,2024,10,29,17,24,2024,10,29,17,32,0,0,0,1,0,1,1,0,-0.9659258262890684,-0.2588190451025206,0.433883739117557,-0.9009688679024196,0.4999999999999998,-0.8660254037844388
3,3068,3034,365,2025,12,25,13,40,2025,12,25,13,43,1,0,0,1,0,1,3,0,-0.2588190451025208,-0.9659258262890684,-0.781831482468029,0.6234898018587346,0.5,0.8660254037844386
9,3155,3046,30,2022,4,27,16,54,2022,4,27,17,3,0,0,1,0,0,1,2,0,-0.8660254037844385,-0.5000000000000004,0.9749279121818236,-0.2225209339563138,0.8660254037844392,-0.4999999999999992
15,3086,3188,30,2021,4,3,15,59,2021,4,3,16,14,1,0,1,0,0,1,5,1,-0.7071067811865471,-0.7071067811865479,0.7818314824680284,0.6234898018587354,1.0,1.1943401194869637e-15
7,3345,3041,30,2025,8,7,9,44,2025,8,7,9,51,1,0,1,0,0,1,3,0,0.7071067811865476,-0.7071067811865475,0.9749279121818236,-0.2225209339563141,-1.0,-1.8369701987210294e-16
7,3163,3190,30,2023,5,27,17,45,2023,5,27,17,52,1,0,1,0,0,1,5,1,-0.9659258262890684,-0.2588190451025206,0.433883739117557,-0.9009688679024196,0.4999999999999998,-0.8660254037844388
32,3078,3210,365,2021,2,12,18,47,2021,2,12,19,19,1,0,0,1,0,1,4,0,-1.0,-1.8369701987210294e-16,-0.4338837391175575,-0.9009688679024194,3.673940397442059e-16,-1.0
11,3208,3010,365,2023,7,13,16,25,2023,7,13,16,36,0,0,0,1,0,1,3,0,-0.8660254037844385,-0.5000000000000004,0.9749279121818236,-0.2225209339563138,0.8660254037844392,-0.4999999999999992
21,3201,3041,30,2021,10,6,17,21,2021,10,6,17,42,0,0,1,0,0,1,2,0,-0.9659258262890684,-0.2588190451025206,0.433883739117557,-0.9009688679024196,0.4999999999999998,-0.8660254037844388
13,3362,3164,365,2025,4,9,22,17,2025,4,9,22,30,0,0,0,1,0,1,2,0,-0.5000000000000004,0.8660254037844384,0.7818314824680271,0.6234898018587369,-0.8660254037844392,0.4999999999999991
16,3311,3267,30,2024,7,26,10,56,2024,7,26,11,12,0,0,1,0,0,1,4,0,0.4999999999999999,-0.8660254037844387,0.4338837391175584,-0.9009688679024188,-0.8660254037844386,0.5000000000000001
9,3004,3007,30,2022,8,27,17,4,2022,8,27,17,13,1,0,1,0,0,1,5,1,-0.9659258262890684,-0.2588190451025206,0.433883739117557,-0.9009688679024196,0.4999999999999998,-0.8660254037844388
8,3068,3099,30,2024,3,31,22,52,2024,3,31,23,0,1,0,1,0,0,1,6,1,-0.5000000000000004,0.8660254037844384,0.7818314824680271,0.6234898018587369,-0.8660254037844392,0.4999999999999991
6,3047,3201,365,2024,7,10,9,7,2024,7,10,9,13,1,0,0,1,0,1,2,0,0.7071067811865476,-0.7071067811865475,0.9749279121818236,-0.2225209339563141,-1.0,-1.8369701987210294e-16
26,3032,3028,1,2024,8,26,11,27,2024,8,26,11,53,1,1,0,0,0,1,0,0,0.258819045102521,-0.9659258262890682,-0.4338837391175562,-0.90096886790242,-0.5000000000000004,0.8660254037844384
46,3022,3318,30,2026,3,7,18,49,2026,3,7,19,35,0,0,1,0,0,1,5,1,-1.0,-1.8369701987210294e-16,-0.4338837391175575,-0.9009688679024194,3.673940397442059e-16,-1.0
50,3057,3057,1,2020,5,23,13,35,2020,5,23,14,25,0,1,0,0,0,0,5,1,-0.2588190451025208,-0.9659258262890684,-0.781831482468029,0.6234898018587346,0.5,0.8660254037844386
21,3208,3276,365,2025,3,15,19,21,2025,3,15,19,42,1,0,0,1,0,1,5,1,-0.9659258262890684,0.2588190451025203,-0.9749279121818236,-0.222520933956315,-0.4999999999999991,-0.8660254037844392
9,3116,3202,1,2021,1,13,13,14,2021,1,13,13,23,0,1,0,0,0,1,2,0,-0.2588190451025208,-0.9659258262890684,-0.781831482468029,0.6234898018587346,0.5,0.8660254037844386
7,3020,3248,30,2024,3,20,7,13,2024,3,20,7,20,1,0,1,0,0,1,2,0,0.9659258262890684,-0.2588190451025206,-2.4492935982947064e-16,1.0,-0.4999999999999997,-0.8660254037844388
8,3074,3246,30,2024,5,2,18,1,2024,5,2,18,9,1,0,1,0,0,1,3,0,-1.0,-1.8369701987210294e-16,-0.4338837391175575,-0.9009688679024194,3.673940397442059e-16,-1.0
2,3255,3296,30,2024,8,11,19,23,2024,8,11,19,25,1,0,1,0,0,1,6,1,-0.9659258262890684,0.2588190451025203,-0.9749279121818236,-0.222520933956315,-0.4999999999999991,-0.8660254037844392
20,3208,3028,1,2021,9,10,15,10,2021,9,10,15,30,1,1,0,0,0,1,4,0,-0.7071067811865471,-0.7071067811865479,0.7818314824680284,0.6234898018587354,1.0,1.1943401194869637e-15
4,3155,3052,365,2022,1,3,5,24,2022,1,3,5,28,1,0,0,1,0,1,0,0,0.9659258262890684,0.2588190451025207,-0.9749279121818236,-0.2225209339563146,0.4999999999999999,-0.8660254037844387
20,3020,3169,30,2020,10,26,16,35,2020,10,26,16,55,0,0,1,0,0,1,0,0,-0.8660254037844385,-0.5000000000000004,0.9749279121818236,-0.2225209339563138,0.8660254037844392,-0.4999999999999992
7,3009,3035,30,2021,9,7,18,46,2021,9,7,18,53,1,0,1,0,0,1,1,0,-1.0,-1.8369701987210294e-16,-0.4338837391175575,-0.9009688679024194,3.673940397442059e-16,-1.0
17,3057,3053,365,2025,7,23,19,56,2025,7,23,20,13,1,0,0,1,0,1,2,0,-0.9659258262890684,0.2588190451025203,-0.9749279121818236,-0.222520933956315,-0.4999999999999991,-0.8660254037844392
16,3114,3208,365,2024,5,28,7,55,2024,5,28,8,11,0,0,0,1,0,1,1,0,0.9659258262890684,-0.2588190451025206,-2.4492935982947064e-16,1.0,-0.4999999999999997,-0.8660254037844388
19,3040,3034,365,2024,5,9,15,21,2024,5,9,15,40,1,0,0,1,0,1,3,0,-0.7071067811865471,-0.7071067811865479,0.7818314824680284,0.6234898018587354,1.0,1.1943401194869637e-15
5,3182,3045,30,2023,1,9,21,21,2023,1,9,21,26,0,0,1,0,0,1,0,0,-0.7071067811865477,0.7071067811865474,-7.34788079488412e-16,1.0,-1.0,-4.286263797015736e-16
11,3028,3205,365,2025,1,27,11,13,2025,1,27,11,24,1,0,0,1,0,1,0,0,0.258819045102521,-0.9659258262890682,-0.4338837391175562,-0.90096886790242,-0.5000000000000004,0.8660254037844384
7,3301,3022,365,2025,6,1,18,58,2025,6,1,19,5,1,0,0,1,0,1,6,1,-1.0,-1.8369701987210294e-16,-0.4338837391175575,-0.9009688679024194,3.673940397442059e-16,-1.0
18,3102,3022,30,2021,5,13,13,28,2021,5,13,13,46,0,0,1,0,0,1,3,0,-0.2588190451025208,-0.9659258262890684,-0.781831482468029,0.6234898018587346,0.5,0.8660254037844386
9,3100,3028,30,2021,5,25,19,17,2021,5,25,19,26,0,0,1,0,0,1,1,0,-0.9659258262890684,0.2588190451025203,-0.9749279121818236,-0.222520933956315,-0.4999999999999991,-0.8660254037844392
12,3208,3294,365,2025,4,13,20,0,2025,4,13,20,12,1,0,0,1,0,1,6,1,-0.8660254037844386,0.5000000000000001,-0.7818314824680302,0.6234898018587329,-0.8660254037844387,-0.4999999999999998
30,3207,3248,30,2023,8,23,16,56,2023,8,23,17,26,0,0,1,0,0,1,2,0,-0.8660254037844385,-0.5000000000000004,0.9749279121818236,-0.2225209339563138,0.8660254037844392,-0.4999999999999992
2,3169,3046,30,2020,6,2,8,8,2020,6,2,8,10,0,0,1,0,0,1,1,0,0.8660254037844387,-0.4999999999999998,0.7818314824680296,0.6234898018587337,-0.8660254037844385,-0.5000000000000004
25,3341,3072,30,2025,9,18,17,55,2025,9,18,18,20,1,0,1,0,0,1,3,0,-0.9659258262890684,-0.2588190451025206,0.433883739117557,-0.9009688679024196,0.4999999999999998,-0.8660254037844388
19,3186,3186,365,2020,11,23,15,44,2020,11,23,16,3,0,0,0,1,0,0,0,0,-0.7071067811865471,-0.7071067811865479,0.7818314824680284,0.6234898018587354,1.0,1.1943401194869637e-15
4,3032,3114,30,2020,1,21,17,45,2020,1,21,17,49,0,0,1,0,0,1,1,0,-0.9659258262890684,-0.2588190451025206,0.433883739117557,-0.9009688679024196,0.4999999999999998,-0.8660254037844388
22,3266,3378,30,2025,9,2,19,47,2025,9,2,20,9,1,0,1,0,0,1,1,0,-0.9659258262890684,0.2588190451025203,-0.9749279121818236,-0.222520933956315,-0.4999999999999991,-0.8660254037844392
7,3244,3295,365,2023,10,10,8,28,2023,10,10,8,35,1,0,0,1,0,1,1,0,0.8660254037844387,-0.4999999999999998,0.7818314824680296,0.6234898018587337,-0.8660254037844385,-0.5000000000000004
7,3359,3101,1,2024,8,11,11,25,2024,8,11,11,32,1,1,0,0,0,1,6,1,0.258819045102521,-0.9659258262890682,-0.4338837391175562,-0.90096886790242,-0.5000000000000004,0.8660254037844384
10,3244,3007,365,2022,1,25,22,41,2022,1,25,22,51,0,0,0,1,0,1,1,0,-0.5000000000000004,0.8660254037844384,0.7818314824680271,0.6234898018587369,-0.8660254037844392,0.4999999999999991
4,3371,3346,365,2025,3,15,14,37,2025,3,15,14,41,0,0,0,1,0,1,5,1,-0.4999999999999997,-0.8660254037844388,-4.898587196589413e-16,1.0,0.8660254037844384,0.5000000000000004
23,3101,3101,30,2024,9,13,12,38,2024,9,13,13,1,1,0,1,0,0,0,4,0,1.2246467991473532e-16,-1.0,-0.9749279121818236,-0.2225209339563148,-2.4492935982947064e-16,1.0
19,3346,3383,30,2024,10,29,17,8,2024,10,29,17,27,0,0,1,0,0,1,1,0,-0.9659258262890684,-0.2588190451025206,0.433883739117557,-0.9009688679024196,0.4999999999999998,-0.8660254037844388
2,3256,3256,365,2024,1,4,16,52,2024,1,4,16,54,0,0,0,1,0,0,3,0,-0.8660254037844385,-0.5000000000000004,0.9749279121818236,-0.2225209339563138,0.8660254037844392,-0.4999999999999992
9,3086,3204,30,2020,9,11,22,37,2020,9,11,22,46,1,0,1,0,0,1,4,0,-0.5000000000000004,0.8660254037844384,0.7818314824680271,0.6234898018587369,-0.8660254037844392,0.4999999999999991
24,3060,3203,30,2022,10,14,9,29,2022,10,14,9,53,0,0,1,0,0,1,4,0,0.7071067811865476,-0.7071067811865475,0.9749279121818236,-0.2225209339563141,-1.0,-1.8369701987210294e-16
7,3161,3359,365,2024,3,7,17,15,2024,3,7,17,22,1,0,0,1,0,1,3,0,-0.9659258262890684,-0.2588190451025206,0.433883739117557,-0.9009688679024196,0.4999999999999998,-0.8660254037844388
10,3112,3020,30,2023,1,21,8,39,2023,1,21,8,49,0,0,1,0,0,1,5,1,0.8660254037844387,-0.4999999999999998,0.7818314824680296,0.6234898018587337,-0.8660254037844385,-0.5000000000000004
71,3102,3102,1,2022,7,6,23,54,2022,7,7,1,5,1,1,0,0,0,0,2,0,-0.2588190451025215,0.965925826289068,0.9749279121818238,-0.2225209339563136,-0.5000000000000014,0.8660254037844378
2,3254,3245,365,2023,6,4,10,41,2023,6,4,10,43,1,0,0,1,0,1,6,1,0.4999999999999999,-0.8660254037844387,0.4338837391175584,-0.9009688679024188,-0.8660254037844386,0.5000000000000001
31,3169,3029,30,2020,6,3,19,11,2020,6,3,19,42,0,0,1,0,0,1,2,0,-0.9659258262890684,0.2588190451025203,-0.9749279121818236,-0.222520933956315,-0.4999999999999991,-0.8660254037844392
89,3028,3007,1,2020,3,22,15,24,2020,3,22,16,53,0,1,0,0,0,1,6,1,-0.7071067811865471,-0.7071067811865479,0.7818314824680284,0.6234898018587354,1.0,1.1943401194869637e-15
12,3097,3210,30,2025,4,29,11,8,2025,4,29,11,20,1,0,1,0,0,1,1,0,0.258819045102521,-0.9659258262890682,-0.4338837391175562,-0.90096886790242,-0.5000000000000004,0.8660254037844384
11,3185,3065,30,2025,9,20,21,39,2025,9,20,21,50,1,0,1,0,0,1,5,1,-0.7071067811865477,0.7071067811865474,-7.34788079488412e-16,1.0,-1.0,-4.286263797015736e-16
8,3054,3033,365,2025,1,1,6,27,2025,1,1,6,35,1,0,0,1,0,1,2,0,1.0,6.123233995736766e-17,-0.7818314824680299,0.6234898018587334,1.2246467991473532e-16,-1.0
10,3359,3038,365,2024,3,29,7,23,2024,3,29,7,33,1,0,0,1,0,1,4,0,0.9659258262890684,-0.2588190451025206,-2.4492935982947064e-16,1.0,-0.4999999999999997,-0.8660254037844388
8,3029,3168,365,2024,2,21,10,37,2024,2,21,10,45,1,0,0,1,0,1,2,0,0.4999999999999999,-0.8660254037844387,0.4338837391175584,-0.9009688679024188,-0.8660254037844386,0.5000000000000001
5,3047,3185,30,2021,8,20,16,36,2021,8,20,16,41,0,0,1,0,0,1,4,0,-0.8660254037844385,-0.5000000000000004,0.9749279121818236,-0.2225209339563138,0.8660254037844392,-0.4999999999999992
29,3066,3211,30,2021,6,28,8,53,2021,6,28,9,22,0,0,1,0,0,1,0,0,0.8660254037844387,-0.4999999999999998,0.7818314824680296,0.6234898018587337,-0.8660254037844385,-0.5000000000000004
11,3197,3064,30,2020,5,16,19,24,2020,5,16,19,35,1,0,1,0,0,1,5,1,-0.9659258262890684,0.2588190451025203,-0.9749279121818236,-0.222520933956315,-0.4999999999999991,-0.8660254037844392
4,3184,3020,365,2024,11,3,23,51,2024,11,3,23,55,0,0,0,1,0,1,6,1,-0.2588190451025215,0.965925826289068,0.9749279121818238,-0.2225209339563136,-0.5000000000000014,0.8660254037844378
42,3061,3037,1,2020,5,17,11,15,2020,5,17,11,57,1,1,0,0,0,1,6,1,0.258819045102521,-0.9659258262890682,-0.4338837391175562,-0.90096886790242,-0.5000000000000004,0.8660254037844384
11,3033,3073,365,2025,10,7,15,48,2025,10,7,15,59,0,0,0,1,0,1,1,0,-0.7071067811865471,-0.7071067811865479,0.7818314824680284,0.6234898018587354,1.0,1.1943401194869637e-15
35,3326,3326,30,2024,6,8,7,58,2024,6,8,8,33,0,0,1,0,0,0,5,1,0.9659258262890684,-0.2588190451025206,-2.4492935982947064e-16,1.0,-0.4999999999999997,-0.8660254037844388
9,3078,3025,365,2025,8,30,18,0,2025,8,30,18,9,1,0,0,1,0,1,5,1,-1.0,-1.8369701987210294e-16,-0.4338837391175575,-0.9009688679024194,3.673940397442059e-16,-1.0
11,3237,3398,30,2025,8,28,21,51,2025,8,28,22,3,0,0,1,0,0,1,3,0,-0.7071067811865477,0.7071067811865474,-7.34788079488412e-16,1.0,-1.0,-4.286263797015736e-16
5,3063,3012,30,2023,11,14,20,7,2023,11,14,20,12,1,0,1,0,0,1,1,0,-0.8660254037844386,0.5000000000000001,-0.7818314824680302,0.6234898018587329,-0.8660254037844387,-0.4999999999999998
17,3028,3314,30,2025,3,8,17,46,2025,3,8,18,3,0,0,1,0,0,1,5,1,-0.9659258262890684,-0.2588190451025206,0.433883739117557,-0.9009688679024196,0.4999999999999998,-0.8660254037844388
14,3034,3201,30,2023,6,13,18,37,2023,6,13,18,51,0,0,1,0,0,1,1,0,-1.0,-1.8369701987210294e-16,-0.4338837391175575,-0.9009688679024194,3.673940397442059e-16,-1.0
17,3063,3037,30,2020,10,2,20,40,2020,10,2,20,57,0,0,1,0,0,1,4,0,-0.8660254037844386,0.5000000000000001,-0.7818314824680302,0.6234898018587329,-0.8660254037844387,-0.4999999999999998
8,3057,3054,30,2024,4,27,15,56,2024,4,27,16,4,0,0,1,0,0,1,5,1,-0.7071067811865471,-0.7071067811865479,0.7818314824680284,0.6234898018587354,1.0,1.1943401194869637e-15
12,3021,3156,30,2022,8,2,16,2,2022,8,2,16,14,1,0,1,0,0,1,1,0,-0.8660254037844385,-0.5000000000000004,0.9749279121818236,-0.2225209339563138,0.8660254037844392,-0.4999999999999992
10,3102,3163,30,2020,6,27,15,17,2020,6,27,15,27,0,0,1,0,0,1,5,1,-0.7071067811865471,-0.7071067811865479,0.7818314824680284,0.6234898018587354,1.0,1.1943401194869637e-15
17,3114,3336,365,2024,1,31,8,38,2024,1,31,8,55,1,0,1,0,0,1,2,0,0.8660254037844387,-0.4999999999999998,0.7818314824680296,0.6234898018587337,-0.8660254037844385,-0.5000000000000004
40,3050,3030,30,2021,5,24,19,1,2021,5,24,19,41,0,0,1,0,0,1,0,0,-0.9659258262890684,0.2588190451025203,-0.9749279121818236,-0.222520933956315,-0.4999999999999991,-0.8660254037844392
10,3058,3054,30,2022,4,23,20,7,2022,4,23,20,17,0,0,1,0,0,1,5,1,-0.8660254037844386,0.5000000000000001,-0.7818314824680302,0.6234898018587329,-0.8660254037844387,-0.4999999999999998
12,3078,3059,365,2023,3,22,16,16,2023,3,22,16,28,0,0,0,1,0,1,2,0,-0.8660254037844385,-0.5000000000000004,0.9749279121818236,-0.2225209339563138,0.8660254037844392,-0.4999999999999992
47,3030,3030,1,2025,8,23,15,37,2025,8,23,16,24,1,0,0,0,1,0,5,1,-0.7071067811865471,-0.7071067811865479,0.7818314824680284,0.6234898018587354,1.0,1.1943401194869637e-15
37,3256,3185,30,2025,12,20,16,57,2025,12,20,17,34,0,0,1,0,0,1,5,1,-0.8660254037844385,-0.5000000000000004,0.9749279121818236,-0.2225209339563138,0.8660254037844392,-0.4999999999999992
7,3098,3150,30,2023,2,17,11,28,2023,2,17,11,35,0,0,1,0,0,1,4,0,0.258819045102521,-0.9659258262890682,-0.4338837391175562,-0.90096886790242,-0.5000000000000004,0.8660254037844384
60,3071,3057,30,2022,5,17,18,1,2022,5,17,19,1,0,0,1,0,0,1,1,0,-1.0,-1.8369701987210294e-16,-0.4338837391175575,-0.9009688679024194,3.673940397442059e-16,-1.0
12,3028,3347,365,2025,10,29,20,36,2025,10,29,20,48,1,0,0,1,0,1,2,0,-0.8660254037844386,0.5000000000000001,-0.7818314824680302,0.6234898018587329,-0.8660254037844387,-0.4999999999999998
8,3170,3053,30,2021,9,16,8,9,2021,9,16,8,17,0,0,1,0,0,1,3,0,0.8660254037844387,-0.4999999999999998,0.7818314824680296,0.6234898018587337,-0.8660254037844385,-0.5000000000000004
85,3102,3196,1,2020,6,6,18,19,2020,6,6,19,44,1,1,0,0,0,1,5,1,-1.0,-1.8369701987210294e-16,-0.4338837391175575,-0.9009688679024194,3.673940397442059e-16,-1.0
24,3169,3047,30,2020,4,29,14,32,2020,4,29,14,56,0,0,1,0,0,1,2,0,-0.4999999999999997,-0.8660254037844388,-4.898587196589413e-16,1.0,0.8660254037844384,0.5000000000000004
15,3168,3099,365,2023,6,27,21,2,2023,6,27,21,17,1,0,0,1,0,1,1,0,-0.7071067811865477,0.7071067811865474,-7.34788079488412e-16,1.0,-1.0,-4.286263797015736e-16
6,3152,3038,30,2020,9,30,7,42,2020,9,30,7,48,1,0,1,0,0,1,2,0,0.9659258262890684,-0.2588190451025206,-2.4492935982947064e-16,1.0,-0.4999999999999997,-0.8660254037844388
11,3244,3185,365,2022,1,21,18,19,2022,1,21,18,30,1,0,0,1,0,1,4,0,-1.0,-1.8369701987210294e-16,-0.4338837391175575,-0.9009688679024194,3.673940397442059e-16,-1.0
13,3073,3018,30,2024,5,20,13,4,2024,5,20,13,17,0,0,1,0,0,1,0,0,-0.2588190451025208,-0.9659258262890684,-0.781831482468029,0.6234898018587346,0.5,0.8660254037844386
15,3032,3201,365,2024,11,12,7,52,2024,11,12,8,7,0,0,0,1,0,1,1,0,0.9659258262890684,-0.2588190451025206,-2.4492935982947064e-16,1.0,-0.4999999999999997,-0.8660254037844388
47,3261,3065,30,2022,12,16,19,1,2022,12,16,19,48,0,0,1,0,0,1,4,0,-0.9659258262890684,0.2588190451025203,-0.9749279121818236,-0.222520933956315,-0.4999999999999991,-0.8660254037844392
4,3022,3207,30,2023,3,4,19,44,2023,3,4,19,48,1,0,1,0,0,1,5,1,-0.9659258262890684,0.2588190451025203,-0.9749279121818236,-0.222520933956315,-0.4999999999999991,-0.8660254037844392
6,3007,3034,30,2025,2,21,23,19,2025,2,21,23,25,0,0,1,0,0,1,4,0,-0.2588190451025215,0.965925826289068,0.9749279121818238,-0.2225209339563136,-0.5000000000000014,0.8660254037844378
70,3256,3382,30,2026,3,19,16,29,2026,3,19,17,39,0,0,1,0,0,1,3,0,-0.8660254037844385,-0.5000000000000004,0.9749279121818236,-0.2225209339563138,0.8660254037844392,-0.4999999999999992
9,3200,3008,30,2024,9,25,16,12,2024,9,25,16,22,1,0,1,0,0,1,2,0,-0.8660254037844385,-0.5000000000000004,0.9749279121818236,-0.2225209339563138,0.8660254037844392,-0.4999999999999992
9,3061,3051,365,2024,6,1,18,52,2024,6,1,19,1,0,0,0,1,0,1,5,1,-1.0,-1.8369701987210294e-16,-0.4338837391175575,-0.9009688679024194,3.673940397442059e-16,-1.0
60,3329,3161,30,2025,11,9,12,37,2025,11,9,13,37,1,0,1,0,0,1,6,1,1.2246467991473532e-16,-1.0,-0.9749279121818236,-0.2225209339563148,-2.4492935982947064e-16,1.0
2,3061,3161,365,2023,9,27,10,28,2023,9,27,10,30,0,0,0,1,0,1,2,0,0.4999999999999999,-0.8660254037844387,0.4338837391175584,-0.9009688679024188,-0.8660254037844386,0.5000000000000001
10,3318,3075,365,2025,5,30,18,48,2025,5,30,18,58,1,0,0,1,0,1,4,0,-1.0,-1.8369701987210294e-16,-0.4338837391175575,-0.9009688679024194,3.673940397442059e-16,-1.0
28,3322,3341,365,2024,8,11,15,54,2024,8,11,16,22,1,0,0,1,0,1,6,1,-0.7071067811865471,-0.7071067811865479,0.7818314824680284,0.6234898018587354,1.0,1.1943401194869637e-15
8,3066,3020,365,2024,8,8,10,19,2024,8,8,10,27,0,0,0,1,0,1,3,0,0.4999999999999999,-0.8660254037844387,0.4338837391175584,-0.9009688679024188,-0.8660254037844386,0.5000000000000001
4,3020,3032,30,2024,11,29,19,34,2024,11,29,19,37,1,0,1,0,0,1,4,0,-0.9659258262890684,0.2588190451025203,-0.9749279121818236,-0.222520933956315,-0.4999999999999991,-0.8660254037844392
50,3047,3238,30,2022,7,28,18,21,2022,7,28,19,11,0,0,1,0,0,1,3,0,-1.0,-1.8369701987210294e-16,-0.4338837391175575,-0.9009688679024194,3.673940397442059e-16,-1.0
20,3296,3311,30,2024,6,11,12,31,2024,6,11,12,51,1,0,1,0,0,1,1,0,1.2246467991473532e-16,-1.0,-0.9749279121818236,-0.2225209339563148,-2.4492935982947064e-16,1.0
17,3068,3035,30,2020,10,8,0,41,2020,10,8,0,58,0,0,1,0,0,1,3,0,0.0,1.0,0.0,1.0,0.0,1.0
11,3006,3061,30,2025,3,31,12,20,2025,3,31,12,31,1,0,1,0,0,1,0,0,1.2246467991473532e-16,-1.0,-0.9749279121818236,-0.2225209339563148,-2.4492935982947064e-16,1.0
9,3086,3052,30,2020,7,30,7,51,2020,7,30,8,0,0,0,1,0,0,1,3,0,0.9659258262890684,-0.2588190451025206,-2.4492935982947064e-16,1.0,-0.4999999999999997,-0.8660254037844388
15,3051,3161,1,2024,6,5,15,43,2024,6,5,15,58,1,1,0,0,0,1,2,0,-0.7071067811865471,-0.7071067811865479,0.7818314824680284,0.6234898018587354,1.0,1.1943401194869637e-15
6,3342,3294,365,2024,6,22,11,0,2024,6,22,11,6,1,0,0,1,0,1,5,1,0.258819045102521,-0.9659258262890682,-0.4338837391175562,-0.90096886790242,-0.5000000000000004,0.8660254037844384
4,3020,3032,30,2025,10,9,7,5,2025,10,9,7,9,1,0,1,0,0,1,3,0,0.9659258262890684,-0.2588190451025206,-2.4492935982947064e-16,1.0,-0.4999999999999997,-0.8660254037844388
3,3249,3336,30,2023,6,27,15,57,2023,6,27,16,0,0,0,1,0,0,1,1,0,-0.7071067811865471,-0.7071067811865479,0.7818314824680284,0.6234898018587354,1.0,1.1943401194869637e-15
10,3202,3256,365,2022,7,12,22,24,2022,7,12,22,34,0,0,0,1,0,1,1,0,-0.5000000000000004,0.8660254037844384,0.7818314824680271,0.6234898018587369,-0.8660254037844392,0.4999999999999991
29,3058,3057,1,2021,7,21,10,37,2021,7,21,11,6,0,1,0,0,0,1,2,0,0.4999999999999999,-0.8660254037844387,0.4338837391175584,-0.9009688679024188,-0.8660254037844386,0.5000000000000001
6,3362,3256,30,2025,1,26,15,29,2025,1,26,15,35,1,0,1,0,0,1,6,1,-0.7071067811865471,-0.7071067811865479,0.7818314824680284,0.6234898018587354,1.0,1.1943401194869637e-15
17,3052,3252,365,2024,8,12,14,45,2024,8,12,15,2,1,0,0,1,0,1,0,0,-0.4999999999999997,-0.8660254037844388,-4.898587196589413e-16,1.0,0.8660254037844384,0.5000000000000004
11,3248,3038,365,2023,8,1,7,45,2023,8,1,7,56,1,0,0,1,0,1,1,0,0.9659258262890684,-0.2588190451025206,-2.4492935982947064e-16,1.0,-0.4999999999999997,-0.8660254037844388
6,3362,3030,1,2025,4,16,11,55,2025,4,16,12,1,0,1,0,0,0,1,2,0,0.258819045102521,-0.9659258262890682,-0.4338837391175562,-0.90096886790242,-0.5000000000000004,0.8660254037844384
15,3182,3202,365,2020,11,29,11,58,2020,11,29,12,13,0,0,0,1,0,1,6,1,0.258819045102521,-0.9659258262890682,-0.4338837391175562,-0.90096886790242,-0.5000000000000004,0.8660254037844384
17,3192,3041,30,2021,8,18,22,36,2021,8,18,22,53,0,0,1,0,0,1,2,0,-0.5000000000000004,0.8660254037844384,0.7818314824680271,0.6234898018587369,-0.8660254037844392,0.4999999999999991
26,3032,3054,30,2023,4,12,13,41,2023,4,12,14,7,0,0,1,0,0,1,2,0,-0.2588190451025208,-0.9659258262890684,-0.781831482468029,0.6234898018587346,0.5,0.8660254037844386
10,3321,3365,1,2025,6,21,10,0,2025,6,21,10,10,1,0,0,0,1,1,5,1,0.4999999999999999,-0.8660254037844387,0.4338837391175584,-0.9009688679024188,-0.8660254037844386,0.5000000000000001
9,3208,3256,30,2022,8,5,10,44,2022,8,5,10,53,1,0,1,0,0,1,4,0,0.4999999999999999,-0.8660254037844387,0.4338837391175584,-0.9009688679024188,-0.8660254037844386,0.5000000000000001
30,3022,3294,30,2024,4,29,21,3,2024,4,29,21,33,1,0,1,0,0,1,0,0,-0.7071067811865477,0.7071067811865474,-7.34788079488412e-16,1.0,-1.0,-4.286263797015736e-16
12,3385,3000,30,2026,3,18,17,18,2026,3,18,17,30,1,0,1,0,0,1,2,0,-0.9659258262890684,-0.2588190451025206,0.433883739117557,-0.9009688679024196,0.4999999999999998,-0.8660254037844388
6,3061,3060,30,2021,9,3,13,3,2021,9,3,13,9,0,0,1,0,0,1,4,0,-0.2588190451025208,-0.9659258262890684,-0.781831482468029,0.6234898018587346,0.5,0.8660254037844386
14,3086,3054,365,2024,3,10,15,24,2024,3,10,15,38,1,0,0,1,0,1,6,1,-0.7071067811865471,-0.7071067811865479,0.7818314824680284,0.6234898018587354,1.0,1.1943401194869637e-15
12,3066,3238,365,2024,7,1,6,18,2024,7,1,6,30,0,0,0,1,0,1,0,0,1.0,6.123233995736766e-17,-0.7818314824680299,0.6234898018587334,1.2246467991473532e-16,-1.0
8,3043,3202,30,2022,3,11,7,14,2022,3,11,7,22,1,0,1,0,0,1,4,0,0.9659258262890684,-0.2588190451025206,-2.4492935982947064e-16,1.0,-0.4999999999999997,-0.8660254037844388
7,3155,3026,365,2021,8,14,8,37,2021,8,14,8,44,0,0,0,1,0,1,5,1,0.8660254037844387,-0.4999999999999998,0.7818314824680296,0.6234898018587337,-0.8660254037844385,-0.5000000000000004
6,3208,3022,30,2023,5,11,17,4,2023,5,11,17,10,1,0,1,0,0,1,3,0,-0.9659258262890684,-0.2588190451025206,0.433883739117557,-0.9009688679024196,0.4999999999999998,-0.8660254037844388
3,3203,3086,1,2022,7,3,21,7,2022,7,3,21,10,1,1,0,0,0,1,6,1,-0.7071067811865477,0.7071067811865474,-7.34788079488412e-16,1.0,-1.0,-4.286263797015736e-16
12,3114,3114,365,2022,1,23,21,1,2022,1,23,21,13,0,0,0,1,0,0,6,1,-0.7071067811865477,0.7071067811865474,-7.34788079488412e-16,1.0,-1.0,-4.286263797015736e-16
14,3072,3167,30,2022,1,26,16,54,2022,1,26,17,8,1,0,1,0,0,1,2,0,-0.8660254037844385,-0.5000000000000004,0.9749279121818236,-0.2225209339563138,0.8660254037844392,-0.4999999999999992
8,3077,3321,365,2023,12,24,21,39,2023,12,24,21,47,1,0,0,1,0,1,6,1,-0.7071067811865477,0.7071067811865474,-7.34788079488412e-16,1.0,-1.0,-4.286263797015736e-16
8,3071,3009,30,2021,7,29,3,53,2021,7,29,4,1,1,0,1,0,0,1,3,0,0.7071067811865476,0.7071067811865476,0.4338837391175582,-0.900968867902419,1.0,6.123233995736766e-17
18,3155,3154,30,2022,9,28,16,9,2022,9,28,16,27,0,0,1,0,0,1,2,0,-0.8660254037844385,-0.5000000000000004,0.9749279121818236,-0.2225209339563138,0.8660254037844392,-0.4999999999999992
22,3075,3057,1,2020,6,17,15,28,2020,6,17,15,50,0,1,0,0,0,1,2,0,-0.7071067811865471,-0.7071067811865479,0.7818314824680284,0.6234898018587354,1.0,1.1943401194869637e-15
5,3071,3336,365,2023,6,12,7,42,2023,6,12,7,47,0,0,0,1,0,1,0,0,0.9659258262890684,-0.2588190451025206,-2.4492935982947064e-16,1.0,-0.4999999999999997,-0.8660254037844388
26,3347,3058,30,2024,4,20,17,14,2024,4,20,17,40,0,0,1,0,0,1,5,1,-0.9659258262890684,-0.2588190451025206,0.433883739117557,-0.9009688679024196,0.4999999999999998,-0.8660254037844388
31,3106,3212,1,2020,8,14,12,51,2020,8,14,13,22,0,1,0,0,0,1,4,0,1.2246467991473532e-16,-1.0,-0.9749279121818236,-0.2225209339563148,-2.4492935982947064e-16,1.0
4,3101,3363,30,2025,6,24,19,21,2025,6,24,19,25,0,0,1,0,0,1,1,0,-0.9659258262890684,0.2588190451025203,-0.9749279121818236,-0.222520933956315,-0.4999999999999991,-0.8660254037844392
7,3058,3161,365,2025,2,26,8,36,2025,2,26,8,43,1,0,0,1,0,1,2,0,0.8660254037844387,-0.4999999999999998,0.7818314824680296,0.6234898018587337,-0.8660254037844385,-0.5000000000000004
5,3101,3098,30,2022,10,19,18,18,2022,10,19,18,23,0,0,1,0,0,1,2,0,-1.0,-1.8369701987210294e-16,-0.4338837391175575,-0.9009688679024194,3.673940397442059e-16,-1.0
4,3030,3244,30,2021,7,20,13,35,2021,7,20,13,39,1,0,1,0,0,1,1,0,-0.2588190451025208,-0.9659258262890684,-0.781831482468029,0.6234898018587346,0.5,0.8660254037844386
23,3362,3063,365,2025,8,28,12,4,2025,8,28,12,27,1,0,0,1,0,1,3,0,1.2246467991473532e-16,-1.0,-0.9749279121818236,-0.2225209339563148,-2.4492935982947064e-16,1.0
7,3053,3164,30,2024,7,31,16,52,2024,7,31,16,59,1,0,1,0,0,1,2,0,-0.8660254037844385,-0.5000000000000004,0.9749279121818236,-0.2225209339563138,0.8660254037844392,-0.4999999999999992
29,3028,3169,1,2020,10,24,14,18,2020,10,24,14,47,0,1,0,0,0,1,5,1,-0.4999999999999997,-0.8660254037844388,-4.898587196589413e-16,1.0,0.8660254037844384,0.5000000000000004
10,3208,3190,30,2020,12,9,16,29,2020,12,9,16,39,0,0,1,0,0,1,2,0,-0.8660254037844385,-0.5000000000000004,0.9749279121818236,-0.2225209339563138,0.8660254037844392,-0.4999999999999992
14,3072,3203,365,2021,3,11,12,45,2021,3,11,12,59,0,0,0,1,0,1,3,0,1.2246467991473532e-16,-1.0,-0.9749279121818236,-0.2225209339563148,-2.4492935982947064e-16,1.0
4,3049,3072,30,2025,5,19,14,26,2025,5,19,14,30,1,0,1,0,0,1,0,0,-0.4999999999999997,-0.8660254037844388,-4.898587196589413e-16,1.0,0.8660254037844384,0.5000000000000004
32,3040,3370,365,2025,7,26,19,35,2025,7,26,20,7,1,0,0,1,0,1,5,1,-0.9659258262890684,0.2588190451025203,-0.9749279121818236,-0.222520933956315,-0.4999999999999991,-0.8660254037844392
11,3030,3294,365,2023,3,1,12,10,2023,3,1,12,21,0,0,0,1,0,1,2,0,1.2246467991473532e-16,-1.0,-0.9749279121818236,-0.2225209339563148,-2.4492935982947064e-16,1.0
9,3255,3061,30,2022,4,24,15,36,2022,4,24,15,45,0,0,1,0,0,1,6,1,-0.7071067811865471,-0.7071067811865479,0.7818314824680284,0.6234898018587354,1.0,1.1943401194869637e-15
9,3071,3071,30,2023,8,11,21,17,2023,8,11,21,26,1,0,1,0,0,0,4,0,-0.7071067811865477,0.7071067811865474,-7.34788079488412e-16,1.0,-1.0,-4.286263797015736e-16
10,3078,3012,30,2021,1,21,17,22,2021,1,21,17,32,0,0,1,0,0,1,3,0,-0.9659258262890684,-0.2588190451025206,0.433883739117557,-0.9009688679024196,0.4999999999999998,-0.8660254037844388
9,3205,3032,30,2022,6,9,13,40,2022,6,9,13,49,1,0,1,0,0,1,3,0,-0.2588190451025208,-0.9659258262890684,-0.781831482468029,0.6234898018587346,0.5,0.8660254037844386
2,3202,3202,30,2020,8,28,17,38,2020,8,28,17,40,0,0,1,0,0,0,4,0,-0.9659258262890684,-0.2588190451025206,0.433883739117557,-0.9009688679024196,0.4999999999999998,-0.8660254037844388
15,3365,3299,365,2024,7,6,4,59,2024,7,6,5,14,1,0,0,1,0,1,5,1,0.8660254037844386,0.5000000000000001,-0.433883739117558,-0.9009688679024191,0.8660254037844387,-0.4999999999999998
47,3120,3212,1,2023,10,1,15,6,2023,10,1,15,53,1,1,0,0,0,1,6,1,-0.7071067811865471,-0.7071067811865479,0.7818314824680284,0.6234898018587354,1.0,1.1943401194869637e-15
5,3256,3066,30,2023,5,19,9,3,2023,5,19,9,8,0,0,1,0,0,1,4,0,0.7071067811865476,-0.7071067811865475,0.9749279121818236,-0.2225209339563141,-1.0,-1.8369701987210294e-16
21,3021,3158,365,2025,9,1,13,7,2025,9,1,13,28,1,0,0,1,0,1,0,0,-0.2588190451025208,-0.9659258262890684,-0.781831482468029,0.6234898018587346,0.5,0.8660254037844386
5,3052,3010,30,2022,10,8,22,7,2022,10,8,22,12,0,0,1,0,0,1,5,1,-0.5000000000000004,0.8660254037844384,0.7818314824680271,0.6234898018587369,-0.8660254037844392,0.4999999999999991
14,3020,3058,365,2025,8,1,17,10,2025,8,1,17,24,1,0,0,1,0,1,4,0,-0.9659258262890684,-0.2588190451025206,0.433883739117557,-0.9009688679024196,0.4999999999999998,-0.8660254037844388
25,3209,3259,30,2025,8,17,0,13,2025,8,17,0,38,1,0,1,0,0,1,6,1,0.0,1.0,0.0,1.0,0.0,1.0
6,3383,3166,30,2025,9,26,10,2,2025,9,26,10,8,1,0,1,0,0,1,4,0,0.4999999999999999,-0.8660254037844387,0.4338837391175584,-0.9009688679024188,-0.8660254037844386,0.5000000000000001
6,3409,3345,365,2025,5,8,19,14,2025,5,8,19,20,0,0,0,1,0,1,3,0,-0.9659258262890684,0.2588190451025203,-0.9749279121818236,-0.222520933956315,-0.4999999999999991,-0.8660254037844392
11,3074,3009,30,2022,10,14,23,15,2022,10,14,23,26,1,0,1,0,0,1,4,0,-0.2588190451025215,0.965925826289068,0.9749279121818238,-0.2225209339563136,-0.5000000000000014,0.8660254037844378
19,3065,3121,30,2020,5,3,17,36,2020,5,3,17,55,0,0,1,0,0,1,6,1,-0.9659258262890684,-0.2588190451025206,0.433883739117557,-0.9009688679024196,0.4999999999999998,-0.8660254037844388
14,3007,3397,30,2025,12,10,20,35,2025,12,10,20,49,1,0,1,0,0,1,2,0,-0.8660254037844386,0.5000000000000001,-0.7818314824680302,0.6234898018587329,-0.8660254037844387,-0.4999999999999998
64,3263,3163,30,2023,8,23,9,24,2023,8,23,10,28,0,0,1,0,0,1,2,0,0.7071067811865476,-0.7071067811865475,0.9749279121818236,-0.2225209339563141,-1.0,-1.8369701987210294e-16
19,3059,3350,30,2025,3,30,16,20,2025,3,30,16,39,1,0,1,0,0,1,6,1,-0.8660254037844385,-0.5000000000000004,0.9749279121818236,-0.2225209339563138,0.8660254037844392,-0.4999999999999992
4,3363,3101,365,2024,10,28,16,20,2024,10,28,16,24,0,0,0,1,0,1,0,0,-0.8660254037844385,-0.5000000000000004,0.9749279121818236,-0.2225209339563138,0.8660254037844392,-0.4999999999999992
14,3207,3102,365,2022,5,12,20,4,2022,5,12,20,18,1,0,0,1,0,1,3,0,-0.8660254037844386,0.5000000000000001,-0.7818314824680302,0.6234898018587329,-0.8660254037844387,-0.4999999999999998
12,3114,3264,30,2022,8,12,5,4,2022,8,12,5,16,1,0,1,0,0,1,4,0,0.9659258262890684,0.2588190451025207,-0.9749279121818236,-0.2225209339563146,0.4999999999999999,-0.8660254037844387
10,3032,3182,30,2021,11,11,12,16,2021,11,11,12,26,1,0,1,0,0,1,3,0,1.2246467991473532e-16,-1.0,-0.9749279121818236,-0.2225209339563148,-2.4492935982947064e-16,1.0
7,3061,3102,365,2022,11,10,19,53,2022,11,10,20,0,0,0,0,1,0,1,3,0,-0.9659258262890684,0.2588190451025203,-0.9749279121818236,-0.222520933956315,-0.4999999999999991,-0.8660254037844392
15,3157,3157,365,2025,12,2,15,56,2025,12,2,16,11,1,0,0,1,0,0,1,0,-0.7071067811865471,-0.7071067811865479,0.7818314824680284,0.6234898018587354,1.0,1.1943401194869637e-15
11,3166,3341,1,2025,3,30,0,14,2025,3,30,0,25,1,0,0,0,1,1,6,1,0.0,1.0,0.0,1.0,0.0,1.0
7,3158,3257,30,2023,10,6,8,47,2023,10,6,8,54,1,0,1,0,0,1,4,0,0.8660254037844387,-0.4999999999999998,0.7818314824680296,0.6234898018587337,-0.8660254037844385,-0.5000000000000004
2,3197,3394,30,2025,9,8,11,41,2025,9,8,11,43,1,0,1,0,0,1,0,0,0.258819045102521,-0.9659258262890682,-0.4338837391175562,-0.90096886790242,-0.5000000000000004,0.8660254037844384
21,3088,3362,30,2025,11,8,22,6,2025,11,8,22,27,1,0,1,0,0,1,5,1,-0.5000000000000004,0.8660254037844384,0.7818314824680271,0.6234898018587369,-0.8660254037844392,0.4999999999999991
8,3155,3190,365,2022,1,24,12,8,2022,1,24,12,16,0,0,0,1,0,1,0,0,1.2246467991473532e-16,-1.0,-0.9749279121818236,-0.2225209339563148,-2.4492935982947064e-16,1.0
49,3305,3350,30,2024,9,4,20,53,2024,9,4,21,42,1,0,1,0,0,1,2,0,-0.8660254037844386,0.5000000000000001,-0.7818314824680302,0.6234898018587329,-0.8660254037844387,-0.4999999999999998
6,3360,3164,365,2024,4,17,15,48,2024,4,17,15,54,1,0,0,1,0,1,2,0,-0.7071067811865471,-0.7071067811865479,0.7818314824680284,0.6234898018587354,1.0,1.1943401194869637e-15
6,3318,3040,30,2024,9,26,22,19,2024,9,26,22,25,1,0,1,0,0,1,3,0,-0.5000000000000004,0.8660254037844384,0.7818314824680271,0.6234898018587369,-0.8660254037844392,0.4999999999999991
2,3256,3161,365,2025,9,23,17,37,2025,9,23,17,39,1,0,0,1,0,1,1,0,-0.9659258262890684,-0.2588190451025206,0.433883739117557,-0.9009688679024196,0.4999999999999998,-0.8660254037844388
5,3244,3025,30,2021,8,22,16,41,2021,8,22,16,46,0,0,1,0,0,1,6,1,-0.8660254037844385,-0.5000000000000004,0.9749279121818236,-0.2225209339563138,0.8660254037844392,-0.4999999999999992
9,3054,3077,30,2022,7,6,19,51,2022,7,6,20,0,0,0,1,0,0,1,2,0,-0.9659258262890684,0.2588190451025203,-0.9749279121818236,-0.222520933956315,-0.4999999999999991,-0.8660254037844392
37,3335,3163,365,2026,3,21,14,9,2026,3,21,14,46,1,0,0,1,0,1,5,1,-0.4999999999999997,-0.8660254037844388,-4.898587196589413e-16,1.0,0.8660254037844384,0.5000000000000004
50,3024,3060,1,2024,10,26,14,40,2024,10,26,15,31,1,1,0,0,0,1,5,1,-0.4999999999999997,-0.8660254037844388,-4.898587196589413e-16,1.0,0.8660254037844384,0.5000000000000004
10,3304,3158,30,2024,10,8,16,38,2024,10,8,16,48,1,0,1,0,0,1,1,0,-0.8660254037844385,-0.5000000000000004,0.9749279121818236,-0.2225209339563138,0.8660254037844392,-0.4999999999999992
34,3210,3051,30,2023,3,3,11,3,2023,3,3,11,37,0,0,1,0,0,1,4,0,0.258819045102521,-0.9659258262890682,-0.4338837391175562,-0.90096886790242,-0.5000000000000004,0.8660254037844384
8,3124,3088,30,2021,8,11,21,52,2021,8,11,22,0,1,0,1,0,0,1,2,0,-0.7071067811865477,0.7071067811865474,-7.34788079488412e-16,1.0,-1.0,-4.286263797015736e-16
15,3073,3226,30,2024,7,1,20,28,2024,7,1,20,43,1,0,1,0,0,1,0,0,-0.8660254037844386,0.5000000000000001,-0.7818314824680302,0.6234898018587329,-0.8660254037844387,-0.4999999999999998
9,3169,3050,30,2020,8,25,9,33,2020,8,25,9,42,0,0,1,0,0,1,1,0,0.7071067811865476,-0.7071067811865475,0.9749279121818236,-0.2225209339563141,-1.0,-1.8369701987210294e-16
19,3021,3071,365,2023,2,2,18,50,2023,2,2,19,9,0,0,0,1,0,1,3,0,-1.0,-1.8369701987210294e-16,-0.4338837391175575,-0.9009688679024194,3.673940397442059e-16,-1.0
6,3295,3301,30,2026,3,11,18,3,2026,3,11,18,9,1,0,1,0,0,1,2,0,-1.0,-1.8369701987210294e-16,-0.4338837391175575,-0.9009688679024194,3.673940397442059e-16,-1.0
7,3359,3256,30,2026,3,12,7,18,2026,3,12,7,25,1,0,1,0,0,1,3,0,0.9659258262890684,-0.2588190451025206,-2.4492935982947064e-16,1.0,-0.4999999999999997,-0.8660254037844388
15,3059,3238,365,2023,6,20,8,37,2023,6,20,8,52,1,0,0,1,0,1,1,0,0.8660254037844387,-0.4999999999999998,0.7818314824680296,0.6234898018587337,-0.8660254037844385,-0.5000000000000004
8,3397,3020,30,2025,11,19,11,42,2025,11,19,11,50,1,0,1,0,0,1,2,0,0.258819045102521,-0.9659258262890682,-0.4338837391175562,-0.90096886790242,-0.5000000000000004,0.8660254037844384
4,3201,3204,30,2026,1,22,12,49,2026,1,22,12,53,1,0,1,0,0,1,3,0,1.2246467991473532e-16,-1.0,-0.9749279121818236,-0.2225209339563148,-2.4492935982947064e-16,1.0
3,3206,3202,30,2020,12,22,18,50,2020,12,22,18,53,1,0,1,0,0,1,1,0,-1.0,-1.8369701987210294e-16,-0.4338837391175575,-0.9009688679024194,3.673940397442059e-16,-1.0
4,3383,3345,365,2025,10,24,16,2,2025,10,24,16,6,1,0,0,1,0,1,4,0,-0.8660254037844385,-0.5000000000000004,0.9749279121818236,-0.2225209339563138,0.8660254037844392,-0.4999999999999992
9,3010,3022,30,2024,10,8,16,14,2024,10,8,16,23,0,0,1,0,0,1,1,0,-0.8660254037844385,-0.5000000000000004,0.9749279121818236,-0.2225209339563138,0.8660254037844392,-0.4999999999999992
10,3028,3359,30,2025,11,12,15,44,2025,11,12,15,54,1,0,1,0,0,1,2,0,-0.7071067811865471,-0.7071067811865479,0.7818314824680284,0.6234898018587354,1.0,1.1943401194869637e-15
10,3116,3163,365,2024,5,25,15,35,2024,5,25,15,45,1,0,0,1,0,1,5,1,-0.7071067811865471,-0.7071067811865479,0.7818314824680284,0.6234898018587354,1.0,1.1943401194869637e-15
8,3069,3068,30,2021,12,1,18,10,2021,12,1,18,18,0,0,1,0,0,1,2,0,-1.0,-1.8369701987210294e-16,-0.4338837391175575,-0.9009688679024194,3.673940397442059e-16,-1.0
25,3324,3163,30,2025,7,27,10,30,2025,7,27,10,55,0,0,1,0,0,1,6,1,0.4999999999999999,-0.8660254037844387,0.4338837391175584,-0.9009688679024188,-0.8660254037844386,0.5000000000000001
13,3010,3069,365,2022,12,17,11,41,2022,12,17,11,54,0,0,0,1,0,1,5,1,0.258819045102521,-0.9659258262890682,-0.4338837391175562,-0.90096886790242,-0.5000000000000004,0.8660254037844384
36,3310,3055,1,2024,4,4,10,17,2024,4,4,10,53,1,1,0,0,0,1,3,0,0.4999999999999999,-0.8660254037844387,0.4338837391175584,-0.9009688679024188,-0.8660254037844386,0.5000000000000001
11,3010,3349,1,2025,6,29,1,18,2025,6,29,1,29,1,0,0,0,1,1,6,1,0.2588190451025207,0.9659258262890684,0.7818314824680298,0.6234898018587336,0.4999999999999999,0.8660254037844387
5,3123,3200,30,2023,8,14,9,27,2023,8,14,9,32,1,0,1,0,0,1,0,0,0.7071067811865476,-0.7071067811865475,0.9749279121818236,-0.2225209339563141,-1.0,-1.8369701987210294e-16
10,3286,3051,30,2024,2,11,15,0,2024,2,11,15,10,1,0,1,0,0,1,6,1,-0.7071067811865471,-0.7071067811865479,0.7818314824680284,0.6234898018587354,1.0,1.1943401194869637e-15
40,3200,3123,30,2021,5,30,22,32,2021,5,30,23,12,1,0,1,0,0,1,6,1,-0.5000000000000004,0.8660254037844384,0.7818314824680271,0.6234898018587369,-0.8660254037844392,0.4999999999999991
35,3097,3034,30,2024,2,22,16,4,2024,2,22,16,39,0,0,1,0,0,1,3,0,-0.8660254037844385,-0.5000000000000004,0.9749279121818236,-0.2225209339563138,0.8660254037844392,-0.4999999999999992
8,3234,3064,30,2022,5,18,19,57,2022,5,18,20,5,1,0,1,0,0,1,2,0,-0.9659258262890684,0.2588190451025203,-0.9749279121818236,-0.222520933956315,-0.4999999999999991,-0.8660254037844392
10,3169,3037,30,2020,5,29,15,19,2020,5,29,15,29,0,0,1,0,0,1,4,0,-0.7071067811865471,-0.7071067811865479,0.7818314824680284,0.6234898018587354,1.0,1.1943401194869637e-15
7,3250,3047,1,2022,4,19,11,29,2022,4,19,11,36,1,1,0,0,0,1,1,0,0.258819045102521,-0.9659258262890682,-0.4338837391175562,-0.90096886790242,-0.5000000000000004,0.8660254037844384
4,3102,3116,365,2024,5,10,12,22,2024,5,10,12,26,1,0,0,1,0,1,4,0,1.2246467991473532e-16,-1.0,-0.9749279121818236,-0.2225209339563148,-2.4492935982947064e-16,1.0
18,3051,3066,365,2025,7,31,8,31,2025,7,31,8,48,0,0,0,1,0,1,3,0,0.8660254037844387,-0.4999999999999998,0.7818314824680296,0.6234898018587337,-0.8660254037844385,-0.5000000000000004
8,3125,3150,1,2020,4,18,19,43,2020,4,18,19,51,0,1,0,0,0,1,5,1,-0.9659258262890684,0.2588190451025203,-0.9749279121818236,-0.222520933956315,-0.4999999999999991,-0.8660254037844392
6,3387,3008,30,2024,12,12,7,19,2024,12,12,7,25,1,0,1,0,0,1,3,0,0.9659258262890684,-0.2588190451025206,-2.4492935982947064e-16,1.0,-0.4999999999999997,-0.8660254037844388
18,3212,3252,30,2024,7,27,15,38,2024,7,27,15,56,0,0,1,0,0,1,5,1,-0.7071067811865471,-0.7071067811865479,0.7818314824680284,0.6234898018587354,1.0,1.1943401194869637e-15
11,3033,3066,365,2020,7,18,18,9,2020,7,18,18,20,0,0,0,1,0,1,5,1,-1.0,-1.8369701987210294e-16,-0.4338837391175575,-0.9009688679024194,3.673940397442059e-16,-1.0
4,3304,3052,365,2024,2,7,9,56,2024,2,7,10,0,1,0,0,1,0,1,2,0,0.7071067811865476,-0.7071067811865475,0.9749279121818236,-0.2225209339563141,-1.0,-1.8369701987210294e-16
6,3264,3028,30,2022,10,22,21,27,2022,10,22,21,33,0,0,1,0,0,1,5,1,-0.7071067811865477,0.7071067811865474,-7.34788079488412e-16,1.0,-1.0,-4.286263797015736e-16
4,3121,3120,30,2022,8,14,10,58,2022,8,14,11,2,1,0,1,0,0,1,6,1,0.4999999999999999,-0.8660254037844387,0.4338837391175584,-0.9009688679024188,-0.8660254037844386,0.5000000000000001
12,3074,3161,30,2023,5,17,18,5,2023,5,17,18,17,0,0,1,0,0,1,2,0,-1.0,-1.8369701987210294e-16,-0.4338837391175575,-0.9009688679024194,3.673940397442059e-16,-1.0
11,3383,3026,30,2025,9,14,16,51,2025,9,14,17,2,1,0,1,0,0,1,6,1,-0.8660254037844385,-0.5000000000000004,0.9749279121818236,-0.2225209339563138,0.8660254037844392,-0.4999999999999992
5,3363,3238,365,2024,8,14,14,32,2024,8,14,14,37,0,0,0,1,0,1,2,0,-0.4999999999999997,-0.8660254037844388,-4.898587196589413e-16,1.0,0.8660254037844384,0.5000000000000004
6,3125,3295,30,2023,10,25,18,11,2023,10,25,18,17,1,0,1,0,0,1,2,0,-1.0,-1.8369701987210294e-16,-0.4338837391175575,-0.9009688679024194,3.673940397442059e-16,-1.0
17,3009,3114,30,2022,10,5,16,19,2022,10,5,16,36,0,0,1,0,0,1,2,0,-0.8660254037844385,-0.5000000000000004,0.9749279121818236,-0.2225209339563138,0.8660254037844392,-0.4999999999999992
20,3210,3018,30,2021,8,31,10,42,2021,8,31,11,2,1,0,1,0,0,1,1,0,0.4999999999999999,-0.8660254037844387,0.4338837391175584,-0.9009688679024188,-0.8660254037844386,0.5000000000000001
15,3362,3248,30,2024,5,26,3,51,2024,5,26,4,6,1,0,1,0,0,1,6,1,0.7071067811865476,0.7071067811865476,0.4338837391175582,-0.900968867902419,1.0,6.123233995736766e-17
9,3160,3162,30,2020,9,15,8,32,2020,9,15,8,41,1,0,1,0,0,1,1,0,0.8660254037844387,-0.4999999999999998,0.7818314824680296,0.6234898018587337,-0.8660254037844385,-0.5000000000000004
12,3116,3121,1,2021,8,14,14,16,2021,8,14,14,28,1,1,0,0,0,1,5,1,-0.4999999999999997,-0.8660254037844388,-4.898587196589413e-16,1.0,0.8660254037844384,0.5000000000000004
12,3045,3028,30,2021,11,6,15,41,2021,11,6,15,53,0,0,1,0,0,1,5,1,-0.7071067811865471,-0.7071067811865479,0.7818314824680284,0.6234898018587354,1.0,1.1943401194869637e-15
13,3028,3197,30,2022,10,25,15,9,2022,10,25,15,22,1,0,1,0,0,1,1,0,-0.7071067811865471,-0.7071067811865479,0.7818314824680284,0.6234898018587354,1.0,1.1943401194869637e-15
31,3185,3185,30,2020,8,20,15,34,2020,8,20,16,5,0,0,1,0,0,0,3,0,-0.7071067811865471,-0.7071067811865479,0.7818314824680284,0.6234898018587354,1.0,1.1943401194869637e-15
20,3200,3284,30,2023,7,18,11,17,2023,7,18,11,37,1,0,1,0,0,1,1,0,0.258819045102521,-0.9659258262890682,-0.4338837391175562,-0.90096886790242,-0.5000000000000004,0.8660254037844384
6,3359,3213,365,2025,4,24,17,43,2025,4,24,17,49,1,0,0,1,0,1,3,0,-0.9659258262890684,-0.2588190451025206,0.433883739117557,-0.9009688679024196,0.4999999999999998,-0.8660254037844388
21,3244,3181,1,2021,8,7,16,1,2021,8,7,16,22,1,1,0,0,0,1,5,1,-0.8660254037844385,-0.5000000000000004,0.9749279121818236,-0.2225209339563138,0.8660254037844392,-0.4999999999999992
25,3034,3256,1,2025,3,8,9,55,2025,3,8,10,20,0,1,0,0,0,1,5,1,0.7071067811865476,-0.7071067811865475,0.9749279121818236,-0.2225209339563141,-1.0,-1.8369701987210294e-16
6,3054,3161,365,2025,6,2,6,45,2025,6,2,6,51,0,0,0,1,0,1,0,0,1.0,6.123233995736766e-17,-0.7818314824680299,0.6234898018587334,1.2246467991473532e-16,-1.0
34,3101,3164,30,2020,8,23,19,52,2020,8,23,20,26,0,0,1,0,0,1,6,1,-0.9659258262890684,0.2588190451025203,-0.9749279121818236,-0.222520933956315,-0.4999999999999991,-0.8660254037844392
7,3382,3032,365,2024,8,13,11,43,2024,8,13,11,50,0,0,0,1,0,1,1,0,0.258819045102521,-0.9659258262890682,-0.4338837391175562,-0.90096886790242,-0.5000000000000004,0.8660254037844384
65,3024,3000,1,2021,6,21,12,3,2021,6,21,13,8,0,1,0,0,0,1,0,0,1.2246467991473532e-16,-1.0,-0.9749279121818236,-0.2225209339563148,-2.4492935982947064e-16,1.0
5,3038,3000,30,2024,7,3,17,5,2024,7,3,17,10,1,0,1,0,0,1,2,0,-0.9659258262890684,-0.2588190451025206,0.433883739117557,-0.9009688679024196,0.4999999999999998,-0.8660254037844388
6,3062,3063,30,2024,4,16,16,43,2024,4,16,16,49,1,0,1,0,0,1,1,0,-0.8660254037844385,-0.5000000000000004,0.9749279121818236,-0.2225209339563138,0.8660254037844392,-0.4999999999999992
9,3201,3374,365,2024,12,8,13,32,2024,12,8,13,41,1,0,0,1,0,1,6,1,-0.2588190451025208,-0.9659258262890684,-0.781831482468029,0.6234898018587346,0.5,0.8660254037844386
15,3054,3010,30,2020,9,20,17,1,2020,9,20,17,16,0,0,1,0,0,1,6,1,-0.9659258262890684,-0.2588190451025206,0.433883739117557,-0.9009688679024196,0.4999999999999998,-0.8660254037844388
6,3165,3018,365,2022,1,13,4,47,2022,1,13,4,53,1,0,0,1,0,1,3,0,0.8660254037844386,0.5000000000000001,-0.433883739117558,-0.9009688679024191,0.8660254037844387,-0.4999999999999998
24,3099,3204,30,2020,12,11,21,6,2020,12,11,21,30,0,0,1,0,0,1,4,0,-0.7071067811865477,0.7071067811865474,-7.34788079488412e-16,1.0,-1.0,-4.286263797015736e-16
10,3360,3185,365,2024,5,1,7,44,2024,5,1,7,54,1,0,0,1,0,1,2,0,0.9659258262890684,-0.2588190451025206,-2.4492935982947064e-16,1.0,-0.4999999999999997,-0.8660254037844388
22,3065,3034,30,2020,10,21,16,43,2020,10,21,17,5,0,0,1,0,0,1,2,0,-0.8660254037844385,-0.5000000000000004,0.9749279121818236,-0.2225209339563138,0.8660254037844392,-0.4999999999999992
12,3007,3098,30,2023,5,18,22,45,2023,5,18,22,57,0,0,1,0,0,1,3,0,-0.5000000000000004,0.8660254037844384,0.7818314824680271,0.6234898018587369,-0.8660254037844392,0.4999999999999991
7,3061,3022,1,2022,7,25,17,47,2022,7,25,17,54,0,1,0,0,0,1,0,0,-0.9659258262890684,-0.2588190451025206,0.433883739117557,-0.9009688679024196,0.4999999999999998,-0.8660254037844388
9,3063,3053,30,2023,4,12,19,54,2023,4,12,20,3,1,0,1,0,0,1,2,0,-0.9659258262890684,0.2588190451025203,-0.9749279121818236,-0.222520933956315,-0.4999999999999991,-0.8660254037844392
25,3209,3294,30,2024,9,10,18,51,2024,9,10,19,16,1,0,1,0,0,1,1,0,-1.0,-1.8369701987210294e-16,-0.4338837391175575,-0.9009688679024194,3.673940397442059e-16,-1.0
7,3075,3108,30,2022,6,2,4,41,2022,6,2,4,48,0,0,1,0,0,1,3,0,0.8660254037844386,0.5000000000000001,-0.433883739117558,-0.9009688679024191,0.8660254037844387,-0.4999999999999998
9,3006,3006,30,2023,10,6,22,47,2023,10,6,22,56,1,0,1,0,0,0,4,0,-0.5000000000000004,0.8660254037844384,0.7818314824680271,0.6234898018587369,-0.8660254037844392,0.4999999999999991
4,3066,3064,30,2023,5,14,12,45,2023,5,14,12,49,0,0,1,0,0,1,6,1,1.2246467991473532e-16,-1.0,-0.9749279121818236,-0.2225209339563148,-2.4492935982947064e-16,1.0
36,3054,3058,30,2020,6,1,12,55,2020,6,1,13,31,0,0,1,0,0,1,0,0,1.2246467991473532e-16,-1.0,-0.9749279121818236,-0.2225209339563148,-2.4492935982947064e-16,1.0
3,3295,3007,30,2023,3,9,12,8,2023,3,9,12,11,0,0,1,0,0,1,3,0,1.2246467991473532e-16,-1.0,-0.9749279121818236,-0.2225209339563148,-2.4492935982947064e-16,1.0
54,3028,3028,30,2024,4,28,18,0,2024,4,28,18,54,0,0,1,0,0,0,6,1,-1.0,-1.8369701987210294e-16,-0.4338837391175575,-0.9009688679024194,3.673940397442059e-16,-1.0
13,3295,3028,365,2023,6,15,16,23,2023,6,15,16,36,0,0,0,1,0,1,3,0,-0.8660254037844385,-0.5000000000000004,0.9749279121818236,-0.2225209339563138,0.8660254037844392,-0.4999999999999992
12,3051,3245,30,2023,5,1,11,36,2023,5,1,11,48,0,0,1,0,0,1,0,0,0.258819045102521,-0.9659258262890682,-0.4338837391175562,-0.90096886790242,-0.5000000000000004,0.8660254037844384
24,3256,3164,365,2025,3,25,18,17,2025,3,25,18,41,0,0,0,1,0,1,1,0,-1.0,-1.8369701987210294e-16,-0.4338837391175575,-0.9009688679024194,3.673940397442059e-16,-1.0
9,3058,3201,30,2023,8,29,9,44,2023,8,29,9,53,0,0,1,0,0,1,1,0,0.7071067811865476,-0.7071067811865475,0.9749279121818236,-0.2225209339563141,-1.0,-1.8369701987210294e-16
15,3190,3057,30,2022,9,18,7,17,2022,9,18,7,32,0,0,1,0,0,1,6,1,0.9659258262890684,-0.2588190451025206,-2.4492935982947064e-16,1.0,-0.4999999999999997,-0.8660254037844388
11,3272,3117,30,2022,5,27,5,52,2022,5,27,6,3,1,0,1,0,0,1,4,0,0.9659258262890684,0.2588190451025207,-0.9749279121818236,-0.2225209339563146,0.4999999999999999,-0.8660254037844387
16,3010,3209,365,2025,8,27,22,10,2025,8,27,22,26,1,0,0,1,0,1,2,0,-0.5000000000000004,0.8660254037844384,0.7818314824680271,0.6234898018587369,-0.8660254037844392,0.4999999999999991
30,3322,3203,30,2023,9,18,20,3,2023,9,18,20,33,1,0,1,0,0,1,0,0,-0.8660254037844386,0.5000000000000001,-0.7818314824680302,0.6234898018587329,-0.8660254037844387,-0.4999999999999998
2,3058,3051,365,2023,10,12,14,29,2023,10,12,14,31,1,0,0,1,0,1,3,0,-0.4999999999999997,-0.8660254037844388,-4.898587196589413e-16,1.0,0.8660254037844384,0.5000000000000004
6,3106,3120,30,2023,10,12,19,43,2023,10,12,19,49,1,0,1,0,0,1,3,0,-0.9659258262890684,0.2588190451025203,-0.9749279121818236,-0.222520933956315,-0.4999999999999991,-0.8660254037844392
16,3004,3077,30,2022,8,28,18,9,2022,8,28,18,25,0,0,1,0,0,1,6,1,-1.0,-1.8369701987210294e-16,-0.4338837391175575,-0.9009688679024194,3.673940397442059e-16,-1.0
2,3063,3066,365,2022,5,3,20,29,2022,5,3,20,31,0,0,0,1,0,1,1,0,-0.8660254037844386,0.5000000000000001,-0.7818314824680302,0.6234898018587329,-0.8660254037844387,-0.4999999999999998
6,3033,3255,365,2023,8,3,17,11,2023,8,3,17,17,0,0,0,1,0,1,3,0,-0.9659258262890684,-0.2588190451025206,0.433883739117557,-0.9009688679024196,0.4999999999999998,-0.8660254037844388
3,3006,3159,30,2021,9,21,20,46,2021,9,21,20,49,0,0,1,0,0,1,1,0,-0.8660254037844386,0.5000000000000001,-0.7818314824680302,0.6234898018587329,-0.8660254037844387,-0.4999999999999998
2,3166,3041,365,2023,5,28,13,51,2023,5,28,13,53,0,0,0,1,0,1,6,1,-0.2588190451025208,-0.9659258262890684,-0.781831482468029,0.6234898018587346,0.5,0.8660254037844386
13,3043,3304,30,2023,10,11,17,46,2023,10,11,17,59,0,0,1,0,0,1,2,0,-0.9659258262890684,-0.2588190451025206,0.433883739117557,-0.9009688679024196,0.4999999999999998,-0.8660254037844388
5,3101,3167,30,2022,6,13,14,0,2022,6,13,14,5,1,0,1,0,0,1,0,0,-0.4999999999999997,-0.8660254037844388,-4.898587196589413e-16,1.0,0.8660254037844384,0.5000000000000004
2,3238,3052,30,2022,9,23,18,10,2022,9,23,18,12,0,0,1,0,0,1,4,0,-1.0,-1.8369701987210294e-16,-0.4338837391175575,-0.9009688679024194,3.673940397442059e-16,-1.0
14,3055,3051,30,2023,1,12,14,8,2023,1,12,14,22,1,0,1,0,0,1,3,0,-0.4999999999999997,-0.8660254037844388,-4.898587196589413e-16,1.0,0.8660254037844384,0.5000000000000004
17,3120,3154,30,2021,8,31,16,24,2021,8,31,16,41,0,0,1,0,0,1,1,0,-0.8660254037844385,-0.5000000000000004,0.9749279121818236,-0.2225209339563138,0.8660254037844392,-0.4999999999999992
12,3066,3318,30,2025,4,29,16,25,2025,4,29,16,37,0,0,1,0,0,1,1,0,-0.8660254037844385,-0.5000000000000004,0.9749279121818236,-0.2225209339563138,0.8660254037844392,-0.4999999999999992
14,3265,3010,30,2022,10,27,8,52,2022,10,27,9,6,1,0,1,0,0,1,3,0,0.8660254037844387,-0.4999999999999998,0.7818314824680296,0.6234898018587337,-0.8660254037844385,-0.5000000000000004
19,3021,3261,30,2023,7,11,17,28,2023,7,11,17,47,0,0,1,0,0,1,1,0,-0.9659258262890684,-0.2588190451025206,0.433883739117557,-0.9009688679024196,0.4999999999999998,-0.8660254037844388
8,3020,3165,30,2025,11,20,13,27,2025,11,20,13,35,1,0,1,0,0,1,3,0,-0.2588190451025208,-0.9659258262890684,-0.781831482468029,0.6234898018587346,0.5,0.8660254037844386
10,3017,3166,365,2021,9,17,18,44,2021,9,17,18,54,0,0,0,1,0,1,4,0,-1.0,-1.8369701987210294e-16,-0.4338837391175575,-0.9009688679024194,3.673940397442059e-16,-1.0
4,3346,3295,365,2024,6,4,19,7,2024,6,4,19,11,0,0,0,1,0,1,1,0,-0.9659258262890684,0.2588190451025203,-0.9749279121818236,-0.222520933956315,-0.4999999999999991,-0.8660254037844392
5,3259,3009,30,2022,10,12,13,52,2022,10,12,13,57,0,0,1,0,0,1,2,0,-0.2588190451025208,-0.9659258262890684,-0.781831482468029,0.6234898018587346,0.5,0.8660254037844386
10,3114,3078,365,2022,8,25,8,53,2022,8,25,9,3,1,0,0,1,0,1,3,0,0.8660254037844387,-0.4999999999999998,0.7818314824680296,0.6234898018587337,-0.8660254037844385,-0.5000000000000004
11,3210,3073,30,2021,9,8,9,7,2021,9,8,9,18,1,0,1,0,0,1,2,0,0.7071067811865476,-0.7071067811865475,0.9749279121818236,-0.2225209339563141,-1.0,-1.8369701987210294e-16
15,3154,3009,30,2021,9,22,21,40,2021,9,22,21,55,0,0,1,0,0,1,2,0,-0.7071067811865477,0.7071067811865474,-7.34788079488412e-16,1.0,-1.0,-4.286263797015736e-16
26,3021,3369,30,2025,8,28,17,51,2025,8,28,18,17,1,0,1,0,0,1,3,0,-0.9659258262890684,-0.2588190451025206,0.433883739117557,-0.9009688679024196,0.4999999999999998,-0.8660254037844388
15,3169,3054,365,2022,6,8,19,55,2022,6,8,20,10,0,0,0,1,0,1,2,0,-0.9659258262890684,0.2588190451025203,-0.9749279121818236,-0.222520933956315,-0.4999999999999991,-0.8660254037844392
9,3037,3046,30,2023,7,9,14,20,2023,7,9,14,29,1,0,1,0,0,1,6,1,-0.4999999999999997,-0.8660254037844388,-4.898587196589413e-16,1.0,0.8660254037844384,0.5000000000000004
3,3012,3114,30,2022,9,1,19,23,2022,9,1,19,26,0,0,1,0,0,1,3,0,-0.9659258262890684,0.2588190451025203,-0.9749279121818236,-0.222520933956315,-0.4999999999999991,-0.8660254037844392
51,3005,3163,30,2021,5,2,14,54,2021,5,2,15,45,0,0,1,0,0,1,6,1,-0.4999999999999997,-0.8660254037844388,-4.898587196589413e-16,1.0,0.8660254037844384,0.5000000000000004
12,3026,3157,365,2022,4,30,17,9,2022,4,30,17,21,0,0,0,1,0,1,5,1,-0.9659258262890684,-0.2588190451025206,0.433883739117557,-0.9009688679024196,0.4999999999999998,-0.8660254037844388
28,3347,3347,30,2023,10,3,11,36,2023,10,3,12,4,0,0,1,0,0,0,1,0,0.258819045102521,-0.9659258262890682,-0.4338837391175562,-0.90096886790242,-0.5000000000000004,0.8660254037844384
23,3009,3034,30,2021,9,14,19,54,2021,9,14,20,17,1,0,1,0,0,1,1,0,-0.9659258262890684,0.2588190451025203,-0.9749279121818236,-0.222520933956315,-0.4999999999999991,-0.8660254037844392
8,3359,3018,365,2025,10,20,14,11,2025,10,20,14,19,1,0,0,1,0,1,0,0,-0.4999999999999997,-0.8660254037844388,-4.898587196589413e-16,1.0,0.8660254037844384,0.5000000000000004
4,3005,3046,365,2024,4,18,18,15,2024,4,18,18,19,1,0,0,1,0,1,3,0,-1.0,-1.8369701987210294e-16,-0.4338837391175575,-0.9009688679024194,3.673940397442059e-16,-1.0
12,3154,3018,30,2022,5,31,10,36,2022,5,31,10,48,0,0,1,0,0,1,1,0,0.4999999999999999,-0.8660254037844387,0.4338837391175584,-0.9009688679024188,-0.8660254037844386,0.5000000000000001
11,3012,3038,365,2024,2,12,7,2,2024,2,12,7,13,0,0,0,1,0,1,0,0,0.9659258262890684,-0.2588190451025206,-2.4492935982947064e-16,1.0,-0.4999999999999997,-0.8660254037844388
17,3068,3019,30,2023,12,20,16,38,2023,12,20,16,55,0,0,1,0,0,1,2,0,-0.8660254037844385,-0.5000000000000004,0.9749279121818236,-0.2225209339563138,0.8660254037844392,-0.4999999999999992
4,3360,3361,30,2026,1,8,15,11,2026,1,8,15,15,1,0,1,0,0,1,3,0,-0.7071067811865471,-0.7071067811865479,0.7818314824680284,0.6234898018587354,1.0,1.1943401194869637e-15
56,3265,3152,30,2025,1,26,13,55,2025,1,26,14,51,0,0,1,0,0,1,6,1,-0.2588190451025208,-0.9659258262890684,-0.781831482468029,0.6234898018587346,0.5,0.8660254037844386
4,3035,3009,30,2023,12,11,19,48,2023,12,11,19,52,1,0,1,0,0,1,0,0,-0.9659258262890684,0.2588190451025203,-0.9749279121818236,-0.222520933956315,-0.4999999999999991,-0.8660254037844392
6,3341,3166,365,2025,11,28,13,2,2025,11,28,13,8,0,0,0,1,0,1,4,0,-0.2588190451025208,-0.9659258262890684,-0.781831482468029,0.6234898018587346,0.5,0.8660254037844386
15,3334,3294,30,2025,8,29,19,32,2025,8,29,19,47,1,0,1,0,0,1,4,0,-0.9659258262890684,0.2588190451025203,-0.9749279121818236,-0.222520933956315,-0.4999999999999991,-0.8660254037844392
50,3055,3156,30,2024,10,29,16,33,2024,10,29,17,23,1,0,1,0,0,1,1,0,-0.8660254037844385,-0.5000000000000004,0.9749279121818236,-0.2225209339563138,0.8660254037844392,-0.4999999999999992
6,3007,3000,365,2026,1,28,7,35,2026,1,28,7,41,1,0,0,1,0,1,2,0,0.9659258262890684,-0.2588190451025206,-2.4492935982947064e-16,1.0,-0.4999999999999997,-0.8660254037844388
9,3154,3185,1,2021,4,19,16,29,2021,4,19,16,38,0,1,0,0,0,1,0,0,-0.8660254037844385,-0.5000000000000004,0.9749279121818236,-0.2225209339563138,0.8660254037844392,-0.4999999999999992
10,3204,3067,30,2023,8,28,19,17,2023,8,28,19,27,1,0,1,0,0,1,0,0,-0.9659258262890684,0.2588190451025203,-0.9749279121818236,-0.222520933956315,-0.4999999999999991,-0.8660254037844392
8,3010,3294,30,2025,11,15,16,40,2025,11,15,16,48,1,0,1,0,0,1,5,1,-0.8660254037844385,-0.5000000000000004,0.9749279121818236,-0.2225209339563138,0.8660254037844392,-0.4999999999999992
7,3021,3066,1,2024,10,18,5,58,2024,10,18,6,5,1,0,0,0,1,1,4,0,0.9659258262890684,0.2588190451025207,-0.9749279121818236,-0.2225209339563146,0.4999999999999999,-0.8660254037844387
40,3209,3029,30,2022,9,23,13,58,2022,9,23,14,38,0,0,1,0,0,1,4,0,-0.2588190451025208,-0.9659258262890684,-0.781831482468029,0.6234898018587346,0.5,0.8660254037844386
17,3088,3155,30,2020,5,31,0,44,2020,5,31,1,1,0,0,1,0,0,1,6,1,0.0,1.0,0.0,1.0,0.0,1.0
6,3066,3155,30,2021,10,7,22,53,2021,10,7,22,59,1,0,1,0,0,1,3,0,-0.5000000000000004,0.8660254037844384,0.7818314824680271,0.6234898018587369,-0.8660254037844392,0.4999999999999991
10,3022,3187,365,2021,2,18,21,26,2021,2,18,21,36,0,0,0,1,0,1,3,0,-0.7071067811865477,0.7071067811865474,-7.34788079488412e-16,1.0,-1.0,-4.286263797015736e-16
8,3033,3066,30,2022,12,12,16,2,2022,12,12,16,10,1,0,1,0,0,1,0,0,-0.8660254037844385,-0.5000000000000004,0.9749279121818236,-0.2225209339563138,0.8660254037844392,-0.4999999999999992
26,3155,3252,30,2024,9,28,3,14,2024,9,28,3,40,0,0,1,0,0,1,5,1,0.7071067811865476,0.7071067811865476,0.4338837391175582,-0.900968867902419,1.0,6.123233995736766e-17
17,3165,3203,30,2023,6,10,6,53,2023,6,10,7,10,0,0,1,0,0,1,5,1,1.0,6.123233995736766e-17,-0.7818314824680299,0.6234898018587334,1.2246467991473532e-16,-1.0
3,3052,3264,30,2022,11,16,18,34,2022,11,16,18,37,0,0,1,0,0,1,2,0,-1.0,-1.8369701987210294e-16,-0.4338837391175575,-0.9009688679024194,3.673940397442059e-16,-1.0
28,3212,3030,1,2020,8,11,14,12,2020,8,11,14,40,0,1,0,0,0,1,1,0,-0.4999999999999997,-0.8660254037844388,-4.898587196589413e-16,1.0,0.8660254037844384,0.5000000000000004
3,3153,3166,365,2021,9,1,8,12,2021,9,1,8,15,0,0,0,1,0,1,2,0,0.8660254037844387,-0.4999999999999998,0.7818314824680296,0.6234898018587337,-0.8660254037844385,-0.5000000000000004
12,3045,3069,30,2022,11,3,21,50,2022,11,3,22,2,1,0,1,0,0,1,3,0,-0.7071067811865477,0.7071067811865474,-7.34788079488412e-16,1.0,-1.0,-4.286263797015736e-16
7,3244,3064,30,2022,8,20,15,53,2022,8,20,16,0,0,0,1,0,0,1,5,1,-0.7071067811865471,-0.7071067811865479,0.7818314824680284,0.6234898018587354,1.0,1.1943401194869637e-15
19,3160,3207,30,2022,5,21,17,28,2022,5,21,17,47,0,0,1,0,0,1,5,1,-0.9659258262890684,-0.2588190451025206,0.433883739117557,-0.9009688679024196,0.4999999999999998,-0.8660254037844388
3,3010,3255,365,2024,9,30,12,58,2024,9,30,13,1,0,0,0,1,0,1,0,0,1.2246467991473532e-16,-1.0,-0.9749279121818236,-0.2225209339563148,-2.4492935982947064e-16,1.0
9,3058,3078,365,2021,11,1,8,31,2021,11,1,8,40,0,0,0,1,0,1,0,0,0.8660254037844387,-0.4999999999999998,0.7818314824680296,0.6234898018587337,-0.8660254037844385,-0.5000000000000004
5,3185,3264,30,2026,1,6,7,55,2026,1,6,8,0,1,0,1,0,0,1,1,0,0.9659258262890684,-0.2588190451025206,-2.4492935982947064e-16,1.0,-0.4999999999999997,-0.8660254037844388
12,3059,3086,30,2024,10,25,17,19,2024,10,25,17,31,1,0,1,0,0,1,4,0,-0.9659258262890684,-0.2588190451025206,0.433883739117557,-0.9009688679024196,0.4999999999999998,-0.8660254037844388
3,3211,3058,30,2021,9,13,20,17,2021,9,13,20,20,0,0,1,0,0,1,0,0,-0.8660254037844386,0.5000000000000001,-0.7818314824680302,0.6234898018587329,-0.8660254037844387,-0.4999999999999998
33,3356,3356,30,2024,4,29,12,0,2024,4,29,12,33,0,0,1,0,0,0,0,0,1.2246467991473532e-16,-1.0,-0.9749279121818236,-0.2225209339563148,-2.4492935982947064e-16,1.0
10,3125,3161,30,2024,2,8,19,21,2024,2,8,19,31,1,0,1,0,0,1,3,0,-0.9659258262890684,0.2588190451025203,-0.9749279121818236,-0.222520933956315,-0.4999999999999991,-0.8660254037844392
6,3322,3007,365,2024,12,6,0,16,2024,12,6,0,22,0,0,0,1,0,1,4,0,0.0,1.0,0.0,1.0,0.0,1.0
13,3099,3205,30,2024,5,3,19,27,2024,5,3,19,40,1,0,1,0,0,1,4,0,-0.9659258262890684,0.2588190451025203,-0.9749279121818236,-0.222520933956315,-0.4999999999999991,-0.8660254037844392
13,3201,3201,30,2022,8,16,14,21,2022,8,16,14,34,0,0,1,0,0,0,1,0,-0.4999999999999997,-0.8660254037844388,-4.898587196589413e-16,1.0,0.8660254037844384,0.5000000000000004
21,3006,3102,30,2024,8,6,17,4,2024,8,6,17,25,1,0,1,0,0,1,1,0,-0.9659258262890684,-0.2588190451025206,0.433883739117557,-0.9009688679024196,0.4999999999999998,-0.8660254037844388
18,3063,3157,365,2024,1,30,13,1,2024,1,30,13,19,0,0,0,1,0,1,1,0,-0.2588190451025208,-0.9659258262890684,-0.781831482468029,0.6234898018587346,0.5,0.8660254037844386
10,3054,3000,30,2020,10,8,23,52,2020,10,9,0,2,0,0,1,0,0,1,3,0,-0.2588190451025215,0.965925826289068,0.9749279121818238,-0.2225209339563136,-0.5000000000000014,0.8660254037844378
14,3058,3088,365,2023,3,21,16,54,2023,3,21,17,8,0,0,0,1,0,1,1,0,-0.8660254037844385,-0.5000000000000004,0.9749279121818236,-0.2225209339563138,0.8660254037844392,-0.4999999999999992
9,3235,3052,365,2023,5,11,8,11,2023,5,11,8,20,1,0,0,1,0,1,3,0,0.8660254037844387,-0.4999999999999998,0.7818314824680296,0.6234898018587337,-0.8660254037844385,-0.5000000000000004
19,3276,3169,30,2023,7,25,8,30,2023,7,25,8,49,0,0,1,0,0,1,1,0,0.8660254037844387,-0.4999999999999998,0.7818314824680296,0.6234898018587337,-0.8660254037844385,-0.5000000000000004
21,3029,3034,30,2022,10,28,9,17,2022,10,28,9,38,0,0,1,0,0,1,4,0,0.7071067811865476,-0.7071067811865475,0.9749279121818236,-0.2225209339563141,-1.0,-1.8369701987210294e-16
5,3201,3054,30,2022,3,22,16,44,2022,3,22,16,49,1,0,1,0,0,1,1,0,-0.8660254037844385,-0.5000000000000004,0.9749279121818236,-0.2225209339563138,0.8660254037844392,-0.4999999999999992
8,3186,3188,30,2020,5,16,15,4,2020,5,16,15,12,0,0,1,0,0,1,5,1,-0.7071067811865471,-0.7071067811865479,0.7818314824680284,0.6234898018587354,1.0,1.1943401194869637e-15
7,3244,3164,30,2023,8,23,17,15,2023,8,23,17,22,0,0,1,0,0,1,2,0,-0.9659258262890684,-0.2588190451025206,0.433883739117557,-0.9009688679024196,0.4999999999999998,-0.8660254037844388
63,3057,3212,1,2024,4,20,22,54,2024,4,20,23,57,1,1,0,0,0,1,5,1,-0.5000000000000004,0.8660254037844384,0.7818314824680271,0.6234898018587369,-0.8660254037844392,0.4999999999999991
9,3124,3073,30,2024,6,12,18,19,2024,6,12,18,28,0,0,1,0,0,1,2,0,-1.0,-1.8369701987210294e-16,-0.4338837391175575,-0.9009688679024194,3.673940397442059e-16,-1.0
13,3062,3159,30,2021,4,13,10,3,2021,4,13,10,16,0,0,1,0,0,1,1,0,0.4999999999999999,-0.8660254037844387,0.4338837391175584,-0.9009688679024188,-0.8660254037844386,0.5000000000000001
20,3152,3342,365,2026,1,30,16,38,2026,1,30,16,58,1,0,0,1,0,1,4,0,-0.8660254037844385,-0.5000000000000004,0.9749279121818236,-0.2225209339563138,0.8660254037844392,-0.4999999999999992
6,3182,3342,1,2026,3,5,2,13,2026,3,5,2,19,1,0,0,0,1,1,3,0,0.4999999999999999,0.8660254037844387,0.9749279121818236,-0.2225209339563143,0.8660254037844386,0.5000000000000001
13,3038,3359,30,2025,12,18,17,17,2025,12,18,17,30,1,0,1,0,0,1,3,0,-0.9659258262890684,-0.2588190451025206,0.433883739117557,-0.9009688679024196,0.4999999999999998,-0.8660254037844388
55,3253,3253,30,2024,5,6,12,8,2024,5,6,13,3,0,0,1,0,0,0,0,0,1.2246467991473532e-16,-1.0,-0.9749279121818236,-0.2225209339563148,-2.4492935982947064e-16,1.0
17,3346,3061,30,2025,3,2,18,39,2025,3,2,18,56,0,0,1,0,0,1,6,1,-1.0,-1.8369701987210294e-16,-0.4338837391175575,-0.9009688679024194,3.673940397442059e-16,-1.0
11,3102,3059,30,2024,1,14,17,29,2024,1,14,17,40,1,0,1,0,0,1,6,1,-0.9659258262890684,-0.2588190451025206,0.433883739117557,-0.9009688679024196,0.4999999999999998,-0.8660254037844388
8,3051,3165,30,2023,7,6,22,33,2023,7,6,22,41,1,0,1,0,0,1,3,0,-0.5000000000000004,0.8660254037844384,0.7818314824680271,0.6234898018587369,-0.8660254037844392,0.4999999999999991
17,3197,3362,365,2025,10,3,7,51,2025,10,3,8,8,1,0,0,1,0,1,4,0,0.9659258262890684,-0.2588190451025206,-2.4492935982947064e-16,1.0,-0.4999999999999997,-0.8660254037844388
4,3073,3409,30,2025,10,17,9,0,2025,10,17,9,4,1,0,1,0,0,1,4,0,0.7071067811865476,-0.7071067811865475,0.9749279121818236,-0.2225209339563141,-1.0,-1.8369701987210294e-16
2,3041,3088,30,2025,8,28,20,27,2025,8,28,20,29,1,0,1,0,0,1,3,0,-0.8660254037844386,0.5000000000000001,-0.7818314824680302,0.6234898018587329,-0.8660254037844387,-0.4999999999999998
7,3026,3005,30,2024,10,11,12,29,2024,10,11,12,36,0,0,1,0,0,1,4,0,1.2246467991473532e-16,-1.0,-0.9749279121818236,-0.2225209339563148,-2.4492935982947064e-16,1.0
11,3157,3053,30,2020,7,27,15,20,2020,7,27,15,31,1,0,1,0,0,1,0,0,-0.7071067811865471,-0.7071067811865479,0.7818314824680284,0.6234898018587354,1.0,1.1943401194869637e-15
18,3112,3010,365,2024,5,24,21,48,2024,5,24,22,6,1,0,0,1,0,1,4,0,-0.7071067811865477,0.7071067811865474,-7.34788079488412e-16,1.0,-1.0,-4.286263797015736e-16
23,3034,3047,1,2023,8,7,13,18,2023,8,7,13,41,0,1,0,0,0,1,0,0,-0.2588190451025208,-0.9659258262890684,-0.781831482468029,0.6234898018587346,0.5,0.8660254037844386
7,3029,3022,1,2020,8,21,13,41,2020,8,21,13,48,0,1,0,0,0,1,4,0,-0.2588190451025208,-0.9659258262890684,-0.781831482468029,0.6234898018587346,0.5,0.8660254037844386
8,3207,3032,365,2025,4,2,16,8,2025,4,2,16,16,0,0,0,1,0,1,2,0,-0.8660254037844385,-0.5000000000000004,0.9749279121818236,-0.2225209339563138,0.8660254037844392,-0.4999999999999992
39,3166,3212,30,2022,10,22,9,36,2022,10,22,10,15,1,0,1,0,0,1,5,1,0.7071067811865476,-0.7071067811865475,0.9749279121818236,-0.2225209339563141,-1.0,-1.8369701987210294e-16
4,3206,3182,30,2020,8,26,17,55,2020,8,26,17,59,0,0,1,0,0,1,2,0,-0.9659258262890684,-0.2588190451025206,0.433883739117557,-0.9009688679024196,0.4999999999999998,-0.8660254037844388
15,3208,3101,30,2022,9,12,16,42,2022,9,12,16,57,0,0,1,0,0,1,0,0,-0.8660254037844385,-0.5000000000000004,0.9749279121818236,-0.2225209339563138,0.8660254037844392,-0.4999999999999992
10,3256,3204,365,2025,11,17,18,3,2025,11,17,18,13,1,0,0,1,0,1,0,0,-1.0,-1.8369701987210294e-16,-0.4338837391175575,-0.9009688679024194,3.673940397442059e-16,-1.0
9,3346,3069,365,2026,3,21,9,39,2026,3,21,9,48,0,0,0,1,0,1,5,1,0.7071067811865476,-0.7071067811865475,0.9749279121818236,-0.2225209339563141,-1.0,-1.8369701987210294e-16
21,3060,3074,30,2020,8,22,17,30,2020,8,22,17,51,0,0,1,0,0,1,5,1,-0.9659258262890684,-0.2588190451025206,0.433883739117557,-0.9009688679024196,0.4999999999999998,-0.8660254037844388
10,3249,3057,30,2025,10,19,13,57,2025,10,19,14,7,1,0,1,0,0,1,6,1,-0.2588190451025208,-0.9659258262890684,-0.781831482468029,0.6234898018587346,0.5,0.8660254037844386
16,3040,3045,1,2022,11,1,17,3,2022,11,1,17,19,1,1,0,0,0,1,1,0,-0.9659258262890684,-0.2588190451025206,0.433883739117557,-0.9009688679024196,0.4999999999999998,-0.8660254037844388
6,3045,3004,1,2021,5,2,7,32,2021,5,2,7,38,1,1,0,0,0,1,6,1,0.9659258262890684,-0.2588190451025206,-2.4492935982947064e-16,1.0,-0.4999999999999997,-0.8660254037844388
4,3169,3447,365,2026,3,29,20,47,2026,3,29,20,51,1,0,0,1,0,1,6,1,-0.8660254037844386,0.5000000000000001,-0.7818314824680302,0.6234898018587329,-0.8660254037844387,-0.4999999999999998
5,3347,3371,30,2025,4,3,14,38,2025,4,3,14,43,0,0,1,0,0,1,3,0,-0.4999999999999997,-0.8660254037844388,-4.898587196589413e-16,1.0,0.8660254037844384,0.5000000000000004
11,3018,3322,365,2025,1,16,13,21,2025,1,16,13,32,1,0,0,1,0,1,3,0,-0.2588190451025208,-0.9659258262890684,-0.781831482468029,0.6234898018587346,0.5,0.8660254037844386
5,3010,3012,365,2025,8,19,8,46,2025,8,19,8,51,1,0,0,1,0,1,1,0,0.8660254037844387,-0.4999999999999998,0.7818314824680296,0.6234898018587337,-0.8660254037844385,-0.5000000000000004
11,3118,3152,30,2022,2,7,18,54,2022,2,7,19,5,1,0,1,0,0,1,0,0,-1.0,-1.8369701987210294e-16,-0.4338837391175575,-0.9009688679024194,3.673940397442059e-16,-1.0
7,3209,3338,30,2024,2,21,8,21,2024,2,21,8,28,1,0,1,0,0,1,2,0,0.8660254037844387,-0.4999999999999998,0.7818314824680296,0.6234898018587337,-0.8660254037844385,-0.5000000000000004
12,3125,3075,30,2025,12,30,21,55,2025,12,30,22,7,0,0,1,0,0,1,1,0,-0.7071067811865477,0.7071067811865474,-7.34788079488412e-16,1.0,-1.0,-4.286263797015736e-16
13,3154,3156,30,2022,3,15,17,38,2022,3,15,17,51,0,0,1,0,0,1,1,0,-0.9659258262890684,-0.2588190451025206,0.433883739117557,-0.9009688679024196,0.4999999999999998,-0.8660254037844388
5,3078,3022,30,2022,8,3,18,28,2022,8,3,18,33,0,0,1,0,0,1,2,0,-1.0,-1.8369701987210294e-16,-0.4338837391175575,-0.9009688679024194,3.673940397442059e-16,-1.0
7,3020,3248,30,2021,9,1,15,40,2021,9,1,15,47,0,0,1,0,0,1,2,0,-0.7071067811865471,-0.7071067811865479,0.7818314824680284,0.6234898018587354,1.0,1.1943401194869637e-15
12,3100,3158,30,2023,11,6,11,9,2023,11,6,11,21,0,0,1,0,0,1,0,0,0.258819045102521,-0.9659258262890682,-0.4338837391175562,-0.90096886790242,-0.5000000000000004,0.8660254037844384
3,3245,3254,30,2024,10,19,20,39,2024,10,19,20,42,1,0,1,0,0,1,5,1,-0.8660254037844386,0.5000000000000001,-0.7818314824680302,0.6234898018587329,-0.8660254037844387,-0.4999999999999998
4,3352,3353,365,2025,10,13,11,24,2025,10,13,11,28,0,0,0,1,0,1,0,0,0.258819045102521,-0.9659258262890682,-0.4338837391175562,-0.90096886790242,-0.5000000000000004,0.8660254037844384
2,3009,3249,365,2024,10,25,21,21,2024,10,25,21,23,0,0,0,1,0,1,4,0,-0.7071067811865477,0.7071067811865474,-7.34788079488412e-16,1.0,-1.0,-4.286263797015736e-16
7,3362,3068,30,2024,5,2,12,29,2024,5,2,12,36,1,0,1,0,0,1,3,0,1.2246467991473532e-16,-1.0,-0.9749279121818236,-0.2225209339563148,-2.4492935982947064e-16,1.0
14,3055,3362,30,2025,7,8,15,41,2025,7,8,15,55,1,0,1,0,0,1,1,0,-0.7071067811865471,-0.7071067811865479,0.7818314824680284,0.6234898018587354,1.0,1.1943401194869637e-15
10,3204,3018,365,2025,6,14,17,7,2025,6,14,17,17,1,0,0,1,0,1,5,1,-0.9659258262890684,-0.2588190451025206,0.433883739117557,-0.9009688679024196,0.4999999999999998,-0.8660254037844388
27,3213,3024,30,2026,2,17,18,31,2026,2,17,18,58,0,0,1,0,0,1,1,0,-1.0,-1.8369701987210294e-16,-0.4338837391175575,-0.9009688679024194,3.673940397442059e-16,-1.0
14,3086,3154,30,2024,2,25,13,44,2024,2,25,13,58,1,0,1,0,0,1,6,1,-0.2588190451025208,-0.9659258262890684,-0.781831482468029,0.6234898018587346,0.5,0.8660254037844386
5,3063,3032,365,2024,1,29,15,28,2024,1,29,15,33,0,0,0,1,0,1,0,0,-0.7071067811865471,-0.7071067811865479,0.7818314824680284,0.6234898018587354,1.0,1.1943401194869637e-15
9,3054,3359,30,2024,4,28,22,22,2024,4,28,22,31,1,0,1,0,0,1,6,1,-0.5000000000000004,0.8660254037844384,0.7818314824680271,0.6234898018587369,-0.8660254037844392,0.4999999999999991
32,3018,3163,1,2022,7,30,13,38,2022,7,30,14,10,0,1,0,0,0,1,5,1,-0.2588190451025208,-0.9659258262890684,-0.781831482468029,0.6234898018587346,0.5,0.8660254037844386
10,3387,3075,365,2025,2,2,12,1,2025,2,2,12,11,0,0,0,1,0,1,6,1,1.2246467991473532e-16,-1.0,-0.9749279121818236,-0.2225209339563148,-2.4492935982947064e-16,1.0
8,3154,3055,365,2022,2,6,17,44,2022,2,6,17,52,1,0,0,1,0,1,6,1,-0.9659258262890684,-0.2588190451025206,0.433883739117557,-0.9009688679024196,0.4999999999999998,-0.8660254037844388
5,3338,3258,365,2025,8,4,17,20,2025,8,4,17,25,1,0,0,1,0,1,0,0,-0.9659258262890684,-0.2588190451025206,0.433883739117557,-0.9009688679024196,0.4999999999999998,-0.8660254037844388
11,3057,3163,30,2021,6,7,17,44,2021,6,7,17,55,0,0,1,0,0,1,0,0,-0.9659258262890684,-0.2588190451025206,0.433883739117557,-0.9009688679024196,0.4999999999999998,-0.8660254037844388
43,3024,3077,1,2022,5,29,19,39,2022,5,29,20,22,0,1,0,0,0,1,6,1,-0.9659258262890684,0.2588190451025203,-0.9749279121818236,-0.222520933956315,-0.4999999999999991,-0.8660254037844392
8,3052,3068,365,2023,5,17,17,14,2023,5,17,17,22,1,0,0,1,0,1,2,0,-0.9659258262890684,-0.2588190451025206,0.433883739117557,-0.9009688679024196,0.4999999999999998,-0.8660254037844388
19,3197,3022,365,2024,10,10,19,15,2024,10,10,19,34,0,0,0,1,0,1,3,0,-0.9659258262890684,0.2588190451025203,-0.9749279121818236,-0.222520933956315,-0.4999999999999991,-0.8660254037844392
4,3185,3154,30,2021,5,19,14,7,2021,5,19,14,11,0,0,1,0,0,1,2,0,-0.4999999999999997,-0.8660254037844388,-4.898587196589413e-16,1.0,0.8660254037844384,0.5000000000000004
16,3012,3025,30,2024,8,24,12,59,2024,8,24,13,15,0,0,1,0,0,1,5,1,1.2246467991473532e-16,-1.0,-0.9749279121818236,-0.2225209339563148,-2.4492935982947064e-16,1.0
16,3064,3349,30,2026,3,25,17,9,2026,3,25,17,25,0,0,1,0,0,1,2,0,-0.9659258262890684,-0.2588190451025206,0.433883739117557,-0.9009688679024196,0.4999999999999998,-0.8660254037844388
10,3035,3040,30,2026,3,31,16,2,2026,3,31,16,12,1,0,1,0,0,1,1,0,-0.8660254037844385,-0.5000000000000004,0.9749279121818236,-0.2225209339563138,0.8660254037844392,-0.4999999999999992
9,3007,3162,30,2021,12,2,21,33,2021,12,2,21,42,1,0,1,0,0,1,3,0,-0.7071067811865477,0.7071067811865474,-7.34788079488412e-16,1.0,-1.0,-4.286263797015736e-16
3,3359,3066,30,2025,9,5,17,32,2025,9,5,17,35,1,0,1,0,0,1,4,0,-0.9659258262890684,-0.2588190451025206,0.433883739117557,-0.9009688679024196,0.4999999999999998,-0.8660254037844388
3,3235,3116,30,2025,11,5,18,52,2025,11,5,18,55,1,0,1,0,0,1,2,0,-1.0,-1.8369701987210294e-16,-0.4338837391175575,-0.9009688679024194,3.673940397442059e-16,-1.0
32,3246,3086,30,2023,7,31,22,39,2023,7,31,23,11,0,0,1,0,0,1,0,0,-0.5000000000000004,0.8660254037844384,0.7818314824680271,0.6234898018587369,-0.8660254037844392,0.4999999999999991
42,3006,3362,30,2025,8,13,20,30,2025,8,13,21,12,0,0,1,0,0,1,2,0,-0.8660254037844386,0.5000000000000001,-0.7818314824680302,0.6234898018587329,-0.8660254037844387,-0.4999999999999998
11,3163,3040,365,2023,11,29,22,11,2023,11,29,22,22,1,0,0,1,0,1,2,0,-0.5000000000000004,0.8660254037844384,0.7818314824680271,0.6234898018587369,-0.8660254037844392,0.4999999999999991
12,3064,3208,365,2023,12,6,8,39,2023,12,6,8,51,1,0,0,1,0,1,2,0,0.8660254037844387,-0.4999999999999998,0.7818314824680296,0.6234898018587337,-0.8660254037844385,-0.5000000000000004
6,3040,3021,30,2022,11,5,19,16,2022,11,5,19,22,0,0,1,0,0,1,5,1,-0.9659258262890684,0.2588190451025203,-0.9749279121818236,-0.222520933956315,-0.4999999999999991,-0.8660254037844392
16,3205,3102,365,2025,9,19,19,49,2025,9,19,20,5,1,0,0,1,0,1,4,0,-0.9659258262890684,0.2588190451025203,-0.9749279121818236,-0.222520933956315,-0.4999999999999991,-0.8660254037844392
8,3069,3046,30,2024,1,26,8,8,2024,1,26,8,16,0,0,1,0,0,1,4,0,0.8660254037844387,-0.4999999999999998,0.7818314824680296,0.6234898018587337,-0.8660254037844385,-0.5000000000000004
10,3009,3060,365,2024,10,19,20,54,2024,10,19,21,4,1,0,0,1,0,1,5,1,-0.8660254037844386,0.5000000000000001,-0.7818314824680302,0.6234898018587329,-0.8660254037844387,-0.4999999999999998
34,3057,3046,30,2023,6,2,22,21,2023,6,2,22,55,0,0,1,0,0,1,4,0,-0.5000000000000004,0.8660254037844384,0.7818314824680271,0.6234898018587369,-0.8660254037844392,0.4999999999999991
15,3069,3202,30,2022,5,13,9,51,2022,5,13,10,6,0,0,1,0,0,1,4,0,0.7071067811865476,-0.7071067811865475,0.9749279121818236,-0.2225209339563141,-1.0,-1.8369701987210294e-16
6,3208,3032,30,2023,10,19,15,8,2023,10,19,15,14,1,0,1,0,0,1,3,0,-0.7071067811865471,-0.7071067811865479,0.7818314824680284,0.6234898018587354,1.0,1.1943401194869637e-15
8,3065,3097,365,2023,1,6,16,20,2023,1,6,16,28,1,0,0,1,0,1,4,0,-0.8660254037844385,-0.5000000000000004,0.9749279121818236,-0.2225209339563138,0.8660254037844392,-0.4999999999999992
9,3205,3373,30,2025,8,5,16,19,2025,8,5,16,28,0,0,1,0,0,1,1,0,-0.8660254037844385,-0.5000000000000004,0.9749279121818236,-0.2225209339563138,0.8660254037844392,-0.4999999999999992
7,3032,3208,30,2023,8,21,23,14,2023,8,21,23,21,1,0,1,0,0,1,0,0,-0.2588190451025215,0.965925826289068,0.9749279121818238,-0.2225209339563136,-0.5000000000000014,0.8660254037844378
7,3101,3034,30,2020,9,2,20,4,2020,9,2,20,11,0,0,1,0,0,1,2,0,-0.8660254037844386,0.5000000000000001,-0.7818314824680302,0.6234898018587329,-0.8660254037844387,-0.4999999999999998
9,3069,3346,30,2023,9,21,10,52,2023,9,21,11,1,1,0,1,0,0,1,3,0,0.4999999999999999,-0.8660254037844387,0.4338837391175584,-0.9009688679024188,-0.8660254037844386,0.5000000000000001
30,3054,3116,1,2020,1,12,16,11,2020,1,12,16,41,0,1,0,0,0,1,6,1,-0.8660254037844385,-0.5000000000000004,0.9749279121818236,-0.2225209339563138,0.8660254037844392,-0.4999999999999992
11,3055,3098,30,2024,6,3,17,32,2024,6,3,17,43,0,0,1,0,0,1,0,0,-0.9659258262890684,-0.2588190451025206,0.433883739117557,-0.9009688679024196,0.4999999999999998,-0.8660254037844388
10,3055,3078,30,2024,10,15,8,19,2024,10,15,8,29,0,0,1,0,0,1,1,0,0.8660254037844387,-0.4999999999999998,0.7818314824680296,0.6234898018587337,-0.8660254037844385,-0.5000000000000004
19,3046,3341,30,2024,8,15,16,59,2024,8,15,17,18,1,0,1,0,0,1,3,0,-0.8660254037844385,-0.5000000000000004,0.9749279121818236,-0.2225209339563138,0.8660254037844392,-0.4999999999999992
29,3031,3096,30,2020,9,6,18,57,2020,9,6,19,26,0,0,1,0,0,1,6,1,-1.0,-1.8369701987210294e-16,-0.4338837391175575,-0.9009688679024194,3.673940397442059e-16,-1.0
5,3207,3265,30,2025,6,30,21,51,2025,6,30,21,56,1,0,1,0,0,1,0,0,-0.7071067811865477,0.7071067811865474,-7.34788079488412e-16,1.0,-1.0,-4.286263797015736e-16
32,3209,3031,30,2021,4,26,10,51,2021,4,26,11,23,0,0,1,0,0,1,0,0,0.4999999999999999,-0.8660254037844387,0.4338837391175584,-0.9009688679024188,-0.8660254037844386,0.5000000000000001
17,3073,3062,30,2025,6,28,16,33,2025,6,28,16,50,1,0,1,0,0,1,5,1,-0.8660254037844385,-0.5000000000000004,0.9749279121818236,-0.2225209339563138,0.8660254037844392,-0.4999999999999992
14,3169,3168,365,2025,11,24,10,15,2025,11,24,10,29,1,0,0,1,0,1,0,0,0.4999999999999999,-0.8660254037844387,0.4338837391175584,-0.9009688679024188,-0.8660254037844386,0.5000000000000001
6,3205,3362,365,2026,1,7,17,3,2026,1,7,17,9,1,0,0,1,0,1,2,0,-0.9659258262890684,-0.2588190451025206,0.433883739117557,-0.9009688679024196,0.4999999999999998,-0.8660254037844388
17,3075,3020,30,2022,10,8,9,58,2022,10,8,10,15,0,0,1,0,0,1,5,1,0.7071067811865476,-0.7071067811865475,0.9749279121818236,-0.2225209339563141,-1.0,-1.8369701987210294e-16
6,3161,3162,365,2023,11,16,8,32,2023,11,16,8,38,0,0,0,1,0,1,3,0,0.8660254037844387,-0.4999999999999998,0.7818314824680296,0.6234898018587337,-0.8660254037844385,-0.5000000000000004
12,3160,3190,365,2022,5,9,17,2,2022,5,9,17,14,1,0,0,1,0,1,0,0,-0.9659258262890684,-0.2588190451025206,0.433883739117557,-0.9009688679024196,0.4999999999999998,-0.8660254037844388
13,3237,3244,30,2023,11,6,17,0,2023,11,6,17,13,1,0,1,0,0,1,0,0,-0.9659258262890684,-0.2588190451025206,0.433883739117557,-0.9009688679024196,0.4999999999999998,-0.8660254037844388
7,3055,3101,30,2020,6,8,16,9,2020,6,8,16,16,0,0,1,0,0,1,0,0,-0.8660254037844385,-0.5000000000000004,0.9749279121818236,-0.2225209339563138,0.8660254037844392,-0.4999999999999992
27,3195,3202,30,2020,2,6,11,12,2020,2,6,11,39,0,0,1,0,0,1,3,0,0.258819045102521,-0.9659258262890682,-0.4338837391175562,-0.90096886790242,-0.5000000000000004,0.8660254037844384
4,3010,3007,1,2021,5,1,22,19,2021,5,1,22,23,0,1,0,0,0,1,5,1,-0.5000000000000004,0.8660254037844384,0.7818314824680271,0.6234898018587369,-0.8660254037844392,0.4999999999999991
10,3010,3030,30,2023,12,8,12,53,2023,12,8,13,3,0,0,1,0,0,1,4,0,1.2246467991473532e-16,-1.0,-0.9749279121818236,-0.2225209339563148,-2.4492935982947064e-16,1.0
71,3006,3024,30,2024,8,21,17,21,2024,8,21,18,32,1,0,1,0,0,1,2,0,-0.9659258262890684,-0.2588190451025206,0.433883739117557,-0.9009688679024196,0.4999999999999998,-0.8660254037844388
11,3190,3029,365,2023,1,31,8,8,2023,1,31,8,19,0,0,0,1,0,1,1,0,0.8660254037844387,-0.4999999999999998,0.7818314824680296,0.6234898018587337,-0.8660254037844385,-0.5000000000000004
53,3108,3108,1,2022,5,28,17,3,2022,5,28,17,56,0,1,0,0,0,0,5,1,-0.9659258262890684,-0.2588190451025206,0.433883739117557,-0.9009688679024196,0.4999999999999998,-0.8660254037844388
55,3071,3071,30,2022,6,7,15,54,2022,6,7,16,49,0,0,1,0,0,0,1,0,-0.7071067811865471,-0.7071067811865479,0.7818314824680284,0.6234898018587354,1.0,1.1943401194869637e-15
15,3255,3208,365,2022,10,24,23,12,2022,10,24,23,27,0,0,0,1,0,1,0,0,-0.2588190451025215,0.965925826289068,0.9749279121818238,-0.2225209339563136,-0.5000000000000014,0.8660254037844378
5,3052,3101,30,2022,9,20,16,56,2022,9,20,17,1,0,0,1,0,0,1,1,0,-0.8660254037844385,-0.5000000000000004,0.9749279121818236,-0.2225209339563138,0.8660254037844392,-0.4999999999999992
6,3252,3038,30,2025,1,14,6,47,2025,1,14,6,52,1,0,1,0,0,1,1,0,1.0,6.123233995736766e-17,-0.7818314824680299,0.6234898018587334,1.2246467991473532e-16,-1.0
6,3259,3009,30,2025,10,4,18,50,2025,10,4,18,56,1,0,1,0,0,1,5,1,-1.0,-1.8369701987210294e-16,-0.4338837391175575,-0.9009688679024194,3.673940397442059e-16,-1.0
7,3309,3303,365,2024,3,6,13,47,2024,3,6,13,54,1,0,0,1,0,1,2,0,-0.2588190451025208,-0.9659258262890684,-0.781831482468029,0.6234898018587346,0.5,0.8660254037844386
24,3345,3286,30,2025,5,22,19,47,2025,5,22,20,11,0,0,1,0,0,1,3,0,-0.9659258262890684,0.2588190451025203,-0.9749279121818236,-0.222520933956315,-0.4999999999999991,-0.8660254037844392
9,3296,3075,30,2023,1,24,15,42,2023,1,24,15,51,1,0,1,0,0,1,1,0,-0.7071067811865471,-0.7071067811865479,0.7818314824680284,0.6234898018587354,1.0,1.1943401194869637e-15
11,3125,3061,30,2021,9,27,19,49,2021,9,27,20,0,0,0,1,0,0,1,0,0,-0.9659258262890684,0.2588190451025203,-0.9749279121818236,-0.222520933956315,-0.4999999999999991,-0.8660254037844392
8,3021,3167,30,2022,8,11,10,53,2022,8,11,11,1,0,0,1,0,0,1,3,0,0.4999999999999999,-0.8660254037844387,0.4338837391175584,-0.9009688679024188,-0.8660254037844386,0.5000000000000001
32,3208,3212,30,2020,11,10,16,15,2020,11,10,16,47,0,0,1,0,0,1,1,0,-0.8660254037844385,-0.5000000000000004,0.9749279121818236,-0.2225209339563138,0.8660254037844392,-0.4999999999999992
6,3037,3167,30,2022,6,15,11,25,2022,6,15,11,31,0,0,1,0,0,1,2,0,0.258819045102521,-0.9659258262890682,-0.4338837391175562,-0.90096886790242,-0.5000000000000004,0.8660254037844384
9,3012,3038,30,2024,8,9,5,48,2024,8,9,5,57,1,0,1,0,0,1,4,0,0.9659258262890684,0.2588190451025207,-0.9749279121818236,-0.2225209339563146,0.4999999999999999,-0.8660254037844387
14,3162,3160,30,2026,2,27,8,31,2026,2,27,8,45,1,0,1,0,0,1,4,0,0.8660254037844387,-0.4999999999999998,0.7818314824680296,0.6234898018587337,-0.8660254037844385,-0.5000000000000004
6,3343,3010,30,2024,9,19,16,19,2024,9,19,16,25,0,0,1,0,0,1,3,0,-0.8660254037844385,-0.5000000000000004,0.9749279121818236,-0.2225209339563138,0.8660254037844392,-0.4999999999999992
56,3049,3057,1,2020,5,7,23,59,2020,5,8,0,55,1,1,0,0,0,1,3,0,-0.2588190451025215,0.965925826289068,0.9749279121818238,-0.2225209339563136,-0.5000000000000014,0.8660254037844378
12,3072,3124,365,2021,9,6,14,15,2021,9,6,14,27,0,0,0,1,0,1,0,0,-0.4999999999999997,-0.8660254037844388,-4.898587196589413e-16,1.0,0.8660254037844384,0.5000000000000004
4,3246,3241,30,2021,11,9,13,36,2021,11,9,13,40,0,0,1,0,0,1,1,0,-0.2588190451025208,-0.9659258262890684,-0.781831482468029,0.6234898018587346,0.5,0.8660254037844386
14,3165,3263,30,2023,9,10,6,55,2023,9,10,7,9,0,0,1,0,0,1,6,1,1.0,6.123233995736766e-17,-0.7818314824680299,0.6234898018587334,1.2246467991473532e-16,-1.0
13,3052,3072,30,2022,7,20,20,0,2022,7,20,20,13,0,0,1,0,0,1,2,0,-0.8660254037844386,0.5000000000000001,-0.7818314824680302,0.6234898018587329,-0.8660254037844387,-0.4999999999999998
7,3204,3255,30,2024,9,15,14,56,2024,9,15,15,3,1,0,1,0,0,1,6,1,-0.4999999999999997,-0.8660254037844388,-4.898587196589413e-16,1.0,0.8660254037844384,0.5000000000000004
10,3301,3161,30,2025,10,4,10,22,2025,10,4,10,32,0,0,1,0,0,1,5,1,0.4999999999999999,-0.8660254037844387,0.4338837391175584,-0.9009688679024188,-0.8660254037844386,0.5000000000000001
4,3020,3162,30,2023,10,26,17,38,2023,10,26,17,42,1,0,1,0,0,1,3,0,-0.9659258262890684,-0.2588190451025206,0.433883739117557,-0.9009688679024196,0.4999999999999998,-0.8660254037844388
7,3209,3159,30,2020,5,18,16,26,2020,5,18,16,33,0,0,1,0,0,1,0,0,-0.8660254037844385,-0.5000000000000004,0.9749279121818236,-0.2225209339563138,0.8660254037844392,-0.4999999999999992
6,3261,3046,365,2023,4,8,17,10,2023,4,8,17,16,0,0,0,1,0,1,5,1,-0.9659258262890684,-0.2588190451025206,0.433883739117557,-0.9009688679024196,0.4999999999999998,-0.8660254037844388
8,3153,3097,365,2020,11,6,13,46,2020,11,6,13,54,0,0,0,1,0,1,4,0,-0.2588190451025208,-0.9659258262890684,-0.781831482468029,0.6234898018587346,0.5,0.8660254037844386
22,3365,3342,365,2025,4,7,7,2,2025,4,7,7,24,1,0,0,1,0,1,0,0,0.9659258262890684,-0.2588190451025206,-2.4492935982947064e-16,1.0,-0.4999999999999997,-0.8660254037844388
8,3256,3060,30,2022,9,7,18,49,2022,9,7,18,56,1,0,1,0,0,1,2,0,-1.0,-1.8369701987210294e-16,-0.4338837391175575,-0.9009688679024194,3.673940397442059e-16,-1.0
22,3303,3047,30,2023,5,31,8,22,2023,5,31,8,44,0,0,1,0,0,1,2,0,0.8660254037844387,-0.4999999999999998,0.7818314824680296,0.6234898018587337,-0.8660254037844385,-0.5000000000000004
6,3165,3294,365,2025,6,29,11,15,2025,6,29,11,21,1,0,0,1,0,1,6,1,0.258819045102521,-0.9659258262890682,-0.4338837391175562,-0.90096886790242,-0.5000000000000004,0.8660254037844384
10,3343,3038,365,2024,9,16,8,13,2024,9,16,8,23,1,0,0,1,0,1,0,0,0.8660254037844387,-0.4999999999999998,0.7818314824680296,0.6234898018587337,-0.8660254037844385,-0.5000000000000004
3,3028,3155,365,2022,7,29,10,58,2022,7,29,11,1,0,0,0,1,0,1,4,0,0.4999999999999999,-0.8660254037844387,0.4338837391175584,-0.9009688679024188,-0.8660254037844386,0.5000000000000001
10,3182,3028,30,2026,3,25,20,23,2026,3,25,20,33,1,0,1,0,0,1,2,0,-0.8660254037844386,0.5000000000000001,-0.7818314824680302,0.6234898018587329,-0.8660254037844387,-0.4999999999999998
13,3165,3202,30,2020,6,1,16,19,2020,6,1,16,32,0,0,1,0,0,1,0,0,-0.8660254037844385,-0.5000000000000004,0.9749279121818236,-0.2225209339563138,0.8660254037844392,-0.4999999999999992
9,3038,3156,30,2020,7,6,12,41,2020,7,6,12,50,0,0,1,0,0,1,0,0,1.2246467991473532e-16,-1.0,-0.9749279121818236,-0.2225209339563148,-2.4492935982947064e-16,1.0
2,3102,3340,365,2024,10,20,17,22,2024,10,20,17,24,0,0,0,1,0,1,6,1,-0.9659258262890684,-0.2588190451025206,0.433883739117557,-0.9009688679024196,0.4999999999999998,-0.8660254037844388
19,3029,3255,30,2022,9,3,15,49,2022,9,3,16,8,1,0,1,0,0,1,5,1,-0.7071067811865471,-0.7071067811865479,0.7818314824680284,0.6234898018587354,1.0,1.1943401194869637e-15
6,3033,3047,30,2020,8,29,18,28,2020,8,29,18,34,0,0,1,0,0,1,5,1,-1.0,-1.8369701987210294e-16,-0.4338837391175575,-0.9009688679024194,3.673940397442059e-16,-1.0
37,3210,3267,365,2024,5,29,11,27,2024,5,29,12,4,0,0,0,1,0,1,2,0,0.258819045102521,-0.9659258262890682,-0.4338837391175562,-0.90096886790242,-0.5000000000000004,0.8660254037844384
5,3045,3101,30,2022,8,19,19,39,2022,8,19,19,45,1,0,1,0,0,1,4,0,-0.9659258262890684,0.2588190451025203,-0.9749279121818236,-0.222520933956315,-0.4999999999999991,-0.8660254037844392
11,3099,3168,365,2024,7,12,17,53,2024,7,12,18,4,0,0,0,1,0,1,4,0,-0.9659258262890684,-0.2588190451025206,0.433883739117557,-0.9009688679024196,0.4999999999999998,-0.8660254037844388
7,3168,3018,30,2022,8,9,15,23,2022,8,9,15,30,0,0,1,0,0,1,1,0,-0.7071067811865471,-0.7071067811865479,0.7818314824680284,0.6234898018587354,1.0,1.1943401194869637e-15
13,3058,3020,365,2025,10,28,13,49,2025,10,28,14,2,1,0,0,1,0,1,1,0,-0.2588190451025208,-0.9659258262890684,-0.781831482468029,0.6234898018587346,0.5,0.8660254037844386
17,3058,3318,30,2024,8,11,18,12,2024,8,11,18,29,1,0,1,0,0,1,6,1,-1.0,-1.8369701987210294e-16,-0.4338837391175575,-0.9009688679024194,3.673940397442059e-16,-1.0
13,3039,3010,365,2025,6,27,7,36,2025,6,27,7,49,1,0,0,1,0,1,4,0,0.9659258262890684,-0.2588190451025206,-2.4492935982947064e-16,1.0,-0.4999999999999997,-0.8660254037844388
10,3212,3113,365,2025,8,17,10,48,2025,8,17,10,58,1,0,0,1,0,1,6,1,0.4999999999999999,-0.8660254037844387,0.4338837391175584,-0.9009688679024188,-0.8660254037844386,0.5000000000000001
5,3355,3157,30,2024,5,3,23,51,2024,5,3,23,56,1,0,1,0,0,1,4,0,-0.2588190451025215,0.965925826289068,0.9749279121818238,-0.2225209339563136,-0.5000000000000014,0.8660254037844378
15,3114,3185,30,2020,2,10,14,10,2020,2,10,14,25,0,0,1,0,0,1,0,0,-0.4999999999999997,-0.8660254037844388,-4.898587196589413e-16,1.0,0.8660254037844384,0.5000000000000004
22,3066,3088,30,2024,5,9,19,1,2024,5,9,19,23,0,0,1,0,0,1,3,0,-0.9659258262890684,0.2588190451025203,-0.9749279121818236,-0.222520933956315,-0.4999999999999991,-0.8660254037844392
6,3295,3304,365,2025,12,10,22,21,2025,12,10,22,27,1,0,0,1,0,1,2,0,-0.5000000000000004,0.8660254037844384,0.7818314824680271,0.6234898018587369,-0.8660254037844392,0.4999999999999991
11,3009,3120,365,2024,8,31,16,47,2024,8,31,16,58,1,0,0,1,0,1,5,1,-0.8660254037844385,-0.5000000000000004,0.9749279121818236,-0.2225209339563138,0.8660254037844392,-0.4999999999999992
10,3032,3336,365,2024,5,19,10,14,2024,5,19,10,24,1,0,0,1,0,1,6,1,0.4999999999999999,-0.8660254037844387,0.4338837391175584,-0.9009688679024188,-0.8660254037844386,0.5000000000000001
8,3064,3294,30,2023,10,30,8,2,2023,10,30,8,10,0,0,1,0,0,1,0,0,0.8660254037844387,-0.4999999999999998,0.7818314824680296,0.6234898018587337,-0.8660254037844385,-0.5000000000000004
9,3010,3168,30,2023,10,2,8,47,2023,10,2,8,56,0,0,1,0,0,1,0,0,0.8660254037844387,-0.4999999999999998,0.7818314824680296,0.6234898018587337,-0.8660254037844385,-0.5000000000000004
8,3125,3101,1,2025,3,8,12,9,2025,3,8,12,17,0,1,0,0,0,1,5,1,1.2246467991473532e-16,-1.0,-0.9749279121818236,-0.2225209339563148,-2.4492935982947064e-16,1.0
54,3086,3007,30,2021,4,27,17,30,2021,4,27,18,24,1,0,1,0,0,1,1,0,-0.9659258262890684,-0.2588190451025206,0.433883739117557,-0.9009688679024196,0.4999999999999998,-0.8660254037844388
4,3071,3022,30,2023,10,31,12,29,2023,10,31,12,33,1,0,1,0,0,1,1,0,1.2246467991473532e-16,-1.0,-0.9749279121818236,-0.2225209339563148,-2.4492935982947064e-16,1.0
12,3066,3014,365,2021,9,4,15,13,2021,9,4,15,25,0,0,0,1,0,1,5,1,-0.7071067811865471,-0.7071067811865479,0.7818314824680284,0.6234898018587354,1.0,1.1943401194869637e-15
26,3041,3010,30,2021,9,6,23,30,2021,9,6,23,56,1,0,1,0,0,1,0,0,-0.2588190451025215,0.965925826289068,0.9749279121818238,-0.2225209339563136,-0.5000000000000014,0.8660254037844378
3,3046,3046,1,2020,5,21,20,31,2020,5,21,20,34,0,1,0,0,0,0,3,0,-0.8660254037844386,0.5000000000000001,-0.7818314824680302,0.6234898018587329,-0.8660254037844387,-0.4999999999999998
7,3032,3053,365,2023,8,13,18,56,2023,8,13,19,3,0,0,0,1,0,1,6,1,-1.0,-1.8369701987210294e-16,-0.4338837391175575,-0.9009688679024194,3.673940397442059e-16,-1.0
5,3039,3065,30,2024,6,4,19,21,2024,6,4,19,26,1,0,1,0,0,1,1,0,-0.9659258262890684,0.2588190451025203,-0.9749279121818236,-0.222520933956315,-0.4999999999999991,-0.8660254037844392
6,3255,3364,1,2023,12,3,19,23,2023,12,3,19,29,1,1,0,0,0,1,6,1,-0.9659258262890684,0.2588190451025203,-0.9749279121818236,-0.222520933956315,-0.4999999999999991,-0.8660254037844392
17,3020,3340,30,2023,8,25,17,5,2023,8,25,17,22,0,0,1,0,0,1,4,0,-0.9659258262890684,-0.2588190451025206,0.433883739117557,-0.9009688679024196,0.4999999999999998,-0.8660254037844388
11,3209,3006,30,2021,4,25,16,37,2021,4,25,16,48,0,0,1,0,0,1,6,1,-0.8660254037844385,-0.5000000000000004,0.9749279121818236,-0.2225209339563138,0.8660254037844392,-0.4999999999999992
2,3295,3052,30,2023,5,27,18,42,2023,5,27,18,44,0,0,1,0,0,1,5,1,-1.0,-1.8369701987210294e-16,-0.4338837391175575,-0.9009688679024194,3.673940397442059e-16,-1.0
11,3022,3154,30,2020,11,12,18,6,2020,11,12,18,17,1,0,1,0,0,1,3,0,-1.0,-1.8369701987210294e-16,-0.4338837391175575,-0.9009688679024194,3.673940397442059e-16,-1.0
12,3238,3012,30,2023,7,23,2,22,2023,7,23,2,34,1,0,1,0,0,1,6,1,0.4999999999999999,0.8660254037844387,0.9749279121818236,-0.2225209339563143,0.8660254037844386,0.5000000000000001
4,3052,3185,30,2020,7,26,10,49,2020,7,26,10,53,0,0,1,0,0,1,6,1,0.4999999999999999,-0.8660254037844387,0.4338837391175584,-0.9009688679024188,-0.8660254037844386,0.5000000000000001
11,3161,3032,365,2023,4,25,19,57,2023,4,25,20,8,1,0,0,1,0,1,1,0,-0.9659258262890684,0.2588190451025203,-0.9749279121818236,-0.222520933956315,-0.4999999999999991,-0.8660254037844392
9,3047,3101,30,2021,7,5,0,15,2021,7,5,0,24,0,0,1,0,0,1,0,0,0.0,1.0,0.0,1.0,0.0,1.0
12,3256,3235,365,2025,2,25,8,17,2025,2,25,8,29,1,0,0,1,0,1,1,0,0.8660254037844387,-0.4999999999999998,0.7818314824680296,0.6234898018587337,-0.8660254037844385,-0.5000000000000004
13,3276,3297,30,2025,4,22,9,23,2025,4,22,9,36,1,0,1,0,0,1,1,0,0.7071067811865476,-0.7071067811865475,0.9749279121818236,-0.2225209339563141,-1.0,-1.8369701987210294e-16
12,3102,3078,365,2023,10,27,18,37,2023,10,27,18,49,0,0,0,1,0,1,4,0,-1.0,-1.8369701987210294e-16,-0.4338837391175575,-0.9009688679024194,3.673940397442059e-16,-1.0
11,3069,3363,30,2025,9,21,16,14,2025,9,21,16,25,0,0,1,0,0,1,6,1,-0.8660254037844385,-0.5000000000000004,0.9749279121818236,-0.2225209339563138,0.8660254037844392,-0.4999999999999992
5,3007,3037,30,2024,4,16,10,5,2024,4,16,10,10,1,0,1,0,0,1,1,0,0.4999999999999999,-0.8660254037844387,0.4338837391175584,-0.9009688679024188,-0.8660254037844386,0.5000000000000001
5,3252,3038,30,2024,6,3,6,36,2024,6,3,6,42,1,0,1,0,0,1,0,0,1.0,6.123233995736766e-17,-0.7818314824680299,0.6234898018587334,1.2246467991473532e-16,-1.0
12,3040,3041,30,2021,3,2,9,58,2021,3,2,10,10,1,0,1,0,0,1,1,0,0.7071067811865476,-0.7071067811865475,0.9749279121818236,-0.2225209339563141,-1.0,-1.8369701987210294e-16
14,3055,3202,30,2021,10,26,19,43,2021,10,26,19,57,0,0,1,0,0,1,1,0,-0.9659258262890684,0.2588190451025203,-0.9749279121818236,-0.222520933956315,-0.4999999999999991,-0.8660254037844392
15,3031,3340,365,2023,10,24,17,54,2023,10,24,18,9,0,0,0,1,0,1,1,0,-0.9659258262890684,-0.2588190451025206,0.433883739117557,-0.9009688679024196,0.4999999999999998,-0.8660254037844388
15,3155,3182,30,2022,2,24,10,32,2022,2,24,10,47,0,0,1,0,0,1,3,0,0.4999999999999999,-0.8660254037844387,0.4338837391175584,-0.9009688679024188,-0.8660254037844386,0.5000000000000001
7,3267,3158,30,2022,12,20,23,5,2022,12,20,23,12,1,0,1,0,0,1,1,0,-0.2588190451025215,0.965925826289068,0.9749279121818238,-0.2225209339563136,-0.5000000000000014,0.8660254037844378
45,3056,3100,1,2025,5,10,2,29,2025,5,10,3,14,1,0,0,0,1,1,5,1,0.4999999999999999,0.8660254037844387,0.9749279121818236,-0.2225209339563143,0.8660254037844386,0.5000000000000001
14,3086,3301,30,2024,9,3,17,28,2024,9,3,17,42,1,0,1,0,0,1,1,0,-0.9659258262890684,-0.2588190451025206,0.433883739117557,-0.9009688679024196,0.4999999999999998,-0.8660254037844388
6,3182,3101,30,2022,4,13,17,33,2022,4,13,17,39,1,0,1,0,0,1,2,0,-0.9659258262890684,-0.2588190451025206,0.433883739117557,-0.9009688679024196,0.4999999999999998,-0.8660254037844388
9,3110,3072,30,2022,10,23,11,26,2022,10,23,11,35,1,0,1,0,0,1,6,1,0.258819045102521,-0.9659258262890682,-0.4338837391175562,-0.90096886790242,-0.5000000000000004,0.8660254037844384
20,3055,3190,1,2021,7,31,12,8,2021,7,31,12,28,0,1,0,0,0,1,5,1,1.2246467991473532e-16,-1.0,-0.9749279121818236,-0.2225209339563148,-2.4492935982947064e-16,1.0
15,3008,3008,30,2023,5,10,0,31,2023,5,10,0,46,1,0,1,0,0,0,2,0,0.0,1.0,0.0,1.0,0.0,1.0
33,3164,3351,30,2024,2,4,0,46,2024,2,4,1,19,1,0,1,0,0,1,6,1,0.0,1.0,0.0,1.0,0.0,1.0
6,3347,3073,30,2024,3,11,12,3,2024,3,11,12,9,1,0,1,0,0,1,0,0,1.2246467991473532e-16,-1.0,-0.9749279121818236,-0.2225209339563148,-2.4492935982947064e-16,1.0
57,3213,3057,30,2021,6,9,15,15,2021,6,9,16,12,0,0,1,0,0,1,2,0,-0.7071067811865471,-0.7071067811865479,0.7818314824680284,0.6234898018587354,1.0,1.1943401194869637e-15
3,3201,3255,365,2023,3,10,15,30,2023,3,10,15,33,0,0,0,1,0,1,4,0,-0.7071067811865471,-0.7071067811865479,0.7818314824680284,0.6234898018587354,1.0,1.1943401194869637e-15
30,3185,3000,30,2020,6,24,16,34,2020,6,24,17,4,0,0,1,0,0,1,2,0,-0.8660254037844385,-0.5000000000000004,0.9749279121818236,-0.2225209339563138,0.8660254037844392,-0.4999999999999992
6,3208,3170,365,2023,4,27,13,56,2023,4,27,14,2,0,0,0,1,0,1,3,0,-0.2588190451025208,-0.9659258262890684,-0.781831482468029,0.6234898018587346,0.5,0.8660254037844386
16,3334,3296,365,2025,12,19,17,30,2025,12,19,17,46,1,0,0,1,0,1,4,0,-0.9659258262890684,-0.2588190451025206,0.433883739117557,-0.9009688679024196,0.4999999999999998,-0.8660254037844388
7,3077,3348,30,2024,8,23,18,31,2024,8,23,18,38,1,0,1,0,0,1,4,0,-1.0,-1.8369701987210294e-16,-0.4338837391175575,-0.9009688679024194,3.673940397442059e-16,-1.0
4,3168,3161,365,2021,9,21,15,27,2021,9,21,15,31,1,0,0,1,0,1,1,0,-0.7071067811865471,-0.7071067811865479,0.7818314824680284,0.6234898018587354,1.0,1.1943401194869637e-15
29,3152,3159,30,2020,2,4,20,7,2020,2,4,20,36,0,0,1,0,0,1,1,0,-0.8660254037844386,0.5000000000000001,-0.7818314824680302,0.6234898018587329,-0.8660254037844387,-0.4999999999999998
35,3056,3208,30,2021,2,4,7,8,2021,2,4,7,43,0,0,1,0,0,1,3,0,0.9659258262890684,-0.2588190451025206,-2.4492935982947064e-16,1.0,-0.4999999999999997,-0.8660254037844388
8,3007,3169,30,2025,10,25,14,31,2025,10,25,14,39,1,0,1,0,0,1,5,1,-0.4999999999999997,-0.8660254037844388,-4.898587196589413e-16,1.0,0.8660254037844384,0.5000000000000004
20,3159,3125,30,2021,6,21,8,43,2021,6,21,9,3,0,0,1,0,0,1,0,0,0.8660254037844387,-0.4999999999999998,0.7818314824680296,0.6234898018587337,-0.8660254037844385,-0.5000000000000004
6,3246,3074,30,2024,12,27,23,1,2024,12,27,23,7,1,0,1,0,0,1,4,0,-0.2588190451025215,0.965925826289068,0.9749279121818238,-0.2225209339563136,-0.5000000000000014,0.8660254037844378
15,3238,3053,30,2025,7,31,17,42,2025,7,31,17,57,0,0,1,0,0,1,3,0,-0.9659258262890684,-0.2588190451025206,0.433883739117557,-0.9009688679024196,0.4999999999999998,-0.8660254037844388
11,3116,3009,30,2022,8,17,16,33,2022,8,17,16,44,1,0,1,0,0,1,2,0,-0.8660254037844385,-0.5000000000000004,0.9749279121818236,-0.2225209339563138,0.8660254037844392,-0.4999999999999992
4,3294,3014,30,2023,8,3,12,16,2023,8,3,12,20,1,0,1,0,0,1,3,0,1.2246467991473532e-16,-1.0,-0.9749279121818236,-0.2225209339563148,-2.4492935982947064e-16,1.0
10,3202,3154,30,2020,12,1,16,33,2020,12,1,16,43,0,0,1,0,0,1,1,0,-0.8660254037844385,-0.5000000000000004,0.9749279121818236,-0.2225209339563138,0.8660254037844392,-0.4999999999999992
30,3053,3053,30,2025,6,29,20,31,2025,6,29,21,1,1,0,1,0,0,0,6,1,-0.8660254037844386,0.5000000000000001,-0.7818314824680302,0.6234898018587329,-0.8660254037844387,-0.4999999999999998
16,3022,3256,30,2021,12,18,20,35,2021,12,18,20,51,0,0,1,0,0,1,5,1,-0.8660254037844386,0.5000000000000001,-0.7818314824680302,0.6234898018587329,-0.8660254037844387,-0.4999999999999998
17,3093,3321,365,2024,2,15,7,56,2024,2,15,8,13,0,0,0,1,0,1,3,0,0.9659258262890684,-0.2588190451025206,-2.4492935982947064e-16,1.0,-0.4999999999999997,-0.8660254037844388
3,3201,3300,365,2024,9,19,11,26,2024,9,19,11,29,0,0,0,1,0,1,3,0,0.258819045102521,-0.9659258262890682,-0.4338837391175562,-0.90096886790242,-0.5000000000000004,0.8660254037844384
14,3163,3045,30,2020,4,2,19,24,2020,4,2,19,38,0,0,1,0,0,1,3,0,-0.9659258262890684,0.2588190451025203,-0.9749279121818236,-0.222520933956315,-0.4999999999999991,-0.8660254037844392
12,3057,3254,30,2023,11,5,11,4,2023,11,5,11,16,1,0,1,0,0,1,6,1,0.258819045102521,-0.9659258262890682,-0.4338837391175562,-0.90096886790242,-0.5000000000000004,0.8660254037844384
9,3107,3054,30,2025,5,29,8,33,2025,5,29,8,42,1,0,1,0,0,1,3,0,0.8660254037844387,-0.4999999999999998,0.7818314824680296,0.6234898018587337,-0.8660254037844385,-0.5000000000000004
7,3115,3060,30,2021,9,11,12,23,2021,9,11,12,30,1,0,1,0,0,1,5,1,1.2246467991473532e-16,-1.0,-0.9749279121818236,-0.2225209339563148,-2.4492935982947064e-16,1.0
14,3361,3208,365,2025,8,20,7,21,2025,8,20,7,35,1,0,0,1,0,1,2,0,0.9659258262890684,-0.2588190451025206,-2.4492935982947064e-16,1.0,-0.4999999999999997,-0.8660254037844388
11,3157,3363,365,2024,12,7,8,13,2024,12,7,8,24,1,0,0,1,0,1,5,1,0.8660254037844387,-0.4999999999999998,0.7818314824680296,0.6234898018587337,-0.8660254037844385,-0.5000000000000004
11,3010,3158,365,2026,2,17,20,37,2026,2,17,20,48,1,0,0,1,0,1,1,0,-0.8660254037844386,0.5000000000000001,-0.7818314824680302,0.6234898018587329,-0.8660254037844387,-0.4999999999999998
3,3320,3031,30,2024,2,7,10,8,2024,2,7,10,11,1,0,1,0,0,1,2,0,0.4999999999999999,-0.8660254037844387,0.4338837391175584,-0.9009688679024188,-0.8660254037844386,0.5000000000000001
6,3009,3104,30,2025,7,28,21,3,2025,7,28,21,9,0,0,1,0,0,1,0,0,-0.7071067811865477,0.7071067811865474,-7.34788079488412e-16,1.0,-1.0,-4.286263797015736e-16
6,3112,3074,30,2022,8,24,10,25,2022,8,24,10,31,0,0,1,0,0,1,2,0,0.4999999999999999,-0.8660254037844387,0.4338837391175584,-0.9009688679024188,-0.8660254037844386,0.5000000000000001
33,3102,3168,1,2020,6,27,16,19,2020,6,27,16,52,0,1,0,0,0,1,5,1,-0.8660254037844385,-0.5000000000000004,0.9749279121818236,-0.2225209339563138,0.8660254037844392,-0.4999999999999992
7,3157,3150,365,2025,1,18,19,35,2025,1,18,19,42,1,0,0,1,0,1,5,1,-0.9659258262890684,0.2588190451025203,-0.9749279121818236,-0.222520933956315,-0.4999999999999991,-0.8660254037844392
6,3116,3161,365,2023,10,17,6,45,2023,10,17,6,51,0,0,0,1,0,1,1,0,1.0,6.123233995736766e-17,-0.7818314824680299,0.6234898018587334,1.2246467991473532e-16,-1.0
10,3318,3233,30,2024,4,4,14,43,2024,4,4,14,53,0,0,1,0,0,1,3,0,-0.4999999999999997,-0.8660254037844388,-4.898587196589413e-16,1.0,0.8660254037844384,0.5000000000000004
31,3212,3006,30,2023,6,3,12,55,2023,6,3,13,26,0,0,1,0,0,1,5,1,1.2246467991473532e-16,-1.0,-0.9749279121818236,-0.2225209339563148,-2.4492935982947064e-16,1.0
8,3208,3012,365,2020,3,5,16,47,2020,3,5,16,55,1,0,0,1,0,1,3,0,-0.8660254037844385,-0.5000000000000004,0.9749279121818236,-0.2225209339563138,0.8660254037844392,-0.4999999999999992
36,3097,3035,30,2021,1,21,19,40,2021,1,21,20,16,1,0,1,0,0,1,3,0,-0.9659258262890684,0.2588190451025203,-0.9749279121818236,-0.222520933956315,-0.4999999999999991,-0.8660254037844392
7,3249,3119,30,2023,12,15,10,46,2023,12,15,10,53,1,0,1,0,0,1,4,0,0.4999999999999999,-0.8660254037844387,0.4338837391175584,-0.9009688679024188,-0.8660254037844386,0.5000000000000001
18,3031,3187,365,2023,10,17,15,42,2023,10,17,16,0,1,0,0,1,0,1,1,0,-0.7071067811865471,-0.7071067811865479,0.7818314824680284,0.6234898018587354,1.0,1.1943401194869637e-15
10,3046,3000,30,2020,8,23,11,32,2020,8,23,11,42,0,0,1,0,0,1,6,1,0.258819045102521,-0.9659258262890682,-0.4338837391175562,-0.90096886790242,-0.5000000000000004,0.8660254037844384
12,3078,3373,30,2024,6,28,17,40,2024,6,28,17,52,0,0,1,0,0,1,4,0,-0.9659258262890684,-0.2588190451025206,0.433883739117557,-0.9009688679024196,0.4999999999999998,-0.8660254037844388
3,3016,3376,365,2024,8,9,19,23,2024,8,9,19,26,1,0,0,1,0,1,4,0,-0.9659258262890684,0.2588190451025203,-0.9749279121818236,-0.222520933956315,-0.4999999999999991,-0.8660254037844392
22,3118,3371,30,2024,12,19,12,9,2024,12,19,12,31,1,0,1,0,0,1,3,0,1.2246467991473532e-16,-1.0,-0.9749279121818236,-0.2225209339563148,-2.4492935982947064e-16,1.0
12,3061,3303,365,2024,4,12,17,59,2024,4,12,18,11,0,0,0,1,0,1,4,0,-0.9659258262890684,-0.2588190451025206,0.433883739117557,-0.9009688679024196,0.4999999999999998,-0.8660254037844388
13,3125,3204,365,2022,10,24,6,46,2022,10,24,6,59,1,0,0,1,0,1,0,0,1.0,6.123233995736766e-17,-0.7818314824680299,0.6234898018587334,1.2246467991473532e-16,-1.0
8,3045,3255,1,2021,10,18,15,39,2021,10,18,15,47,0,1,0,0,0,1,0,0,-0.7071067811865471,-0.7071067811865479,0.7818314824680284,0.6234898018587354,1.0,1.1943401194869637e-15
9,3116,3116,1,2025,4,18,14,5,2025,4,18,14,14,1,1,0,0,0,0,4,0,-0.4999999999999997,-0.8660254037844388,-4.898587196589413e-16,1.0,0.8660254037844384,0.5000000000000004
14,3100,3100,365,2025,1,18,10,9,2025,1,18,10,23,0,0,0,1,0,0,5,1,0.4999999999999999,-0.8660254037844387,0.4338837391175584,-0.9009688679024188,-0.8660254037844386,0.5000000000000001
8,3208,3163,365,2021,6,3,17,40,2021,6,3,17,48,0,0,0,1,0,1,3,0,-0.9659258262890684,-0.2588190451025206,0.433883739117557,-0.9009688679024196,0.4999999999999998,-0.8660254037844388
6,3063,3052,30,2025,8,2,6,59,2025,8,2,7,5,1,0,1,0,0,1,5,1,1.0,6.123233995736766e-17,-0.7818314824680299,0.6234898018587334,1.2246467991473532e-16,-1.0
10,3058,3061,30,2024,12,31,9,33,2024,12,31,9,43,1,0,1,0,0,1,1,0,0.7071067811865476,-0.7071067811865475,0.9749279121818236,-0.2225209339563141,-1.0,-1.8369701987210294e-16
13,3208,3125,30,2023,12,1,15,48,2023,12,1,16,1,0,0,1,0,0,1,4,0,-0.7071067811865471,-0.7071067811865479,0.7818314824680284,0.6234898018587354,1.0,1.1943401194869637e-15
5,3040,3116,30,2025,5,8,4,19,2025,5,8,4,24,1,0,1,0,0,1,3,0,0.8660254037844386,0.5000000000000001,-0.433883739117558,-0.9009688679024191,0.8660254037844387,-0.4999999999999998
19,3345,3039,30,2025,1,15,14,22,2025,1,15,14,41,0,0,1,0,0,1,2,0,-0.4999999999999997,-0.8660254037844388,-4.898587196589413e-16,1.0,0.8660254037844384,0.5000000000000004
8,3072,3299,30,2025,8,22,14,13,2025,8,22,14,21,0,0,1,0,0,1,4,0,-0.4999999999999997,-0.8660254037844388,-4.898587196589413e-16,1.0,0.8660254037844384,0.5000000000000004
17,3068,3054,30,2022,12,9,7,41,2022,12,9,7,58,0,0,1,0,0,1,4,0,0.9659258262890684,-0.2588190451025206,-2.4492935982947064e-16,1.0,-0.4999999999999997,-0.8660254037844388
11,3059,3387,30,2025,8,26,20,28,2025,8,26,20,39,1,0,1,0,0,1,1,0,-0.8660254037844386,0.5000000000000001,-0.7818314824680302,0.6234898018587329,-0.8660254037844387,-0.4999999999999998
5,3120,3121,30,2022,1,3,16,25,2022,1,3,16,30,1,0,1,0,0,1,0,0,-0.8660254037844385,-0.5000000000000004,0.9749279121818236,-0.2225209339563138,0.8660254037844392,-0.4999999999999992
6,3296,3167,30,2022,10,11,18,19,2022,10,11,18,25,0,0,1,0,0,1,1,0,-1.0,-1.8369701987210294e-16,-0.4338837391175575,-0.9009688679024194,3.673940397442059e-16,-1.0
6,3336,3061,30,2025,8,15,15,38,2025,8,15,15,44,1,0,1,0,0,1,4,0,-0.7071067811865471,-0.7071067811865479,0.7818314824680284,0.6234898018587354,1.0,1.1943401194869637e-15
4,3342,3321,30,2025,9,14,12,50,2025,9,14,12,54,1,0,1,0,0,1,6,1,1.2246467991473532e-16,-1.0,-0.9749279121818236,-0.2225209339563148,-2.4492935982947064e-16,1.0
22,3208,3046,30,2023,7,7,7,4,2023,7,7,7,26,0,0,1,0,0,1,4,0,0.9659258262890684,-0.2588190451025206,-2.4492935982947064e-16,1.0,-0.4999999999999997,-0.8660254037844388
21,3265,3054,30,2022,9,20,13,32,2022,9,20,13,53,1,0,1,0,0,1,1,0,-0.2588190451025208,-0.9659258262890684,-0.781831482468029,0.6234898018587346,0.5,0.8660254037844386
41,3212,3093,30,2020,10,24,15,56,2020,10,24,16,37,0,0,1,0,0,1,5,1,-0.7071067811865471,-0.7071067811865479,0.7818314824680284,0.6234898018587354,1.0,1.1943401194869637e-15
4,3382,3066,365,2025,10,26,10,25,2025,10,26,10,29,1,0,0,1,0,1,6,1,0.4999999999999999,-0.8660254037844387,0.4338837391175584,-0.9009688679024188,-0.8660254037844386,0.5000000000000001
12,3258,3117,30,2024,6,15,15,49,2024,6,15,16,1,1,0,1,0,0,1,5,1,-0.7071067811865471,-0.7071067811865479,0.7818314824680284,0.6234898018587354,1.0,1.1943401194869637e-15
13,3375,3304,30,2025,5,20,18,22,2025,5,20,18,35,1,0,1,0,0,1,1,0,-1.0,-1.8369701987210294e-16,-0.4338837391175575,-0.9009688679024194,3.673940397442059e-16,-1.0
26,3158,3340,365,2023,8,9,7,57,2023,8,9,8,23,1,0,0,1,0,1,2,0,0.9659258262890684,-0.2588190451025206,-2.4492935982947064e-16,1.0,-0.4999999999999997,-0.8660254037844388
5,3182,3012,365,2025,10,5,19,48,2025,10,5,19,53,1,0,0,1,0,1,6,1,-0.9659258262890684,0.2588190451025203,-0.9749279121818236,-0.222520933956315,-0.4999999999999991,-0.8660254037844392
5,3203,3021,30,2022,5,19,6,27,2022,5,19,6,32,1,0,1,0,0,1,3,0,1.0,6.123233995736766e-17,-0.7818314824680299,0.6234898018587334,1.2246467991473532e-16,-1.0
5,3394,3164,30,2025,9,8,17,41,2025,9,8,17,46,1,0,1,0,0,1,0,0,-0.9659258262890684,-0.2588190451025206,0.433883739117557,-0.9009688679024196,0.4999999999999998,-0.8660254037844388
17,3059,3099,30,2026,3,16,15,4,2026,3,16,15,21,1,0,1,0,0,1,0,0,-0.7071067811865471,-0.7071067811865479,0.7818314824680284,0.6234898018587354,1.0,1.1943401194869637e-15
7,3053,3170,30,2022,10,28,10,13,2022,10,28,10,20,0,0,1,0,0,1,4,0,0.4999999999999999,-0.8660254037844387,0.4338837391175584,-0.9009688679024188,-0.8660254037844386,0.5000000000000001
8,3032,3101,30,2025,9,14,12,3,2025,9,14,12,11,1,0,1,0,0,1,6,1,1.2246467991473532e-16,-1.0,-0.9749279121818236,-0.2225209339563148,-2.4492935982947064e-16,1.0
6,3012,3256,30,2025,11,25,8,19,2025,11,25,8,25,1,0,1,0,0,1,1,0,0.8660254037844387,-0.4999999999999998,0.7818314824680296,0.6234898018587337,-0.8660254037844385,-0.5000000000000004
8,3375,3059,30,2024,3,3,2,5,2024,3,3,2,13,1,0,1,0,0,1,6,1,0.4999999999999999,0.8660254037844387,0.9749279121818236,-0.2225209339563143,0.8660254037844386,0.5000000000000001
5,3021,3010,30,2021,9,6,20,39,2021,9,6,20,44,1,0,1,0,0,1,0,0,-0.8660254037844386,0.5000000000000001,-0.7818314824680302,0.6234898018587329,-0.8660254037844387,-0.4999999999999998
15,3185,3124,30,2025,9,23,14,29,2025,9,23,14,44,0,0,1,0,0,1,1,0,-0.4999999999999997,-0.8660254037844388,-4.898587196589413e-16,1.0,0.8660254037844384,0.5000000000000004
14,3361,3205,365,2025,5,3,13,28,2025,5,3,13,42,1,0,0,1,0,1,5,1,-0.2588190451025208,-0.9659258262890684,-0.781831482468029,0.6234898018587346,0.5,0.8660254037844386
25,3072,3062,365,2024,6,6,8,28,2024,6,6,8,53,0,0,0,1,0,1,3,0,0.8660254037844387,-0.4999999999999998,0.7818314824680296,0.6234898018587337,-0.8660254037844385,-0.5000000000000004
19,3236,3018,30,2023,8,16,11,31,2023,8,16,11,50,0,0,1,0,0,1,2,0,0.258819045102521,-0.9659258262890682,-0.4338837391175562,-0.90096886790242,-0.5000000000000004,0.8660254037844384
23,3181,3181,365,2022,9,24,10,18,2022,9,24,10,41,0,0,0,1,0,0,5,1,0.4999999999999999,-0.8660254037844387,0.4338837391175584,-0.9009688679024188,-0.8660254037844386,0.5000000000000001
71,3028,3100,30,2022,10,26,16,33,2022,10,26,17,44,1,0,1,0,0,1,2,0,-0.8660254037844385,-0.5000000000000004,0.9749279121818236,-0.2225209339563138,0.8660254037844392,-0.4999999999999992
5,3264,3010,30,2022,11,2,8,1,2022,11,2,8,6,0,0,1,0,0,1,2,0,0.8660254037844387,-0.4999999999999998,0.7818314824680296,0.6234898018587337,-0.8660254037844385,-0.5000000000000004
15,3265,3205,30,2024,1,1,11,54,2024,1,1,12,9,0,0,1,0,0,1,0,0,0.258819045102521,-0.9659258262890682,-0.4338837391175562,-0.90096886790242,-0.5000000000000004,0.8660254037844384
6,3030,3295,30,2025,11,26,7,45,2025,11,26,7,51,0,0,1,0,0,1,2,0,0.9659258262890684,-0.2588190451025206,-2.4492935982947064e-16,1.0,-0.4999999999999997,-0.8660254037844388
20,3255,3266,30,2024,6,7,16,0,2024,6,7,16,20,1,0,1,0,0,1,4,0,-0.8660254037844385,-0.5000000000000004,0.9749279121818236,-0.2225209339563138,0.8660254037844392,-0.4999999999999992
6,3116,3165,30,2025,9,14,8,4,2025,9,14,8,10,0,0,1,0,0,1,6,1,0.8660254037844387,-0.4999999999999998,0.7818314824680296,0.6234898018587337,-0.8660254037844385,-0.5000000000000004
3,3156,3161,365,2025,6,26,16,24,2025,6,26,16,27,1,0,0,1,0,1,3,0,-0.8660254037844385,-0.5000000000000004,0.9749279121818236,-0.2225209339563138,0.8660254037844392,-0.4999999999999992
7,3125,3028,30,2022,2,4,2,3,2022,2,4,2,10,0,0,1,0,0,1,4,0,0.4999999999999999,0.8660254037844387,0.9749279121818236,-0.2225209339563143,0.8660254037844386,0.5000000000000001
5,3201,3075,30,2024,6,26,18,52,2024,6,26,18,57,1,0,1,0,0,1,2,0,-1.0,-1.8369701987210294e-16,-0.4338837391175575,-0.9009688679024194,3.673940397442059e-16,-1.0
25,3296,3024,365,2025,3,25,14,29,2025,3,25,14,54,0,0,0,1,0,1,1,0,-0.4999999999999997,-0.8660254037844388,-4.898587196589413e-16,1.0,0.8660254037844384,0.5000000000000004
6,3208,3256,30,2025,7,16,17,30,2025,7,16,17,36,1,0,1,0,0,1,2,0,-0.9659258262890684,-0.2588190451025206,0.433883739117557,-0.9009688679024196,0.4999999999999998,-0.8660254037844388
11,3256,3304,30,2024,6,18,17,32,2024,6,18,17,43,1,0,1,0,0,1,1,0,-0.9659258262890684,-0.2588190451025206,0.433883739117557,-0.9009688679024196,0.4999999999999998,-0.8660254037844388
8,3208,3165,365,2025,6,18,14,29,2025,6,18,14,37,1,0,0,1,0,1,2,0,-0.4999999999999997,-0.8660254037844388,-4.898587196589413e-16,1.0,0.8660254037844384,0.5000000000000004
2,3245,3320,30,2023,8,23,22,26,2023,8,23,22,28,1,0,1,0,0,1,2,0,-0.5000000000000004,0.8660254037844384,0.7818314824680271,0.6234898018587369,-0.8660254037844392,0.4999999999999991
20,3164,3169,30,2020,4,3,9,51,2020,4,3,10,11,0,0,1,0,0,1,4,0,0.7071067811865476,-0.7071067811865475,0.9749279121818236,-0.2225209339563141,-1.0,-1.8369701987210294e-16
5,3318,3059,365,2025,5,14,16,17,2025,5,14,16,22,0,0,0,1,0,1,2,0,-0.8660254037844385,-0.5000000000000004,0.9749279121818236,-0.2225209339563138,0.8660254037844392,-0.4999999999999992
8,3204,3182,30,2023,2,7,16,56,2023,2,7,17,4,0,0,1,0,0,1,1,0,-0.8660254037844385,-0.5000000000000004,0.9749279121818236,-0.2225209339563138,0.8660254037844392,-0.4999999999999992
10,3010,3334,1,2025,9,6,21,28,2025,9,6,21,38,1,0,0,0,1,1,5,1,-0.7071067811865477,0.7071067811865474,-7.34788079488412e-16,1.0,-1.0,-4.286263797015736e-16
46,3118,3294,30,2025,11,7,17,37,2025,11,7,18,23,0,0,1,0,0,1,4,0,-0.9659258262890684,-0.2588190451025206,0.433883739117557,-0.9009688679024196,0.4999999999999998,-0.8660254037844388
9,3253,3244,365,2025,2,24,21,40,2025,2,24,21,49,1,0,0,1,0,1,0,0,-0.7071067811865477,0.7071067811865474,-7.34788079488412e-16,1.0,-1.0,-4.286263797015736e-16
13,3061,3300,30,2025,10,31,13,25,2025,10,31,13,38,1,0,1,0,0,1,4,0,-0.2588190451025208,-0.9659258262890684,-0.781831482468029,0.6234898018587346,0.5,0.8660254037844386
8,3034,3167,365,2020,6,17,11,32,2020,6,17,11,40,0,0,0,1,0,1,2,0,0.258819045102521,-0.9659258262890682,-0.4338837391175562,-0.90096886790242,-0.5000000000000004,0.8660254037844384
11,3255,3235,30,2025,7,8,11,4,2025,7,8,11,15,1,0,1,0,0,1,1,0,0.258819045102521,-0.9659258262890682,-0.4338837391175562,-0.90096886790242,-0.5000000000000004,0.8660254037844384
5,3007,3010,30,2025,10,28,19,49,2025,10,28,19,54,0,0,1,0,0,1,1,0,-0.9659258262890684,0.2588190451025203,-0.9749279121818236,-0.222520933956315,-0.4999999999999991,-0.8660254037844392
4,3031,3320,30,2023,10,3,18,2,2023,10,3,18,6,0,0,1,0,0,1,1,0,-1.0,-1.8369701987210294e-16,-0.4338837391175575,-0.9009688679024194,3.673940397442059e-16,-1.0
10,3361,3037,30,2026,1,12,5,50,2026,1,12,6,0,1,0,1,0,0,1,0,0,0.9659258262890684,0.2588190451025207,-0.9749279121818236,-0.2225209339563146,0.4999999999999999,-0.8660254037844387
6,3012,3053,30,2024,6,15,11,49,2024,6,15,11,55,1,0,1,0,0,1,5,1,0.258819045102521,-0.9659258262890682,-0.4338837391175562,-0.90096886790242,-0.5000000000000004,0.8660254037844384
14,3200,3075,30,2022,12,3,19,19,2022,12,3,19,33,0,0,1,0,0,1,5,1,-0.9659258262890684,0.2588190451025203,-0.9749279121818236,-0.222520933956315,-0.4999999999999991,-0.8660254037844392
14,3028,3108,30,2020,11,12,15,48,2020,11,12,16,2,0,0,1,0,0,1,3,0,-0.7071067811865471,-0.7071067811865479,0.7818314824680284,0.6234898018587354,1.0,1.1943401194869637e-15
3,3157,3292,365,2024,3,15,16,23,2024,3,15,16,26,0,0,0,1,0,1,4,0,-0.8660254037844385,-0.5000000000000004,0.9749279121818236,-0.2225209339563138,0.8660254037844392,-0.4999999999999992
6,3344,3338,30,2025,8,20,1,57,2025,8,20,2,3,0,0,1,0,0,1,2,0,0.2588190451025207,0.9659258262890684,0.7818314824680298,0.6234898018587336,0.4999999999999999,0.8660254037844387
13,3104,3211,365,2025,11,20,10,46,2025,11,20,10,59,1,0,0,1,0,1,3,0,0.4999999999999999,-0.8660254037844387,0.4338837391175584,-0.9009688679024188,-0.8660254037844386,0.5000000000000001
18,3099,3097,30,2023,6,29,22,33,2023,6,29,22,51,1,0,1,0,0,1,3,0,-0.5000000000000004,0.8660254037844384,0.7818314824680271,0.6234898018587369,-0.8660254037844392,0.4999999999999991
8,3255,3054,30,2025,5,2,10,42,2025,5,2,10,50,1,0,1,0,0,1,4,0,0.4999999999999999,-0.8660254037844387,0.4338837391175584,-0.9009688679024188,-0.8660254037844386,0.5000000000000001
25,3039,3056,365,2024,12,2,15,52,2024,12,2,16,17,0,0,0,1,0,1,0,0,-0.7071067811865471,-0.7071067811865479,0.7818314824680284,0.6234898018587354,1.0,1.1943401194869637e-15
30,3041,3353,30,2026,2,21,17,50,2026,2,21,18,20,1,0,1,0,0,1,5,1,-0.9659258262890684,-0.2588190451025206,0.433883739117557,-0.9009688679024196,0.4999999999999998,-0.8660254037844388
13,3248,3248,30,2024,7,28,17,48,2024,7,28,18,1,1,0,1,0,0,0,6,1,-0.9659258262890684,-0.2588190451025206,0.433883739117557,-0.9009688679024196,0.4999999999999998,-0.8660254037844388
7,3022,3035,365,2025,4,25,21,40,2025,4,25,21,47,0,0,0,1,0,1,4,0,-0.7071067811865477,0.7071067811865474,-7.34788079488412e-16,1.0,-1.0,-4.286263797015736e-16
15,3098,3253,30,2023,5,13,0,5,2023,5,13,0,20,0,0,1,0,0,1,5,1,0.0,1.0,0.0,1.0,0.0,1.0
12,3168,3053,1,2024,6,19,11,14,2024,6,19,11,26,1,1,0,0,0,1,2,0,0.258819045102521,-0.9659258262890682,-0.4338837391175562,-0.90096886790242,-0.5000000000000004,0.8660254037844384
4,3124,3169,30,2021,6,27,2,4,2021,6,27,2,8,0,0,1,0,0,1,6,1,0.4999999999999999,0.8660254037844387,0.9749279121818236,-0.2225209339563143,0.8660254037844386,0.5000000000000001
6,3265,3006,365,2025,4,9,7,53,2025,4,9,7,59,1,0,0,1,0,1,2,0,0.9659258262890684,-0.2588190451025206,-2.4492935982947064e-16,1.0,-0.4999999999999997,-0.8660254037844388
62,3012,3012,30,2020,5,15,23,57,2020,5,16,0,59,1,0,1,0,0,0,4,0,-0.2588190451025215,0.965925826289068,0.9749279121818238,-0.2225209339563136,-0.5000000000000014,0.8660254037844378
9,3264,3032,365,2025,6,15,19,45,2025,6,15,19,54,1,0,0,1,0,1,6,1,-0.9659258262890684,0.2588190451025203,-0.9749279121818236,-0.222520933956315,-0.4999999999999991,-0.8660254037844392
10,3163,3114,1,2023,7,10,21,32,2023,7,10,21,42,1,1,0,0,0,1,0,0,-0.7071067811865477,0.7071067811865474,-7.34788079488412e-16,1.0,-1.0,-4.286263797015736e-16
6,3359,3012,30,2024,5,18,17,7,2024,5,18,17,13,0,0,1,0,0,1,5,1,-0.9659258262890684,-0.2588190451025206,0.433883739117557,-0.9009688679024196,0.4999999999999998,-0.8660254037844388
4,3058,3054,30,2020,12,1,17,44,2020,12,1,17,48,0,0,1,0,0,1,1,0,-0.9659258262890684,-0.2588190451025206,0.433883739117557,-0.9009688679024196,0.4999999999999998,-0.8660254037844388
16,3009,3030,365,2024,8,21,9,51,2024,8,21,10,7,1,0,0,1,0,1,2,0,0.7071067811865476,-0.7071067811865475,0.9749279121818236,-0.2225209339563141,-1.0,-1.8369701987210294e-16
34,3005,3170,30,2023,11,2,21,34,2023,11,2,22,8,0,0,1,0,0,1,3,0,-0.7071067811865477,0.7071067811865474,-7.34788079488412e-16,1.0,-1.0,-4.286263797015736e-16
9,3125,3197,365,2024,7,1,23,11,2024,7,1,23,20,0,0,0,1,0,1,0,0,-0.2588190451025215,0.965925826289068,0.9749279121818238,-0.2225209339563136,-0.5000000000000014,0.8660254037844378
14,3049,3072,30,2024,4,19,19,37,2024,4,19,19,51,0,0,1,0,0,1,4,0,-0.9659258262890684,0.2588190451025203,-0.9749279121818236,-0.222520933956315,-0.4999999999999991,-0.8660254037844392
19,3275,3201,30,2024,4,25,8,49,2024,4,25,9,8,1,0,1,0,0,1,3,0,0.8660254037844387,-0.4999999999999998,0.7818314824680296,0.6234898018587337,-0.8660254037844385,-0.5000000000000004
19,3053,3202,30,2021,3,19,11,26,2021,3,19,11,45,0,0,1,0,0,1,4,0,0.258819045102521,-0.9659258262890682,-0.4338837391175562,-0.90096886790242,-0.5000000000000004,0.8660254037844384
34,3252,3040,365,2025,6,5,15,31,2025,6,5,16,5,1,0,0,1,0,1,3,0,-0.7071067811865471,-0.7071067811865479,0.7818314824680284,0.6234898018587354,1.0,1.1943401194869637e-15
13,3211,3375,365,2025,6,6,14,54,2025,6,6,15,7,1,0,0,1,0,1,4,0,-0.4999999999999997,-0.8660254037844388,-4.898587196589413e-16,1.0,0.8660254037844384,0.5000000000000004
10,3155,3125,365,2022,6,2,17,31,2022,6,2,17,41,0,0,0,1,0,1,3,0,-0.9659258262890684,-0.2588190451025206,0.433883739117557,-0.9009688679024196,0.4999999999999998,-0.8660254037844388
14,3114,3165,30,2021,12,22,15,34,2021,12,22,15,48,1,0,1,0,0,1,2,0,-0.7071067811865471,-0.7071067811865479,0.7818314824680284,0.6234898018587354,1.0,1.1943401194869637e-15
18,3299,3266,30,2024,1,4,16,15,2024,1,4,16,33,1,0,1,0,0,1,3,0,-0.8660254037844385,-0.5000000000000004,0.9749279121818236,-0.2225209339563138,0.8660254037844392,-0.4999999999999992
13,3061,3071,365,2021,8,19,16,43,2021,8,19,16,56,1,0,0,1,0,1,3,0,-0.8660254037844385,-0.5000000000000004,0.9749279121818236,-0.2225209339563138,0.8660254037844392,-0.4999999999999992
13,3010,3157,365,2026,1,3,23,36,2026,1,3,23,49,1,0,0,1,0,1,5,1,-0.2588190451025215,0.965925826289068,0.9749279121818238,-0.2225209339563136,-0.5000000000000014,0.8660254037844378
11,3185,3297,1,2023,5,6,20,3,2023,5,6,20,14,1,1,0,0,0,1,5,1,-0.8660254037844386,0.5000000000000001,-0.7818314824680302,0.6234898018587329,-0.8660254037844387,-0.4999999999999998
24,3111,3117,30,2023,11,17,14,41,2023,11,17,15,5,1,0,1,0,0,1,4,0,-0.4999999999999997,-0.8660254037844388,-4.898587196589413e-16,1.0,0.8660254037844384,0.5000000000000004
4,3078,3330,1,2023,7,20,4,49,2023,7,20,4,53,1,1,0,0,0,1,3,0,0.8660254037844386,0.5000000000000001,-0.433883739117558,-0.9009688679024191,0.8660254037844387,-0.4999999999999998
14,3032,3026,30,2023,5,6,11,57,2023,5,6,12,11,0,0,1,0,0,1,5,1,0.258819045102521,-0.9659258262890682,-0.4338837391175562,-0.90096886790242,-0.5000000000000004,0.8660254037844384
10,3088,3075,365,2022,10,1,17,39,2022,10,1,17,49,0,0,0,1,0,1,5,1,-0.9659258262890684,-0.2588190451025206,0.433883739117557,-0.9009688679024196,0.4999999999999998,-0.8660254037844388
7,3361,3012,30,2025,5,7,7,52,2025,5,7,7,59,1,0,1,0,0,1,2,0,0.9659258262890684,-0.2588190451025206,-2.4492935982947064e-16,1.0,-0.4999999999999997,-0.8660254037844388
6,3163,3162,365,2021,9,13,21,25,2021,9,13,21,31,0,0,0,1,0,1,0,0,-0.7071067811865477,0.7071067811865474,-7.34788079488412e-16,1.0,-1.0,-4.286263797015736e-16
41,3101,3182,30,2025,6,1,18,50,2025,6,1,19,31,1,0,1,0,0,1,6,1,-1.0,-1.8369701987210294e-16,-0.4338837391175575,-0.9009688679024194,3.673940397442059e-16,-1.0
10,3041,3275,30,2023,9,4,19,37,2023,9,4,19,47,1,0,1,0,0,1,0,0,-0.9659258262890684,0.2588190451025203,-0.9749279121818236,-0.222520933956315,-0.4999999999999991,-0.8660254037844392
19,3012,3190,30,2023,8,28,18,18,2023,8,28,18,37,0,0,1,0,0,1,0,0,-1.0,-1.8369701987210294e-16,-0.4338837391175575,-0.9009688679024194,3.673940397442059e-16,-1.0
4,3054,3102,365,2022,8,26,8,44,2022,8,26,8,48,0,0,0,1,0,1,4,0,0.8660254037844387,-0.4999999999999998,0.7818314824680296,0.6234898018587337,-0.8660254037844385,-0.5000000000000004
14,3161,3102,365,2022,3,24,13,5,2022,3,24,13,19,0,0,0,1,0,1,3,0,-0.2588190451025208,-0.9659258262890684,-0.781831482468029,0.6234898018587346,0.5,0.8660254037844386
60,3166,3166,1,2021,10,2,12,52,2021,10,2,13,52,1,1,0,0,0,0,5,1,1.2246467991473532e-16,-1.0,-0.9749279121818236,-0.2225209339563148,-2.4492935982947064e-16,1.0
19,3120,3326,180,2024,11,1,16,33,2024,11,1,16,52,1,0,0,1,0,1,4,0,-0.8660254037844385,-0.5000000000000004,0.9749279121818236,-0.2225209339563138,0.8660254037844392,-0.4999999999999992
14,3245,3204,30,2021,9,18,20,47,2021,9,18,21,1,0,0,1,0,0,1,5,1,-0.8660254037844386,0.5000000000000001,-0.7818314824680302,0.6234898018587329,-0.8660254037844387,-0.4999999999999998
13,3054,3032,30,2022,8,15,8,31,2022,8,15,8,44,1,0,1,0,0,1,0,0,0.8660254037844387,-0.4999999999999998,0.7818314824680296,0.6234898018587337,-0.8660254037844385,-0.5000000000000004
13,3197,3264,30,2023,7,24,15,28,2023,7,24,15,41,1,0,1,0,0,1,0,0,-0.7071067811865471,-0.7071067811865479,0.7818314824680284,0.6234898018587354,1.0,1.1943401194869637e-15
18,3046,3078,30,2023,6,26,18,43,2023,6,26,19,1,0,0,1,0,0,1,0,0,-1.0,-1.8369701987210294e-16,-0.4338837391175575,-0.9009688679024194,3.673940397442059e-16,-1.0
13,3168,3162,30,2022,8,8,17,33,2022,8,8,17,46,1,0,1,0,0,1,0,0,-0.9659258262890684,-0.2588190451025206,0.433883739117557,-0.9009688679024196,0.4999999999999998,-0.8660254037844388
15,3029,3241,365,2024,5,22,17,38,2024,5,22,17,52,1,0,0,1,0,1,2,0,-0.9659258262890684,-0.2588190451025206,0.433883739117557,-0.9009688679024196,0.4999999999999998,-0.8660254037844388
12,3046,3061,365,2021,10,10,1,48,2021,10,10,2,0,1,0,0,1,0,1,6,1,0.2588190451025207,0.9659258262890684,0.7818314824680298,0.6234898018587336,0.4999999999999999,0.8660254037844387
7,3400,3301,365,2026,2,17,8,56,2026,2,17,9,3,1,0,0,1,0,1,1,0,0.8660254037844387,-0.4999999999999998,0.7818314824680296,0.6234898018587337,-0.8660254037844385,-0.5000000000000004
24,3100,3108,30,2021,7,22,17,25,2021,7,22,17,49,0,0,1,0,0,1,3,0,-0.9659258262890684,-0.2588190451025206,0.433883739117557,-0.9009688679024196,0.4999999999999998,-0.8660254037844388
14,3359,3124,30,2025,6,13,20,7,2025,6,13,20,21,1,0,1,0,0,1,4,0,-0.8660254037844386,0.5000000000000001,-0.7818314824680302,0.6234898018587329,-0.8660254037844387,-0.4999999999999998
31,3182,3346,30,2024,7,28,11,9,2024,7,28,11,40,1,0,1,0,0,1,6,1,0.258819045102521,-0.9659258262890682,-0.4338837391175562,-0.90096886790242,-0.5000000000000004,0.8660254037844384
7,3157,3150,30,2020,7,16,17,46,2020,7,16,17,53,0,0,1,0,0,1,3,0,-0.9659258262890684,-0.2588190451025206,0.433883739117557,-0.9009688679024196,0.4999999999999998,-0.8660254037844388
30,3304,3101,30,2023,4,24,20,51,2023,4,24,21,21,0,0,1,0,0,1,0,0,-0.8660254037844386,0.5000000000000001,-0.7818314824680302,0.6234898018587329,-0.8660254037844387,-0.4999999999999998
10,3012,3184,30,2021,6,7,9,50,2021,6,7,10,0,0,0,1,0,0,1,0,0,0.7071067811865476,-0.7071067811865475,0.9749279121818236,-0.2225209339563141,-1.0,-1.8369701987210294e-16
5,3205,3161,365,2024,8,18,9,52,2024,8,18,9,57,1,0,0,1,0,1,6,1,0.7071067811865476,-0.7071067811865475,0.9749279121818236,-0.2225209339563141,-1.0,-1.8369701987210294e-16
22,3185,3334,30,2025,10,2,18,33,2025,10,2,18,55,0,0,1,0,0,1,3,0,-1.0,-1.8369701987210294e-16,-0.4338837391175575,-0.9009688679024194,3.673940397442059e-16,-1.0
25,3057,3047,1,2025,9,12,14,1,2025,9,12,14,26,1,1,0,0,0,1,4,0,-0.4999999999999997,-0.8660254037844388,-4.898587196589413e-16,1.0,0.8660254037844384,0.5000000000000004
7,3054,3204,30,2022,10,19,7,56,2022,10,19,8,3,0,0,1,0,0,1,2,0,0.9659258262890684,-0.2588190451025206,-2.4492935982947064e-16,1.0,-0.4999999999999997,-0.8660254037844388
13,3086,3020,30,2023,5,25,18,25,2023,5,25,18,38,1,0,1,0,0,1,3,0,-1.0,-1.8369701987210294e-16,-0.4338837391175575,-0.9009688679024194,3.673940397442059e-16,-1.0
9,3037,3005,30,2024,7,29,13,10,2024,7,29,13,19,0,0,1,0,0,1,0,0,-0.2588190451025208,-0.9659258262890684,-0.781831482468029,0.6234898018587346,0.5,0.8660254037844386
15,3039,3037,365,2023,2,26,18,45,2023,2,26,19,0,1,0,0,1,0,1,6,1,-1.0,-1.8369701987210294e-16,-0.4338837391175575,-0.9009688679024194,3.673940397442059e-16,-1.0
3,3204,3204,365,2023,10,17,15,43,2023,10,17,15,46,1,0,0,1,0,0,1,0,-0.7071067811865471,-0.7071067811865479,0.7818314824680284,0.6234898018587354,1.0,1.1943401194869637e-15
25,3049,3185,1,2024,1,2,11,30,2024,1,2,11,55,1,1,0,0,0,1,1,0,0.258819045102521,-0.9659258262890682,-0.4338837391175562,-0.90096886790242,-0.5000000000000004,0.8660254037844384
5,3052,3028,365,2023,9,20,15,4,2023,9,20,15,9,1,0,0,1,0,1,2,0,-0.7071067811865471,-0.7071067811865479,0.7818314824680284,0.6234898018587354,1.0,1.1943401194869637e-15
16,3020,3033,365,2022,6,27,15,42,2022,6,27,15,58,0,0,0,1,0,1,0,0,-0.7071067811865471,-0.7071067811865479,0.7818314824680284,0.6234898018587354,1.0,1.1943401194869637e-15
17,3359,3252,30,2023,11,20,18,0,2023,11,20,18,17,0,0,1,0,0,1,0,0,-1.0,-1.8369701987210294e-16,-0.4338837391175575,-0.9009688679024194,3.673940397442059e-16,-1.0
6,3035,3029,30,2024,10,1,15,36,2024,10,1,15,42,0,0,1,0,0,1,1,0,-0.7071067811865471,-0.7071067811865479,0.7818314824680284,0.6234898018587354,1.0,1.1943401194869637e-15
12,3257,3028,30,2024,4,21,21,22,2024,4,21,21,34,0,0,1,0,0,1,6,1,-0.7071067811865477,0.7071067811865474,-7.34788079488412e-16,1.0,-1.0,-4.286263797015736e-16
20,3064,3069,30,2020,4,8,18,53,2020,4,8,19,13,1,0,1,0,0,1,2,0,-1.0,-1.8369701987210294e-16,-0.4338837391175575,-0.9009688679024194,3.673940397442059e-16,-1.0
11,3073,3243,30,2023,2,25,17,38,2023,2,25,17,49,1,0,1,0,0,1,5,1,-0.9659258262890684,-0.2588190451025206,0.433883739117557,-0.9009688679024196,0.4999999999999998,-0.8660254037844388
18,3158,3184,365,2024,11,14,8,38,2024,11,14,8,56,1,0,0,1,0,1,3,0,0.8660254037844387,-0.4999999999999998,0.7818314824680296,0.6234898018587337,-0.8660254037844385,-0.5000000000000004
14,3059,3012,30,2023,6,30,11,32,2023,6,30,11,46,1,0,1,0,0,1,4,0,0.258819045102521,-0.9659258262890682,-0.4338837391175562,-0.90096886790242,-0.5000000000000004,0.8660254037844384
4,3246,3209,365,2022,4,28,12,26,2022,4,28,12,30,0,0,0,1,0,1,3,0,1.2246467991473532e-16,-1.0,-0.9749279121818236,-0.2225209339563148,-2.4492935982947064e-16,1.0
13,3333,3236,30,2023,9,1,13,27,2023,9,1,13,40,1,0,1,0,0,1,4,0,-0.2588190451025208,-0.9659258262890684,-0.781831482468029,0.6234898018587346,0.5,0.8660254037844386
4,3154,3018,365,2025,8,6,9,50,2025,8,6,9,54,1,0,0,1,0,1,2,0,0.7071067811865476,-0.7071067811865475,0.9749279121818236,-0.2225209339563141,-1.0,-1.8369701987210294e-16
29,3106,3168,30,2020,5,15,19,46,2020,5,15,20,15,0,0,1,0,0,1,4,0,-0.9659258262890684,0.2588190451025203,-0.9749279121818236,-0.222520933956315,-0.4999999999999991,-0.8660254037844392
30,3326,3326,1,2025,4,14,11,51,2025,4,14,12,21,0,0,0,0,1,0,0,0,0.258819045102521,-0.9659258262890682,-0.4338837391175562,-0.90096886790242,-0.5000000000000004,0.8660254037844384
12,3212,3249,30,2021,10,9,8,51,2021,10,9,9,3,0,0,1,0,0,1,5,1,0.8660254037844387,-0.4999999999999998,0.7818314824680296,0.6234898018587337,-0.8660254037844385,-0.5000000000000004
8,3383,3124,30,2024,8,23,13,55,2024,8,23,14,3,0,0,1,0,0,1,4,0,-0.2588190451025208,-0.9659258262890684,-0.781831482468029,0.6234898018587346,0.5,0.8660254037844386
11,3361,3010,30,2025,1,26,14,31,2025,1,26,14,42,0,0,1,0,0,1,6,1,-0.4999999999999997,-0.8660254037844388,-4.898587196589413e-16,1.0,0.8660254037844384,0.5000000000000004
8,3078,3340,30,2023,12,1,16,48,2023,12,1,16,56,1,0,1,0,0,1,4,0,-0.8660254037844385,-0.5000000000000004,0.9749279121818236,-0.2225209339563138,0.8660254037844392,-0.4999999999999992
21,3057,3318,1,2024,8,17,14,20,2024,8,17,14,41,1,0,0,0,1,1,5,1,-0.4999999999999997,-0.8660254037844388,-4.898587196589413e-16,1.0,0.8660254037844384,0.5000000000000004
6,3101,3099,365,2023,2,26,20,45,2023,2,26,20,51,0,0,0,1,0,1,6,1,-0.8660254037844386,0.5000000000000001,-0.7818314824680302,0.6234898018587329,-0.8660254037844387,-0.4999999999999998
38,3185,3047,30,2025,5,25,19,29,2025,5,25,20,7,0,0,1,0,0,1,6,1,-0.9659258262890684,0.2588190451025203,-0.9749279121818236,-0.222520933956315,-0.4999999999999991,-0.8660254037844392
4,3032,3020,30,2024,9,8,5,31,2024,9,8,5,35,1,0,1,0,0,1,6,1,0.9659258262890684,0.2588190451025207,-0.9749279121818236,-0.2225209339563146,0.4999999999999999,-0.8660254037844387
6,3255,3068,30,2023,10,3,22,16,2023,10,3,22,22,1,0,1,0,0,1,1,0,-0.5000000000000004,0.8660254037844384,0.7818314824680271,0.6234898018587369,-0.8660254037844392,0.4999999999999991
3,3304,3238,365,2023,10,25,8,14,2023,10,25,8,17,1,0,0,1,0,1,2,0,0.8660254037844387,-0.4999999999999998,0.7818314824680296,0.6234898018587337,-0.8660254037844385,-0.5000000000000004
12,3108,3028,30,2021,7,20,17,5,2021,7,20,17,16,1,0,1,0,0,1,1,0,-0.9659258262890684,-0.2588190451025206,0.433883739117557,-0.9009688679024196,0.4999999999999998,-0.8660254037844388
21,3304,3022,30,2023,6,25,12,52,2023,6,25,13,13,0,0,1,0,0,1,6,1,1.2246467991473532e-16,-1.0,-0.9749279121818236,-0.2225209339563148,-2.4492935982947064e-16,1.0
16,3040,3207,30,2023,4,18,12,6,2023,4,18,12,22,1,0,1,0,0,1,1,0,1.2246467991473532e-16,-1.0,-0.9749279121818236,-0.2225209339563148,-2.4492935982947064e-16,1.0
7,3169,3052,30,2021,7,24,10,26,2021,7,24,10,33,0,0,1,0,0,1,5,1,0.4999999999999999,-0.8660254037844387,0.4338837391175584,-0.9009688679024188,-0.8660254037844386,0.5000000000000001
9,3069,3010,30,2020,7,20,11,46,2020,7,20,11,55,1,0,1,0,0,1,0,0,0.258819045102521,-0.9659258262890682,-0.4338837391175562,-0.90096886790242,-0.5000000000000004,0.8660254037844384
4,3244,3360,365,2025,4,14,20,29,2025,4,14,20,33,1,0,0,1,0,1,0,0,-0.8660254037844386,0.5000000000000001,-0.7818314824680302,0.6234898018587329,-0.8660254037844387,-0.4999999999999998
5,3167,3007,30,2022,10,18,18,53,2022,10,18,18,58,0,0,1,0,0,1,1,0,-1.0,-1.8369701987210294e-16,-0.4338837391175575,-0.9009688679024194,3.673940397442059e-16,-1.0
10,3345,3185,30,2024,7,17,16,41,2024,7,17,16,51,1,0,1,0,0,1,2,0,-0.8660254037844385,-0.5000000000000004,0.9749279121818236,-0.2225209339563138,0.8660254037844392,-0.4999999999999992
33,3374,3390,30,2025,6,21,18,41,2025,6,21,19,14,0,0,1,0,0,1,5,1,-1.0,-1.8369701987210294e-16,-0.4338837391175575,-0.9009688679024194,3.673940397442059e-16,-1.0
21,3168,3167,30,2022,9,23,14,16,2022,9,23,14,37,0,0,1,0,0,1,4,0,-0.4999999999999997,-0.8660254037844388,-4.898587196589413e-16,1.0,0.8660254037844384,0.5000000000000004
11,3021,3046,30,2022,6,26,22,46,2022,6,26,22,57,0,0,1,0,0,1,6,1,-0.5000000000000004,0.8660254037844384,0.7818314824680271,0.6234898018587369,-0.8660254037844392,0.4999999999999991
23,3031,3346,30,2025,10,5,18,16,2025,10,5,18,39,0,0,1,0,0,1,6,1,-1.0,-1.8369701987210294e-16,-0.4338837391175575,-0.9009688679024194,3.673940397442059e-16,-1.0
13,3248,3007,30,2023,7,20,17,58,2023,7,20,18,11,1,0,1,0,0,1,3,0,-0.9659258262890684,-0.2588190451025206,0.433883739117557,-0.9009688679024196,0.4999999999999998,-0.8660254037844388
9,3045,3235,30,2023,1,4,17,46,2023,1,4,17,55,1,0,1,0,0,1,2,0,-0.9659258262890684,-0.2588190451025206,0.433883739117557,-0.9009688679024196,0.4999999999999998,-0.8660254037844388
31,3157,3008,30,2022,10,19,21,0,2022,10,19,21,31,0,0,1,0,0,1,2,0,-0.7071067811865477,0.7071067811865474,-7.34788079488412e-16,1.0,-1.0,-4.286263797015736e-16
29,3049,3049,30,2020,9,2,8,30,2020,9,2,8,59,0,0,1,0,0,0,2,0,0.8660254037844387,-0.4999999999999998,0.7818314824680296,0.6234898018587337,-0.8660254037844385,-0.5000000000000004
9,3043,3267,30,2023,3,19,14,11,2023,3,19,14,20,1,0,1,0,0,1,6,1,-0.4999999999999997,-0.8660254037844388,-4.898587196589413e-16,1.0,0.8660254037844384,0.5000000000000004
25,3040,3341,365,2024,12,16,18,1,2024,12,16,18,26,0,0,0,1,0,1,0,0,-1.0,-1.8369701987210294e-16,-0.4338837391175575,-0.9009688679024194,3.673940397442059e-16,-1.0
11,3359,3373,30,2025,7,20,0,58,2025,7,20,1,9,1,0,1,0,0,1,6,1,0.0,1.0,0.0,1.0,0.0,1.0
17,3028,3041,30,2023,8,13,14,1,2023,8,13,14,18,0,0,1,0,0,1,6,1,-0.4999999999999997,-0.8660254037844388,-4.898587196589413e-16,1.0,0.8660254037844384,0.5000000000000004
34,3114,3114,1,2020,8,8,14,34,2020,8,8,15,8,0,1,0,0,0,0,5,1,-0.4999999999999997,-0.8660254037844388,-4.898587196589413e-16,1.0,0.8660254037844384,0.5000000000000004
4,3046,3026,30,2022,8,29,16,21,2022,8,29,16,25,1,0,1,0,0,1,0,0,-0.8660254037844385,-0.5000000000000004,0.9749279121818236,-0.2225209339563138,0.8660254037844392,-0.4999999999999992
45,3167,3167,30,2022,6,8,13,22,2022,6,8,14,7,0,0,1,0,0,0,2,0,-0.2588190451025208,-0.9659258262890684,-0.781831482468029,0.6234898018587346,0.5,0.8660254037844386
8,3064,3256,30,2024,9,4,20,48,2024,9,4,20,56,1,0,1,0,0,1,2,0,-0.8660254037844386,0.5000000000000001,-0.7818314824680302,0.6234898018587329,-0.8660254037844387,-0.4999999999999998
10,3123,3051,30,2024,8,2,16,29,2024,8,2,16,39,0,0,1,0,0,1,4,0,-0.8660254037844385,-0.5000000000000004,0.9749279121818236,-0.2225209339563138,0.8660254037844392,-0.4999999999999992
3,3125,3010,30,2025,6,9,6,49,2025,6,9,6,52,0,0,1,0,0,1,0,0,1.0,6.123233995736766e-17,-0.7818314824680299,0.6234898018587334,1.2246467991473532e-16,-1.0
7,3395,3098,30,2024,10,9,14,43,2024,10,9,14,50,1,0,1,0,0,1,2,0,-0.4999999999999997,-0.8660254037844388,-4.898587196589413e-16,1.0,0.8660254037844384,0.5000000000000004
8,3204,3051,365,2021,9,22,11,50,2021,9,22,11,58,0,0,0,1,0,1,2,0,0.258819045102521,-0.9659258262890682,-0.4338837391175562,-0.90096886790242,-0.5000000000000004,0.8660254037844384
10,3294,3054,1,2026,3,7,13,44,2026,3,7,13,54,0,1,0,0,0,1,5,1,-0.2588190451025208,-0.9659258262890684,-0.781831482468029,0.6234898018587346,0.5,0.8660254037844386
22,3068,3361,30,2024,9,18,14,41,2024,9,18,15,3,1,0,1,0,0,1,2,0,-0.4999999999999997,-0.8660254037844388,-4.898587196589413e-16,1.0,0.8660254037844384,0.5000000000000004
14,3028,3192,1,2021,8,28,21,31,2021,8,28,21,45,1,1,0,0,0,1,5,1,-0.7071067811865477,0.7071067811865474,-7.34788079488412e-16,1.0,-1.0,-4.286263797015736e-16
14,3050,3043,30,2022,4,1,16,37,2022,4,1,16,51,1,0,1,0,0,1,4,0,-0.8660254037844385,-0.5000000000000004,0.9749279121818236,-0.2225209339563138,0.8660254037844392,-0.4999999999999992
13,3164,3248,30,2021,10,20,16,7,2021,10,20,16,20,0,0,1,0,0,1,2,0,-0.8660254037844385,-0.5000000000000004,0.9749279121818236,-0.2225209339563138,0.8660254037844392,-0.4999999999999992
16,3078,3006,30,2021,4,17,13,33,2021,4,17,13,49,0,0,1,0,0,1,5,1,-0.2588190451025208,-0.9659258262890684,-0.781831482468029,0.6234898018587346,0.5,0.8660254037844386
11,3064,3208,30,2023,5,3,10,13,2023,5,3,10,24,1,0,1,0,0,1,2,0,0.4999999999999999,-0.8660254037844387,0.4338837391175584,-0.9009688679024188,-0.8660254037844386,0.5000000000000001
12,3101,3197,30,2020,7,24,8,58,2020,7,24,9,10,0,0,1,0,0,1,4,0,0.8660254037844387,-0.4999999999999998,0.7818314824680296,0.6234898018587337,-0.8660254037844385,-0.5000000000000004
8,3010,3238,365,2024,5,13,15,4,2024,5,13,15,12,0,0,0,1,0,1,0,0,-0.7071067811865471,-0.7071067811865479,0.7818314824680284,0.6234898018587354,1.0,1.1943401194869637e-15
8,3064,3028,30,2025,10,4,13,3,2025,10,4,13,11,1,0,1,0,0,1,5,1,-0.2588190451025208,-0.9659258262890684,-0.781831482468029,0.6234898018587346,0.5,0.8660254037844386
7,3035,3057,30,2021,5,4,19,18,2021,5,4,19,25,0,0,1,0,0,1,1,0,-0.9659258262890684,0.2588190451025203,-0.9749279121818236,-0.222520933956315,-0.4999999999999991,-0.8660254037844392
9,3207,3162,365,2021,7,25,23,13,2021,7,25,23,22,1,0,0,1,0,1,6,1,-0.2588190451025215,0.965925826289068,0.9749279121818238,-0.2225209339563136,-0.5000000000000014,0.8660254037844378
18,3040,3235,1,2025,1,22,18,41,2025,1,22,18,59,1,0,0,0,1,1,2,0,-1.0,-1.8369701987210294e-16,-0.4338837391175575,-0.9009688679024194,3.673940397442059e-16,-1.0
14,3187,3051,30,2022,9,2,15,52,2022,9,2,16,6,1,0,1,0,0,1,4,0,-0.7071067811865471,-0.7071067811865479,0.7818314824680284,0.6234898018587354,1.0,1.1943401194869637e-15
8,3064,3099,30,2023,7,17,18,28,2023,7,17,18,36,1,0,1,0,0,1,0,0,-1.0,-1.8369701987210294e-16,-0.4338837391175575,-0.9009688679024194,3.673940397442059e-16,-1.0
5,3116,3061,365,2023,10,30,8,23,2023,10,30,8,28,1,0,0,1,0,1,0,0,0.8660254037844387,-0.4999999999999998,0.7818314824680296,0.6234898018587337,-0.8660254037844385,-0.5000000000000004
22,3185,3074,365,2022,5,30,10,49,2022,5,30,11,11,0,0,0,1,0,1,0,0,0.4999999999999999,-0.8660254037844387,0.4338837391175584,-0.9009688679024188,-0.8660254037844386,0.5000000000000001
8,3054,3161,365,2022,5,31,7,39,2022,5,31,7,47,0,0,0,1,0,1,1,0,0.9659258262890684,-0.2588190451025206,-2.4492935982947064e-16,1.0,-0.4999999999999997,-0.8660254037844388
6,3207,3256,365,2024,2,19,17,4,2024,2,19,17,10,0,0,0,1,0,1,0,0,-0.9659258262890684,-0.2588190451025206,0.433883739117557,-0.9009688679024196,0.4999999999999998,-0.8660254037844388
4,3098,3308,30,2024,7,18,10,6,2024,7,18,10,10,0,0,1,0,0,1,3,0,0.4999999999999999,-0.8660254037844387,0.4338837391175584,-0.9009688679024188,-0.8660254037844386,0.5000000000000001
9,3078,3162,365,2026,2,2,20,4,2026,2,2,20,13,0,0,0,1,0,1,0,0,-0.8660254037844386,0.5000000000000001,-0.7818314824680302,0.6234898018587329,-0.8660254037844387,-0.4999999999999998
7,3345,3124,30,2023,9,26,12,8,2023,9,26,12,15,1,0,1,0,0,1,1,0,1.2246467991473532e-16,-1.0,-0.9749279121818236,-0.2225209339563148,-2.4492935982947064e-16,1.0
13,3168,3009,365,2022,5,27,10,36,2022,5,27,10,49,0,0,0,1,0,1,4,0,0.4999999999999999,-0.8660254037844387,0.4338837391175584,-0.9009688679024188,-0.8660254037844386,0.5000000000000001
4,3020,3248,30,2023,2,26,20,13,2023,2,26,20,17,1,0,1,0,0,1,6,1,-0.8660254037844386,0.5000000000000001,-0.7818314824680302,0.6234898018587329,-0.8660254037844387,-0.4999999999999998
49,3154,3331,1,2025,10,4,12,19,2025,10,4,13,8,0,1,0,0,0,1,5,1,1.2246467991473532e-16,-1.0,-0.9749279121818236,-0.2225209339563148,-2.4492935982947064e-16,1.0
3,3187,3205,30,2020,2,27,16,10,2020,2,27,16,13,0,0,1,0,0,1,3,0,-0.8660254037844385,-0.5000000000000004,0.9749279121818236,-0.2225209339563138,0.8660254037844392,-0.4999999999999992
3,3235,3116,30,2022,4,5,18,4,2022,4,5,18,7,0,0,1,0,0,1,1,0,-1.0,-1.8369701987210294e-16,-0.4338837391175575,-0.9009688679024194,3.673940397442059e-16,-1.0
9,3015,3257,30,2022,9,8,17,2,2022,9,8,17,11,1,0,1,0,0,1,3,0,-0.9659258262890684,-0.2588190451025206,0.433883739117557,-0.9009688679024196,0.4999999999999998,-0.8660254037844388
16,3238,3208,365,2023,11,4,12,54,2023,11,4,13,10,0,0,0,1,0,1,5,1,1.2246467991473532e-16,-1.0,-0.9749279121818236,-0.2225209339563148,-2.4492935982947064e-16,1.0
18,3070,3205,30,2023,10,12,8,59,2023,10,12,9,17,1,0,1,0,0,1,3,0,0.8660254037844387,-0.4999999999999998,0.7818314824680296,0.6234898018587337,-0.8660254037844385,-0.5000000000000004
12,3007,3014,30,2021,9,14,15,42,2021,9,14,15,54,1,0,1,0,0,1,1,0,-0.7071067811865471,-0.7071067811865479,0.7818314824680284,0.6234898018587354,1.0,1.1943401194869637e-15
41,3123,3123,30,2021,10,8,13,37,2021,10,8,14,18,0,0,1,0,0,0,4,0,-0.2588190451025208,-0.9659258262890684,-0.781831482468029,0.6234898018587346,0.5,0.8660254037844386
5,3022,3116,30,2024,10,15,15,12,2024,10,15,15,17,1,0,1,0,0,1,1,0,-0.7071067811865471,-0.7071067811865479,0.7818314824680284,0.6234898018587354,1.0,1.1943401194869637e-15
4,3007,3185,30,2026,2,14,12,45,2026,2,14,12,49,0,0,1,0,0,1,5,1,1.2246467991473532e-16,-1.0,-0.9749279121818236,-0.2225209339563148,-2.4492935982947064e-16,1.0
6,3197,3068,30,2021,5,1,20,12,2021,5,1,20,18,1,0,1,0,0,1,5,1,-0.8660254037844386,0.5000000000000001,-0.7818314824680302,0.6234898018587329,-0.8660254037844387,-0.4999999999999998
6,3032,3125,1,2023,7,22,14,29,2023,7,22,14,35,0,1,0,0,0,1,5,1,-0.4999999999999997,-0.8660254037844388,-4.898587196589413e-16,1.0,0.8660254037844384,0.5000000000000004
9,3059,3031,365,2021,10,27,17,13,2021,10,27,17,22,1,0,0,1,0,1,2,0,-0.9659258262890684,-0.2588190451025206,0.433883739117557,-0.9009688679024196,0.4999999999999998,-0.8660254037844388
10,3037,3039,30,2021,2,9,18,26,2021,2,9,18,36,0,0,1,0,0,1,1,0,-1.0,-1.8369701987210294e-16,-0.4338837391175575,-0.9009688679024194,3.673940397442059e-16,-1.0
2,3005,3049,30,2025,10,28,22,55,2025,10,28,22,57,0,0,1,0,0,1,1,0,-0.5000000000000004,0.8660254037844384,0.7818314824680271,0.6234898018587369,-0.8660254037844392,0.4999999999999991
7,3007,3005,30,2024,6,15,13,15,2024,6,15,13,22,1,0,1,0,0,1,5,1,-0.2588190451025208,-0.9659258262890684,-0.781831482468029,0.6234898018587346,0.5,0.8660254037844386
4,3101,3015,30,2021,1,22,20,56,2021,1,22,21,0,1,0,1,0,0,1,4,0,-0.8660254037844386,0.5000000000000001,-0.7818314824680302,0.6234898018587329,-0.8660254037844387,-0.4999999999999998
11,3238,3034,365,2025,8,24,19,17,2025,8,24,19,28,0,0,0,1,0,1,6,1,-0.9659258262890684,0.2588190451025203,-0.9749279121818236,-0.222520933956315,-0.4999999999999991,-0.8660254037844392
12,3336,3125,365,2023,11,21,10,14,2023,11,21,10,26,1,0,0,1,0,1,1,0,0.4999999999999999,-0.8660254037844387,0.4338837391175584,-0.9009688679024188,-0.8660254037844386,0.5000000000000001
20,3006,3101,365,2024,5,30,11,58,2024,5,30,12,17,1,0,0,1,0,1,3,0,0.258819045102521,-0.9659258262890682,-0.4338837391175562,-0.90096886790242,-0.5000000000000004,0.8660254037844384
14,3124,3049,1,2023,9,2,17,18,2023,9,2,17,32,0,1,0,0,0,1,5,1,-0.9659258262890684,-0.2588190451025206,0.433883739117557,-0.9009688679024196,0.4999999999999998,-0.8660254037844388
13,3006,3053,30,2020,7,1,15,1,2020,7,1,15,14,1,0,1,0,0,1,2,0,-0.7071067811865471,-0.7071067811865479,0.7818314824680284,0.6234898018587354,1.0,1.1943401194869637e-15
18,3168,3197,30,2020,6,26,22,27,2020,6,26,22,45,0,0,1,0,0,1,4,0,-0.5000000000000004,0.8660254037844384,0.7818314824680271,0.6234898018587369,-0.8660254037844392,0.4999999999999991
8,3063,3028,365,2020,11,20,14,56,2020,11,20,15,4,0,0,0,1,0,1,4,0,-0.4999999999999997,-0.8660254037844388,-4.898587196589413e-16,1.0,0.8660254037844384,0.5000000000000004
35,3246,3160,30,2022,4,24,20,50,2022,4,24,21,25,1,0,1,0,0,1,6,1,-0.8660254037844386,0.5000000000000001,-0.7818314824680302,0.6234898018587329,-0.8660254037844387,-0.4999999999999998
10,3052,3034,30,2022,7,27,22,34,2022,7,27,22,44,1,0,1,0,0,1,2,0,-0.5000000000000004,0.8660254037844384,0.7818314824680271,0.6234898018587369,-0.8660254037844392,0.4999999999999991
3,3064,3360,30,2024,8,6,18,47,2024,8,6,18,50,1,0,1,0,0,1,1,0,-1.0,-1.8369701987210294e-16,-0.4338837391175575,-0.9009688679024194,3.673940397442059e-16,-1.0
53,3212,3057,1,2025,8,29,17,15,2025,8,29,18,8,0,1,0,0,0,1,4,0,-0.9659258262890684,-0.2588190451025206,0.433883739117557,-0.9009688679024196,0.4999999999999998,-0.8660254037844388
5,3029,3011,30,2021,9,14,12,11,2021,9,14,12,16,1,0,1,0,0,1,1,0,1.2246467991473532e-16,-1.0,-0.9749279121818236,-0.2225209339563148,-2.4492935982947064e-16,1.0
6,3164,3099,365,2026,2,27,9,21,2026,2,27,9,27,1,0,0,1,0,1,4,0,0.7071067811865476,-0.7071067811865475,0.9749279121818236,-0.2225209339563141,-1.0,-1.8369701987210294e-16
2,3009,3009,30,2023,5,10,7,48,2023,5,10,7,50,1,0,1,0,0,0,2,0,0.9659258262890684,-0.2588190451025206,-2.4492935982947064e-16,1.0,-0.4999999999999997,-0.8660254037844388
25,3057,3212,30,2022,5,23,13,49,2022,5,23,14,14,0,0,1,0,0,1,0,0,-0.2588190451025208,-0.9659258262890684,-0.781831482468029,0.6234898018587346,0.5,0.8660254037844386
52,3055,3169,30,2021,3,3,12,59,2021,3,3,13,51,0,0,1,0,0,1,2,0,1.2246467991473532e-16,-1.0,-0.9749279121818236,-0.2225209339563148,-2.4492935982947064e-16,1.0
6,3304,3072,30,2023,5,27,21,29,2023,5,27,21,35,0,0,1,0,0,1,5,1,-0.7071067811865477,0.7071067811865474,-7.34788079488412e-16,1.0,-1.0,-4.286263797015736e-16
9,3304,3072,365,2025,3,28,13,47,2025,3,28,13,56,1,0,0,1,0,1,4,0,-0.2588190451025208,-0.9659258262890684,-0.781831482468029,0.6234898018587346,0.5,0.8660254037844386
5,3213,3010,30,2025,9,22,13,40,2025,9,22,13,45,1,0,1,0,0,1,0,0,-0.2588190451025208,-0.9659258262890684,-0.781831482468029,0.6234898018587346,0.5,0.8660254037844386
11,3168,3074,30,2025,9,20,14,41,2025,9,20,14,52,1,0,1,0,0,1,5,1,-0.4999999999999997,-0.8660254037844388,-4.898587196589413e-16,1.0,0.8660254037844384,0.5000000000000004
4,3212,3054,365,2020,12,15,16,46,2020,12,15,16,50,1,0,0,1,0,1,1,0,-0.8660254037844385,-0.5000000000000004,0.9749279121818236,-0.2225209339563138,0.8660254037844392,-0.4999999999999992
25,3208,3185,30,2024,9,12,7,52,2024,9,12,8,17,1,0,1,0,0,1,3,0,0.9659258262890684,-0.2588190451025206,-2.4492935982947064e-16,1.0,-0.4999999999999997,-0.8660254037844388
8,3032,3159,30,2024,5,3,7,14,2024,5,3,7,22,1,0,1,0,0,1,4,0,0.9659258262890684,-0.2588190451025206,-2.4492935982947064e-16,1.0,-0.4999999999999997,-0.8660254037844388
10,3207,3209,30,2022,4,6,18,36,2022,4,6,18,46,1,0,1,0,0,1,2,0,-1.0,-1.8369701987210294e-16,-0.4338837391175575,-0.9009688679024194,3.673940397442059e-16,-1.0
4,3336,3022,30,2023,7,5,15,58,2023,7,5,16,2,0,0,1,0,0,1,2,0,-0.7071067811865471,-0.7071067811865479,0.7818314824680284,0.6234898018587354,1.0,1.1943401194869637e-15
13,3022,3007,365,2024,8,6,17,17,2024,8,6,17,30,0,0,0,1,0,1,1,0,-0.9659258262890684,-0.2588190451025206,0.433883739117557,-0.9009688679024196,0.4999999999999998,-0.8660254037844388
9,3072,3385,30,2025,7,11,14,54,2025,7,11,15,3,1,0,1,0,0,1,4,0,-0.4999999999999997,-0.8660254037844388,-4.898587196589413e-16,1.0,0.8660254037844384,0.5000000000000004
11,3190,3207,30,2020,9,19,7,43,2020,9,19,7,54,0,0,1,0,0,1,5,1,0.9659258262890684,-0.2588190451025206,-2.4492935982947064e-16,1.0,-0.4999999999999997,-0.8660254037844388
29,3055,3277,30,2023,8,15,23,35,2023,8,16,0,4,1,0,1,0,0,1,1,0,-0.2588190451025215,0.965925826289068,0.9749279121818238,-0.2225209339563136,-0.5000000000000014,0.8660254037844378
14,3020,3244,365,2021,12,11,18,16,2021,12,11,18,30,0,0,0,1,0,1,5,1,-1.0,-1.8369701987210294e-16,-0.4338837391175575,-0.9009688679024194,3.673940397442059e-16,-1.0
7,3192,3046,30,2021,9,2,11,21,2021,9,2,11,28,1,0,1,0,0,1,3,0,0.258819045102521,-0.9659258262890682,-0.4338837391175562,-0.90096886790242,-0.5000000000000004,0.8660254037844384
6,3163,3208,365,2021,8,2,6,47,2021,8,2,6,53,1,0,0,1,0,1,0,0,1.0,6.123233995736766e-17,-0.7818314824680299,0.6234898018587334,1.2246467991473532e-16,-1.0
13,3033,3068,30,2022,3,11,12,37,2022,3,11,12,50,0,0,1,0,0,1,4,0,1.2246467991473532e-16,-1.0,-0.9749279121818236,-0.2225209339563148,-2.4492935982947064e-16,1.0
6,3006,3074,30,2021,3,15,16,49,2021,3,15,16,55,0,0,1,0,0,1,0,0,-0.8660254037844385,-0.5000000000000004,0.9749279121818236,-0.2225209339563138,0.8660254037844392,-0.4999999999999992
13,3348,3008,30,2023,11,1,8,52,2023,11,1,9,5,1,0,1,0,0,1,2,0,0.8660254037844387,-0.4999999999999998,0.7818314824680296,0.6234898018587337,-0.8660254037844385,-0.5000000000000004
4,3155,3238,365,2025,5,10,16,10,2025,5,10,16,14,1,0,0,1,0,1,5,1,-0.8660254037844385,-0.5000000000000004,0.9749279121818236,-0.2225209339563138,0.8660254037844392,-0.4999999999999992
7,3249,3422,30,2025,10,1,17,29,2025,10,1,17,36,0,0,1,0,0,1,2,0,-0.9659258262890684,-0.2588190451025206,0.433883739117557,-0.9009688679024196,0.4999999999999998,-0.8660254037844388
4,3110,3124,365,2025,8,16,18,15,2025,8,16,18,19,0,0,0,1,0,1,5,1,-1.0,-1.8369701987210294e-16,-0.4338837391175575,-0.9009688679024194,3.673940397442059e-16,-1.0
6,3104,3208,365,2026,3,4,10,58,2026,3,4,11,4,1,0,0,1,0,1,2,0,0.4999999999999999,-0.8660254037844387,0.4338837391175584,-0.9009688679024188,-0.8660254037844386,0.5000000000000001
14,3021,3121,30,2021,6,1,18,20,2021,6,1,18,34,0,0,1,0,0,1,1,0,-1.0,-1.8369701987210294e-16,-0.4338837391175575,-0.9009688679024194,3.673940397442059e-16,-1.0
4,3114,3203,30,2021,5,15,8,15,2021,5,15,8,19,0,0,1,0,0,1,5,1,0.8660254037844387,-0.4999999999999998,0.7818314824680296,0.6234898018587337,-0.8660254037844385,-0.5000000000000004
4,3159,3020,30,2021,12,6,8,22,2021,12,6,8,26,1,0,1,0,0,1,0,0,0.8660254037844387,-0.4999999999999998,0.7818314824680296,0.6234898018587337,-0.8660254037844385,-0.5000000000000004
17,3059,3088,30,2024,7,31,20,36,2024,7,31,20,53,0,0,1,0,0,1,2,0,-0.8660254037844386,0.5000000000000001,-0.7818314824680302,0.6234898018587329,-0.8660254037844387,-0.4999999999999998
9,3207,3168,30,2022,10,31,17,26,2022,10,31,17,35,1,0,1,0,0,1,0,0,-0.9659258262890684,-0.2588190451025206,0.433883739117557,-0.9009688679024196,0.4999999999999998,-0.8660254037844388
9,3066,3264,365,2023,10,30,8,12,2023,10,30,8,21,0,0,0,1,0,1,0,0,0.8660254037844387,-0.4999999999999998,0.7818314824680296,0.6234898018587337,-0.8660254037844385,-0.5000000000000004
11,3167,3034,30,2021,9,3,18,13,2021,9,3,18,24,0,0,1,0,0,1,4,0,-1.0,-1.8369701987210294e-16,-0.4338837391175575,-0.9009688679024194,3.673940397442059e-16,-1.0
8,3075,3330,365,2023,9,21,7,23,2023,9,21,7,31,1,0,0,1,0,1,3,0,0.9659258262890684,-0.2588190451025206,-2.4492935982947064e-16,1.0,-0.4999999999999997,-0.8660254037844388
15,3055,3187,30,2022,6,18,16,42,2022,6,18,16,57,0,0,1,0,0,1,5,1,-0.8660254037844385,-0.5000000000000004,0.9749279121818236,-0.2225209339563138,0.8660254037844392,-0.4999999999999992
12,3063,3100,30,2024,8,18,22,42,2024,8,18,22,54,1,0,1,0,0,1,6,1,-0.5000000000000004,0.8660254037844384,0.7818314824680271,0.6234898018587369,-0.8660254037844392,0.4999999999999991
4,3101,3052,30,2023,5,25,14,57,2023,5,25,15,1,1,0,1,0,0,1,3,0,-0.4999999999999997,-0.8660254037844388,-4.898587196589413e-16,1.0,0.8660254037844384,0.5000000000000004
8,3033,3069,365,2025,7,15,7,2,2025,7,15,7,10,1,0,0,1,0,1,1,0,0.9659258262890684,-0.2588190451025206,-2.4492935982947064e-16,1.0,-0.4999999999999997,-0.8660254037844388
6,3170,3063,30,2020,8,11,9,59,2020,8,11,10,5,0,0,1,0,0,1,1,0,0.7071067811865476,-0.7071067811865475,0.9749279121818236,-0.2225209339563141,-1.0,-1.8369701987210294e-16
12,3033,3387,365,2025,11,25,12,26,2025,11,25,12,38,1,0,0,1,0,1,1,0,1.2246467991473532e-16,-1.0,-0.9749279121818236,-0.2225209339563148,-2.4492935982947064e-16,1.0
46,3246,3000,365,2025,11,10,8,5,2025,11,10,8,51,1,0,0,1,0,1,0,0,0.8660254037844387,-0.4999999999999998,0.7818314824680296,0.6234898018587337,-0.8660254037844385,-0.5000000000000004
9,3032,3006,365,2023,6,21,7,14,2023,6,21,7,23,1,0,0,1,0,1,2,0,0.9659258262890684,-0.2588190451025206,-2.4492935982947064e-16,1.0,-0.4999999999999997,-0.8660254037844388
6,3164,3100,30,2023,10,22,21,0,2023,10,22,21,6,1,0,1,0,0,1,6,1,-0.7071067811865477,0.7071067811865474,-7.34788079488412e-16,1.0,-1.0,-4.286263797015736e-16
13,3161,3318,1,2025,4,10,6,53,2025,4,10,7,6,1,1,0,0,0,1,3,0,1.0,6.123233995736766e-17,-0.7818314824680299,0.6234898018587334,1.2246467991473532e-16,-1.0
9,3190,3018,30,2021,2,16,11,19,2021,2,16,11,28,0,0,1,0,0,1,1,0,0.258819045102521,-0.9659258262890682,-0.4338837391175562,-0.90096886790242,-0.5000000000000004,0.8660254037844384
34,3185,3035,365,2025,7,10,16,6,2025,7,10,16,40,1,0,0,1,0,1,3,0,-0.8660254037844385,-0.5000000000000004,0.9749279121818236,-0.2225209339563138,0.8660254037844392,-0.4999999999999992
11,3049,3101,30,2025,9,7,15,16,2025,9,7,15,27,0,0,1,0,0,1,6,1,-0.7071067811865471,-0.7071067811865479,0.7818314824680284,0.6234898018587354,1.0,1.1943401194869637e-15
10,3061,3063,365,2024,4,25,20,19,2024,4,25,20,29,0,0,0,1,0,1,3,0,-0.8660254037844386,0.5000000000000001,-0.7818314824680302,0.6234898018587329,-0.8660254037844387,-0.4999999999999998
10,3168,3346,30,2023,9,28,21,0,2023,9,28,21,10,0,0,1,0,0,1,3,0,-0.7071067811865477,0.7071067811865474,-7.34788079488412e-16,1.0,-1.0,-4.286263797015736e-16
11,3120,3336,365,2023,7,27,16,49,2023,7,27,17,0,1,0,0,1,0,1,3,0,-0.8660254037844385,-0.5000000000000004,0.9749279121818236,-0.2225209339563138,0.8660254037844392,-0.4999999999999992
10,3211,3061,30,2020,2,17,9,37,2020,2,17,9,47,0,0,1,0,0,1,0,0,0.7071067811865476,-0.7071067811865475,0.9749279121818236,-0.2225209339563141,-1.0,-1.8369701987210294e-16
52,3007,3078,30,2025,5,28,22,25,2025,5,28,23,17,0,0,1,0,0,1,2,0,-0.5000000000000004,0.8660254037844384,0.7818314824680271,0.6234898018587369,-0.8660254037844392,0.4999999999999991
9,3185,3101,365,2025,2,24,12,3,2025,2,24,12,12,0,0,0,1,0,1,0,0,1.2246467991473532e-16,-1.0,-0.9749279121818236,-0.2225209339563148,-2.4492935982947064e-16,1.0
12,3204,3163,365,2023,6,11,15,6,2023,6,11,15,18,0,0,0,1,0,1,6,1,-0.7071067811865471,-0.7071067811865479,0.7818314824680284,0.6234898018587354,1.0,1.1943401194869637e-15
34,3037,3154,1,2025,10,2,17,57,2025,10,2,18,31,1,1,0,0,0,1,3,0,-0.9659258262890684,-0.2588190451025206,0.433883739117557,-0.9009688679024196,0.4999999999999998,-0.8660254037844388
6,3061,3205,365,2024,2,9,17,11,2024,2,9,17,17,1,0,0,1,0,1,4,0,-0.9659258262890684,-0.2588190451025206,0.433883739117557,-0.9009688679024196,0.4999999999999998,-0.8660254037844388
5,3160,3000,30,2024,8,23,17,30,2024,8,23,17,35,0,0,1,0,0,1,4,0,-0.9659258262890684,-0.2588190451025206,0.433883739117557,-0.9009688679024196,0.4999999999999998,-0.8660254037844388
5,3185,3264,365,2025,8,17,7,18,2025,8,17,7,23,0,0,0,1,0,1,6,1,0.9659258262890684,-0.2588190451025206,-2.4492935982947064e-16,1.0,-0.4999999999999997,-0.8660254037844388
3,3203,3012,30,2020,10,4,13,53,2020,10,4,13,56,1,0,1,0,0,1,6,1,-0.2588190451025208,-0.9659258262890684,-0.781831482468029,0.6234898018587346,0.5,0.8660254037844386
26,3028,3100,365,2026,1,1,20,15,2026,1,1,20,41,1,0,0,1,0,1,3,0,-0.8660254037844386,0.5000000000000001,-0.7818314824680302,0.6234898018587329,-0.8660254037844387,-0.4999999999999998
5,3226,3153,365,2023,8,31,11,28,2023,8,31,11,33,1,0,0,1,0,1,3,0,0.258819045102521,-0.9659258262890682,-0.4338837391175562,-0.90096886790242,-0.5000000000000004,0.8660254037844384
45,3064,3064,30,2020,6,19,12,35,2020,6,19,13,20,0,0,1,0,0,0,4,0,1.2246467991473532e-16,-1.0,-0.9749279121818236,-0.2225209339563148,-2.4492935982947064e-16,1.0
38,3202,3202,30,2022,6,28,18,13,2022,6,28,18,51,0,0,1,0,0,0,1,0,-1.0,-1.8369701987210294e-16,-0.4338837391175575,-0.9009688679024194,3.673940397442059e-16,-1.0
22,3071,3078,30,2023,3,5,18,13,2023,3,5,18,35,0,0,1,0,0,1,6,1,-1.0,-1.8369701987210294e-16,-0.4338837391175575,-0.9009688679024194,3.673940397442059e-16,-1.0
3,3101,3304,30,2023,11,12,16,39,2023,11,12,16,42,1,0,1,0,0,1,6,1,-0.8660254037844385,-0.5000000000000004,0.9749279121818236,-0.2225209339563138,0.8660254037844392,-0.4999999999999992
11,3050,3116,30,2022,11,17,17,32,2022,11,17,17,43,0,0,1,0,0,1,3,0,-0.9659258262890684,-0.2588190451025206,0.433883739117557,-0.9009688679024196,0.4999999999999998,-0.8660254037844388
14,3026,3333,365,2024,9,4,8,2,2024,9,4,8,16,0,0,0,1,0,1,2,0,0.8660254037844387,-0.4999999999999998,0.7818314824680296,0.6234898018587337,-0.8660254037844385,-0.5000000000000004
11,3035,3021,30,2022,9,12,15,18,2022,9,12,15,29,1,0,1,0,0,1,0,0,-0.7071067811865471,-0.7071067811865479,0.7818314824680284,0.6234898018587354,1.0,1.1943401194869637e-15
10,3005,3382,365,2026,2,20,18,8,2026,2,20,18,18,0,0,0,1,0,1,4,0,-1.0,-1.8369701987210294e-16,-0.4338837391175575,-0.9009688679024194,3.673940397442059e-16,-1.0
20,3207,3295,30,2026,1,14,16,38,2026,1,14,16,58,1,0,1,0,0,1,2,0,-0.8660254037844385,-0.5000000000000004,0.9749279121818236,-0.2225209339563138,0.8660254037844392,-0.4999999999999992
7,3028,3363,30,2025,3,27,22,17,2025,3,27,22,25,1,0,1,0,0,1,3,0,-0.5000000000000004,0.8660254037844384,0.7818314824680271,0.6234898018587369,-0.8660254037844392,0.4999999999999991
14,3021,3104,30,2020,9,5,1,42,2020,9,5,1,55,1,0,1,0,0,1,5,1,0.2588190451025207,0.9659258262890684,0.7818314824680298,0.6234898018587336,0.4999999999999999,0.8660254037844387
10,3066,3238,365,2023,6,5,9,39,2023,6,5,9,49,0,0,0,1,0,1,0,0,0.7071067811865476,-0.7071067811865475,0.9749279121818236,-0.2225209339563141,-1.0,-1.8369701987210294e-16
10,3244,3018,30,2021,8,24,21,5,2021,8,24,21,15,0,0,1,0,0,1,1,0,-0.7071067811865477,0.7071067811865474,-7.34788079488412e-16,1.0,-1.0,-4.286263797015736e-16
10,3051,3009,30,2020,1,10,11,37,2020,1,10,11,47,1,0,1,0,0,1,4,0,0.258819045102521,-0.9659258262890682,-0.4338837391175562,-0.90096886790242,-0.5000000000000004,0.8660254037844384
13,3088,3033,365,2024,7,30,18,29,2024,7,30,18,42,1,0,0,1,0,1,1,0,-1.0,-1.8369701987210294e-16,-0.4338837391175575,-0.9009688679024194,3.673940397442059e-16,-1.0
2,3254,3245,365,2023,7,6,10,22,2023,7,6,10,24,1,0,0,1,0,1,3,0,0.4999999999999999,-0.8660254037844387,0.4338837391175584,-0.9009688679024188,-0.8660254037844386,0.5000000000000001
9,3061,3012,365,2023,11,13,13,43,2023,11,13,13,53,0,0,0,1,0,1,0,0,-0.2588190451025208,-0.9659258262890684,-0.781831482468029,0.6234898018587346,0.5,0.8660254037844386
14,3363,3047,30,2024,8,2,22,30,2024,8,2,22,44,1,0,1,0,0,1,4,0,-0.5000000000000004,0.8660254037844384,0.7818314824680271,0.6234898018587369,-0.8660254037844392,0.4999999999999991
15,3161,3246,30,2024,10,5,2,21,2024,10,5,2,36,1,0,1,0,0,1,5,1,0.4999999999999999,0.8660254037844387,0.9749279121818236,-0.2225209339563143,0.8660254037844386,0.5000000000000001
12,3037,3169,30,2020,11,29,13,26,2020,11,29,13,38,0,0,1,0,0,1,6,1,-0.2588190451025208,-0.9659258262890684,-0.781831482468029,0.6234898018587346,0.5,0.8660254037844386
21,3408,3250,365,2026,3,3,8,4,2026,3,3,8,25,1,0,0,1,0,1,1,0,0.8660254037844387,-0.4999999999999998,0.7818314824680296,0.6234898018587337,-0.8660254037844385,-0.5000000000000004
5,3059,3286,30,2023,10,19,13,40,2023,10,19,13,45,1,0,1,0,0,1,3,0,-0.2588190451025208,-0.9659258262890684,-0.781831482468029,0.6234898018587346,0.5,0.8660254037844386
18,3113,3032,365,2022,8,13,14,23,2022,8,13,14,41,0,0,0,1,0,1,5,1,-0.4999999999999997,-0.8660254037844388,-4.898587196589413e-16,1.0,0.8660254037844384,0.5000000000000004
54,3110,3110,1,2020,4,2,16,59,2020,4,2,17,53,0,1,0,0,0,0,3,0,-0.8660254037844385,-0.5000000000000004,0.9749279121818236,-0.2225209339563138,0.8660254037844392,-0.4999999999999992
19,3162,3047,30,2025,6,22,13,4,2025,6,22,13,23,0,0,1,0,0,1,6,1,-0.2588190451025208,-0.9659258262890684,-0.781831482468029,0.6234898018587346,0.5,0.8660254037844386
8,3005,3400,1,2025,9,27,17,21,2025,9,27,17,29,1,1,0,0,0,1,5,1,-0.9659258262890684,-0.2588190451025206,0.433883739117557,-0.9009688679024196,0.4999999999999998,-0.8660254037844388
13,3054,3059,30,2020,9,9,19,15,2020,9,9,19,28,1,0,1,0,0,1,2,0,-0.9659258262890684,0.2588190451025203,-0.9749279121818236,-0.222520933956315,-0.4999999999999991,-0.8660254037844392
5,3071,3212,30,2020,9,14,12,28,2020,9,14,12,33,0,0,1,0,0,1,0,0,1.2246467991473532e-16,-1.0,-0.9749279121818236,-0.2225209339563148,-2.4492935982947064e-16,1.0
14,3007,3157,30,2021,7,14,16,27,2021,7,14,16,41,0,0,1,0,0,1,2,0,-0.8660254037844385,-0.5000000000000004,0.9749279121818236,-0.2225209339563138,0.8660254037844392,-0.4999999999999992
9,3029,3119,30,2023,7,18,18,43,2023,7,18,18,52,0,0,1,0,0,1,1,0,-1.0,-1.8369701987210294e-16,-0.4338837391175575,-0.9009688679024194,3.673940397442059e-16,-1.0
9,3208,3024,30,2021,9,29,13,0,2021,9,29,13,9,0,0,1,0,0,1,2,0,-0.2588190451025208,-0.9659258262890684,-0.781831482468029,0.6234898018587346,0.5,0.8660254037844386
15,3041,3185,30,2025,8,15,17,14,2025,8,15,17,29,1,0,1,0,0,1,4,0,-0.9659258262890684,-0.2588190451025206,0.433883739117557,-0.9009688679024196,0.4999999999999998,-0.8660254037844388
18,3030,3166,30,2025,9,19,14,55,2025,9,19,15,13,1,0,1,0,0,1,4,0,-0.4999999999999997,-0.8660254037844388,-4.898587196589413e-16,1.0,0.8660254037844384,0.5000000000000004
10,3371,3334,365,2025,5,9,15,6,2025,5,9,15,16,0,0,0,1,0,1,4,0,-0.7071067811865471,-0.7071067811865479,0.7818314824680284,0.6234898018587354,1.0,1.1943401194869637e-15
5,3007,3201,365,2021,10,21,8,7,2021,10,21,8,12,1,0,0,1,0,1,3,0,0.8660254037844387,-0.4999999999999998,0.7818314824680296,0.6234898018587337,-0.8660254037844385,-0.5000000000000004
3,3190,3182,30,2022,11,23,14,59,2022,11,23,15,2,1,0,1,0,0,1,2,0,-0.4999999999999997,-0.8660254037844388,-4.898587196589413e-16,1.0,0.8660254037844384,0.5000000000000004
6,3203,3359,365,2024,5,1,11,50,2024,5,1,11,56,1,0,0,1,0,1,2,0,0.258819045102521,-0.9659258262890682,-0.4338837391175562,-0.90096886790242,-0.5000000000000004,0.8660254037844384
15,3009,3055,30,2024,6,28,8,20,2024,6,28,8,35,0,0,1,0,0,1,4,0,0.8660254037844387,-0.4999999999999998,0.7818314824680296,0.6234898018587337,-0.8660254037844385,-0.5000000000000004
31,3157,3017,30,2025,2,1,15,18,2025,2,1,15,49,0,0,1,0,0,1,5,1,-0.7071067811865471,-0.7071067811865479,0.7818314824680284,0.6234898018587354,1.0,1.1943401194869637e-15
9,3382,3052,30,2025,4,15,9,5,2025,4,15,9,14,0,0,1,0,0,1,1,0,0.7071067811865476,-0.7071067811865475,0.9749279121818236,-0.2225209339563141,-1.0,-1.8369701987210294e-16
17,3052,3322,30,2024,6,6,12,35,2024,6,6,12,52,0,0,1,0,0,1,3,0,1.2246467991473532e-16,-1.0,-0.9749279121818236,-0.2225209339563148,-2.4492935982947064e-16,1.0
3,3152,3159,365,2023,10,12,8,56,2023,10,12,8,59,1,0,0,1,0,1,3,0,0.8660254037844387,-0.4999999999999998,0.7818314824680296,0.6234898018587337,-0.8660254037844385,-0.5000000000000004
7,3032,3010,30,2025,4,23,6,17,2025,4,23,6,24,0,0,1,0,0,1,2,0,1.0,6.123233995736766e-17,-0.7818314824680299,0.6234898018587334,1.2246467991473532e-16,-1.0
11,3038,3182,365,2022,12,1,20,1,2022,12,1,20,12,1,0,0,1,0,1,3,0,-0.8660254037844386,0.5000000000000001,-0.7818314824680302,0.6234898018587329,-0.8660254037844387,-0.4999999999999998
2,3102,3340,30,2024,6,28,12,42,2024,6,28,12,44,1,0,1,0,0,1,4,0,1.2246467991473532e-16,-1.0,-0.9749279121818236,-0.2225209339563148,-2.4492935982947064e-16,1.0
10,3033,3383,30,2024,8,14,13,39,2024,8,14,13,49,1,0,1,0,0,1,2,0,-0.2588190451025208,-0.9659258262890684,-0.781831482468029,0.6234898018587346,0.5,0.8660254037844386
8,3075,3102,30,2020,6,24,18,4,2020,6,24,18,12,1,0,1,0,0,1,2,0,-1.0,-1.8369701987210294e-16,-0.4338837391175575,-0.9009688679024194,3.673940397442059e-16,-1.0
8,3021,3362,365,2024,8,6,17,3,2024,8,6,17,11,0,0,0,1,0,1,1,0,-0.9659258262890684,-0.2588190451025206,0.433883739117557,-0.9009688679024196,0.4999999999999998,-0.8660254037844388
9,3150,3237,30,2021,9,11,20,28,2021,9,11,20,37,0,0,1,0,0,1,5,1,-0.8660254037844386,0.5000000000000001,-0.7818314824680302,0.6234898018587329,-0.8660254037844387,-0.4999999999999998
9,3026,3034,365,2023,10,26,21,12,2023,10,26,21,21,1,0,0,1,0,1,3,0,-0.7071067811865477,0.7071067811865474,-7.34788079488412e-16,1.0,-1.0,-4.286263797015736e-16
8,3007,3072,30,2023,9,10,1,54,2023,9,10,2,2,1,0,1,0,0,1,6,1,0.2588190451025207,0.9659258262890684,0.7818314824680298,0.6234898018587336,0.4999999999999999,0.8660254037844387
4,3165,3022,30,2024,5,9,8,50,2024,5,9,8,54,1,0,1,0,0,1,3,0,0.8660254037844387,-0.4999999999999998,0.7818314824680296,0.6234898018587337,-0.8660254037844385,-0.5000000000000004
7,3182,3304,30,2024,6,21,17,36,2024,6,21,17,43,1,0,1,0,0,1,4,0,-0.9659258262890684,-0.2588190451025206,0.433883739117557,-0.9009688679024196,0.4999999999999998,-0.8660254037844388
28,3026,3038,365,2022,6,10,11,12,2022,6,10,11,40,0,0,0,1,0,1,4,0,0.258819045102521,-0.9659258262890682,-0.4338837391175562,-0.90096886790242,-0.5000000000000004,0.8660254037844384
6,3163,3022,30,2023,9,28,22,49,2023,9,28,22,55,0,0,1,0,0,1,3,0,-0.5000000000000004,0.8660254037844384,0.7818314824680271,0.6234898018587369,-0.8660254037844392,0.4999999999999991
3,3154,3059,30,2024,10,13,10,33,2024,10,13,10,36,0,0,1,0,0,1,6,1,0.4999999999999999,-0.8660254037844387,0.4338837391175584,-0.9009688679024188,-0.8660254037844386,0.5000000000000001
9,3028,3028,30,2020,9,25,20,34,2020,9,25,20,43,1,0,1,0,0,0,4,0,-0.8660254037844386,0.5000000000000001,-0.7818314824680302,0.6234898018587329,-0.8660254037844387,-0.4999999999999998
14,3154,3057,365,2024,6,6,17,23,2024,6,6,17,37,0,0,0,1,0,1,3,0,-0.9659258262890684,-0.2588190451025206,0.433883739117557,-0.9009688679024196,0.4999999999999998,-0.8660254037844388
16,3057,3012,30,2022,7,21,17,30,2022,7,21,17,46,0,0,1,0,0,1,3,0,-0.9659258262890684,-0.2588190451025206,0.433883739117557,-0.9009688679024196,0.4999999999999998,-0.8660254037844388
8,3296,3125,30,2024,8,2,18,24,2024,8,2,18,32,0,0,1,0,0,1,4,0,-1.0,-1.8369701987210294e-16,-0.4338837391175575,-0.9009688679024194,3.673940397442059e-16,-1.0
10,3125,3164,30,2023,5,5,16,3,2023,5,5,16,13,1,0,1,0,0,1,4,0,-0.8660254037844385,-0.5000000000000004,0.9749279121818236,-0.2225209339563138,0.8660254037844392,-0.4999999999999992
14,3066,3015,365,2023,5,3,8,36,2023,5,3,8,50,1,0,0,1,0,1,2,0,0.8660254037844387,-0.4999999999999998,0.7818314824680296,0.6234898018587337,-0.8660254037844385,-0.5000000000000004
3,3066,3012,1,2025,2,9,15,3,2025,2,9,15,6,1,0,0,0,1,1,6,1,-0.7071067811865471,-0.7071067811865479,0.7818314824680284,0.6234898018587354,1.0,1.1943401194869637e-15
9,3115,3234,365,2022,10,28,17,42,2022,10,28,17,51,1,0,0,1,0,1,4,0,-0.9659258262890684,-0.2588190451025206,0.433883739117557,-0.9009688679024196,0.4999999999999998,-0.8660254037844388
3,3007,3238,365,2023,12,9,15,6,2023,12,9,15,9,0,0,0,1,0,1,5,1,-0.7071067811865471,-0.7071067811865479,0.7818314824680284,0.6234898018587354,1.0,1.1943401194869637e-15
5,3190,3203,30,2021,10,13,18,56,2021,10,13,19,1,0,0,1,0,0,1,2,0,-1.0,-1.8369701987210294e-16,-0.4338837391175575,-0.9009688679024194,3.673940397442059e-16,-1.0
9,3314,3238,365,2023,7,10,8,11,2023,7,10,8,20,0,0,0,1,0,1,0,0,0.8660254037844387,-0.4999999999999998,0.7818314824680296,0.6234898018587337,-0.8660254037844385,-0.5000000000000004
14,3031,3040,30,2020,7,15,13,32,2020,7,15,13,46,0,0,1,0,0,1,2,0,-0.2588190451025208,-0.9659258262890684,-0.781831482468029,0.6234898018587346,0.5,0.8660254037844386
20,3156,3000,30,2023,7,30,22,11,2023,7,30,22,31,0,0,1,0,0,1,6,1,-0.5000000000000004,0.8660254037844384,0.7818314824680271,0.6234898018587369,-0.8660254037844392,0.4999999999999991
12,3033,3236,365,2024,7,27,1,16,2024,7,27,1,28,1,0,0,1,0,1,5,1,0.2588190451025207,0.9659258262890684,0.7818314824680298,0.6234898018587336,0.4999999999999999,0.8660254037844387
21,3108,3249,30,2021,10,10,21,58,2021,10,10,22,19,1,0,1,0,0,1,6,1,-0.7071067811865477,0.7071067811865474,-7.34788079488412e-16,1.0,-1.0,-4.286263797015736e-16
16,3208,3066,30,2024,7,15,12,8,2024,7,15,12,24,1,0,1,0,0,1,0,0,1.2246467991473532e-16,-1.0,-0.9749279121818236,-0.2225209339563148,-2.4492935982947064e-16,1.0
12,3158,3206,30,2020,9,5,15,42,2020,9,5,15,54,1,0,1,0,0,1,5,1,-0.7071067811865471,-0.7071067811865479,0.7818314824680284,0.6234898018587354,1.0,1.1943401194869637e-15
2,3049,3049,365,2026,2,21,14,48,2026,2,21,14,50,0,0,0,1,0,0,5,1,-0.4999999999999997,-0.8660254037844388,-4.898587196589413e-16,1.0,0.8660254037844384,0.5000000000000004
5,3185,3101,365,2024,11,15,12,52,2024,11,15,12,57,0,0,0,1,0,1,4,0,1.2246467991473532e-16,-1.0,-0.9749279121818236,-0.2225209339563148,-2.4492935982947064e-16,1.0
11,3208,3086,30,2020,11,22,15,47,2020,11,22,15,58,0,0,1,0,0,1,6,1,-0.7071067811865471,-0.7071067811865479,0.7818314824680284,0.6234898018587354,1.0,1.1943401194869637e-15
11,3055,3321,30,2023,4,1,17,44,2023,4,1,17,55,0,0,1,0,0,1,5,1,-0.9659258262890684,-0.2588190451025206,0.433883739117557,-0.9009688679024196,0.4999999999999998,-0.8660254037844388
46,3120,3120,30,2023,6,19,19,13,2023,6,19,19,59,1,0,1,0,0,0,0,0,-0.9659258262890684,0.2588190451025203,-0.9749279121818236,-0.222520933956315,-0.4999999999999991,-0.8660254037844392
8,3202,3018,30,2021,9,25,16,35,2021,9,25,16,43,0,0,1,0,0,1,5,1,-0.8660254037844385,-0.5000000000000004,0.9749279121818236,-0.2225209339563138,0.8660254037844392,-0.4999999999999992
14,3252,3158,30,2024,10,12,22,27,2024,10,12,22,41,1,0,1,0,0,1,5,1,-0.5000000000000004,0.8660254037844384,0.7818314824680271,0.6234898018587369,-0.8660254037844392,0.4999999999999991
9,3017,3088,30,2024,8,21,9,32,2024,8,21,9,41,1,0,1,0,0,1,2,0,0.7071067811865476,-0.7071067811865475,0.9749279121818236,-0.2225209339563141,-1.0,-1.8369701987210294e-16
7,3020,3343,365,2024,4,4,18,3,2024,4,4,18,10,1,0,0,1,0,1,3,0,-1.0,-1.8369701987210294e-16,-0.4338837391175575,-0.9009688679024194,3.673940397442059e-16,-1.0
31,3329,3403,1,2025,9,21,2,19,2025,9,21,2,50,1,0,0,0,1,1,6,1,0.4999999999999999,0.8660254037844387,0.9749279121818236,-0.2225209339563143,0.8660254037844386,0.5000000000000001
7,3116,3057,30,2026,2,25,15,13,2026,2,25,15,20,1,0,1,0,0,1,2,0,-0.7071067811865471,-0.7071067811865479,0.7818314824680284,0.6234898018587354,1.0,1.1943401194869637e-15
44,3034,3124,365,2023,3,26,12,20,2023,3,26,13,4,0,0,0,1,0,1,6,1,1.2246467991473532e-16,-1.0,-0.9749279121818236,-0.2225209339563148,-2.4492935982947064e-16,1.0
6,3086,3397,30,2025,8,6,17,57,2025,8,6,18,3,1,0,1,0,0,1,2,0,-0.9659258262890684,-0.2588190451025206,0.433883739117557,-0.9009688679024196,0.4999999999999998,-0.8660254037844388
5,3157,3394,30,2025,9,22,12,26,2025,9,22,12,31,0,0,1,0,0,1,0,0,1.2246467991473532e-16,-1.0,-0.9749279121818236,-0.2225209339563148,-2.4492935982947064e-16,1.0
56,3238,3018,30,2023,8,12,12,34,2023,8,12,13,30,1,0,1,0,0,1,5,1,1.2246467991473532e-16,-1.0,-0.9749279121818236,-0.2225209339563148,-2.4492935982947064e-16,1.0
13,3202,3164,30,2021,9,13,17,44,2021,9,13,17,57,0,0,1,0,0,1,0,0,-0.9659258262890684,-0.2588190451025206,0.433883739117557,-0.9009688679024196,0.4999999999999998,-0.8660254037844388
4,3152,3006,365,2023,4,1,14,30,2023,4,1,14,34,1,0,0,1,0,1,5,1,-0.4999999999999997,-0.8660254037844388,-4.898587196589413e-16,1.0,0.8660254037844384,0.5000000000000004
4,3057,3051,365,2025,8,14,17,36,2025,8,14,17,40,1,0,0,1,0,1,3,0,-0.9659258262890684,-0.2588190451025206,0.433883739117557,-0.9009688679024196,0.4999999999999998,-0.8660254037844388
97,3182,3202,1,2020,7,2,13,26,2020,7,2,15,3,0,1,0,0,0,1,3,0,-0.2588190451025208,-0.9659258262890684,-0.781831482468029,0.6234898018587346,0.5,0.8660254037844386
14,3169,3061,365,2022,12,13,8,55,2022,12,13,9,9,1,0,0,1,0,1,1,0,0.8660254037844387,-0.4999999999999998,0.7818314824680296,0.6234898018587337,-0.8660254037844385,-0.5000000000000004
13,3074,3029,1,2024,11,18,17,9,2024,11,18,17,22,1,1,0,0,0,1,0,0,-0.9659258262890684,-0.2588190451025206,0.433883739117557,-0.9009688679024196,0.4999999999999998,-0.8660254037844388
28,3060,3060,365,2024,2,19,9,16,2024,2,19,9,44,0,0,0,1,0,0,0,0,0.7071067811865476,-0.7071067811865475,0.9749279121818236,-0.2225209339563141,-1.0,-1.8369701987210294e-16
11,3156,3212,30,2025,11,23,8,55,2025,11,23,9,6,1,0,1,0,0,1,6,1,0.8660254037844387,-0.4999999999999998,0.7818314824680296,0.6234898018587337,-0.8660254037844385,-0.5000000000000004
16,3190,3098,30,2020,9,17,16,41,2020,9,17,16,57,0,0,1,0,0,1,3,0,-0.8660254037844385,-0.5000000000000004,0.9749279121818236,-0.2225209339563138,0.8660254037844392,-0.4999999999999992
37,3057,3064,1,2025,10,18,10,51,2025,10,18,11,28,0,0,0,0,1,1,5,1,0.4999999999999999,-0.8660254037844387,0.4338837391175584,-0.9009688679024188,-0.8660254037844386,0.5000000000000001
14,3074,3112,365,2020,7,7,11,48,2020,7,7,12,2,0,0,0,1,0,1,1,0,0.258819045102521,-0.9659258262890682,-0.4338837391175562,-0.90096886790242,-0.5000000000000004,0.8660254037844384
6,3059,3201,30,2022,10,18,6,49,2022,10,18,6,55,1,0,1,0,0,1,1,0,1.0,6.123233995736766e-17,-0.7818314824680299,0.6234898018587334,1.2246467991473532e-16,-1.0
18,3007,3029,30,2022,10,13,17,29,2022,10,13,17,47,0,0,1,0,0,1,3,0,-0.9659258262890684,-0.2588190451025206,0.433883739117557,-0.9009688679024196,0.4999999999999998,-0.8660254037844388
11,3359,3053,365,2024,8,14,7,14,2024,8,14,7,25,0,0,0,1,0,1,2,0,0.9659258262890684,-0.2588190451025206,-2.4492935982947064e-16,1.0,-0.4999999999999997,-0.8660254037844388
5,3054,3051,30,2022,6,3,19,11,2022,6,3,19,16,1,0,1,0,0,1,4,0,-0.9659258262890684,0.2588190451025203,-0.9749279121818236,-0.222520933956315,-0.4999999999999991,-0.8660254037844392
16,3037,3056,30,2021,7,24,20,39,2021,7,24,20,55,0,0,1,0,0,1,5,1,-0.8660254037844386,0.5000000000000001,-0.7818314824680302,0.6234898018587329,-0.8660254037844387,-0.4999999999999998
21,3255,3313,30,2025,5,29,17,19,2025,5,29,17,40,0,0,1,0,0,1,3,0,-0.9659258262890684,-0.2588190451025206,0.433883739117557,-0.9009688679024196,0.4999999999999998,-0.8660254037844388
5,3056,3200,30,2020,5,17,18,46,2020,5,17,18,51,1,0,1,0,0,1,6,1,-1.0,-1.8369701987210294e-16,-0.4338837391175575,-0.9009688679024194,3.673940397442059e-16,-1.0
9,3018,3039,30,2020,10,29,16,19,2020,10,29,16,28,0,0,1,0,0,1,3,0,-0.8660254037844385,-0.5000000000000004,0.9749279121818236,-0.2225209339563138,0.8660254037844392,-0.4999999999999992
13,3037,3322,30,2024,8,21,17,47,2024,8,21,18,0,1,0,1,0,0,1,2,0,-0.9659258262890684,-0.2588190451025206,0.433883739117557,-0.9009688679024196,0.4999999999999998,-0.8660254037844388
17,3294,3294,30,2023,7,7,20,54,2023,7,7,21,11,0,0,1,0,0,0,4,0,-0.8660254037844386,0.5000000000000001,-0.7818314824680302,0.6234898018587329,-0.8660254037844387,-0.4999999999999998
12,3040,3066,30,2022,12,9,18,16,2022,12,9,18,28,1,0,1,0,0,1,4,0,-1.0,-1.8369701987210294e-16,-0.4338837391175575,-0.9009688679024194,3.673940397442059e-16,-1.0
5,3066,3007,30,2023,10,29,21,23,2023,10,29,21,28,0,0,1,0,0,1,6,1,-0.7071067811865477,0.7071067811865474,-7.34788079488412e-16,1.0,-1.0,-4.286263797015736e-16
13,3190,3099,30,2023,8,3,19,12,2023,8,3,19,25,1,0,1,0,0,1,3,0,-0.9659258262890684,0.2588190451025203,-0.9749279121818236,-0.222520933956315,-0.4999999999999991,-0.8660254037844392
5,3263,3265,30,2024,3,14,12,40,2024,3,14,12,45,1,0,1,0,0,1,3,0,1.2246467991473532e-16,-1.0,-0.9749279121818236,-0.2225209339563148,-2.4492935982947064e-16,1.0
2,3012,3032,365,2021,1,2,16,3,2021,1,2,16,5,1,0,0,1,0,1,5,1,-0.8660254037844385,-0.5000000000000004,0.9749279121818236,-0.2225209339563138,0.8660254037844392,-0.4999999999999992
3,3245,3008,30,2025,6,11,15,4,2025,6,11,15,7,1,0,1,0,0,1,2,0,-0.7071067811865471,-0.7071067811865479,0.7818314824680284,0.6234898018587354,1.0,1.1943401194869637e-15
2,3043,3150,30,2022,11,8,17,12,2022,11,8,17,14,1,0,1,0,0,1,1,0,-0.9659258262890684,-0.2588190451025206,0.433883739117557,-0.9009688679024196,0.4999999999999998,-0.8660254037844388
11,3066,3000,30,2024,11,1,6,42,2024,11,1,6,53,0,0,1,0,0,1,4,0,1.0,6.123233995736766e-17,-0.7818314824680299,0.6234898018587334,1.2246467991473532e-16,-1.0
7,3033,3066,365,2025,4,22,6,53,2025,4,22,7,0,1,0,0,1,0,1,1,0,1.0,6.123233995736766e-17,-0.7818314824680299,0.6234898018587334,1.2246467991473532e-16,-1.0
17,3053,3188,30,2025,7,11,14,39,2025,7,11,14,56,1,0,1,0,0,1,4,0,-0.4999999999999997,-0.8660254037844388,-4.898587196589413e-16,1.0,0.8660254037844384,0.5000000000000004
25,3114,3059,30,2021,4,8,15,33,2021,4,8,15,58,1,0,1,0,0,1,3,0,-0.7071067811865471,-0.7071067811865479,0.7818314824680284,0.6234898018587354,1.0,1.1943401194869637e-15
6,3345,3059,30,2024,7,12,7,39,2024,7,12,7,45,0,0,1,0,0,1,4,0,0.9659258262890684,-0.2588190451025206,-2.4492935982947064e-16,1.0,-0.4999999999999997,-0.8660254037844388
23,3163,3056,30,2025,6,28,3,23,2025,6,28,3,46,0,0,1,0,0,1,5,1,0.7071067811865476,0.7071067811865476,0.4338837391175582,-0.900968867902419,1.0,6.123233995736766e-17
13,3059,3035,365,2025,6,26,14,8,2025,6,26,14,21,1,0,0,1,0,1,3,0,-0.4999999999999997,-0.8660254037844388,-4.898587196589413e-16,1.0,0.8660254037844384,0.5000000000000004
7,3210,3056,30,2024,1,12,12,14,2024,1,12,12,21,0,0,1,0,0,1,4,0,1.2246467991473532e-16,-1.0,-0.9749279121818236,-0.2225209339563148,-2.4492935982947064e-16,1.0
19,3100,3166,30,2021,9,25,13,1,2021,9,25,13,20,1,0,1,0,0,1,5,1,-0.2588190451025208,-0.9659258262890684,-0.781831482468029,0.6234898018587346,0.5,0.8660254037844386
18,3098,3169,1,2025,4,17,14,16,2025,4,17,14,34,1,1,0,0,0,1,3,0,-0.4999999999999997,-0.8660254037844388,-4.898587196589413e-16,1.0,0.8660254037844384,0.5000000000000004
3,3345,3073,30,2024,5,13,17,43,2024,5,13,17,46,0,0,1,0,0,1,0,0,-0.9659258262890684,-0.2588190451025206,0.433883739117557,-0.9009688679024196,0.4999999999999998,-0.8660254037844388
4,3238,3028,30,2025,4,21,15,33,2025,4,21,15,37,1,0,1,0,0,1,0,0,-0.7071067811865471,-0.7071067811865479,0.7818314824680284,0.6234898018587354,1.0,1.1943401194869637e-15
30,3099,3029,30,2021,10,10,12,44,2021,10,10,13,13,0,0,1,0,0,1,6,1,1.2246467991473532e-16,-1.0,-0.9749279121818236,-0.2225209339563148,-2.4492935982947064e-16,1.0
5,3297,3000,365,2023,12,31,17,45,2023,12,31,17,50,0,0,0,1,0,1,6,1,-0.9659258262890684,-0.2588190451025206,0.433883739117557,-0.9009688679024196,0.4999999999999998,-0.8660254037844388
20,3208,3266,30,2026,3,20,19,17,2026,3,20,19,37,1,0,1,0,0,1,4,0,-0.9659258262890684,0.2588190451025203,-0.9749279121818236,-0.222520933956315,-0.4999999999999991,-0.8660254037844392
65,3025,3101,365,2023,1,14,11,54,2023,1,14,12,59,1,0,0,1,0,1,5,1,0.258819045102521,-0.9659258262890682,-0.4338837391175562,-0.90096886790242,-0.5000000000000004,0.8660254037844384
23,3301,3035,30,2024,10,9,21,49,2024,10,9,22,12,1,0,1,0,0,1,2,0,-0.7071067811865477,0.7071067811865474,-7.34788079488412e-16,1.0,-1.0,-4.286263797015736e-16
17,3073,3245,1,2025,2,23,21,26,2025,2,23,21,43,1,0,0,0,1,1,6,1,-0.7071067811865477,0.7071067811865474,-7.34788079488412e-16,1.0,-1.0,-4.286263797015736e-16
19,3034,3295,1,2024,10,4,15,40,2024,10,4,15,59,1,1,0,0,0,1,4,0,-0.7071067811865471,-0.7071067811865479,0.7818314824680284,0.6234898018587354,1.0,1.1943401194869637e-15
16,3028,3088,30,2021,6,3,19,49,2021,6,3,20,5,1,0,1,0,0,1,3,0,-0.9659258262890684,0.2588190451025203,-0.9749279121818236,-0.222520933956315,-0.4999999999999991,-0.8660254037844392
12,3202,3192,30,2020,2,2,18,0,2020,2,2,18,12,0,0,1,0,0,1,6,1,-1.0,-1.8369701987210294e-16,-0.4338837391175575,-0.9009688679024194,3.673940397442059e-16,-1.0
20,3010,3016,30,2023,6,27,12,29,2023,6,27,12,48,0,0,1,0,0,1,1,0,1.2246467991473532e-16,-1.0,-0.9749279121818236,-0.2225209339563148,-2.4492935982947064e-16,1.0
6,3101,3064,365,2025,9,25,16,10,2025,9,25,16,16,1,0,0,1,0,1,3,0,-0.8660254037844385,-0.5000000000000004,0.9749279121818236,-0.2225209339563138,0.8660254037844392,-0.4999999999999992
2,3203,3086,365,2022,6,21,6,0,2022,6,21,6,2,0,0,0,1,0,1,1,0,1.0,6.123233995736766e-17,-0.7818314824680299,0.6234898018587334,1.2246467991473532e-16,-1.0
14,3061,3374,365,2025,8,4,18,47,2025,8,4,19,1,1,0,0,1,0,1,0,0,-1.0,-1.8369701987210294e-16,-0.4338837391175575,-0.9009688679024194,3.673940397442059e-16,-1.0
12,3160,3296,30,2022,10,24,8,46,2022,10,24,8,58,1,0,1,0,0,1,0,0,0.8660254037844387,-0.4999999999999998,0.7818314824680296,0.6234898018587337,-0.8660254037844385,-0.5000000000000004
10,3202,3000,30,2021,4,4,6,0,2021,4,4,6,10,0,0,1,0,0,1,6,1,1.0,6.123233995736766e-17,-0.7818314824680299,0.6234898018587334,1.2246467991473532e-16,-1.0
65,3393,3393,30,2025,11,22,10,1,2025,11,22,11,6,0,0,1,0,0,0,5,1,0.4999999999999999,-0.8660254037844387,0.4338837391175584,-0.9009688679024188,-0.8660254037844386,0.5000000000000001
31,3051,3318,30,2025,9,17,14,55,2025,9,17,15,26,0,0,1,0,0,1,2,0,-0.4999999999999997,-0.8660254037844388,-4.898587196589413e-16,1.0,0.8660254037844384,0.5000000000000004
13,3208,3362,365,2026,2,10,15,27,2026,2,10,15,40,1,0,0,1,0,1,1,0,-0.7071067811865471,-0.7071067811865479,0.7818314824680284,0.6234898018587354,1.0,1.1943401194869637e-15
21,3263,3074,30,2023,1,10,12,26,2023,1,10,12,47,1,0,1,0,0,1,1,0,1.2246467991473532e-16,-1.0,-0.9749279121818236,-0.2225209339563148,-2.4492935982947064e-16,1.0
10,3108,3000,1,2020,7,28,17,27,2020,7,28,17,37,0,1,0,0,0,1,1,0,-0.9659258262890684,-0.2588190451025206,0.433883739117557,-0.9009688679024196,0.4999999999999998,-0.8660254037844388
11,3026,3345,30,2025,12,23,15,9,2025,12,23,15,20,1,0,1,0,0,1,1,0,-0.7071067811865471,-0.7071067811865479,0.7818314824680284,0.6234898018587354,1.0,1.1943401194869637e-15
13,3322,3101,30,2026,1,27,21,46,2026,1,27,21,59,1,0,1,0,0,1,1,0,-0.7071067811865477,0.7071067811865474,-7.34788079488412e-16,1.0,-1.0,-4.286263797015736e-16
8,3045,3168,365,2023,1,12,10,1,2023,1,12,10,9,0,0,0,1,0,1,3,0,0.4999999999999999,-0.8660254037844387,0.4338837391175584,-0.9009688679024188,-0.8660254037844386,0.5000000000000001
8,3336,3061,365,2024,12,9,17,37,2024,12,9,17,45,1,0,0,1,0,1,0,0,-0.9659258262890684,-0.2588190451025206,0.433883739117557,-0.9009688679024196,0.4999999999999998,-0.8660254037844388
4,3238,3028,30,2025,8,22,20,46,2025,8,22,20,50,1,0,1,0,0,1,4,0,-0.8660254037844386,0.5000000000000001,-0.7818314824680302,0.6234898018587329,-0.8660254037844387,-0.4999999999999998
6,3162,3162,30,2022,9,4,10,47,2022,9,4,10,53,1,0,1,0,0,0,6,1,0.4999999999999999,-0.8660254037844387,0.4338837391175584,-0.9009688679024188,-0.8660254037844386,0.5000000000000001
6,3010,3333,30,2024,6,3,6,43,2024,6,3,6,49,0,0,1,0,0,1,0,0,1.0,6.123233995736766e-17,-0.7818314824680299,0.6234898018587334,1.2246467991473532e-16,-1.0
9,3155,3032,30,2023,5,6,5,49,2023,5,6,5,58,0,0,1,0,0,1,5,1,0.9659258262890684,0.2588190451025207,-0.9749279121818236,-0.2225209339563146,0.4999999999999999,-0.8660254037844387
7,3154,3364,30,2024,1,3,10,56,2024,1,3,11,3,1,0,1,0,0,1,2,0,0.4999999999999999,-0.8660254037844387,0.4338837391175584,-0.9009688679024188,-0.8660254037844386,0.5000000000000001
9,3340,3205,365,2025,1,30,8,9,2025,1,30,8,18,1,0,0,1,0,1,3,0,0.8660254037844387,-0.4999999999999998,0.7818314824680296,0.6234898018587337,-0.8660254037844385,-0.5000000000000004
9,3125,3162,30,2025,3,3,9,14,2025,3,3,9,23,0,0,1,0,0,1,0,0,0.7071067811865476,-0.7071067811865475,0.9749279121818236,-0.2225209339563141,-1.0,-1.8369701987210294e-16
2,3051,3441,30,2026,1,2,19,55,2026,1,2,19,57,0,0,1,0,0,1,4,0,-0.9659258262890684,0.2588190451025203,-0.9749279121818236,-0.222520933956315,-0.4999999999999991,-0.8660254037844392
51,3266,3394,30,2025,2,6,19,0,2025,2,6,19,51,1,0,1,0,0,1,3,0,-0.9659258262890684,0.2588190451025203,-0.9749279121818236,-0.222520933956315,-0.4999999999999991,-0.8660254037844392
7,3028,3213,1,2025,11,29,23,13,2025,11,29,23,20,1,0,0,0,1,1,5,1,-0.2588190451025215,0.965925826289068,0.9749279121818238,-0.2225209339563136,-0.5000000000000014,0.8660254037844378
10,3046,3030,365,2025,1,11,9,40,2025,1,11,9,50,0,0,0,1,0,1,5,1,0.7071067811865476,-0.7071067811865475,0.9749279121818236,-0.2225209339563141,-1.0,-1.8369701987210294e-16
27,3116,3167,1,2020,5,10,17,55,2020,5,10,18,22,0,1,0,0,0,1,6,1,-0.9659258262890684,-0.2588190451025206,0.433883739117557,-0.9009688679024196,0.4999999999999998,-0.8660254037844388
6,3120,3212,1,2025,9,1,17,31,2025,9,1,17,37,0,0,0,0,1,1,0,0,-0.9659258262890684,-0.2588190451025206,0.433883739117557,-0.9009688679024196,0.4999999999999998,-0.8660254037844388
25,3059,3040,30,2023,11,21,20,14,2023,11,21,20,39,1,0,1,0,0,1,1,0,-0.8660254037844386,0.5000000000000001,-0.7818314824680302,0.6234898018587329,-0.8660254037844387,-0.4999999999999998
12,3245,3233,30,2022,10,11,18,13,2022,10,11,18,25,1,0,1,0,0,1,1,0,-1.0,-1.8369701987210294e-16,-0.4338837391175575,-0.9009688679024194,3.673940397442059e-16,-1.0
13,3316,3322,365,2023,10,16,15,21,2023,10,16,15,34,0,0,0,1,0,1,0,0,-0.7071067811865471,-0.7071067811865479,0.7818314824680284,0.6234898018587354,1.0,1.1943401194869637e-15
6,3040,3182,30,2021,12,31,18,46,2021,12,31,18,52,1,0,1,0,0,1,4,0,-1.0,-1.8369701987210294e-16,-0.4338837391175575,-0.9009688679024194,3.673940397442059e-16,-1.0
5,3012,3244,365,2023,10,28,13,59,2023,10,28,14,4,0,0,0,1,0,1,5,1,-0.2588190451025208,-0.9659258262890684,-0.781831482468029,0.6234898018587346,0.5,0.8660254037844386
16,3244,3382,30,2025,1,9,9,2,2025,1,9,9,18,0,0,1,0,0,1,3,0,0.7071067811865476,-0.7071067811865475,0.9749279121818236,-0.2225209339563141,-1.0,-1.8369701987210294e-16
19,3163,3102,30,2022,7,31,13,51,2022,7,31,14,10,0,0,1,0,0,1,6,1,-0.2588190451025208,-0.9659258262890684,-0.781831482468029,0.6234898018587346,0.5,0.8660254037844386
4,3107,3120,30,2020,7,31,8,38,2020,7,31,8,42,1,0,1,0,0,1,4,0,0.8660254037844387,-0.4999999999999998,0.7818314824680296,0.6234898018587337,-0.8660254037844385,-0.5000000000000004
5,3162,3062,365,2020,10,29,18,45,2020,10,29,18,50,0,0,0,1,0,1,3,0,-1.0,-1.8369701987210294e-16,-0.4338837391175575,-0.9009688679024194,3.673940397442059e-16,-1.0
6,3182,3203,365,2023,4,3,16,29,2023,4,3,16,35,0,0,0,1,0,1,0,0,-0.8660254037844385,-0.5000000000000004,0.9749279121818236,-0.2225209339563138,0.8660254037844392,-0.4999999999999992
13,3008,3040,365,2022,9,21,18,52,2022,9,21,19,5,1,0,0,1,0,1,2,0,-1.0,-1.8369701987210294e-16,-0.4338837391175575,-0.9009688679024194,3.673940397442059e-16,-1.0
33,3100,3276,1,2024,10,5,16,1,2024,10,5,16,34,1,0,0,0,1,1,5,1,-0.8660254037844385,-0.5000000000000004,0.9749279121818236,-0.2225209339563138,0.8660254037844392,-0.4999999999999992
7,3071,3022,30,2022,10,29,15,55,2022,10,29,16,2,0,0,1,0,0,1,5,1,-0.7071067811865471,-0.7071067811865479,0.7818314824680284,0.6234898018587354,1.0,1.1943401194869637e-15
17,3317,3264,365,2023,4,20,6,40,2023,4,20,6,57,1,0,0,1,0,1,3,0,1.0,6.123233995736766e-17,-0.7818314824680299,0.6234898018587334,1.2246467991473532e-16,-1.0
13,3435,3435,30,2025,10,14,14,2,2025,10,14,14,15,1,0,1,0,0,0,1,0,-0.4999999999999997,-0.8660254037844388,-4.898587196589413e-16,1.0,0.8660254037844384,0.5000000000000004
9,3155,3034,365,2020,9,17,13,42,2020,9,17,13,51,0,0,0,1,0,1,3,0,-0.2588190451025208,-0.9659258262890684,-0.781831482468029,0.6234898018587346,0.5,0.8660254037844386
10,3047,3010,30,2021,1,5,8,51,2021,1,5,9,1,0,0,1,0,0,1,1,0,0.8660254037844387,-0.4999999999999998,0.7818314824680296,0.6234898018587337,-0.8660254037844385,-0.5000000000000004
67,3010,3118,30,2020,5,5,13,38,2020,5,5,14,45,1,0,1,0,0,1,1,0,-0.2588190451025208,-0.9659258262890684,-0.781831482468029,0.6234898018587346,0.5,0.8660254037844386
77,3058,3050,1,2023,4,1,18,7,2023,4,1,19,24,1,1,0,0,0,1,5,1,-1.0,-1.8369701987210294e-16,-0.4338837391175575,-0.9009688679024194,3.673940397442059e-16,-1.0
21,3257,3333,365,2024,7,15,7,54,2024,7,15,8,15,0,0,0,1,0,1,0,0,0.9659258262890684,-0.2588190451025206,-2.4492935982947064e-16,1.0,-0.4999999999999997,-0.8660254037844388
8,3124,3264,365,2024,10,6,8,36,2024,10,6,8,44,0,0,0,1,0,1,6,1,0.8660254037844387,-0.4999999999999998,0.7818314824680296,0.6234898018587337,-0.8660254037844385,-0.5000000000000004
13,3053,3020,30,2021,9,28,8,34,2021,9,28,8,47,0,0,1,0,0,1,1,0,0.8660254037844387,-0.4999999999999998,0.7818314824680296,0.6234898018587337,-0.8660254037844385,-0.5000000000000004
8,3061,3190,30,2021,8,23,19,46,2021,8,23,19,54,0,0,1,0,0,1,0,0,-0.9659258262890684,0.2588190451025203,-0.9749279121818236,-0.222520933956315,-0.4999999999999991,-0.8660254037844392
18,3073,3120,365,2024,5,22,23,11,2024,5,22,23,29,1,0,0,1,0,1,2,0,-0.2588190451025215,0.965925826289068,0.9749279121818238,-0.2225209339563136,-0.5000000000000014,0.8660254037844378
8,3318,3362,365,2025,7,19,15,34,2025,7,19,15,42,0,0,0,1,0,1,5,1,-0.7071067811865471,-0.7071067811865479,0.7818314824680284,0.6234898018587354,1.0,1.1943401194869637e-15
6,3190,3163,365,2023,9,18,13,5,2023,9,18,13,11,0,0,0,1,0,1,0,0,-0.2588190451025208,-0.9659258262890684,-0.781831482468029,0.6234898018587346,0.5,0.8660254037844386
4,3007,3238,30,2022,9,30,14,19,2022,9,30,14,23,0,0,1,0,0,1,4,0,-0.4999999999999997,-0.8660254037844388,-4.898587196589413e-16,1.0,0.8660254037844384,0.5000000000000004
11,3120,3077,365,2024,10,2,21,14,2024,10,2,21,25,0,0,0,1,0,1,2,0,-0.7071067811865477,0.7071067811865474,-7.34788079488412e-16,1.0,-1.0,-4.286263797015736e-16
66,3209,3024,365,2021,5,20,17,35,2021,5,20,18,41,0,0,0,1,0,1,3,0,-0.9659258262890684,-0.2588190451025206,0.433883739117557,-0.9009688679024196,0.4999999999999998,-0.8660254037844388
19,3052,3124,30,2021,9,18,17,46,2021,9,18,18,5,1,0,1,0,0,1,5,1,-0.9659258262890684,-0.2588190451025206,0.433883739117557,-0.9009688679024196,0.4999999999999998,-0.8660254037844388
46,3206,3205,30,2020,9,17,17,12,2020,9,17,17,58,0,0,1,0,0,1,3,0,-0.9659258262890684,-0.2588190451025206,0.433883739117557,-0.9009688679024196,0.4999999999999998,-0.8660254037844388
7,3154,3169,365,2021,7,20,15,47,2021,7,20,15,54,1,0,0,1,0,1,1,0,-0.7071067811865471,-0.7071067811865479,0.7818314824680284,0.6234898018587354,1.0,1.1943401194869637e-15
6,3301,3342,365,2025,7,18,18,4,2025,7,18,18,10,1,0,0,1,0,1,4,0,-1.0,-1.8369701987210294e-16,-0.4338837391175575,-0.9009688679024194,3.673940397442059e-16,-1.0
38,3208,3098,30,2022,5,15,11,14,2022,5,15,11,52,0,0,1,0,0,1,6,1,0.258819045102521,-0.9659258262890682,-0.4338837391175562,-0.90096886790242,-0.5000000000000004,0.8660254037844384
10,3040,3073,365,2024,5,26,13,53,2024,5,26,14,3,1,0,0,1,0,1,6,1,-0.2588190451025208,-0.9659258262890684,-0.781831482468029,0.6234898018587346,0.5,0.8660254037844386
16,3382,3035,30,2024,9,17,20,5,2024,9,17,20,21,0,0,1,0,0,1,1,0,-0.8660254037844386,0.5000000000000001,-0.7818314824680302,0.6234898018587329,-0.8660254037844387,-0.4999999999999998
10,3120,3116,30,2021,10,26,7,43,2021,10,26,7,53,1,0,1,0,0,1,1,0,0.9659258262890684,-0.2588190451025206,-2.4492935982947064e-16,1.0,-0.4999999999999997,-0.8660254037844388
37,3028,3347,365,2025,10,25,15,20,2025,10,25,15,57,1,0,0,1,0,1,5,1,-0.7071067811865471,-0.7071067811865479,0.7818314824680284,0.6234898018587354,1.0,1.1943401194869637e-15
15,3026,3256,365,2025,8,12,11,29,2025,8,12,11,44,0,0,0,1,0,1,1,0,0.258819045102521,-0.9659258262890682,-0.4338837391175562,-0.90096886790242,-0.5000000000000004,0.8660254037844384
11,3010,3025,30,2021,8,9,12,21,2021,8,9,12,32,1,0,1,0,0,1,0,0,1.2246467991473532e-16,-1.0,-0.9749279121818236,-0.2225209339563148,-2.4492935982947064e-16,1.0
11,3182,3182,30,2023,10,1,11,50,2023,10,1,12,1,0,0,1,0,0,0,6,1,0.258819045102521,-0.9659258262890682,-0.4338837391175562,-0.90096886790242,-0.5000000000000004,0.8660254037844384
6,3043,3158,30,2021,7,10,8,57,2021,7,10,9,3,0,0,1,0,0,1,5,1,0.8660254037844387,-0.4999999999999998,0.7818314824680296,0.6234898018587337,-0.8660254037844385,-0.5000000000000004
4,3250,3046,365,2022,9,29,19,4,2022,9,29,19,8,1,0,0,1,0,1,3,0,-0.9659258262890684,0.2588190451025203,-0.9749279121818236,-0.222520933956315,-0.4999999999999991,-0.8660254037844392
25,3244,3244,30,2024,5,29,17,48,2024,5,29,18,13,0,0,1,0,0,0,2,0,-0.9659258262890684,-0.2588190451025206,0.433883739117557,-0.9009688679024196,0.4999999999999998,-0.8660254037844388
10,3168,3236,365,2022,11,5,11,21,2022,11,5,11,31,0,0,0,1,0,1,5,1,0.258819045102521,-0.9659258262890682,-0.4338837391175562,-0.90096886790242,-0.5000000000000004,0.8660254037844384
10,3065,3065,30,2022,9,1,11,17,2022,9,1,11,27,1,0,1,0,0,0,3,0,0.258819045102521,-0.9659258262890682,-0.4338837391175562,-0.90096886790242,-0.5000000000000004,0.8660254037844384
9,3212,3163,1,2025,5,19,17,11,2025,5,19,17,20,1,0,0,0,1,1,0,0,-0.9659258262890684,-0.2588190451025206,0.433883739117557,-0.9009688679024196,0.4999999999999998,-0.8660254037844388
8,3061,3208,365,2024,10,9,15,17,2024,10,9,15,25,0,0,0,1,0,1,2,0,-0.7071067811865471,-0.7071067811865479,0.7818314824680284,0.6234898018587354,1.0,1.1943401194869637e-15
9,3169,3069,365,2023,7,25,21,20,2023,7,25,21,29,0,0,0,1,0,1,1,0,-0.7071067811865477,0.7071067811865474,-7.34788079488412e-16,1.0,-1.0,-4.286263797015736e-16
3,3007,3010,365,2020,2,21,5,47,2020,2,21,5,50,0,0,0,1,0,1,4,0,0.9659258262890684,0.2588190451025207,-0.9749279121818236,-0.2225209339563146,0.4999999999999999,-0.8660254037844387
11,3012,3029,1,2025,4,1,16,20,2025,4,1,16,31,1,0,0,0,1,1,1,0,-0.8660254037844385,-0.5000000000000004,0.9749279121818236,-0.2225209339563138,0.8660254037844392,-0.4999999999999992
9,3112,3011,30,2021,6,13,8,42,2021,6,13,8,51,1,0,1,0,0,1,6,1,0.8660254037844387,-0.4999999999999998,0.7818314824680296,0.6234898018587337,-0.8660254037844385,-0.5000000000000004
22,3390,3040,365,2025,9,29,8,8,2025,9,29,8,30,1,0,0,1,0,1,0,0,0.8660254037844387,-0.4999999999999998,0.7818314824680296,0.6234898018587337,-0.8660254037844385,-0.5000000000000004
3,3212,3057,30,2022,2,12,14,21,2022,2,12,14,24,1,0,1,0,0,1,5,1,-0.4999999999999997,-0.8660254037844388,-4.898587196589413e-16,1.0,0.8660254037844384,0.5000000000000004
7,3261,3059,365,2026,3,11,5,16,2026,3,11,5,23,1,0,0,1,0,1,2,0,0.9659258262890684,0.2588190451025207,-0.9749279121818236,-0.2225209339563146,0.4999999999999999,-0.8660254037844387
10,3297,3020,365,2024,6,15,6,43,2024,6,15,6,53,1,0,0,1,0,1,5,1,1.0,6.123233995736766e-17,-0.7818314824680299,0.6234898018587334,1.2246467991473532e-16,-1.0
8,3052,3154,30,2021,10,15,16,5,2021,10,15,16,13,0,0,1,0,0,1,4,0,-0.8660254037844385,-0.5000000000000004,0.9749279121818236,-0.2225209339563138,0.8660254037844392,-0.4999999999999992
17,3026,3110,30,2020,4,12,16,9,2020,4,12,16,26,0,0,1,0,0,1,6,1,-0.8660254037844385,-0.5000000000000004,0.9749279121818236,-0.2225209339563138,0.8660254037844392,-0.4999999999999992
10,3362,3116,365,2025,11,6,7,56,2025,11,6,8,6,1,0,0,1,0,1,3,0,0.9659258262890684,-0.2588190451025206,-2.4492935982947064e-16,1.0,-0.4999999999999997,-0.8660254037844388
14,3202,3202,1,2021,7,17,21,43,2021,7,17,21,57,1,1,0,0,0,0,5,1,-0.7071067811865477,0.7071067811865474,-7.34788079488412e-16,1.0,-1.0,-4.286263797015736e-16
11,3061,3240,365,2022,12,23,9,29,2022,12,23,9,40,1,0,0,1,0,1,4,0,0.7071067811865476,-0.7071067811865475,0.9749279121818236,-0.2225209339563141,-1.0,-1.8369701987210294e-16
18,3165,3120,1,2025,8,29,21,40,2025,8,29,21,58,1,0,0,0,1,1,4,0,-0.7071067811865477,0.7071067811865474,-7.34788079488412e-16,1.0,-1.0,-4.286263797015736e-16
8,3238,3125,30,2025,11,15,7,52,2025,11,15,8,0,0,0,1,0,0,1,5,1,0.9659258262890684,-0.2588190451025206,-2.4492935982947064e-16,1.0,-0.4999999999999997,-0.8660254037844388
84,3034,3028,30,2022,9,20,18,12,2022,9,20,19,36,0,0,1,0,0,1,1,0,-1.0,-1.8369701987210294e-16,-0.4338837391175575,-0.9009688679024194,3.673940397442059e-16,-1.0
2,3007,3101,365,2022,11,10,16,8,2022,11,10,16,10,0,0,0,1,0,1,3,0,-0.8660254037844385,-0.5000000000000004,0.9749279121818236,-0.2225209339563138,0.8660254037844392,-0.4999999999999992
19,3160,3068,1,2020,9,26,9,3,2020,9,26,9,22,0,1,0,0,0,1,5,1,0.7071067811865476,-0.7071067811865475,0.9749279121818236,-0.2225209339563141,-1.0,-1.8369701987210294e-16
3,3010,3125,365,2022,6,30,22,38,2022,6,30,22,41,0,0,0,1,0,1,3,0,-0.5000000000000004,0.8660254037844384,0.7818314824680271,0.6234898018587369,-0.8660254037844392,0.4999999999999991
19,3374,3125,30,2024,6,1,13,34,2024,6,1,13,53,1,0,1,0,0,1,5,1,-0.2588190451025208,-0.9659258262890684,-0.781831482468029,0.6234898018587346,0.5,0.8660254037844386
17,3345,3069,1,2025,9,1,17,40,2025,9,1,17,57,1,0,0,0,1,1,0,0,-0.9659258262890684,-0.2588190451025206,0.433883739117557,-0.9009688679024196,0.4999999999999998,-0.8660254037844388
4,3059,3235,30,2026,1,5,7,16,2026,1,5,7,20,1,0,1,0,0,1,0,0,0.9659258262890684,-0.2588190451025206,-2.4492935982947064e-16,1.0,-0.4999999999999997,-0.8660254037844388
22,3018,3057,30,2022,5,26,17,53,2022,5,26,18,15,0,0,1,0,0,1,3,0,-0.9659258262890684,-0.2588190451025206,0.433883739117557,-0.9009688679024196,0.4999999999999998,-0.8660254037844388
47,3291,3291,30,2025,9,14,17,54,2025,9,14,18,41,0,0,1,0,0,0,6,1,-0.9659258262890684,-0.2588190451025206,0.433883739117557,-0.9009688679024196,0.4999999999999998,-0.8660254037844388
9,3125,3072,30,2023,8,15,18,8,2023,8,15,18,17,1,0,1,0,0,1,1,0,-1.0,-1.8369701987210294e-16,-0.4338837391175575,-0.9009688679024194,3.673940397442059e-16,-1.0
8,3375,3059,1,2025,10,3,18,49,2025,10,3,18,57,1,0,0,0,1,1,4,0,-1.0,-1.8369701987210294e-16,-0.4338837391175575,-0.9009688679024194,3.673940397442059e-16,-1.0
12,3045,3250,30,2022,5,7,0,56,2022,5,7,1,8,0,0,1,0,0,1,5,1,0.0,1.0,0.0,1.0,0.0,1.0
24,3325,3040,1,2025,7,6,11,40,2025,7,6,12,4,1,0,0,0,1,1,6,1,0.258819045102521,-0.9659258262890682,-0.4338837391175562,-0.90096886790242,-0.5000000000000004,0.8660254037844384
5,3047,3047,1,2024,4,7,16,6,2024,4,7,16,11,1,1,0,0,0,0,6,1,-0.8660254037844385,-0.5000000000000004,0.9749279121818236,-0.2225209339563138,0.8660254037844392,-0.4999999999999992
20,3054,3263,30,2023,4,12,11,48,2023,4,12,12,8,1,0,1,0,0,1,2,0,0.258819045102521,-0.9659258262890682,-0.4338837391175562,-0.90096886790242,-0.5000000000000004,0.8660254037844384
6,3063,3021,365,2022,11,16,13,57,2022,11,16,14,3,1,0,0,1,0,1,2,0,-0.2588190451025208,-0.9659258262890684,-0.781831482468029,0.6234898018587346,0.5,0.8660254037844386
18,3006,3160,30,2020,12,5,20,46,2020,12,5,21,4,1,0,1,0,0,1,5,1,-0.8660254037844386,0.5000000000000001,-0.7818314824680302,0.6234898018587329,-0.8660254037844387,-0.4999999999999998
7,3118,3112,365,2025,6,8,14,52,2025,6,8,14,59,1,0,0,1,0,1,6,1,-0.4999999999999997,-0.8660254037844388,-4.898587196589413e-16,1.0,0.8660254037844384,0.5000000000000004
9,3156,3202,30,2021,10,10,15,11,2021,10,10,15,20,1,0,1,0,0,1,6,1,-0.7071067811865471,-0.7071067811865479,0.7818314824680284,0.6234898018587354,1.0,1.1943401194869637e-15
15,3039,3102,30,2020,8,20,17,4,2020,8,20,17,19,0,0,1,0,0,1,3,0,-0.9659258262890684,-0.2588190451025206,0.433883739117557,-0.9009688679024196,0.4999999999999998,-0.8660254037844388
4,3124,3046,365,2022,3,23,6,24,2022,3,23,6,28,1,0,0,1,0,1,2,0,1.0,6.123233995736766e-17,-0.7818314824680299,0.6234898018587334,1.2246467991473532e-16,-1.0
16,3046,3041,1,2024,5,15,16,40,2024,5,15,16,56,1,1,0,0,0,1,2,0,-0.8660254037844385,-0.5000000000000004,0.9749279121818236,-0.2225209339563138,0.8660254037844392,-0.4999999999999992
9,3010,3012,365,2024,7,19,16,47,2024,7,19,16,56,0,0,0,1,0,1,4,0,-0.8660254037844385,-0.5000000000000004,0.9749279121818236,-0.2225209339563138,0.8660254037844392,-0.4999999999999992
12,3031,3166,30,2021,9,14,20,0,2021,9,14,20,12,1,0,1,0,0,1,1,0,-0.8660254037844386,0.5000000000000001,-0.7818314824680302,0.6234898018587329,-0.8660254037844387,-0.4999999999999998
20,3167,3000,30,2020,10,5,17,44,2020,10,5,18,4,0,0,1,0,0,1,0,0,-0.9659258262890684,-0.2588190451025206,0.433883739117557,-0.9009688679024196,0.4999999999999998,-0.8660254037844388
6,3010,3264,365,2024,4,10,16,15,2024,4,10,16,21,1,0,0,1,0,1,2,0,-0.8660254037844385,-0.5000000000000004,0.9749279121818236,-0.2225209339563138,0.8660254037844392,-0.4999999999999992
5,3207,3035,365,2021,5,28,17,34,2021,5,28,17,39,1,0,0,1,0,1,4,0,-0.9659258262890684,-0.2588190451025206,0.433883739117557,-0.9009688679024196,0.4999999999999998,-0.8660254037844388
3,3164,3158,30,2023,4,10,11,34,2023,4,10,11,37,0,0,1,0,0,1,0,0,0.258819045102521,-0.9659258262890682,-0.4338837391175562,-0.90096886790242,-0.5000000000000004,0.8660254037844384
13,3059,3210,30,2024,9,25,16,23,2024,9,25,16,36,1,0,1,0,0,1,2,0,-0.8660254037844385,-0.5000000000000004,0.9749279121818236,-0.2225209339563138,0.8660254037844392,-0.4999999999999992
8,3163,3125,30,2020,10,5,17,55,2020,10,5,18,3,0,0,1,0,0,1,0,0,-0.9659258262890684,-0.2588190451025206,0.433883739117557,-0.9009688679024196,0.4999999999999998,-0.8660254037844388
11,3057,3249,365,2022,7,1,13,7,2022,7,1,13,18,0,0,0,1,0,1,4,0,-0.2588190451025208,-0.9659258262890684,-0.781831482468029,0.6234898018587346,0.5,0.8660254037844386
10,3163,3208,30,2022,9,24,18,14,2022,9,24,18,24,1,0,1,0,0,1,5,1,-1.0,-1.8369701987210294e-16,-0.4338837391175575,-0.9009688679024194,3.673940397442059e-16,-1.0
44,3056,3102,30,2020,6,8,20,16,2020,6,8,21,0,0,0,1,0,0,1,0,0,-0.8660254037844386,0.5000000000000001,-0.7818314824680302,0.6234898018587329,-0.8660254037844387,-0.4999999999999998
16,3369,3335,30,2024,5,19,14,40,2024,5,19,14,56,0,0,1,0,0,1,6,1,-0.4999999999999997,-0.8660254037844388,-4.898587196589413e-16,1.0,0.8660254037844384,0.5000000000000004
9,3207,3206,30,2022,10,24,17,44,2022,10,24,17,53,1,0,1,0,0,1,0,0,-0.9659258262890684,-0.2588190451025206,0.433883739117557,-0.9009688679024196,0.4999999999999998,-0.8660254037844388
9,3073,3054,30,2022,8,15,18,45,2022,8,15,18,54,1,0,1,0,0,1,0,0,-1.0,-1.8369701987210294e-16,-0.4338837391175575,-0.9009688679024194,3.673940397442059e-16,-1.0
25,3336,3328,30,2024,7,31,15,32,2024,7,31,15,57,0,0,1,0,0,1,2,0,-0.7071067811865471,-0.7071067811865479,0.7818314824680284,0.6234898018587354,1.0,1.1943401194869637e-15
11,3248,3159,30,2024,5,1,7,34,2024,5,1,7,44,1,0,1,0,0,1,2,0,0.9659258262890684,-0.2588190451025206,-2.4492935982947064e-16,1.0,-0.4999999999999997,-0.8660254037844388
29,3098,3098,30,2023,11,21,9,11,2023,11,21,9,40,0,0,1,0,0,0,1,0,0.7071067811865476,-0.7071067811865475,0.9749279121818236,-0.2225209339563141,-1.0,-1.8369701987210294e-16
18,3009,3104,30,2025,8,18,18,35,2025,8,18,18,53,0,0,1,0,0,1,0,0,-1.0,-1.8369701987210294e-16,-0.4338837391175575,-0.9009688679024194,3.673940397442059e-16,-1.0
5,3187,3161,30,2021,11,19,16,54,2021,11,19,16,59,1,0,1,0,0,1,4,0,-0.8660254037844385,-0.5000000000000004,0.9749279121818236,-0.2225209339563138,0.8660254037844392,-0.4999999999999992
5,3162,3208,30,2024,7,11,12,17,2024,7,11,12,22,1,0,1,0,0,1,3,0,1.2246467991473532e-16,-1.0,-0.9749279121818236,-0.2225209339563148,-2.4492935982947064e-16,1.0
21,3159,3102,30,2021,9,18,19,0,2021,9,18,19,21,0,0,1,0,0,1,5,1,-0.9659258262890684,0.2588190451025203,-0.9749279121818236,-0.222520933956315,-0.4999999999999991,-0.8660254037844392
19,3030,3078,1,2021,5,19,17,26,2021,5,19,17,45,0,1,0,0,0,1,2,0,-0.9659258262890684,-0.2588190451025206,0.433883739117557,-0.9009688679024196,0.4999999999999998,-0.8660254037844388
7,3064,3010,30,2025,9,23,6,24,2025,9,23,6,31,1,0,1,0,0,1,1,0,1.0,6.123233995736766e-17,-0.7818314824680299,0.6234898018587334,1.2246467991473532e-16,-1.0
6,3112,3006,30,2021,5,28,14,35,2021,5,28,14,41,1,0,1,0,0,1,4,0,-0.4999999999999997,-0.8660254037844388,-4.898587196589413e-16,1.0,0.8660254037844384,0.5000000000000004
88,3120,3102,1,2020,5,17,16,0,2020,5,17,17,28,0,1,0,0,0,1,6,1,-0.8660254037844385,-0.5000000000000004,0.9749279121818236,-0.2225209339563138,0.8660254037844392,-0.4999999999999992
5,3066,3064,30,2023,12,20,11,4,2023,12,20,11,9,1,0,1,0,0,1,2,0,0.258819045102521,-0.9659258262890682,-0.4338837391175562,-0.90096886790242,-0.5000000000000004,0.8660254037844384
6,3104,3207,365,2024,7,11,19,9,2024,7,11,19,15,1,0,0,1,0,1,3,0,-0.9659258262890684,0.2588190451025203,-0.9749279121818236,-0.222520933956315,-0.4999999999999991,-0.8660254037844392
6,3038,3159,365,2025,3,25,11,57,2025,3,25,12,3,0,0,0,1,0,1,1,0,0.258819045102521,-0.9659258262890682,-0.4338837391175562,-0.90096886790242,-0.5000000000000004,0.8660254037844384
4,3028,3099,30,2023,11,2,8,56,2023,11,2,9,0,1,0,1,0,0,1,3,0,0.8660254037844387,-0.4999999999999998,0.7818314824680296,0.6234898018587337,-0.8660254037844385,-0.5000000000000004
9,3359,3029,30,2025,10,18,11,4,2025,10,18,11,13,0,0,1,0,0,1,5,1,0.258819045102521,-0.9659258262890682,-0.4338837391175562,-0.90096886790242,-0.5000000000000004,0.8660254037844384
25,3261,3030,30,2022,11,5,13,33,2022,11,5,13,58,0,0,1,0,0,1,5,1,-0.2588190451025208,-0.9659258262890684,-0.781831482468029,0.6234898018587346,0.5,0.8660254037844386
8,3161,3012,365,2024,8,20,18,54,2024,8,20,19,2,1,0,0,1,0,1,1,0,-1.0,-1.8369701987210294e-16,-0.4338837391175575,-0.9009688679024194,3.673940397442059e-16,-1.0
41,3326,3111,30,2025,9,28,13,33,2025,9,28,14,14,0,0,1,0,0,1,6,1,-0.2588190451025208,-0.9659258262890684,-0.781831482468029,0.6234898018587346,0.5,0.8660254037844386
13,3018,3088,30,2023,7,31,20,33,2023,7,31,20,46,1,0,1,0,0,1,0,0,-0.8660254037844386,0.5000000000000001,-0.7818314824680302,0.6234898018587329,-0.8660254037844387,-0.4999999999999998
20,3028,3000,30,2020,9,26,7,2,2020,9,26,7,22,0,0,1,0,0,1,5,1,0.9659258262890684,-0.2588190451025206,-2.4492935982947064e-16,1.0,-0.4999999999999997,-0.8660254037844388
12,3245,3204,1,2024,10,9,12,21,2024,10,9,12,33,1,0,0,0,1,1,2,0,1.2246467991473532e-16,-1.0,-0.9749279121818236,-0.2225209339563148,-2.4492935982947064e-16,1.0
35,3319,3012,365,2023,9,4,13,54,2023,9,4,14,29,0,0,0,1,0,1,0,0,-0.2588190451025208,-0.9659258262890684,-0.781831482468029,0.6234898018587346,0.5,0.8660254037844386
10,3333,3051,365,2024,10,30,18,4,2024,10,30,18,14,1,0,0,1,0,1,2,0,-1.0,-1.8369701987210294e-16,-0.4338837391175575,-0.9009688679024194,3.673940397442059e-16,-1.0
41,3104,3104,30,2022,5,31,21,4,2022,5,31,21,45,0,0,1,0,0,0,1,0,-0.7071067811865477,0.7071067811865474,-7.34788079488412e-16,1.0,-1.0,-4.286263797015736e-16
12,3102,3062,30,2024,7,25,12,17,2024,7,25,12,29,0,0,1,0,0,1,3,0,1.2246467991473532e-16,-1.0,-0.9749279121818236,-0.2225209339563148,-2.4492935982947064e-16,1.0
5,3020,3161,365,2025,2,6,4,24,2025,2,6,4,29,1,0,0,1,0,1,3,0,0.8660254037844386,0.5000000000000001,-0.433883739117558,-0.9009688679024191,0.8660254037844387,-0.4999999999999998
12,3038,3170,30,2022,9,30,15,19,2022,9,30,15,31,1,0,1,0,0,1,4,0,-0.7071067811865471,-0.7071067811865479,0.7818314824680284,0.6234898018587354,1.0,1.1943401194869637e-15
5,3022,3359,365,2024,9,8,16,43,2024,9,8,16,48,1,0,0,1,0,1,6,1,-0.8660254037844385,-0.5000000000000004,0.9749279121818236,-0.2225209339563138,0.8660254037844392,-0.4999999999999992
6,3185,3047,1,2025,9,16,12,40,2025,9,16,12,46,1,0,0,0,1,1,1,0,1.2246467991473532e-16,-1.0,-0.9749279121818236,-0.2225209339563148,-2.4492935982947064e-16,1.0
16,3102,3062,1,2025,5,10,15,54,2025,5,10,16,10,1,0,0,0,1,1,5,1,-0.7071067811865471,-0.7071067811865479,0.7818314824680284,0.6234898018587354,1.0,1.1943401194869637e-15
20,3102,3000,365,2025,1,5,9,49,2025,1,5,10,9,1,0,0,1,0,1,6,1,0.7071067811865476,-0.7071067811865475,0.9749279121818236,-0.2225209339563141,-1.0,-1.8369701987210294e-16
9,3162,3125,30,2023,7,22,19,20,2023,7,22,19,29,1,0,1,0,0,1,5,1,-0.9659258262890684,0.2588190451025203,-0.9749279121818236,-0.222520933956315,-0.4999999999999991,-0.8660254037844392
13,3163,3118,30,2021,11,1,17,48,2021,11,1,18,1,1,0,1,0,0,1,0,0,-0.9659258262890684,-0.2588190451025206,0.433883739117557,-0.9009688679024196,0.4999999999999998,-0.8660254037844388
3,3030,3069,30,2021,5,14,18,6,2021,5,14,18,9,1,0,1,0,0,1,4,0,-1.0,-1.8369701987210294e-16,-0.4338837391175575,-0.9009688679024194,3.673940397442059e-16,-1.0
12,3119,3208,30,2023,11,1,17,31,2023,11,1,17,43,1,0,1,0,0,1,2,0,-0.9659258262890684,-0.2588190451025206,0.433883739117557,-0.9009688679024196,0.4999999999999998,-0.8660254037844388
15,3028,3362,30,2024,5,23,18,11,2024,5,23,18,26,0,0,1,0,0,1,3,0,-1.0,-1.8369701987210294e-16,-0.4338837391175575,-0.9009688679024194,3.673940397442059e-16,-1.0
9,3114,3038,365,2025,3,17,7,46,2025,3,17,7,55,1,0,0,1,0,1,0,0,0.9659258262890684,-0.2588190451025206,-2.4492935982947064e-16,1.0,-0.4999999999999997,-0.8660254037844388
25,3026,3102,30,2021,9,14,22,35,2021,9,14,23,0,0,0,1,0,0,1,1,0,-0.5000000000000004,0.8660254037844384,0.7818314824680271,0.6234898018587369,-0.8660254037844392,0.4999999999999991
12,3039,3399,365,2025,8,24,1,22,2025,8,24,1,34,1,0,0,1,0,1,6,1,0.2588190451025207,0.9659258262890684,0.7818314824680298,0.6234898018587336,0.4999999999999999,0.8660254037844387
21,3055,3010,30,2023,4,21,15,43,2023,4,21,16,4,0,0,1,0,0,1,4,0,-0.7071067811865471,-0.7071067811865479,0.7818314824680284,0.6234898018587354,1.0,1.1943401194869637e-15
18,3265,3101,30,2025,11,14,16,50,2025,11,14,17,8,1,0,1,0,0,1,4,0,-0.8660254037844385,-0.5000000000000004,0.9749279121818236,-0.2225209339563138,0.8660254037844392,-0.4999999999999992
11,3066,3160,365,2024,7,25,7,46,2024,7,25,7,57,1,0,0,1,0,1,3,0,0.9659258262890684,-0.2588190451025206,-2.4492935982947064e-16,1.0,-0.4999999999999997,-0.8660254037844388
52,3101,3033,30,2025,9,22,2,47,2025,9,22,3,39,0,0,1,0,0,1,0,0,0.4999999999999999,0.8660254037844387,0.9749279121818236,-0.2225209339563143,0.8660254037844386,0.5000000000000001
4,3066,3163,30,2022,7,21,16,1,2022,7,21,16,5,0,0,1,0,0,1,3,0,-0.8660254037844385,-0.5000000000000004,0.9749279121818236,-0.2225209339563138,0.8660254037844392,-0.4999999999999992
4,3441,3235,365,2026,2,9,14,0,2026,2,9,14,4,1,0,0,1,0,1,0,0,-0.4999999999999997,-0.8660254037844388,-4.898587196589413e-16,1.0,0.8660254037844384,0.5000000000000004
20,3340,3255,365,2025,5,9,18,6,2025,5,9,18,26,0,0,0,1,0,1,4,0,-1.0,-1.8369701987210294e-16,-0.4338837391175575,-0.9009688679024194,3.673940397442059e-16,-1.0
8,3167,3046,30,2021,5,21,5,10,2021,5,21,5,18,0,0,1,0,0,1,4,0,0.9659258262890684,0.2588190451025207,-0.9749279121818236,-0.2225209339563146,0.4999999999999999,-0.8660254037844387
9,3012,3052,30,2023,8,9,13,6,2023,8,9,13,15,1,0,1,0,0,1,2,0,-0.2588190451025208,-0.9659258262890684,-0.781831482468029,0.6234898018587346,0.5,0.8660254037844386
9,3210,3226,30,2021,7,13,7,48,2021,7,13,7,57,0,0,1,0,0,1,1,0,0.9659258262890684,-0.2588190451025206,-2.4492935982947064e-16,1.0,-0.4999999999999997,-0.8660254037844388
5,3010,3018,30,2020,3,27,13,48,2020,3,27,13,53,1,0,1,0,0,1,4,0,-0.2588190451025208,-0.9659258262890684,-0.781831482468029,0.6234898018587346,0.5,0.8660254037844386
10,3022,3259,30,2022,10,17,7,57,2022,10,17,8,7,0,0,1,0,0,1,0,0,0.9659258262890684,-0.2588190451025206,-2.4492935982947064e-16,1.0,-0.4999999999999997,-0.8660254037844388
27,3169,3256,30,2022,11,25,14,5,2022,11,25,14,32,0,0,1,0,0,1,4,0,-0.4999999999999997,-0.8660254037844388,-4.898587196589413e-16,1.0,0.8660254037844384,0.5000000000000004
3,3102,3054,30,2022,5,30,17,5,2022,5,30,17,8,1,0,1,0,0,1,0,0,-0.9659258262890684,-0.2588190451025206,0.433883739117557,-0.9009688679024196,0.4999999999999998,-0.8660254037844388
9,3012,3020,365,2023,10,10,11,48,2023,10,10,11,57,1,0,0,1,0,1,1,0,0.258819045102521,-0.9659258262890682,-0.4338837391175562,-0.90096886790242,-0.5000000000000004,0.8660254037844384
10,3205,3114,30,2020,7,18,13,50,2020,7,18,14,0,0,0,1,0,0,1,5,1,-0.2588190451025208,-0.9659258262890684,-0.781831482468029,0.6234898018587346,0.5,0.8660254037844386
7,3005,3052,365,2020,7,17,10,7,2020,7,17,10,14,0,0,0,1,0,1,4,0,0.4999999999999999,-0.8660254037844387,0.4338837391175584,-0.9009688679024188,-0.8660254037844386,0.5000000000000001
11,3124,3005,1,2020,8,8,17,5,2020,8,8,17,16,1,1,0,0,0,1,5,1,-0.9659258262890684,-0.2588190451025206,0.433883739117557,-0.9009688679024196,0.4999999999999998,-0.8660254037844388
39,3101,3101,1,2025,8,17,14,45,2025,8,17,15,24,0,0,0,0,1,0,6,1,-0.4999999999999997,-0.8660254037844388,-4.898587196589413e-16,1.0,0.8660254037844384,0.5000000000000004
16,3102,3166,30,2022,8,23,18,43,2022,8,23,18,59,1,0,1,0,0,1,1,0,-1.0,-1.8369701987210294e-16,-0.4338837391175575,-0.9009688679024194,3.673940397442059e-16,-1.0
5,3238,3400,30,2025,6,17,15,0,2025,6,17,15,5,0,0,1,0,0,1,1,0,-0.7071067811865471,-0.7071067811865479,0.7818314824680284,0.6234898018587354,1.0,1.1943401194869637e-15
5,3063,3078,365,2024,4,22,17,37,2024,4,22,17,42,1,0,0,1,0,1,0,0,-0.9659258262890684,-0.2588190451025206,0.433883739117557,-0.9009688679024196,0.4999999999999998,-0.8660254037844388
17,3168,3033,30,2022,9,9,17,12,2022,9,9,17,29,0,0,1,0,0,1,4,0,-0.9659258262890684,-0.2588190451025206,0.433883739117557,-0.9009688679024196,0.4999999999999998,-0.8660254037844388
21,3304,3159,365,2025,10,9,8,54,2025,10,9,9,15,1,0,0,1,0,1,3,0,0.8660254037844387,-0.4999999999999998,0.7818314824680296,0.6234898018587337,-0.8660254037844385,-0.5000000000000004
5,3055,3046,30,2023,5,3,17,52,2023,5,3,17,57,0,0,1,0,0,1,2,0,-0.9659258262890684,-0.2588190451025206,0.433883739117557,-0.9009688679024196,0.4999999999999998,-0.8660254037844388
4,3100,3266,365,2022,8,14,17,10,2022,8,14,17,14,0,0,0,1,0,1,6,1,-0.9659258262890684,-0.2588190451025206,0.433883739117557,-0.9009688679024196,0.4999999999999998,-0.8660254037844388
10,3005,3169,30,2021,9,5,21,59,2021,9,5,22,9,0,0,1,0,0,1,6,1,-0.7071067811865477,0.7071067811865474,-7.34788079488412e-16,1.0,-1.0,-4.286263797015736e-16
10,3062,3061,30,2025,10,18,2,34,2025,10,18,2,44,1,0,1,0,0,1,5,1,0.4999999999999999,0.8660254037844387,0.9749279121818236,-0.2225209339563143,0.8660254037844386,0.5000000000000001
6,3169,3055,365,2021,12,26,13,47,2021,12,26,13,53,0,0,0,1,0,1,6,1,-0.2588190451025208,-0.9659258262890684,-0.781831482468029,0.6234898018587346,0.5,0.8660254037844386
8,3069,3052,30,2022,11,17,7,49,2022,11,17,7,57,0,0,1,0,0,1,3,0,0.9659258262890684,-0.2588190451025206,-2.4492935982947064e-16,1.0,-0.4999999999999997,-0.8660254037844388
24,3022,3249,365,2026,2,7,17,26,2026,2,7,17,50,1,0,0,1,0,1,5,1,-0.9659258262890684,-0.2588190451025206,0.433883739117557,-0.9009688679024196,0.4999999999999998,-0.8660254037844388
43,3047,3163,30,2021,6,7,19,25,2021,6,7,20,8,0,0,1,0,0,1,0,0,-0.9659258262890684,0.2588190451025203,-0.9749279121818236,-0.222520933956315,-0.4999999999999991,-0.8660254037844392
15,3046,3034,30,2021,8,16,20,14,2021,8,16,20,29,1,0,1,0,0,1,0,0,-0.8660254037844386,0.5000000000000001,-0.7818314824680302,0.6234898018587329,-0.8660254037844387,-0.4999999999999998
7,3025,3099,30,2022,6,5,11,44,2022,6,5,11,51,0,0,1,0,0,1,6,1,0.258819045102521,-0.9659258262890682,-0.4338837391175562,-0.90096886790242,-0.5000000000000004,0.8660254037844384
20,3160,3160,30,2024,4,20,15,9,2024,4,20,15,29,1,0,1,0,0,0,5,1,-0.7071067811865471,-0.7071067811865479,0.7818314824680284,0.6234898018587354,1.0,1.1943401194869637e-15
6,3382,3064,365,2026,2,25,16,20,2026,2,25,16,26,0,0,0,1,0,1,2,0,-0.8660254037844385,-0.5000000000000004,0.9749279121818236,-0.2225209339563138,0.8660254037844392,-0.4999999999999992
44,3207,3207,30,2023,9,19,7,8,2023,9,19,7,52,1,0,1,0,0,0,1,0,0.9659258262890684,-0.2588190451025206,-2.4492935982947064e-16,1.0,-0.4999999999999997,-0.8660254037844388
9,3032,3045,30,2021,12,2,17,7,2021,12,2,17,16,0,0,1,0,0,1,3,0,-0.9659258262890684,-0.2588190451025206,0.433883739117557,-0.9009688679024196,0.4999999999999998,-0.8660254037844388
8,3035,3054,30,2022,6,24,8,31,2022,6,24,8,39,0,0,1,0,0,1,4,0,0.8660254037844387,-0.4999999999999998,0.7818314824680296,0.6234898018587337,-0.8660254037844385,-0.5000000000000004
4,3026,3005,30,2023,8,30,11,48,2023,8,30,11,52,0,0,1,0,0,1,2,0,0.258819045102521,-0.9659258262890682,-0.4338837391175562,-0.90096886790242,-0.5000000000000004,0.8660254037844384
5,3256,3202,30,2022,7,17,10,54,2022,7,17,10,59,0,0,1,0,0,1,6,1,0.4999999999999999,-0.8660254037844387,0.4338837391175584,-0.9009688679024188,-0.8660254037844386,0.5000000000000001
15,3101,3000,1,2020,1,16,8,52,2020,1,16,9,7,0,1,0,0,0,1,3,0,0.8660254037844387,-0.4999999999999998,0.7818314824680296,0.6234898018587337,-0.8660254037844385,-0.5000000000000004
4,3099,3100,365,2025,3,19,12,14,2025,3,19,12,18,0,0,0,1,0,1,2,0,1.2246467991473532e-16,-1.0,-0.9749279121818236,-0.2225209339563148,-2.4492935982947064e-16,1.0
34,3054,3021,1,2023,11,19,11,27,2023,11,19,12,1,0,1,0,0,0,1,6,1,0.258819045102521,-0.9659258262890682,-0.4338837391175562,-0.90096886790242,-0.5000000000000004,0.8660254037844384
39,3055,3015,30,2020,12,19,19,19,2020,12,19,19,58,0,0,1,0,0,1,5,1,-0.9659258262890684,0.2588190451025203,-0.9749279121818236,-0.222520933956315,-0.4999999999999991,-0.8660254037844392
8,3255,3014,30,2024,5,14,7,16,2024,5,14,7,24,0,0,1,0,0,1,1,0,0.9659258262890684,-0.2588190451025206,-2.4492935982947064e-16,1.0,-0.4999999999999997,-0.8660254037844388
19,3059,3041,30,2024,8,16,17,12,2024,8,16,17,31,0,0,1,0,0,1,4,0,-0.9659258262890684,-0.2588190451025206,0.433883739117557,-0.9009688679024196,0.4999999999999998,-0.8660254037844388
15,3165,3020,30,2021,12,10,9,5,2021,12,10,9,20,0,0,1,0,0,1,4,0,0.7071067811865476,-0.7071067811865475,0.9749279121818236,-0.2225209339563141,-1.0,-1.8369701987210294e-16
13,3047,3022,365,2023,8,26,20,33,2023,8,26,20,46,1,0,0,1,0,1,5,1,-0.8660254037844386,0.5000000000000001,-0.7818314824680302,0.6234898018587329,-0.8660254037844387,-0.4999999999999998
20,3005,3005,30,2021,7,29,14,35,2021,7,29,14,55,0,0,1,0,0,0,3,0,-0.4999999999999997,-0.8660254037844388,-4.898587196589413e-16,1.0,0.8660254037844384,0.5000000000000004
6,3033,3255,30,2024,2,23,7,53,2024,2,23,7,59,0,0,1,0,0,1,4,0,0.9659258262890684,-0.2588190451025206,-2.4492935982947064e-16,1.0,-0.4999999999999997,-0.8660254037844388
23,3157,3010,30,2025,5,17,9,43,2025,5,17,10,6,1,0,1,0,0,1,5,1,0.7071067811865476,-0.7071067811865475,0.9749279121818236,-0.2225209339563141,-1.0,-1.8369701987210294e-16
8,3204,3056,30,2021,11,15,9,26,2021,11,15,9,34,0,0,1,0,0,1,0,0,0.7071067811865476,-0.7071067811865475,0.9749279121818236,-0.2225209339563141,-1.0,-1.8369701987210294e-16
16,3053,3010,30,2021,10,18,21,24,2021,10,18,21,40,0,0,1,0,0,1,0,0,-0.7071067811865477,0.7071067811865474,-7.34788079488412e-16,1.0,-1.0,-4.286263797015736e-16
5,3190,3295,365,2023,8,20,11,1,2023,8,20,11,6,0,0,0,1,0,1,6,1,0.258819045102521,-0.9659258262890682,-0.4338837391175562,-0.90096886790242,-0.5000000000000004,0.8660254037844384
34,3275,3066,30,2023,5,31,10,25,2023,5,31,10,59,0,0,1,0,0,1,2,0,0.4999999999999999,-0.8660254037844387,0.4338837391175584,-0.9009688679024188,-0.8660254037844386,0.5000000000000001
12,3160,3205,30,2024,4,14,12,53,2024,4,14,13,5,0,0,1,0,0,1,6,1,1.2246467991473532e-16,-1.0,-0.9749279121818236,-0.2225209339563148,-2.4492935982947064e-16,1.0
5,3362,3000,365,2025,12,14,17,41,2025,12,14,17,46,1,0,0,1,0,1,6,1,-0.9659258262890684,-0.2588190451025206,0.433883739117557,-0.9009688679024196,0.4999999999999998,-0.8660254037844388
14,3256,3015,365,2023,1,14,1,29,2023,1,14,1,43,0,0,0,1,0,1,5,1,0.2588190451025207,0.9659258262890684,0.7818314824680298,0.6234898018587336,0.4999999999999999,0.8660254037844387
62,3202,3057,30,2021,12,18,16,47,2021,12,18,17,49,1,0,1,0,0,1,5,1,-0.8660254037844385,-0.5000000000000004,0.9749279121818236,-0.2225209339563138,0.8660254037844392,-0.4999999999999992
6,3030,3362,30,2024,4,24,8,12,2024,4,24,8,18,1,0,1,0,0,1,2,0,0.8660254037844387,-0.4999999999999998,0.7818314824680296,0.6234898018587337,-0.8660254037844385,-0.5000000000000004
10,3046,3000,30,2021,11,2,7,40,2021,11,2,7,50,0,0,1,0,0,1,1,0,0.9659258262890684,-0.2588190451025206,-2.4492935982947064e-16,1.0,-0.4999999999999997,-0.8660254037844388
11,3245,3121,30,2021,8,21,16,59,2021,8,21,17,10,1,0,1,0,0,1,5,1,-0.8660254037844385,-0.5000000000000004,0.9749279121818236,-0.2225209339563138,0.8660254037844392,-0.4999999999999992
10,3046,3010,30,2023,11,20,9,47,2023,11,20,9,57,1,0,1,0,0,1,0,0,0.7071067811865476,-0.7071067811865475,0.9749279121818236,-0.2225209339563141,-1.0,-1.8369701987210294e-16
9,3020,3066,30,2022,11,11,19,4,2022,11,11,19,13,0,0,1,0,0,1,4,0,-0.9659258262890684,0.2588190451025203,-0.9749279121818236,-0.222520933956315,-0.4999999999999991,-0.8660254037844392
10,3052,3256,365,2025,1,10,19,24,2025,1,10,19,34,1,0,0,1,0,1,4,0,-0.9659258262890684,0.2588190451025203,-0.9749279121818236,-0.222520933956315,-0.4999999999999991,-0.8660254037844392
17,3101,3114,30,2022,7,8,16,33,2022,7,8,16,50,0,0,1,0,0,1,4,0,-0.8660254037844385,-0.5000000000000004,0.9749279121818236,-0.2225209339563138,0.8660254037844392,-0.4999999999999992
6,3168,3012,365,2025,5,20,16,28,2025,5,20,16,34,1,0,0,1,0,1,1,0,-0.8660254037844385,-0.5000000000000004,0.9749279121818236,-0.2225209339563138,0.8660254037844392,-0.4999999999999992
9,3185,3016,30,2022,5,5,19,47,2022,5,5,19,56,1,0,1,0,0,1,3,0,-0.9659258262890684,0.2588190451025203,-0.9749279121818236,-0.222520933956315,-0.4999999999999991,-0.8660254037844392
13,3006,3057,30,2020,6,17,12,7,2020,6,17,12,20,1,0,1,0,0,1,2,0,1.2246467991473532e-16,-1.0,-0.9749279121818236,-0.2225209339563148,-2.4492935982947064e-16,1.0
13,3118,3321,365,2025,10,18,12,40,2025,10,18,12,53,1,0,0,1,0,1,5,1,1.2246467991473532e-16,-1.0,-0.9749279121818236,-0.2225209339563148,-2.4492935982947064e-16,1.0
20,3155,3098,30,2021,7,18,17,0,2021,7,18,17,20,0,0,1,0,0,1,6,1,-0.9659258262890684,-0.2588190451025206,0.433883739117557,-0.9009688679024196,0.4999999999999998,-0.8660254037844388
3,3163,3162,30,2024,4,17,23,28,2024,4,17,23,31,1,0,1,0,0,1,2,0,-0.2588190451025215,0.965925826289068,0.9749279121818238,-0.2225209339563136,-0.5000000000000014,0.8660254037844378
4,3162,3020,30,2024,12,4,16,46,2024,12,4,16,50,1,0,1,0,0,1,2,0,-0.8660254037844385,-0.5000000000000004,0.9749279121818236,-0.2225209339563138,0.8660254037844392,-0.4999999999999992
14,3322,3110,30,2023,7,3,7,51,2023,7,3,8,5,1,0,1,0,0,1,0,0,0.9659258262890684,-0.2588190451025206,-2.4492935982947064e-16,1.0,-0.4999999999999997,-0.8660254037844388
17,3124,3166,30,2022,6,18,18,43,2022,6,18,19,0,1,0,1,0,0,1,5,1,-1.0,-1.8369701987210294e-16,-0.4338837391175575,-0.9009688679024194,3.673940397442059e-16,-1.0
6,3006,3265,365,2023,4,10,14,9,2023,4,10,14,15,1,0,0,1,0,1,0,0,-0.4999999999999997,-0.8660254037844388,-4.898587196589413e-16,1.0,0.8660254037844384,0.5000000000000004
13,3053,3255,30,2024,3,13,8,26,2024,3,13,8,39,1,0,1,0,0,1,2,0,0.8660254037844387,-0.4999999999999998,0.7818314824680296,0.6234898018587337,-0.8660254037844385,-0.5000000000000004
7,3064,3066,365,2024,11,14,14,2,2024,11,14,14,9,1,0,0,1,0,1,3,0,-0.4999999999999997,-0.8660254037844388,-4.898587196589413e-16,1.0,0.8660254037844384,0.5000000000000004
6,3297,3161,30,2024,12,17,20,16,2024,12,17,20,22,1,0,1,0,0,1,1,0,-0.8660254037844386,0.5000000000000001,-0.7818314824680302,0.6234898018587329,-0.8660254037844387,-0.4999999999999998
3,3150,3361,30,2025,2,28,14,29,2025,2,28,14,32,0,0,1,0,0,1,4,0,-0.4999999999999997,-0.8660254037844388,-4.898587196589413e-16,1.0,0.8660254037844384,0.5000000000000004
12,3055,3320,30,2023,10,14,0,2,2023,10,14,0,14,1,0,1,0,0,1,5,1,0.0,1.0,0.0,1.0,0.0,1.0
10,3077,3168,30,2022,7,24,16,24,2022,7,24,16,34,1,0,1,0,0,1,6,1,-0.8660254037844385,-0.5000000000000004,0.9749279121818236,-0.2225209339563138,0.8660254037844392,-0.4999999999999992
24,3169,3236,30,2025,7,12,18,30,2025,7,12,18,54,0,0,1,0,0,1,5,1,-1.0,-1.8369701987210294e-16,-0.4338837391175575,-0.9009688679024194,3.673940397442059e-16,-1.0
17,3159,3264,30,2026,3,30,9,16,2026,3,30,9,33,0,0,1,0,0,1,0,0,0.7071067811865476,-0.7071067811865475,0.9749279121818236,-0.2225209339563141,-1.0,-1.8369701987210294e-16
31,3170,3011,30,2020,10,3,21,21,2020,10,3,21,52,0,0,1,0,0,1,5,1,-0.7071067811865477,0.7071067811865474,-7.34788079488412e-16,1.0,-1.0,-4.286263797015736e-16
11,3202,3013,30,2020,2,27,23,22,2020,2,27,23,33,0,0,1,0,0,1,3,0,-0.2588190451025215,0.965925826289068,0.9749279121818238,-0.2225209339563136,-0.5000000000000014,0.8660254037844378
5,3294,3061,30,2023,9,19,9,54,2023,9,19,9,59,1,0,1,0,0,1,1,0,0.7071067811865476,-0.7071067811865475,0.9749279121818236,-0.2225209339563141,-1.0,-1.8369701987210294e-16
9,3032,3101,30,2022,12,16,11,40,2022,12,16,11,49,0,0,1,0,0,1,4,0,0.258819045102521,-0.9659258262890682,-0.4338837391175562,-0.90096886790242,-0.5000000000000004,0.8660254037844384
9,3157,3099,365,2020,10,18,19,5,2020,10,18,19,14,0,0,0,1,0,1,6,1,-0.9659258262890684,0.2588190451025203,-0.9749279121818236,-0.222520933956315,-0.4999999999999991,-0.8660254037844392
14,3075,3382,30,2025,4,4,0,55,2025,4,4,1,9,0,0,1,0,0,1,4,0,0.0,1.0,0.0,1.0,0.0,1.0
18,3033,3043,30,2020,9,1,17,37,2020,9,1,17,55,0,0,1,0,0,1,1,0,-0.9659258262890684,-0.2588190451025206,0.433883739117557,-0.9009688679024196,0.4999999999999998,-0.8660254037844388
54,3208,3159,1,2024,9,17,23,46,2024,9,18,0,40,1,1,0,0,0,1,1,0,-0.2588190451025215,0.965925826289068,0.9749279121818238,-0.2225209339563136,-0.5000000000000014,0.8660254037844378
17,3043,3018,30,2020,12,8,12,19,2020,12,8,12,36,1,0,1,0,0,1,1,0,1.2246467991473532e-16,-1.0,-0.9749279121818236,-0.2225209339563148,-2.4492935982947064e-16,1.0
44,3047,3007,30,2020,1,26,12,20,2020,1,26,13,4,0,0,1,0,0,1,6,1,1.2246467991473532e-16,-1.0,-0.9749279121818236,-0.2225209339563148,-2.4492935982947064e-16,1.0
14,3163,3336,30,2025,6,16,12,20,2025,6,16,12,34,1,0,1,0,0,1,0,0,1.2246467991473532e-16,-1.0,-0.9749279121818236,-0.2225209339563148,-2.4492935982947064e-16,1.0
19,3168,3256,30,2023,6,30,22,3,2023,6,30,22,22,0,0,1,0,0,1,4,0,-0.5000000000000004,0.8660254037844384,0.7818314824680271,0.6234898018587369,-0.8660254037844392,0.4999999999999991
15,3062,3057,30,2020,6,6,17,7,2020,6,6,17,22,0,0,1,0,0,1,5,1,-0.9659258262890684,-0.2588190451025206,0.433883739117557,-0.9009688679024196,0.4999999999999998,-0.8660254037844388
10,3249,3029,30,2024,7,26,18,46,2024,7,26,18,56,0,0,1,0,0,1,4,0,-1.0,-1.8369701987210294e-16,-0.4338837391175575,-0.9009688679024194,3.673940397442059e-16,-1.0
6,3007,3028,365,2025,3,22,9,57,2025,3,22,10,3,0,0,0,1,0,1,5,1,0.7071067811865476,-0.7071067811865475,0.9749279121818236,-0.2225209339563141,-1.0,-1.8369701987210294e-16
39,3202,3202,30,2022,6,27,17,2,2022,6,27,17,41,0,0,1,0,0,0,0,0,-0.9659258262890684,-0.2588190451025206,0.433883739117557,-0.9009688679024196,0.4999999999999998,-0.8660254037844388
2,3037,3018,365,2023,9,28,12,47,2023,9,28,12,49,0,0,0,1,0,1,3,0,1.2246467991473532e-16,-1.0,-0.9749279121818236,-0.2225209339563148,-2.4492935982947064e-16,1.0
50,3102,3051,1,2025,9,20,11,46,2025,9,20,12,36,1,1,0,0,0,1,5,1,0.258819045102521,-0.9659258262890682,-0.4338837391175562,-0.90096886790242,-0.5000000000000004,0.8660254037844384
9,3077,3296,30,2023,6,22,8,5,2023,6,22,8,14,0,0,1,0,0,1,3,0,0.8660254037844387,-0.4999999999999998,0.7818314824680296,0.6234898018587337,-0.8660254037844385,-0.5000000000000004
46,3026,3026,30,2022,12,2,22,17,2022,12,2,23,3,0,0,1,0,0,0,4,0,-0.5000000000000004,0.8660254037844384,0.7818314824680271,0.6234898018587369,-0.8660254037844392,0.4999999999999991
5,3206,3060,1,2021,9,5,18,58,2021,9,5,19,3,1,1,0,0,0,1,6,1,-1.0,-1.8369701987210294e-16,-0.4338837391175575,-0.9009688679024194,3.673940397442059e-16,-1.0
37,3006,3049,30,2021,1,19,19,58,2021,1,19,20,35,0,0,1,0,0,1,1,0,-0.9659258262890684,0.2588190451025203,-0.9749279121818236,-0.222520933956315,-0.4999999999999991,-0.8660254037844392
36,3273,3236,365,2023,8,26,14,59,2023,8,26,15,35,0,0,0,1,0,1,5,1,-0.4999999999999997,-0.8660254037844388,-4.898587196589413e-16,1.0,0.8660254037844384,0.5000000000000004
14,3020,3333,30,2025,6,18,13,56,2025,6,18,14,10,1,0,1,0,0,1,2,0,-0.2588190451025208,-0.9659258262890684,-0.781831482468029,0.6234898018587346,0.5,0.8660254037844386
7,3281,3000,365,2024,12,5,16,36,2024,12,5,16,43,1,0,0,1,0,1,3,0,-0.8660254037844385,-0.5000000000000004,0.9749279121818236,-0.2225209339563138,0.8660254037844392,-0.4999999999999992
13,3050,3064,30,2022,6,28,21,49,2022,6,28,22,2,0,0,1,0,0,1,1,0,-0.7071067811865477,0.7071067811865474,-7.34788079488412e-16,1.0,-1.0,-4.286263797015736e-16
3,3392,3252,30,2026,3,13,16,32,2026,3,13,16,35,0,0,1,0,0,1,4,0,-0.8660254037844385,-0.5000000000000004,0.9749279121818236,-0.2225209339563138,0.8660254037844392,-0.4999999999999992
7,3371,3299,1,2025,5,18,15,42,2025,5,18,15,49,1,1,0,0,0,1,6,1,-0.7071067811865471,-0.7071067811865479,0.7818314824680284,0.6234898018587354,1.0,1.1943401194869637e-15
3,3330,3235,30,2023,6,21,19,32,2023,6,21,19,35,0,0,1,0,0,1,2,0,-0.9659258262890684,0.2588190451025203,-0.9749279121818236,-0.222520933956315,-0.4999999999999991,-0.8660254037844392
50,3295,3040,30,2025,12,3,20,22,2025,12,3,21,12,0,0,1,0,0,1,2,0,-0.8660254037844386,0.5000000000000001,-0.7818314824680302,0.6234898018587329,-0.8660254037844387,-0.4999999999999998
7,3007,3190,30,2023,7,26,11,22,2023,7,26,11,29,1,0,1,0,0,1,2,0,0.258819045102521,-0.9659258262890682,-0.4338837391175562,-0.90096886790242,-0.5000000000000004,0.8660254037844384
14,3182,3124,30,2022,9,17,10,53,2022,9,17,11,7,1,0,1,0,0,1,5,1,0.4999999999999999,-0.8660254037844387,0.4338837391175584,-0.9009688679024188,-0.8660254037844386,0.5000000000000001
3,3030,3052,30,2022,6,28,6,37,2022,6,28,6,40,1,0,1,0,0,1,1,0,1.0,6.123233995736766e-17,-0.7818314824680299,0.6234898018587334,1.2246467991473532e-16,-1.0
11,3371,3362,30,2024,5,10,7,47,2024,5,10,7,58,0,0,1,0,0,1,4,0,0.9659258262890684,-0.2588190451025206,-2.4492935982947064e-16,1.0,-0.4999999999999997,-0.8660254037844388
21,3294,3022,30,2023,6,1,22,59,2023,6,1,23,20,1,0,1,0,0,1,3,0,-0.5000000000000004,0.8660254037844384,0.7818314824680271,0.6234898018587369,-0.8660254037844392,0.4999999999999991
5,3266,3100,30,2024,5,10,18,33,2024,5,10,18,38,0,0,1,0,0,1,4,0,-1.0,-1.8369701987210294e-16,-0.4338837391175575,-0.9009688679024194,3.673940397442059e-16,-1.0
12,3029,3040,365,2023,4,14,17,55,2023,4,14,18,7,1,0,0,1,0,1,4,0,-0.9659258262890684,-0.2588190451025206,0.433883739117557,-0.9009688679024196,0.4999999999999998,-0.8660254037844388
18,3078,3037,30,2020,3,1,11,48,2020,3,1,12,6,0,0,1,0,0,1,6,1,0.258819045102521,-0.9659258262890682,-0.4338837391175562,-0.90096886790242,-0.5000000000000004,0.8660254037844384
9,3051,3187,30,2022,5,19,9,11,2022,5,19,9,20,1,0,1,0,0,1,3,0,0.7071067811865476,-0.7071067811865475,0.9749279121818236,-0.2225209339563141,-1.0,-1.8369701987210294e-16
41,3051,3043,30,2021,9,14,17,9,2021,9,14,17,50,0,0,1,0,0,1,1,0,-0.9659258262890684,-0.2588190451025206,0.433883739117557,-0.9009688679024196,0.4999999999999998,-0.8660254037844388
9,3043,3190,30,2021,10,30,15,55,2021,10,30,16,4,0,0,1,0,0,1,5,1,-0.7071067811865471,-0.7071067811865479,0.7818314824680284,0.6234898018587354,1.0,1.1943401194869637e-15
6,3007,3010,365,2023,8,8,19,35,2023,8,8,19,41,1,0,0,1,0,1,1,0,-0.9659258262890684,0.2588190451025203,-0.9749279121818236,-0.222520933956315,-0.4999999999999991,-0.8660254037844392
5,3156,3116,30,2021,9,5,17,5,2021,9,5,17,10,1,0,1,0,0,1,6,1,-0.9659258262890684,-0.2588190451025206,0.433883739117557,-0.9009688679024196,0.4999999999999998,-0.8660254037844388
12,3207,3256,30,2022,7,26,19,15,2022,7,26,19,27,0,0,1,0,0,1,1,0,-0.9659258262890684,0.2588190451025203,-0.9749279121818236,-0.222520933956315,-0.4999999999999991,-0.8660254037844392
15,3208,3246,30,2024,10,16,13,49,2024,10,16,14,4,0,0,1,0,0,1,2,0,-0.2588190451025208,-0.9659258262890684,-0.781831482468029,0.6234898018587346,0.5,0.8660254037844386
14,3033,3046,1,2020,4,9,19,55,2020,4,9,20,9,0,1,0,0,0,1,3,0,-0.9659258262890684,0.2588190451025203,-0.9749279121818236,-0.222520933956315,-0.4999999999999991,-0.8660254037844392
20,3213,3000,30,2025,11,4,19,56,2025,11,4,20,16,0,0,1,0,0,1,1,0,-0.9659258262890684,0.2588190451025203,-0.9749279121818236,-0.222520933956315,-0.4999999999999991,-0.8660254037844392
35,3210,3086,1,2020,5,12,10,53,2020,5,12,11,28,0,1,0,0,0,1,1,0,0.4999999999999999,-0.8660254037844387,0.4338837391175584,-0.9009688679024188,-0.8660254037844386,0.5000000000000001
12,3190,3233,30,2022,8,15,17,23,2022,8,15,17,35,0,0,1,0,0,1,0,0,-0.9659258262890684,-0.2588190451025206,0.433883739117557,-0.9009688679024196,0.4999999999999998,-0.8660254037844388
13,3233,3157,30,2023,8,11,22,50,2023,8,11,23,3,0,0,1,0,0,1,4,0,-0.5000000000000004,0.8660254037844384,0.7818314824680271,0.6234898018587369,-0.8660254037844392,0.4999999999999991
22,3053,3007,30,2023,8,29,13,55,2023,8,29,14,17,1,0,1,0,0,1,1,0,-0.2588190451025208,-0.9659258262890684,-0.781831482468029,0.6234898018587346,0.5,0.8660254037844386
21,3202,3005,30,2022,9,30,17,34,2022,9,30,17,55,0,0,1,0,0,1,4,0,-0.9659258262890684,-0.2588190451025206,0.433883739117557,-0.9009688679024196,0.4999999999999998,-0.8660254037844388
10,3313,3100,30,2025,10,28,18,49,2025,10,28,18,59,0,0,1,0,0,1,1,0,-1.0,-1.8369701987210294e-16,-0.4338837391175575,-0.9009688679024194,3.673940397442059e-16,-1.0
22,3007,3161,30,2022,8,22,16,2,2022,8,22,16,24,0,0,1,0,0,1,0,0,-0.8660254037844385,-0.5000000000000004,0.9749279121818236,-0.2225209339563138,0.8660254037844392,-0.4999999999999992
78,3064,3169,1,2021,6,29,13,7,2021,6,29,14,25,1,1,0,0,0,1,1,0,-0.2588190451025208,-0.9659258262890684,-0.781831482468029,0.6234898018587346,0.5,0.8660254037844386
17,3054,3108,30,2020,5,31,11,52,2020,5,31,12,9,1,0,1,0,0,1,6,1,0.258819045102521,-0.9659258262890682,-0.4338837391175562,-0.90096886790242,-0.5000000000000004,0.8660254037844384
2,3170,3162,365,2020,7,18,18,49,2020,7,18,18,51,0,0,0,1,0,1,5,1,-1.0,-1.8369701987210294e-16,-0.4338837391175575,-0.9009688679024194,3.673940397442059e-16,-1.0
25,3197,3102,30,2021,6,30,7,8,2021,6,30,7,33,1,0,1,0,0,1,2,0,0.9659258262890684,-0.2588190451025206,-2.4492935982947064e-16,1.0,-0.4999999999999997,-0.8660254037844388
14,3333,3286,365,2024,6,20,16,6,2024,6,20,16,20,1,0,0,1,0,1,3,0,-0.8660254037844385,-0.5000000000000004,0.9749279121818236,-0.2225209339563138,0.8660254037844392,-0.4999999999999992
5,3046,3026,30,2021,9,8,16,54,2021,9,8,16,59,0,0,1,0,0,1,2,0,-0.8660254037844385,-0.5000000000000004,0.9749279121818236,-0.2225209339563138,0.8660254037844392,-0.4999999999999992
21,3337,3156,365,2025,4,17,14,57,2025,4,17,15,18,1,0,0,1,0,1,3,0,-0.4999999999999997,-0.8660254037844388,-4.898587196589413e-16,1.0,0.8660254037844384,0.5000000000000004
30,3255,3100,365,2025,5,6,11,57,2025,5,6,12,27,0,0,0,1,0,1,1,0,0.258819045102521,-0.9659258262890682,-0.4338837391175562,-0.90096886790242,-0.5000000000000004,0.8660254037844384
10,3184,3086,365,2023,8,26,15,28,2023,8,26,15,38,1,0,0,1,0,1,5,1,-0.7071067811865471,-0.7071067811865479,0.7818314824680284,0.6234898018587354,1.0,1.1943401194869637e-15
7,3051,3321,365,2023,10,8,15,34,2023,10,8,15,41,0,0,0,1,0,1,6,1,-0.7071067811865471,-0.7071067811865479,0.7818314824680284,0.6234898018587354,1.0,1.1943401194869637e-15
14,3059,3062,1,2025,5,10,4,9,2025,5,10,4,23,1,0,0,0,1,1,5,1,0.8660254037844386,0.5000000000000001,-0.433883739117558,-0.9009688679024191,0.8660254037844387,-0.4999999999999998
10,3010,3053,365,2025,2,19,13,10,2025,2,19,13,20,1,0,0,1,0,1,2,0,-0.2588190451025208,-0.9659258262890684,-0.781831482468029,0.6234898018587346,0.5,0.8660254037844386
6,3061,3301,30,2025,7,30,15,6,2025,7,30,15,12,1,0,1,0,0,1,2,0,-0.7071067811865471,-0.7071067811865479,0.7818314824680284,0.6234898018587354,1.0,1.1943401194869637e-15
6,3037,3040,30,2021,4,18,18,8,2021,4,18,18,14,1,0,1,0,0,1,6,1,-1.0,-1.8369701987210294e-16,-0.4338837391175575,-0.9009688679024194,3.673940397442059e-16,-1.0
33,3279,3169,30,2025,9,21,12,52,2025,9,21,13,25,1,0,1,0,0,1,6,1,1.2246467991473532e-16,-1.0,-0.9749279121818236,-0.2225209339563148,-2.4492935982947064e-16,1.0
10,3169,3125,30,2021,1,25,22,37,2021,1,25,22,47,1,0,1,0,0,1,0,0,-0.5000000000000004,0.8660254037844384,0.7818314824680271,0.6234898018587369,-0.8660254037844392,0.4999999999999991
8,3249,3057,30,2025,10,31,8,48,2025,10,31,8,56,0,0,1,0,0,1,4,0,0.8660254037844387,-0.4999999999999998,0.7818314824680296,0.6234898018587337,-0.8660254037844385,-0.5000000000000004
25,3088,3307,30,2023,7,9,14,12,2023,7,9,14,37,1,0,1,0,0,1,6,1,-0.4999999999999997,-0.8660254037844388,-4.898587196589413e-16,1.0,0.8660254037844384,0.5000000000000004
11,3359,3053,30,2025,3,28,17,32,2025,3,28,17,43,1,0,1,0,0,1,4,0,-0.9659258262890684,-0.2588190451025206,0.433883739117557,-0.9009688679024196,0.4999999999999998,-0.8660254037844388
12,3357,3100,365,2024,6,29,19,4,2024,6,29,19,16,1,0,0,1,0,1,5,1,-0.9659258262890684,0.2588190451025203,-0.9749279121818236,-0.222520933956315,-0.4999999999999991,-0.8660254037844392
8,3068,3028,30,2025,6,6,14,50,2025,6,6,14,58,0,0,1,0,0,1,4,0,-0.4999999999999997,-0.8660254037844388,-4.898587196589413e-16,1.0,0.8660254037844384,0.5000000000000004
5,3164,3197,30,2022,4,11,10,53,2022,4,11,10,58,0,0,1,0,0,1,0,0,0.4999999999999999,-0.8660254037844387,0.4338837391175584,-0.9009688679024188,-0.8660254037844386,0.5000000000000001
8,3020,3022,365,2022,3,28,16,59,2022,3,28,17,7,0,0,0,1,0,1,0,0,-0.8660254037844385,-0.5000000000000004,0.9749279121818236,-0.2225209339563138,0.8660254037844392,-0.4999999999999992
57,3125,3041,1,2022,7,8,12,56,2022,7,8,13,53,1,1,0,0,0,1,4,0,1.2246467991473532e-16,-1.0,-0.9749279121818236,-0.2225209339563148,-2.4492935982947064e-16,1.0
3,3158,3150,30,2024,9,9,11,36,2024,9,9,11,39,0,0,1,0,0,1,0,0,0.258819045102521,-0.9659258262890682,-0.4338837391175562,-0.90096886790242,-0.5000000000000004,0.8660254037844384
18,3447,3325,365,2025,12,17,22,11,2025,12,17,22,29,0,0,0,1,0,1,2,0,-0.5000000000000004,0.8660254037844384,0.7818314824680271,0.6234898018587369,-0.8660254037844392,0.4999999999999991
16,3212,3061,30,2022,7,21,14,11,2022,7,21,14,27,0,0,1,0,0,1,3,0,-0.4999999999999997,-0.8660254037844388,-4.898587196589413e-16,1.0,0.8660254037844384,0.5000000000000004
10,3021,3102,30,2021,9,22,18,51,2021,9,22,19,1,1,0,1,0,0,1,2,0,-1.0,-1.8369701987210294e-16,-0.4338837391175575,-0.9009688679024194,3.673940397442059e-16,-1.0
4,3098,3164,365,2025,10,23,12,15,2025,10,23,12,19,1,0,0,1,0,1,3,0,1.2246467991473532e-16,-1.0,-0.9749279121818236,-0.2225209339563148,-2.4492935982947064e-16,1.0
18,3010,3124,30,2021,6,25,23,46,2021,6,26,0,4,0,0,1,0,0,1,4,0,-0.2588190451025215,0.965925826289068,0.9749279121818238,-0.2225209339563136,-0.5000000000000014,0.8660254037844378
41,3066,3291,1,2025,5,24,13,35,2025,5,24,14,16,1,1,0,0,0,1,5,1,-0.2588190451025208,-0.9659258262890684,-0.781831482468029,0.6234898018587346,0.5,0.8660254037844386
6,3100,3069,365,2021,7,23,19,29,2021,7,23,19,35,1,0,0,1,0,1,4,0,-0.9659258262890684,0.2588190451025203,-0.9749279121818236,-0.222520933956315,-0.4999999999999991,-0.8660254037844392
2,3164,3279,30,2025,11,4,19,19,2025,11,4,19,21,0,0,1,0,0,1,1,0,-0.9659258262890684,0.2588190451025203,-0.9749279121818236,-0.222520933956315,-0.4999999999999991,-0.8660254037844392
4,3025,3101,365,2021,11,8,10,56,2021,11,8,11,0,0,0,0,1,0,1,0,0,0.4999999999999999,-0.8660254037844387,0.4338837391175584,-0.9009688679024188,-0.8660254037844386,0.5000000000000001
12,3052,3040,30,2024,9,17,11,49,2024,9,17,12,1,1,0,1,0,0,1,1,0,0.258819045102521,-0.9659258262890682,-0.4338837391175562,-0.90096886790242,-0.5000000000000004,0.8660254037844384
9,3182,3007,1,2022,7,2,10,39,2022,7,2,10,48,1,1,0,0,0,1,5,1,0.4999999999999999,-0.8660254037844387,0.4338837391175584,-0.9009688679024188,-0.8660254037844386,0.5000000000000001
10,3117,3258,30,2024,6,12,22,37,2024,6,12,22,47,1,0,1,0,0,1,2,0,-0.5000000000000004,0.8660254037844384,0.7818314824680271,0.6234898018587369,-0.8660254037844392,0.4999999999999991
13,3336,3212,30,2025,4,17,17,26,2025,4,17,17,39,0,0,1,0,0,1,3,0,-0.9659258262890684,-0.2588190451025206,0.433883739117557,-0.9009688679024196,0.4999999999999998,-0.8660254037844388
5,3252,3184,30,2022,11,2,5,49,2022,11,2,5,54,1,0,1,0,0,1,2,0,0.9659258262890684,0.2588190451025207,-0.9749279121818236,-0.2225209339563146,0.4999999999999999,-0.8660254037844387
3,3075,3059,30,2020,10,19,10,40,2020,10,19,10,43,1,0,1,0,0,1,0,0,0.4999999999999999,-0.8660254037844387,0.4338837391175584,-0.9009688679024188,-0.8660254037844386,0.5000000000000001
8,3248,3208,30,2021,9,3,7,31,2021,9,3,7,39,0,0,1,0,0,1,4,0,0.9659258262890684,-0.2588190451025206,-2.4492935982947064e-16,1.0,-0.4999999999999997,-0.8660254037844388
12,3417,3073,30,2025,10,9,21,37,2025,10,9,21,49,1,0,1,0,0,1,3,0,-0.7071067811865477,0.7071067811865474,-7.34788079488412e-16,1.0,-1.0,-4.286263797015736e-16
4,3101,3052,30,2020,8,20,13,21,2020,8,20,13,25,0,0,1,0,0,1,3,0,-0.2588190451025208,-0.9659258262890684,-0.781831482468029,0.6234898018587346,0.5,0.8660254037844386
3,3202,3202,30,2020,12,23,9,37,2020,12,23,9,40,1,0,1,0,0,0,2,0,0.7071067811865476,-0.7071067811865475,0.9749279121818236,-0.2225209339563141,-1.0,-1.8369701987210294e-16
5,3046,3000,30,2021,10,4,4,55,2021,10,4,5,0,0,0,1,0,0,1,0,0,0.8660254037844386,0.5000000000000001,-0.433883739117558,-0.9009688679024191,0.8660254037844387,-0.4999999999999998
30,3155,3000,1,2020,5,30,9,39,2020,5,30,10,9,0,1,0,0,0,1,5,1,0.7071067811865476,-0.7071067811865475,0.9749279121818236,-0.2225209339563141,-1.0,-1.8369701987210294e-16
5,3015,3185,30,2022,12,10,11,13,2022,12,10,11,18,1,0,1,0,0,1,5,1,0.258819045102521,-0.9659258262890682,-0.4338837391175562,-0.90096886790242,-0.5000000000000004,0.8660254037844384
15,3243,3348,30,2024,5,13,21,43,2024,5,13,21,58,1,0,1,0,0,1,0,0,-0.7071067811865477,0.7071067811865474,-7.34788079488412e-16,1.0,-1.0,-4.286263797015736e-16
14,3153,3185,30,2021,12,10,11,12,2021,12,10,11,26,1,0,1,0,0,1,4,0,0.258819045102521,-0.9659258262890682,-0.4338837391175562,-0.90096886790242,-0.5000000000000004,0.8660254037844384
9,3020,3063,30,2023,8,9,19,35,2023,8,9,19,44,0,0,1,0,0,1,2,0,-0.9659258262890684,0.2588190451025203,-0.9749279121818236,-0.222520933956315,-0.4999999999999991,-0.8660254037844392
6,3028,3052,30,2023,6,9,23,19,2023,6,9,23,25,0,0,1,0,0,1,4,0,-0.2588190451025215,0.965925826289068,0.9749279121818238,-0.2225209339563136,-0.5000000000000014,0.8660254037844378
29,3098,3045,1,2021,4,10,12,15,2021,4,10,12,44,0,1,0,0,0,1,5,1,1.2246467991473532e-16,-1.0,-0.9749279121818236,-0.2225209339563148,-2.4492935982947064e-16,1.0
45,3153,3124,30,2021,10,23,12,40,2021,10,23,13,25,0,0,1,0,0,1,5,1,1.2246467991473532e-16,-1.0,-0.9749279121818236,-0.2225209339563148,-2.4492935982947064e-16,1.0
8,3016,3059,30,2022,6,19,17,5,2022,6,19,17,13,0,0,1,0,0,1,6,1,-0.9659258262890684,-0.2588190451025206,0.433883739117557,-0.9009688679024196,0.4999999999999998,-0.8660254037844388
10,3054,3011,30,2021,7,26,18,35,2021,7,26,18,45,0,0,1,0,0,1,0,0,-1.0,-1.8369701987210294e-16,-0.4338837391175575,-0.9009688679024194,3.673940397442059e-16,-1.0
42,3041,3365,1,2025,6,21,23,51,2025,6,22,0,33,0,0,0,0,1,1,5,1,-0.2588190451025215,0.965925826289068,0.9749279121818238,-0.2225209339563136,-0.5000000000000014,0.8660254037844378
23,3040,3100,30,2024,9,20,16,24,2024,9,20,16,47,0,0,1,0,0,1,4,0,-0.8660254037844385,-0.5000000000000004,0.9749279121818236,-0.2225209339563138,0.8660254037844392,-0.4999999999999992
12,3066,3238,365,2024,5,20,6,14,2024,5,20,6,26,0,0,0,1,0,1,0,0,1.0,6.123233995736766e-17,-0.7818314824680299,0.6234898018587334,1.2246467991473532e-16,-1.0
50,3212,3212,30,2021,4,8,18,34,2021,4,8,19,24,0,0,1,0,0,0,3,0,-1.0,-1.8369701987210294e-16,-0.4338837391175575,-0.9009688679024194,3.673940397442059e-16,-1.0
9,3165,3032,365,2025,3,3,17,45,2025,3,3,17,54,0,0,0,1,0,1,0,0,-0.9659258262890684,-0.2588190451025206,0.433883739117557,-0.9009688679024196,0.4999999999999998,-0.8660254037844388
24,3188,3068,30,2022,9,19,23,29,2022,9,19,23,53,1,0,1,0,0,1,0,0,-0.2588190451025215,0.965925826289068,0.9749279121818238,-0.2225209339563136,-0.5000000000000014,0.8660254037844378
16,3062,3010,30,2020,4,10,20,40,2020,4,10,20,56,0,0,1,0,0,1,4,0,-0.8660254037844386,0.5000000000000001,-0.7818314824680302,0.6234898018587329,-0.8660254037844387,-0.4999999999999998
5,3054,3108,30,2021,5,26,9,0,2021,5,26,9,5,0,0,1,0,0,1,2,0,0.7071067811865476,-0.7071067811865475,0.9749279121818236,-0.2225209339563141,-1.0,-1.8369701987210294e-16
11,3045,3045,30,2021,4,26,11,10,2021,4,26,11,21,0,0,1,0,0,0,0,0,0.258819045102521,-0.9659258262890682,-0.4338837391175562,-0.90096886790242,-0.5000000000000004,0.8660254037844384
10,3320,3182,1,2025,5,12,10,52,2025,5,12,11,2,1,0,0,0,1,1,0,0,0.4999999999999999,-0.8660254037844387,0.4338837391175584,-0.9009688679024188,-0.8660254037844386,0.5000000000000001
8,3102,3235,365,2022,6,29,13,41,2022,6,29,13,49,0,0,0,1,0,1,2,0,-0.2588190451025208,-0.9659258262890684,-0.781831482468029,0.6234898018587346,0.5,0.8660254037844386
47,3335,3061,30,2025,4,27,17,14,2025,4,27,18,1,0,0,1,0,0,1,6,1,-0.9659258262890684,-0.2588190451025206,0.433883739117557,-0.9009688679024196,0.4999999999999998,-0.8660254037844388
81,3075,3201,30,2026,1,22,10,51,2026,1,22,12,12,1,0,1,0,0,1,3,0,0.4999999999999999,-0.8660254037844387,0.4338837391175584,-0.9009688679024188,-0.8660254037844386,0.5000000000000001
6,3021,3058,365,2022,1,26,13,5,2022,1,26,13,11,1,0,0,1,0,1,2,0,-0.2588190451025208,-0.9659258262890684,-0.781831482468029,0.6234898018587346,0.5,0.8660254037844386
13,3034,3073,30,2021,8,31,20,30,2021,8,31,20,43,0,0,1,0,0,1,1,0,-0.8660254037844386,0.5000000000000001,-0.7818314824680302,0.6234898018587329,-0.8660254037844387,-0.4999999999999998
10,3061,3009,30,2025,10,4,20,54,2025,10,4,21,4,0,0,1,0,0,1,5,1,-0.8660254037844386,0.5000000000000001,-0.7818314824680302,0.6234898018587329,-0.8660254037844387,-0.4999999999999998
52,3055,3057,1,2025,4,17,13,10,2025,4,17,14,2,1,1,0,0,0,1,3,0,-0.2588190451025208,-0.9659258262890684,-0.781831482468029,0.6234898018587346,0.5,0.8660254037844386
11,3156,3059,30,2021,9,26,20,47,2021,9,26,20,58,0,0,1,0,0,1,6,1,-0.8660254037844386,0.5000000000000001,-0.7818314824680302,0.6234898018587329,-0.8660254037844387,-0.4999999999999998
7,3038,3032,30,2020,3,11,16,16,2020,3,11,16,23,0,0,1,0,0,1,2,0,-0.8660254037844385,-0.5000000000000004,0.9749279121818236,-0.2225209339563138,0.8660254037844392,-0.4999999999999992
5,3159,3009,365,2024,4,11,13,57,2024,4,11,14,2,1,0,0,1,0,1,3,0,-0.2588190451025208,-0.9659258262890684,-0.781831482468029,0.6234898018587346,0.5,0.8660254037844386
14,3318,3157,30,2025,7,28,0,53,2025,7,28,1,7,1,0,1,0,0,1,0,0,0.0,1.0,0.0,1.0,0.0,1.0
5,3161,3182,365,2023,7,3,8,16,2023,7,3,8,21,1,0,0,1,0,1,0,0,0.8660254037844387,-0.4999999999999998,0.7818314824680296,0.6234898018587337,-0.8660254037844385,-0.5000000000000004
14,3099,3066,365,2023,12,13,18,17,2023,12,13,18,31,0,0,0,1,0,1,2,0,-1.0,-1.8369701987210294e-16,-0.4338837391175575,-0.9009688679024194,3.673940397442059e-16,-1.0
9,3068,3064,30,2025,9,15,20,22,2025,9,15,20,31,0,0,1,0,0,1,0,0,-0.8660254037844386,0.5000000000000001,-0.7818314824680302,0.6234898018587329,-0.8660254037844387,-0.4999999999999998
20,3338,3067,365,2026,3,10,8,18,2026,3,10,8,38,1,0,0,1,0,1,1,0,0.8660254037844387,-0.4999999999999998,0.7818314824680296,0.6234898018587337,-0.8660254037844385,-0.5000000000000004
18,3200,3166,30,2022,10,4,17,5,2022,10,4,17,23,0,0,1,0,0,1,1,0,-0.9659258262890684,-0.2588190451025206,0.433883739117557,-0.9009688679024196,0.4999999999999998,-0.8660254037844388
6,3032,3208,365,2021,6,7,21,40,2021,6,7,21,46,0,0,0,1,0,1,0,0,-0.7071067811865477,0.7071067811865474,-7.34788079488412e-16,1.0,-1.0,-4.286263797015736e-16
6,3244,3052,365,2022,10,30,21,56,2022,10,30,22,2,0,0,0,1,0,1,6,1,-0.7071067811865477,0.7071067811865474,-7.34788079488412e-16,1.0,-1.0,-4.286263797015736e-16
24,3185,3074,30,2024,11,19,14,44,2024,11,19,15,9,0,0,1,0,0,1,1,0,-0.4999999999999997,-0.8660254037844388,-4.898587196589413e-16,1.0,0.8660254037844384,0.5000000000000004
48,3266,3158,30,2022,9,4,22,35,2022,9,4,23,23,0,0,1,0,0,1,6,1,-0.5000000000000004,0.8660254037844384,0.7818314824680271,0.6234898018587369,-0.8660254037844392,0.4999999999999991
14,3254,3021,30,2025,9,12,15,40,2025,9,12,15,54,1,0,1,0,0,1,4,0,-0.7071067811865471,-0.7071067811865479,0.7818314824680284,0.6234898018587354,1.0,1.1943401194869637e-15
6,3020,3248,365,2024,7,9,7,45,2024,7,9,7,51,1,0,0,1,0,1,1,0,0.9659258262890684,-0.2588190451025206,-2.4492935982947064e-16,1.0,-0.4999999999999997,-0.8660254037844388
15,3331,3373,30,2025,8,15,7,37,2025,8,15,7,52,0,0,1,0,0,1,4,0,0.9659258262890684,-0.2588190451025206,-2.4492935982947064e-16,1.0,-0.4999999999999997,-0.8660254037844388
5,3261,3000,30,2024,8,1,13,19,2024,8,1,13,24,1,0,1,0,0,1,3,0,-0.2588190451025208,-0.9659258262890684,-0.781831482468029,0.6234898018587346,0.5,0.8660254037844386
24,3047,3236,1,2022,5,3,12,59,2022,5,3,13,23,0,1,0,0,0,1,1,0,1.2246467991473532e-16,-1.0,-0.9749279121818236,-0.2225209339563148,-2.4492935982947064e-16,1.0
7,3047,3018,30,2023,4,3,12,41,2023,4,3,12,48,0,0,1,0,0,1,0,0,1.2246467991473532e-16,-1.0,-0.9749279121818236,-0.2225209339563148,-2.4492935982947064e-16,1.0
30,3100,3150,30,2020,5,10,18,15,2020,5,10,18,45,0,0,1,0,0,1,6,1,-1.0,-1.8369701987210294e-16,-0.4338837391175575,-0.9009688679024194,3.673940397442059e-16,-1.0
8,3124,3375,30,2024,8,21,20,2,2024,8,21,20,10,0,0,1,0,0,1,2,0,-0.8660254037844386,0.5000000000000001,-0.7818314824680302,0.6234898018587329,-0.8660254037844387,-0.4999999999999998
7,3046,3201,365,2024,4,15,21,12,2024,4,15,21,19,1,0,0,1,0,1,0,0,-0.7071067811865477,0.7071067811865474,-7.34788079488412e-16,1.0,-1.0,-4.286263797015736e-16
3,3237,3197,365,2023,11,10,0,13,2023,11,10,0,16,0,0,0,1,0,1,4,0,0.0,1.0,0.0,1.0,0.0,1.0
7,3155,3334,365,2024,2,8,20,30,2024,2,8,20,37,0,0,0,1,0,1,3,0,-0.8660254037844386,0.5000000000000001,-0.7818314824680302,0.6234898018587329,-0.8660254037844387,-0.4999999999999998
26,3375,3208,365,2026,1,19,14,50,2026,1,19,15,16,1,0,0,1,0,1,0,0,-0.4999999999999997,-0.8660254037844388,-4.898587196589413e-16,1.0,0.8660254037844384,0.5000000000000004
9,3169,3026,30,2021,10,31,10,10,2021,10,31,10,19,0,0,1,0,0,1,6,1,0.4999999999999999,-0.8660254037844387,0.4338837391175584,-0.9009688679024188,-0.8660254037844386,0.5000000000000001
9,3033,3066,365,2024,1,2,15,58,2024,1,2,16,7,1,0,0,1,0,1,1,0,-0.7071067811865471,-0.7071067811865479,0.7818314824680284,0.6234898018587354,1.0,1.1943401194869637e-15
15,3006,3253,30,2024,7,25,16,38,2024,7,25,16,53,0,0,1,0,0,1,3,0,-0.8660254037844385,-0.5000000000000004,0.9749279121818236,-0.2225209339563138,0.8660254037844392,-0.4999999999999992
24,3029,3098,1,2023,7,13,18,14,2023,7,13,18,38,1,1,0,0,0,1,3,0,-1.0,-1.8369701987210294e-16,-0.4338837391175575,-0.9009688679024194,3.673940397442059e-16,-1.0
7,3009,3156,365,2024,4,18,18,54,2024,4,18,19,1,1,0,0,1,0,1,3,0,-1.0,-1.8369701987210294e-16,-0.4338837391175575,-0.9009688679024194,3.673940397442059e-16,-1.0
64,3212,3212,1,2022,9,10,17,12,2022,9,10,18,16,0,1,0,0,0,0,5,1,-0.9659258262890684,-0.2588190451025206,0.433883739117557,-0.9009688679024196,0.4999999999999998,-0.8660254037844388
15,3046,3266,30,2023,3,18,1,59,2023,3,18,2,14,1,0,1,0,0,1,5,1,0.2588190451025207,0.9659258262890684,0.7818314824680298,0.6234898018587336,0.4999999999999999,0.8660254037844387
13,3374,3301,365,2026,3,29,10,44,2026,3,29,10,57,1,0,0,1,0,1,6,1,0.4999999999999999,-0.8660254037844387,0.4338837391175584,-0.9009688679024188,-0.8660254037844386,0.5000000000000001
12,3208,3064,30,2022,9,7,15,5,2022,9,7,15,17,0,0,1,0,0,1,2,0,-0.7071067811865471,-0.7071067811865479,0.7818314824680284,0.6234898018587354,1.0,1.1943401194869637e-15
8,3167,3244,30,2022,8,30,21,33,2022,8,30,21,41,0,0,1,0,0,1,1,0,-0.7071067811865477,0.7071067811865474,-7.34788079488412e-16,1.0,-1.0,-4.286263797015736e-16
3,3097,3425,365,2026,2,4,11,26,2026,2,4,11,29,1,0,0,1,0,1,2,0,0.258819045102521,-0.9659258262890682,-0.4338837391175562,-0.90096886790242,-0.5000000000000004,0.8660254037844384
7,3102,3182,365,2025,2,17,6,49,2025,2,17,6,56,1,0,0,1,0,1,0,0,1.0,6.123233995736766e-17,-0.7818314824680299,0.6234898018587334,1.2246467991473532e-16,-1.0
33,3074,3104,30,2021,4,19,0,22,2021,4,19,0,55,0,0,1,0,0,1,0,0,0.0,1.0,0.0,1.0,0.0,1.0
8,3155,3050,30,2020,10,1,8,18,2020,10,1,8,26,0,0,1,0,0,1,3,0,0.8660254037844387,-0.4999999999999998,0.7818314824680296,0.6234898018587337,-0.8660254037844385,-0.5000000000000004
12,3208,3301,365,2024,11,26,14,10,2024,11,26,14,22,0,0,0,1,0,1,1,0,-0.4999999999999997,-0.8660254037844388,-4.898587196589413e-16,1.0,0.8660254037844384,0.5000000000000004
9,3028,3055,30,2025,11,30,14,36,2025,11,30,14,45,0,0,1,0,0,1,6,1,-0.4999999999999997,-0.8660254037844388,-4.898587196589413e-16,1.0,0.8660254037844384,0.5000000000000004
23,3210,3054,30,2022,9,1,17,6,2022,9,1,17,29,0,0,1,0,0,1,3,0,-0.9659258262890684,-0.2588190451025206,0.433883739117557,-0.9009688679024196,0.4999999999999998,-0.8660254037844388
5,3120,3374,365,2025,2,3,18,5,2025,2,3,18,10,1,0,0,1,0,1,0,0,-1.0,-1.8369701987210294e-16,-0.4338837391175575,-0.9009688679024194,3.673940397442059e-16,-1.0
11,3125,3022,30,2024,8,23,16,22,2024,8,23,16,33,1,0,1,0,0,1,4,0,-0.8660254037844385,-0.5000000000000004,0.9749279121818236,-0.2225209339563138,0.8660254037844392,-0.4999999999999992
11,3029,3342,30,2024,4,22,15,10,2024,4,22,15,21,1,0,1,0,0,1,0,0,-0.7071067811865471,-0.7071067811865479,0.7818314824680284,0.6234898018587354,1.0,1.1943401194869637e-15
17,3021,3393,365,2025,9,23,16,5,2025,9,23,16,22,1,0,0,1,0,1,1,0,-0.8660254037844385,-0.5000000000000004,0.9749279121818236,-0.2225209339563138,0.8660254037844392,-0.4999999999999992
4,3073,3371,365,2025,8,19,23,2,2025,8,19,23,6,1,0,0,1,0,1,1,0,-0.2588190451025215,0.965925826289068,0.9749279121818238,-0.2225209339563136,-0.5000000000000014,0.8660254037844378
7,3276,3185,30,2024,8,27,7,40,2024,8,27,7,47,1,0,1,0,0,1,1,0,0.9659258262890684,-0.2588190451025206,-2.4492935982947064e-16,1.0,-0.4999999999999997,-0.8660254037844388
4,3018,3045,365,2022,3,10,17,7,2022,3,10,17,11,0,0,0,1,0,1,3,0,-0.9659258262890684,-0.2588190451025206,0.433883739117557,-0.9009688679024196,0.4999999999999998,-0.8660254037844388
14,3038,3297,30,2024,12,23,15,29,2024,12,23,15,43,1,0,1,0,0,1,0,0,-0.7071067811865471,-0.7071067811865479,0.7818314824680284,0.6234898018587354,1.0,1.1943401194869637e-15
6,3021,3054,365,2025,2,28,22,10,2025,2,28,22,16,1,0,0,1,0,1,4,0,-0.5000000000000004,0.8660254037844384,0.7818314824680271,0.6234898018587369,-0.8660254037844392,0.4999999999999991
7,3236,3200,30,2021,7,16,21,3,2021,7,16,21,10,1,0,1,0,0,1,4,0,-0.7071067811865477,0.7071067811865474,-7.34788079488412e-16,1.0,-1.0,-4.286263797015736e-16
11,3052,3163,30,2020,8,18,14,3,2020,8,18,14,14,0,0,1,0,0,1,1,0,-0.4999999999999997,-0.8660254037844388,-4.898587196589413e-16,1.0,0.8660254037844384,0.5000000000000004
5,3086,3010,365,2023,3,23,9,51,2023,3,23,9,56,1,0,0,1,0,1,3,0,0.7071067811865476,-0.7071067811865475,0.9749279121818236,-0.2225209339563141,-1.0,-1.8369701987210294e-16
10,3054,3102,365,2023,11,13,11,6,2023,11,13,11,16,1,0,0,1,0,1,0,0,0.258819045102521,-0.9659258262890682,-0.4338837391175562,-0.90096886790242,-0.5000000000000004,0.8660254037844384
11,3040,3055,365,2024,9,26,17,20,2024,9,26,17,31,1,0,0,1,0,1,3,0,-0.9659258262890684,-0.2588190451025206,0.433883739117557,-0.9009688679024196,0.4999999999999998,-0.8660254037844388
10,3110,3072,30,2025,11,7,12,24,2025,11,7,12,34,1,0,1,0,0,1,4,0,1.2246467991473532e-16,-1.0,-0.9749279121818236,-0.2225209339563148,-2.4492935982947064e-16,1.0
9,3164,3033,365,2025,1,14,7,46,2025,1,14,7,55,1,0,0,1,0,1,1,0,0.9659258262890684,-0.2588190451025206,-2.4492935982947064e-16,1.0,-0.4999999999999997,-0.8660254037844388
14,3167,3170,30,2021,7,31,7,53,2021,7,31,8,7,0,0,1,0,0,1,5,1,0.9659258262890684,-0.2588190451025206,-2.4492935982947064e-16,1.0,-0.4999999999999997,-0.8660254037844388
9,3047,3018,30,2020,1,28,18,13,2020,1,28,18,22,0,0,1,0,0,1,1,0,-1.0,-1.8369701987210294e-16,-0.4338837391175575,-0.9009688679024194,3.673940397442059e-16,-1.0
7,3032,3064,365,2020,5,19,15,44,2020,5,19,15,51,0,0,0,1,0,1,1,0,-0.7071067811865471,-0.7071067811865479,0.7818314824680284,0.6234898018587354,1.0,1.1943401194869637e-15
13,3154,3378,30,2024,10,30,21,2,2024,10,30,21,15,0,0,1,0,0,1,2,0,-0.7071067811865477,0.7071067811865474,-7.34788079488412e-16,1.0,-1.0,-4.286263797015736e-16
14,3032,3158,30,2021,9,14,13,55,2021,9,14,14,9,1,0,1,0,0,1,1,0,-0.2588190451025208,-0.9659258262890684,-0.781831482468029,0.6234898018587346,0.5,0.8660254037844386
13,3075,3123,30,2021,8,17,15,32,2021,8,17,15,45,0,0,1,0,0,1,1,0,-0.7071067811865471,-0.7071067811865479,0.7818314824680284,0.6234898018587354,1.0,1.1943401194869637e-15
27,3006,3028,30,2022,6,3,16,31,2022,6,3,16,58,1,0,1,0,0,1,4,0,-0.8660254037844385,-0.5000000000000004,0.9749279121818236,-0.2225209339563138,0.8660254037844392,-0.4999999999999992
14,3032,3244,30,2024,10,18,21,44,2024,10,18,21,58,1,0,1,0,0,1,4,0,-0.7071067811865477,0.7071067811865474,-7.34788079488412e-16,1.0,-1.0,-4.286263797015736e-16
24,3287,3255,30,2023,10,25,18,6,2023,10,25,18,30,1,0,1,0,0,1,2,0,-1.0,-1.8369701987210294e-16,-0.4338837391175575,-0.9009688679024194,3.673940397442059e-16,-1.0
36,3110,3114,30,2020,7,5,17,44,2020,7,5,18,20,0,0,1,0,0,1,6,1,-0.9659258262890684,-0.2588190451025206,0.433883739117557,-0.9009688679024196,0.4999999999999998,-0.8660254037844388
33,3157,3100,30,2020,9,4,19,17,2020,9,4,19,50,0,0,1,0,0,1,4,0,-0.9659258262890684,0.2588190451025203,-0.9749279121818236,-0.222520933956315,-0.4999999999999991,-0.8660254037844392
7,3054,3165,30,2026,1,13,8,12,2026,1,13,8,19,1,0,1,0,0,1,1,0,0.8660254037844387,-0.4999999999999998,0.7818314824680296,0.6234898018587337,-0.8660254037844385,-0.5000000000000004
21,3164,3059,30,2021,9,20,2,23,2021,9,20,2,44,0,0,1,0,0,1,0,0,0.4999999999999999,0.8660254037844387,0.9749279121818236,-0.2225209339563143,0.8660254037844386,0.5000000000000001
2,3209,3024,30,2021,8,30,16,5,2021,8,30,16,7,0,0,1,0,0,1,0,0,-0.8660254037844385,-0.5000000000000004,0.9749279121818236,-0.2225209339563138,0.8660254037844392,-0.4999999999999992
5,3007,3025,30,2022,4,5,23,45,2022,4,5,23,50,0,0,1,0,0,1,1,0,-0.2588190451025215,0.965925826289068,0.9749279121818238,-0.2225209339563136,-0.5000000000000014,0.8660254037844378
3,3204,3059,365,2025,12,12,15,12,2025,12,12,15,15,1,0,0,1,0,1,4,0,-0.7071067811865471,-0.7071067811865479,0.7818314824680284,0.6234898018587354,1.0,1.1943401194869637e-15
41,3163,3163,30,2020,7,13,18,22,2020,7,13,19,3,0,0,1,0,0,0,0,0,-1.0,-1.8369701987210294e-16,-0.4338837391175575,-0.9009688679024194,3.673940397442059e-16,-1.0
12,3057,3057,1,2025,10,11,11,3,2025,10,11,11,15,0,1,0,0,0,0,5,1,0.258819045102521,-0.9659258262890682,-0.4338837391175562,-0.90096886790242,-0.5000000000000004,0.8660254037844384
45,3010,3010,30,2020,6,12,16,25,2020,6,12,17,10,0,0,1,0,0,0,4,0,-0.8660254037844385,-0.5000000000000004,0.9749279121818236,-0.2225209339563138,0.8660254037844392,-0.4999999999999992
4,3098,3034,365,2023,2,19,7,36,2023,2,19,7,40,0,0,0,1,0,1,6,1,0.9659258262890684,-0.2588190451025206,-2.4492935982947064e-16,1.0,-0.4999999999999997,-0.8660254037844388
20,3168,3000,30,2021,9,18,11,50,2021,9,18,12,10,0,0,1,0,0,1,5,1,0.258819045102521,-0.9659258262890682,-0.4338837391175562,-0.90096886790242,-0.5000000000000004,0.8660254037844384
27,3116,3039,30,2022,9,17,22,3,2022,9,17,22,30,0,0,1,0,0,1,5,1,-0.5000000000000004,0.8660254037844384,0.7818314824680271,0.6234898018587369,-0.8660254037844392,0.4999999999999991
32,3391,3391,1,2025,3,31,18,30,2025,3,31,19,2,1,0,0,0,1,0,0,0,-1.0,-1.8369701987210294e-16,-0.4338837391175575,-0.9009688679024194,3.673940397442059e-16,-1.0
22,3070,3000,30,2021,9,21,11,49,2021,9,21,12,11,0,0,1,0,0,1,1,0,0.258819045102521,-0.9659258262890682,-0.4338837391175562,-0.90096886790242,-0.5000000000000004,0.8660254037844384
18,3296,3207,30,2023,10,18,16,41,2023,10,18,16,59,1,0,1,0,0,1,2,0,-0.8660254037844385,-0.5000000000000004,0.9749279121818236,-0.2225209339563138,0.8660254037844392,-0.4999999999999992
6,3041,3110,365,2025,8,21,18,22,2025,8,21,18,28,1,0,0,1,0,1,3,0,-1.0,-1.8369701987210294e-16,-0.4338837391175575,-0.9009688679024194,3.673940397442059e-16,-1.0
42,3256,3163,30,2024,2,2,16,26,2024,2,2,17,8,0,0,1,0,0,1,4,0,-0.8660254037844385,-0.5000000000000004,0.9749279121818236,-0.2225209339563138,0.8660254037844392,-0.4999999999999992
64,3039,3039,30,2021,2,25,13,12,2021,2,25,14,16,0,0,1,0,0,0,3,0,-0.2588190451025208,-0.9659258262890684,-0.781831482468029,0.6234898018587346,0.5,0.8660254037844386
12,3088,3373,30,2024,2,24,11,44,2024,2,24,11,56,0,0,1,0,0,1,5,1,0.258819045102521,-0.9659258262890682,-0.4338837391175562,-0.90096886790242,-0.5000000000000004,0.8660254037844384
25,3157,3331,365,2025,8,21,21,20,2025,8,21,21,45,0,0,0,1,0,1,3,0,-0.7071067811865477,0.7071067811865474,-7.34788079488412e-16,1.0,-1.0,-4.286263797015736e-16
7,3114,3062,365,2021,5,27,8,24,2021,5,27,8,31,0,0,0,1,0,1,3,0,0.8660254037844387,-0.4999999999999998,0.7818314824680296,0.6234898018587337,-0.8660254037844385,-0.5000000000000004
49,3212,3212,365,2021,11,16,11,24,2021,11,16,12,13,0,0,0,1,0,0,1,0,0.258819045102521,-0.9659258262890682,-0.4338837391175562,-0.90096886790242,-0.5000000000000004,0.8660254037844384
45,3108,3202,365,2020,11,24,10,43,2020,11,24,11,28,0,0,0,1,0,1,1,0,0.4999999999999999,-0.8660254037844387,0.4338837391175584,-0.9009688679024188,-0.8660254037844386,0.5000000000000001
12,3022,3018,365,2025,9,12,16,59,2025,9,12,17,11,1,0,0,1,0,1,4,0,-0.8660254037844385,-0.5000000000000004,0.9749279121818236,-0.2225209339563138,0.8660254037844392,-0.4999999999999992
11,3168,3009,30,2021,11,8,19,0,2021,11,8,19,11,0,0,1,0,0,1,0,0,-0.9659258262890684,0.2588190451025203,-0.9749279121818236,-0.222520933956315,-0.4999999999999991,-0.8660254037844392
6,3070,3166,30,2023,11,16,19,0,2023,11,16,19,6,0,0,1,0,0,1,3,0,-0.9659258262890684,0.2588190451025203,-0.9749279121818236,-0.222520933956315,-0.4999999999999991,-0.8660254037844392
8,3061,3182,365,2024,3,18,14,6,2024,3,18,14,14,0,0,0,1,0,1,0,0,-0.4999999999999997,-0.8660254037844388,-4.898587196589413e-16,1.0,0.8660254037844384,0.5000000000000004
19,3362,3425,365,2026,1,2,17,25,2026,1,2,17,44,1,0,0,1,0,1,4,0,-0.9659258262890684,-0.2588190451025206,0.433883739117557,-0.9009688679024196,0.4999999999999998,-0.8660254037844388
17,3037,3162,30,2020,12,26,17,16,2020,12,26,17,33,0,0,1,0,0,1,5,1,-0.9659258262890684,-0.2588190451025206,0.433883739117557,-0.9009688679024196,0.4999999999999998,-0.8660254037844388
4,3360,3164,30,2025,9,14,15,1,2025,9,14,15,5,0,0,1,0,0,1,6,1,-0.7071067811865471,-0.7071067811865479,0.7818314824680284,0.6234898018587354,1.0,1.1943401194869637e-15
8,3054,3120,30,2022,2,14,7,50,2022,2,14,7,58,0,0,1,0,0,1,0,0,0.9659258262890684,-0.2588190451025206,-2.4492935982947064e-16,1.0,-0.4999999999999997,-0.8660254037844388
18,3182,3121,30,2021,5,20,15,20,2021,5,20,15,38,0,0,1,0,0,1,3,0,-0.7071067811865471,-0.7071067811865479,0.7818314824680284,0.6234898018587354,1.0,1.1943401194869637e-15
3,3286,3073,30,2023,10,10,18,22,2023,10,10,18,25,1,0,1,0,0,1,1,0,-1.0,-1.8369701987210294e-16,-0.4338837391175575,-0.9009688679024194,3.673940397442059e-16,-1.0
12,3168,3102,365,2024,7,11,21,22,2024,7,11,21,35,1,0,0,1,0,1,3,0,-0.7071067811865477,0.7071067811865474,-7.34788079488412e-16,1.0,-1.0,-4.286263797015736e-16
10,3208,3112,365,2023,1,28,17,19,2023,1,28,17,30,1,0,0,1,0,1,5,1,-0.9659258262890684,-0.2588190451025206,0.433883739117557,-0.9009688679024196,0.4999999999999998,-0.8660254037844388
11,3028,3168,30,2022,11,10,6,42,2022,11,10,6,53,1,0,1,0,0,1,3,0,1.0,6.123233995736766e-17,-0.7818314824680299,0.6234898018587334,1.2246467991473532e-16,-1.0
3,3116,3205,30,2023,5,1,9,7,2023,5,1,9,10,0,0,1,0,0,1,0,0,0.7071067811865476,-0.7071067811865475,0.9749279121818236,-0.2225209339563141,-1.0,-1.8369701987210294e-16
20,3353,3037,30,2024,5,17,12,2,2024,5,17,12,22,1,0,1,0,0,1,4,0,1.2246467991473532e-16,-1.0,-0.9749279121818236,-0.2225209339563148,-2.4492935982947064e-16,1.0
6,3167,3205,30,2020,1,28,16,24,2020,1,28,16,30,0,0,1,0,0,1,1,0,-0.8660254037844385,-0.5000000000000004,0.9749279121818236,-0.2225209339563138,0.8660254037844392,-0.4999999999999992
15,3004,3057,1,2020,8,1,10,4,2020,8,1,10,19,1,1,0,0,0,1,5,1,0.4999999999999999,-0.8660254037844387,0.4338837391175584,-0.9009688679024188,-0.8660254037844386,0.5000000000000001
5,3035,3207,365,2021,5,19,18,43,2021,5,19,18,48,1,0,0,1,0,1,2,0,-1.0,-1.8369701987210294e-16,-0.4338837391175575,-0.9009688679024194,3.673940397442059e-16,-1.0
13,3022,3182,30,2021,4,25,16,48,2021,4,25,17,1,0,0,1,0,0,1,6,1,-0.8660254037844385,-0.5000000000000004,0.9749279121818236,-0.2225209339563138,0.8660254037844392,-0.4999999999999992
8,3284,3369,30,2024,6,3,10,6,2024,6,3,10,14,1,0,1,0,0,1,0,0,0.4999999999999999,-0.8660254037844387,0.4338837391175584,-0.9009688679024188,-0.8660254037844386,0.5000000000000001
13,3190,3098,30,2023,6,11,18,33,2023,6,11,18,46,1,0,1,0,0,1,6,1,-1.0,-1.8369701987210294e-16,-0.4338837391175575,-0.9009688679024194,3.673940397442059e-16,-1.0
17,3370,3291,30,2025,11,15,19,48,2025,11,15,20,5,1,0,1,0,0,1,5,1,-0.9659258262890684,0.2588190451025203,-0.9749279121818236,-0.222520933956315,-0.4999999999999991,-0.8660254037844392
14,3052,3114,365,2021,10,20,19,41,2021,10,20,19,55,0,0,0,1,0,1,2,0,-0.9659258262890684,0.2588190451025203,-0.9749279121818236,-0.222520933956315,-0.4999999999999991,-0.8660254037844392
34,3041,3121,30,2022,5,20,2,3,2022,5,20,2,37,0,0,1,0,0,1,4,0,0.4999999999999999,0.8660254037844387,0.9749279121818236,-0.2225209339563143,0.8660254037844386,0.5000000000000001
11,3157,3055,365,2025,11,23,9,52,2025,11,23,10,3,0,0,0,1,0,1,6,1,0.7071067811865476,-0.7071067811865475,0.9749279121818236,-0.2225209339563141,-1.0,-1.8369701987210294e-16
10,3361,3294,365,2026,1,18,14,30,2026,1,18,14,40,1,0,0,1,0,1,6,1,-0.4999999999999997,-0.8660254037844388,-4.898587196589413e-16,1.0,0.8660254037844384,0.5000000000000004
3,3063,3203,365,2025,11,25,7,10,2025,11,25,7,13,0,0,0,1,0,1,1,0,0.9659258262890684,-0.2588190451025206,-2.4492935982947064e-16,1.0,-0.4999999999999997,-0.8660254037844388
8,3150,3363,365,2024,4,25,9,11,2024,4,25,9,19,1,0,0,1,0,1,3,0,0.7071067811865476,-0.7071067811865475,0.9749279121818236,-0.2225209339563141,-1.0,-1.8369701987210294e-16
5,3295,3010,365,2023,9,28,18,45,2023,9,28,18,50,0,0,0,1,0,1,3,0,-1.0,-1.8369701987210294e-16,-0.4338837391175575,-0.9009688679024194,3.673940397442059e-16,-1.0
2,3078,3078,30,2025,2,21,20,54,2025,2,21,20,56,0,0,1,0,0,0,4,0,-0.8660254037844386,0.5000000000000001,-0.7818314824680302,0.6234898018587329,-0.8660254037844387,-0.4999999999999998
16,3052,3207,30,2021,10,15,12,59,2021,10,15,13,15,0,0,1,0,0,1,4,0,1.2246467991473532e-16,-1.0,-0.9749279121818236,-0.2225209339563148,-2.4492935982947064e-16,1.0
16,3164,3301,365,2024,11,19,8,49,2024,11,19,9,5,1,0,0,1,0,1,1,0,0.8660254037844387,-0.4999999999999998,0.7818314824680296,0.6234898018587337,-0.8660254037844385,-0.5000000000000004
16,3098,3098,30,2022,4,21,1,25,2022,4,21,1,41,0,0,1,0,0,0,3,0,0.2588190451025207,0.9659258262890684,0.7818314824680298,0.6234898018587336,0.4999999999999999,0.8660254037844387
24,3054,3292,30,2025,3,9,18,53,2025,3,9,19,17,1,0,1,0,0,1,6,1,-1.0,-1.8369701987210294e-16,-0.4338837391175575,-0.9009688679024194,3.673940397442059e-16,-1.0
9,3102,3021,30,2022,5,16,5,52,2022,5,16,6,1,0,0,1,0,0,1,0,0,0.9659258262890684,0.2588190451025207,-0.9749279121818236,-0.2225209339563146,0.4999999999999999,-0.8660254037844387
3,3072,3069,365,2024,1,4,17,36,2024,1,4,17,39,0,0,0,1,0,1,3,0,-0.9659258262890684,-0.2588190451025206,0.433883739117557,-0.9009688679024196,0.4999999999999998,-0.8660254037844388
15,3121,3063,30,2021,10,11,12,45,2021,10,11,13,0,1,0,1,0,0,1,0,0,1.2246467991473532e-16,-1.0,-0.9749279121818236,-0.2225209339563148,-2.4492935982947064e-16,1.0
21,3088,3007,30,2021,10,5,8,13,2021,10,5,8,34,0,0,1,0,0,1,1,0,0.8660254037844387,-0.4999999999999998,0.7818314824680296,0.6234898018587337,-0.8660254037844385,-0.5000000000000004
5,3097,3327,30,2023,8,27,13,13,2023,8,27,13,18,1,0,1,0,0,1,6,1,-0.2588190451025208,-0.9659258262890684,-0.781831482468029,0.6234898018587346,0.5,0.8660254037844386
8,3203,3255,30,2022,5,1,9,25,2022,5,1,9,33,1,0,1,0,0,1,6,1,0.7071067811865476,-0.7071067811865475,0.9749279121818236,-0.2225209339563141,-1.0,-1.8369701987210294e-16
57,3250,3345,1,2024,11,17,17,9,2024,11,17,18,6,1,1,0,0,0,1,6,1,-0.9659258262890684,-0.2588190451025206,0.433883739117557,-0.9009688679024196,0.4999999999999998,-0.8660254037844388
8,3086,3045,30,2020,9,26,17,33,2020,9,26,17,41,0,0,1,0,0,1,5,1,-0.9659258262890684,-0.2588190451025206,0.433883739117557,-0.9009688679024196,0.4999999999999998,-0.8660254037844388
31,3248,3253,1,2022,6,11,23,24,2022,6,11,23,55,0,1,0,0,0,1,5,1,-0.2588190451025215,0.965925826289068,0.9749279121818238,-0.2225209339563136,-0.5000000000000014,0.8660254037844378
6,3169,3055,365,2020,6,13,15,34,2020,6,13,15,40,1,0,0,1,0,1,5,1,-0.7071067811865471,-0.7071067811865479,0.7818314824680284,0.6234898018587354,1.0,1.1943401194869637e-15
6,3074,3272,30,2026,3,24,11,51,2026,3,24,11,57,1,0,1,0,0,1,1,0,0.258819045102521,-0.9659258262890682,-0.4338837391175562,-0.90096886790242,-0.5000000000000004,0.8660254037844384
6,3345,3346,30,2025,8,12,7,51,2025,8,12,7,57,1,0,1,0,0,1,1,0,0.9659258262890684,-0.2588190451025206,-2.4492935982947064e-16,1.0,-0.4999999999999997,-0.8660254037844388
16,3102,3078,30,2022,4,2,13,35,2022,4,2,13,51,0,0,1,0,0,1,5,1,-0.2588190451025208,-0.9659258262890684,-0.781831482468029,0.6234898018587346,0.5,0.8660254037844386
10,3010,3068,30,2025,9,24,17,14,2025,9,24,17,24,0,0,1,0,0,1,2,0,-0.9659258262890684,-0.2588190451025206,0.433883739117557,-0.9009688679024196,0.4999999999999998,-0.8660254037844388
45,3185,3043,30,2020,11,4,17,39,2020,11,4,18,24,0,0,1,0,0,1,2,0,-0.9659258262890684,-0.2588190451025206,0.433883739117557,-0.9009688679024196,0.4999999999999998,-0.8660254037844388
26,3245,3245,1,2025,9,10,20,34,2025,9,10,21,0,1,0,0,0,1,0,2,0,-0.8660254037844386,0.5000000000000001,-0.7818314824680302,0.6234898018587329,-0.8660254037844387,-0.4999999999999998
5,3033,3046,30,2023,2,16,2,35,2023,2,16,2,40,0,0,1,0,0,1,3,0,0.4999999999999999,0.8660254037844387,0.9749279121818236,-0.2225209339563143,0.8660254037844386,0.5000000000000001
28,3057,3015,1,2020,9,27,11,43,2020,9,27,12,11,0,1,0,0,0,1,6,1,0.258819045102521,-0.9659258262890682,-0.4338837391175562,-0.90096886790242,-0.5000000000000004,0.8660254037844384
9,3114,3020,30,2024,12,23,10,39,2024,12,23,10,48,1,0,1,0,0,1,0,0,0.4999999999999999,-0.8660254037844387,0.4338837391175584,-0.9009688679024188,-0.8660254037844386,0.5000000000000001
7,3010,3304,30,2023,11,8,18,10,2023,11,8,18,17,0,0,1,0,0,1,2,0,-1.0,-1.8369701987210294e-16,-0.4338837391175575,-0.9009688679024194,3.673940397442059e-16,-1.0
7,3202,3014,30,2022,9,13,17,54,2022,9,13,18,1,0,0,1,0,0,1,1,0,-0.9659258262890684,-0.2588190451025206,0.433883739117557,-0.9009688679024196,0.4999999999999998,-0.8660254037844388
12,3246,3006,30,2024,4,10,9,19,2024,4,10,9,31,1,0,1,0,0,1,2,0,0.7071067811865476,-0.7071067811865475,0.9749279121818236,-0.2225209339563141,-1.0,-1.8369701987210294e-16
20,3301,3057,30,2023,9,22,14,14,2023,9,22,14,34,1,0,1,0,0,1,4,0,-0.4999999999999997,-0.8660254037844388,-4.898587196589413e-16,1.0,0.8660254037844384,0.5000000000000004
3,3116,3060,30,2021,10,8,15,46,2021,10,8,15,49,0,0,1,0,0,1,4,0,-0.7071067811865471,-0.7071067811865479,0.7818314824680284,0.6234898018587354,1.0,1.1943401194869637e-15
3,3208,3020,1,2025,11,20,19,14,2025,11,20,19,17,1,0,0,0,1,1,3,0,-0.9659258262890684,0.2588190451025203,-0.9749279121818236,-0.222520933956315,-0.4999999999999991,-0.8660254037844392
8,3059,3047,365,2022,8,14,18,37,2022,8,14,18,45,1,0,0,1,0,1,6,1,-1.0,-1.8369701987210294e-16,-0.4338837391175575,-0.9009688679024194,3.673940397442059e-16,-1.0
15,3054,3152,30,2022,6,5,15,42,2022,6,5,15,57,1,0,1,0,0,1,6,1,-0.7071067811865471,-0.7071067811865479,0.7818314824680284,0.6234898018587354,1.0,1.1943401194869637e-15
21,3121,3045,365,2022,7,9,19,42,2022,7,9,20,3,1,0,0,1,0,1,5,1,-0.9659258262890684,0.2588190451025203,-0.9749279121818236,-0.222520933956315,-0.4999999999999991,-0.8660254037844392
40,3203,3121,30,2020,5,10,20,33,2020,5,10,21,13,1,0,1,0,0,1,6,1,-0.8660254037844386,0.5000000000000001,-0.7818314824680302,0.6234898018587329,-0.8660254037844387,-0.4999999999999998
16,3068,3311,30,2023,12,13,17,49,2023,12,13,18,5,0,0,1,0,0,1,2,0,-0.9659258262890684,-0.2588190451025206,0.433883739117557,-0.9009688679024196,0.4999999999999998,-0.8660254037844388
34,3164,3183,30,2024,4,24,18,31,2024,4,24,19,6,0,0,1,0,0,1,2,0,-1.0,-1.8369701987210294e-16,-0.4338837391175575,-0.9009688679024194,3.673940397442059e-16,-1.0
5,3185,3101,365,2020,2,12,18,1,2020,2,12,18,6,0,0,0,1,0,1,2,0,-1.0,-1.8369701987210294e-16,-0.4338837391175575,-0.9009688679024194,3.673940397442059e-16,-1.0
37,3359,3328,30,2024,4,15,18,19,2024,4,15,18,56,1,0,1,0,0,1,0,0,-1.0,-1.8369701987210294e-16,-0.4338837391175575,-0.9009688679024194,3.673940397442059e-16,-1.0
52,3249,3249,30,2025,7,28,19,59,2025,7,28,20,51,0,0,1,0,0,0,0,0,-0.9659258262890684,0.2588190451025203,-0.9749279121818236,-0.222520933956315,-0.4999999999999991,-0.8660254037844392
46,3115,3102,30,2020,11,27,14,53,2020,11,27,15,39,0,0,1,0,0,1,4,0,-0.4999999999999997,-0.8660254037844388,-4.898587196589413e-16,1.0,0.8660254037844384,0.5000000000000004
8,3074,3022,365,2024,9,17,5,33,2024,9,17,5,41,1,0,0,1,0,1,1,0,0.9659258262890684,0.2588190451025207,-0.9749279121818236,-0.2225209339563146,0.4999999999999999,-0.8660254037844387
15,3074,3063,30,2020,9,27,12,33,2020,9,27,12,48,1,0,1,0,0,1,6,1,1.2246467991473532e-16,-1.0,-0.9749279121818236,-0.2225209339563148,-2.4492935982947064e-16,1.0
5,3010,3295,30,2023,12,31,10,0,2023,12,31,10,5,0,0,1,0,0,1,6,1,0.4999999999999999,-0.8660254037844387,0.4338837391175584,-0.9009688679024188,-0.8660254037844386,0.5000000000000001
21,3049,3075,1,2025,6,21,13,0,2025,6,21,13,21,0,1,0,0,0,1,5,1,-0.2588190451025208,-0.9659258262890684,-0.781831482468029,0.6234898018587346,0.5,0.8660254037844386
76,3020,3020,30,2020,5,16,13,48,2020,5,16,15,4,1,0,1,0,0,0,5,1,-0.2588190451025208,-0.9659258262890684,-0.781831482468029,0.6234898018587346,0.5,0.8660254037844386
6,3028,3052,365,2022,5,26,7,17,2022,5,26,7,23,0,0,0,1,0,1,3,0,0.9659258262890684,-0.2588190451025206,-2.4492935982947064e-16,1.0,-0.4999999999999997,-0.8660254037844388
20,3100,3182,1,2024,12,12,7,21,2024,12,12,7,41,0,0,0,0,1,1,3,0,0.9659258262890684,-0.2588190451025206,-2.4492935982947064e-16,1.0,-0.4999999999999997,-0.8660254037844388
13,3045,3045,30,2022,7,21,20,37,2022,7,21,20,50,0,0,1,0,0,0,3,0,-0.8660254037844386,0.5000000000000001,-0.7818314824680302,0.6234898018587329,-0.8660254037844387,-0.4999999999999998
56,3157,3157,30,2021,7,21,19,12,2021,7,21,20,8,1,0,1,0,0,0,2,0,-0.9659258262890684,0.2588190451025203,-0.9749279121818236,-0.222520933956315,-0.4999999999999991,-0.8660254037844392
15,3102,3047,30,2020,2,6,8,25,2020,2,6,8,40,0,0,1,0,0,1,3,0,0.8660254037844387,-0.4999999999999998,0.7818314824680296,0.6234898018587337,-0.8660254037844385,-0.5000000000000004
7,3168,3029,30,2023,6,12,9,23,2023,6,12,9,30,1,0,1,0,0,1,0,0,0.7071067811865476,-0.7071067811865475,0.9749279121818236,-0.2225209339563141,-1.0,-1.8369701987210294e-16
2,3077,3115,30,2024,8,25,11,24,2024,8,25,11,26,1,0,1,0,0,1,6,1,0.258819045102521,-0.9659258262890682,-0.4338837391175562,-0.90096886790242,-0.5000000000000004,0.8660254037844384
23,3294,3246,365,2024,10,6,17,6,2024,10,6,17,29,1,0,0,1,0,1,6,1,-0.9659258262890684,-0.2588190451025206,0.433883739117557,-0.9009688679024196,0.4999999999999998,-0.8660254037844388
2,3020,3038,365,2024,11,5,11,53,2024,11,5,11,55,1,0,0,1,0,1,1,0,0.258819045102521,-0.9659258262890682,-0.4338837391175562,-0.90096886790242,-0.5000000000000004,0.8660254037844384
33,3111,3111,1,2024,9,22,19,26,2024,9,22,19,59,1,0,0,0,1,0,6,1,-0.9659258262890684,0.2588190451025203,-0.9749279121818236,-0.222520933956315,-0.4999999999999991,-0.8660254037844392
7,3054,3121,30,2022,8,11,23,48,2022,8,11,23,55,1,0,1,0,0,1,3,0,-0.2588190451025215,0.965925826289068,0.9749279121818238,-0.2225209339563136,-0.5000000000000014,0.8660254037844378
49,3117,3101,30,2021,9,7,11,59,2021,9,7,12,48,1,0,1,0,0,1,1,0,0.258819045102521,-0.9659258262890682,-0.4338837391175562,-0.90096886790242,-0.5000000000000004,0.8660254037844384
15,3088,3275,30,2024,9,15,15,49,2024,9,15,16,4,0,0,1,0,0,1,6,1,-0.7071067811865471,-0.7071067811865479,0.7818314824680284,0.6234898018587354,1.0,1.1943401194869637e-15
11,3037,3169,30,2020,4,17,15,53,2020,4,17,16,4,0,0,1,0,0,1,4,0,-0.7071067811865471,-0.7071067811865479,0.7818314824680284,0.6234898018587354,1.0,1.1943401194869637e-15
7,3020,3170,30,2023,2,15,16,54,2023,2,15,17,1,0,0,1,0,0,1,2,0,-0.8660254037844385,-0.5000000000000004,0.9749279121818236,-0.2225209339563138,0.8660254037844392,-0.4999999999999992
3,3361,3064,30,2024,6,22,9,55,2024,6,22,9,58,1,0,1,0,0,1,5,1,0.7071067811865476,-0.7071067811865475,0.9749279121818236,-0.2225209339563141,-1.0,-1.8369701987210294e-16
5,3238,3007,365,2025,5,18,18,36,2025,5,18,18,41,1,0,0,1,0,1,6,1,-1.0,-1.8369701987210294e-16,-0.4338837391175575,-0.9009688679024194,3.673940397442059e-16,-1.0
9,3182,3182,30,2024,7,17,21,2,2024,7,17,21,11,1,0,1,0,0,0,2,0,-0.7071067811865477,0.7071067811865474,-7.34788079488412e-16,1.0,-1.0,-4.286263797015736e-16
16,3108,3107,30,2022,3,16,17,35,2022,3,16,17,51,1,0,1,0,0,1,2,0,-0.9659258262890684,-0.2588190451025206,0.433883739117557,-0.9009688679024196,0.4999999999999998,-0.8660254037844388
12,3164,3363,1,2025,8,23,19,15,2025,8,23,19,27,1,0,0,0,1,1,5,1,-0.9659258262890684,0.2588190451025203,-0.9749279121818236,-0.222520933956315,-0.4999999999999991,-0.8660254037844392
3,3249,3365,30,2023,12,1,14,5,2023,12,1,14,8,1,0,1,0,0,1,4,0,-0.4999999999999997,-0.8660254037844388,-4.898587196589413e-16,1.0,0.8660254037844384,0.5000000000000004
48,3259,3207,30,2022,4,30,18,2,2022,4,30,18,50,0,0,1,0,0,1,5,1,-1.0,-1.8369701987210294e-16,-0.4338837391175575,-0.9009688679024194,3.673940397442059e-16,-1.0
4,3245,3243,30,2025,11,24,18,52,2025,11,24,18,56,1,0,1,0,0,1,0,0,-1.0,-1.8369701987210294e-16,-0.4338837391175575,-0.9009688679024194,3.673940397442059e-16,-1.0
31,3201,3047,1,2025,1,23,15,31,2025,1,23,16,2,1,1,0,0,0,1,3,0,-0.7071067811865471,-0.7071067811865479,0.7818314824680284,0.6234898018587354,1.0,1.1943401194869637e-15
12,3233,3012,30,2023,5,18,21,0,2023,5,18,21,12,1,0,1,0,0,1,3,0,-0.7071067811865477,0.7071067811865474,-7.34788079488412e-16,1.0,-1.0,-4.286263797015736e-16
4,3035,3067,30,2025,10,5,17,17,2025,10,5,17,21,1,0,1,0,0,1,6,1,-0.9659258262890684,-0.2588190451025206,0.433883739117557,-0.9009688679024196,0.4999999999999998,-0.8660254037844388
7,3295,3244,365,2024,10,12,10,28,2024,10,12,10,35,0,0,0,1,0,1,5,1,0.4999999999999999,-0.8660254037844387,0.4338837391175584,-0.9009688679024188,-0.8660254037844386,0.5000000000000001
10,3427,3097,30,2025,10,22,13,51,2025,10,22,14,1,1,0,1,0,0,1,2,0,-0.2588190451025208,-0.9659258262890684,-0.781831482468029,0.6234898018587346,0.5,0.8660254037844386
19,3124,3169,1,2025,11,8,16,18,2025,11,8,16,37,1,0,0,0,1,1,5,1,-0.8660254037844385,-0.5000000000000004,0.9749279121818236,-0.2225209339563138,0.8660254037844392,-0.4999999999999992
7,3072,3266,30,2023,7,30,13,37,2023,7,30,13,44,0,0,1,0,0,1,6,1,-0.2588190451025208,-0.9659258262890684,-0.781831482468029,0.6234898018587346,0.5,0.8660254037844386
6,3208,3022,30,2020,12,4,18,20,2020,12,4,18,26,0,0,1,0,0,1,4,0,-1.0,-1.8369701987210294e-16,-0.4338837391175575,-0.9009688679024194,3.673940397442059e-16,-1.0
6,3203,3333,30,2025,4,3,8,1,2025,4,3,8,7,1,0,1,0,0,1,3,0,0.8660254037844387,-0.4999999999999998,0.7818314824680296,0.6234898018587337,-0.8660254037844385,-0.5000000000000004
10,3007,3007,30,2023,1,14,6,16,2023,1,14,6,26,0,0,1,0,0,0,5,1,1.0,6.123233995736766e-17,-0.7818314824680299,0.6234898018587334,1.2246467991473532e-16,-1.0
6,3255,3333,365,2025,5,6,19,39,2025,5,6,19,45,1,0,0,1,0,1,1,0,-0.9659258262890684,0.2588190451025203,-0.9749279121818236,-0.222520933956315,-0.4999999999999991,-0.8660254037844392
44,3245,3300,30,2025,10,6,16,3,2025,10,6,16,47,0,0,1,0,0,1,0,0,-0.8660254037844385,-0.5000000000000004,0.9749279121818236,-0.2225209339563138,0.8660254037844392,-0.4999999999999992
37,3012,3012,365,2020,11,17,15,24,2020,11,17,16,1,0,0,0,1,0,0,1,0,-0.7071067811865471,-0.7071067811865479,0.7818314824680284,0.6234898018587354,1.0,1.1943401194869637e-15
6,3125,3032,30,2025,9,3,21,37,2025,9,3,21,43,1,0,1,0,0,1,2,0,-0.7071067811865477,0.7071067811865474,-7.34788079488412e-16,1.0,-1.0,-4.286263797015736e-16
11,3295,3034,365,2024,3,8,22,11,2024,3,8,22,22,0,0,0,1,0,1,4,0,-0.5000000000000004,0.8660254037844384,0.7818314824680271,0.6234898018587369,-0.8660254037844392,0.4999999999999991
9,3110,3019,30,2021,12,17,6,53,2021,12,17,7,2,0,0,1,0,0,1,4,0,1.0,6.123233995736766e-17,-0.7818314824680299,0.6234898018587334,1.2246467991473532e-16,-1.0
5,3052,3030,30,2026,2,6,12,23,2026,2,6,12,28,1,0,1,0,0,1,4,0,1.2246467991473532e-16,-1.0,-0.9749279121818236,-0.2225209339563148,-2.4492935982947064e-16,1.0
42,3093,3057,30,2020,5,28,14,19,2020,5,28,15,1,0,0,1,0,0,1,3,0,-0.4999999999999997,-0.8660254037844388,-4.898587196589413e-16,1.0,0.8660254037844384,0.5000000000000004
5,3157,3394,30,2025,11,5,6,56,2025,11,5,7,1,0,0,1,0,0,1,2,0,1.0,6.123233995736766e-17,-0.7818314824680299,0.6234898018587334,1.2246467991473532e-16,-1.0
14,3067,3241,365,2025,7,14,15,11,2025,7,14,15,25,1,0,0,1,0,1,0,0,-0.7071067811865471,-0.7071067811865479,0.7818314824680284,0.6234898018587354,1.0,1.1943401194869637e-15
19,3236,3264,30,2023,1,4,6,27,2023,1,4,6,46,0,0,1,0,0,1,2,0,1.0,6.123233995736766e-17,-0.7818314824680299,0.6234898018587334,1.2246467991473532e-16,-1.0
4,3167,3201,365,2021,9,28,8,33,2021,9,28,8,37,0,0,0,1,0,1,1,0,0.8660254037844387,-0.4999999999999998,0.7818314824680296,0.6234898018587337,-0.8660254037844385,-0.5000000000000004
8,3125,3028,365,2021,7,29,15,21,2021,7,29,15,29,0,0,0,1,0,1,3,0,-0.7071067811865471,-0.7071067811865479,0.7818314824680284,0.6234898018587354,1.0,1.1943401194869637e-15
16,3066,3169,30,2025,11,7,16,2,2025,11,7,16,18,1,0,1,0,0,1,4,0,-0.8660254037844385,-0.5000000000000004,0.9749279121818236,-0.2225209339563138,0.8660254037844392,-0.4999999999999992
12,3200,3373,30,2025,9,26,14,25,2025,9,26,14,37,0,0,1,0,0,1,4,0,-0.4999999999999997,-0.8660254037844388,-4.898587196589413e-16,1.0,0.8660254037844384,0.5000000000000004
5,3032,3168,30,2023,10,24,19,17,2023,10,24,19,22,1,0,1,0,0,1,1,0,-0.9659258262890684,0.2588190451025203,-0.9749279121818236,-0.222520933956315,-0.4999999999999991,-0.8660254037844392
17,3154,3057,1,2022,4,17,12,11,2022,4,17,12,28,1,1,0,0,0,1,6,1,1.2246467991473532e-16,-1.0,-0.9749279121818236,-0.2225209339563148,-2.4492935982947064e-16,1.0
7,3208,3032,30,2022,10,28,17,25,2022,10,28,17,32,0,0,1,0,0,1,4,0,-0.9659258262890684,-0.2588190451025206,0.433883739117557,-0.9009688679024196,0.4999999999999998,-0.8660254037844388
7,3156,3301,30,2023,11,11,12,7,2023,11,11,12,14,0,0,1,0,0,1,5,1,1.2246467991473532e-16,-1.0,-0.9749279121818236,-0.2225209339563148,-2.4492935982947064e-16,1.0
5,3075,3051,30,2023,12,11,13,35,2023,12,11,13,40,1,0,1,0,0,1,0,0,-0.2588190451025208,-0.9659258262890684,-0.781831482468029,0.6234898018587346,0.5,0.8660254037844386
3,3040,3342,365,2025,4,28,17,36,2025,4,28,17,39,1,0,0,1,0,1,0,0,-0.9659258262890684,-0.2588190451025206,0.433883739117557,-0.9009688679024196,0.4999999999999998,-0.8660254037844388
6,3052,3069,365,2024,6,10,7,43,2024,6,10,7,49,1,0,0,1,0,1,0,0,0.9659258262890684,-0.2588190451025206,-2.4492935982947064e-16,1.0,-0.4999999999999997,-0.8660254037844388
5,3010,3163,30,2021,8,29,10,46,2021,8,29,10,51,1,0,1,0,0,1,6,1,0.4999999999999999,-0.8660254037844387,0.4338837391175584,-0.9009688679024188,-0.8660254037844386,0.5000000000000001
15,3088,3167,30,2021,11,11,21,39,2021,11,11,21,54,1,0,1,0,0,1,3,0,-0.7071067811865477,0.7071067811865474,-7.34788079488412e-16,1.0,-1.0,-4.286263797015736e-16
8,3249,3259,30,2022,11,5,22,10,2022,11,5,22,18,0,0,1,0,0,1,5,1,-0.5000000000000004,0.8660254037844384,0.7818314824680271,0.6234898018587369,-0.8660254037844392,0.4999999999999991
3,3028,3026,30,2024,3,1,18,22,2024,3,1,18,25,1,0,1,0,0,1,4,0,-1.0,-1.8369701987210294e-16,-0.4338837391175575,-0.9009688679024194,3.673940397442059e-16,-1.0
3,3249,3035,30,2021,12,9,23,56,2021,12,9,23,59,1,0,1,0,0,1,3,0,-0.2588190451025215,0.965925826289068,0.9749279121818238,-0.2225209339563136,-0.5000000000000014,0.8660254037844378
7,3035,3022,30,2025,6,5,16,50,2025,6,5,16,57,1,0,1,0,0,1,3,0,-0.8660254037844385,-0.5000000000000004,0.9749279121818236,-0.2225209339563138,0.8660254037844392,-0.4999999999999992
18,3040,3185,30,2022,5,18,6,28,2022,5,18,6,46,0,0,1,0,0,1,2,0,1.0,6.123233995736766e-17,-0.7818314824680299,0.6234898018587334,1.2246467991473532e-16,-1.0
5,3047,3250,30,2024,9,26,16,46,2024,9,26,16,51,0,0,1,0,0,1,3,0,-0.8660254037844385,-0.5000000000000004,0.9749279121818236,-0.2225209339563138,0.8660254037844392,-0.4999999999999992
3,3066,3203,30,2021,6,23,19,28,2021,6,23,19,31,1,0,1,0,0,1,2,0,-0.9659258262890684,0.2588190451025203,-0.9749279121818236,-0.222520933956315,-0.4999999999999991,-0.8660254037844392
11,3039,3039,30,2020,10,3,14,45,2020,10,3,14,56,0,0,1,0,0,0,5,1,-0.4999999999999997,-0.8660254037844388,-4.898587196589413e-16,1.0,0.8660254037844384,0.5000000000000004
18,3029,3029,365,2024,5,2,18,58,2024,5,2,19,16,1,0,0,1,0,0,3,0,-1.0,-1.8369701987210294e-16,-0.4338837391175575,-0.9009688679024194,3.673940397442059e-16,-1.0
5,3238,3101,365,2025,2,4,18,7,2025,2,4,18,12,1,0,0,1,0,1,1,0,-1.0,-1.8369701987210294e-16,-0.4338837391175575,-0.9009688679024194,3.673940397442059e-16,-1.0
58,3068,3068,30,2023,5,15,8,8,2023,5,15,9,6,0,0,1,0,0,0,0,0,0.8660254037844387,-0.4999999999999998,0.7818314824680296,0.6234898018587337,-0.8660254037844385,-0.5000000000000004
6,3192,3046,1,2021,5,20,15,45,2021,5,20,15,51,1,1,0,0,0,1,3,0,-0.7071067811865471,-0.7071067811865479,0.7818314824680284,0.6234898018587354,1.0,1.1943401194869637e-15
12,3287,3006,30,2023,5,6,8,30,2023,5,6,8,42,1,0,1,0,0,1,5,1,0.8660254037844387,-0.4999999999999998,0.7818314824680296,0.6234898018587337,-0.8660254037844385,-0.5000000000000004
5,3197,3158,30,2023,6,18,11,50,2023,6,18,11,55,0,0,1,0,0,1,6,1,0.258819045102521,-0.9659258262890682,-0.4338837391175562,-0.90096886790242,-0.5000000000000004,0.8660254037844384
8,3028,3100,30,2022,10,24,19,15,2022,10,24,19,23,0,0,1,0,0,1,0,0,-0.9659258262890684,0.2588190451025203,-0.9749279121818236,-0.222520933956315,-0.4999999999999991,-0.8660254037844392
14,3037,3322,30,2025,11,14,15,13,2025,11,14,15,27,0,0,1,0,0,1,4,0,-0.7071067811865471,-0.7071067811865479,0.7818314824680284,0.6234898018587354,1.0,1.1943401194869637e-15
16,3375,3314,30,2024,5,18,18,16,2024,5,18,18,32,0,0,1,0,0,1,5,1,-1.0,-1.8369701987210294e-16,-0.4338837391175575,-0.9009688679024194,3.673940397442059e-16,-1.0
6,3308,3098,30,2024,8,5,14,14,2024,8,5,14,20,0,0,1,0,0,1,0,0,-0.4999999999999997,-0.8660254037844388,-4.898587196589413e-16,1.0,0.8660254037844384,0.5000000000000004
5,3052,3255,30,2024,8,27,19,9,2024,8,27,19,14,1,0,1,0,0,1,1,0,-0.9659258262890684,0.2588190451025203,-0.9749279121818236,-0.222520933956315,-0.4999999999999991,-0.8660254037844392
15,3169,3100,1,2024,5,26,19,28,2024,5,26,19,43,1,1,0,0,0,1,6,1,-0.9659258262890684,0.2588190451025203,-0.9749279121818236,-0.222520933956315,-0.4999999999999991,-0.8660254037844392
9,3034,3185,30,2024,8,10,9,55,2024,8,10,10,4,0,0,1,0,0,1,5,1,0.7071067811865476,-0.7071067811865475,0.9749279121818236,-0.2225209339563141,-1.0,-1.8369701987210294e-16
9,3054,3039,30,2021,2,8,14,38,2021,2,8,14,47,1,0,1,0,0,1,0,0,-0.4999999999999997,-0.8660254037844388,-4.898587196589413e-16,1.0,0.8660254037844384,0.5000000000000004
26,3104,3039,1,2020,6,30,11,46,2020,6,30,12,12,1,1,0,0,0,1,1,0,0.258819045102521,-0.9659258262890682,-0.4338837391175562,-0.90096886790242,-0.5000000000000004,0.8660254037844384
5,3248,3020,30,2026,3,20,10,0,2026,3,20,10,5,1,0,1,0,0,1,4,0,0.4999999999999999,-0.8660254037844387,0.4338837391175584,-0.9009688679024188,-0.8660254037844386,0.5000000000000001
10,3063,3163,30,2025,7,18,20,59,2025,7,18,21,9,1,0,1,0,0,1,4,0,-0.8660254037844386,0.5000000000000001,-0.7818314824680302,0.6234898018587329,-0.8660254037844387,-0.4999999999999998
20,3035,3202,30,2020,10,10,17,24,2020,10,10,17,44,0,0,1,0,0,1,5,1,-0.9659258262890684,-0.2588190451025206,0.433883739117557,-0.9009688679024196,0.4999999999999998,-0.8660254037844388
12,3012,3238,365,2024,2,15,9,38,2024,2,15,9,50,1,0,0,1,0,1,3,0,0.7071067811865476,-0.7071067811865475,0.9749279121818236,-0.2225209339563141,-1.0,-1.8369701987210294e-16
30,3183,3183,30,2021,7,24,12,22,2021,7,24,12,52,0,0,1,0,0,0,5,1,1.2246467991473532e-16,-1.0,-0.9749279121818236,-0.2225209339563148,-2.4492935982947064e-16,1.0
19,3334,3373,365,2024,4,15,18,22,2024,4,15,18,41,0,0,0,1,0,1,0,0,-1.0,-1.8369701987210294e-16,-0.4338837391175575,-0.9009688679024194,3.673940397442059e-16,-1.0
9,3018,3235,30,2021,6,17,16,19,2021,6,17,16,28,0,0,1,0,0,1,3,0,-0.8660254037844385,-0.5000000000000004,0.9749279121818236,-0.2225209339563138,0.8660254037844392,-0.4999999999999992
29,3059,3188,30,2024,5,4,9,8,2024,5,4,9,37,1,0,1,0,0,1,5,1,0.7071067811865476,-0.7071067811865475,0.9749279121818236,-0.2225209339563141,-1.0,-1.8369701987210294e-16
10,3099,3086,30,2021,12,5,12,27,2021,12,5,12,37,0,0,1,0,0,1,6,1,1.2246467991473532e-16,-1.0,-0.9749279121818236,-0.2225209339563148,-2.4492935982947064e-16,1.0
5,3349,3252,30,2024,4,9,14,13,2024,4,9,14,18,1,0,1,0,0,1,1,0,-0.4999999999999997,-0.8660254037844388,-4.898587196589413e-16,1.0,0.8660254037844384,0.5000000000000004
22,3022,3185,1,2022,6,3,18,25,2022,6,3,18,47,0,1,0,0,0,1,4,0,-1.0,-1.8369701987210294e-16,-0.4338837391175575,-0.9009688679024194,3.673940397442059e-16,-1.0
8,3167,3168,30,2021,5,19,23,6,2021,5,19,23,14,0,0,1,0,0,1,2,0,-0.2588190451025215,0.965925826289068,0.9749279121818238,-0.2225209339563136,-0.5000000000000014,0.8660254037844378
38,3096,3053,30,2020,10,3,0,4,2020,10,3,0,42,0,0,1,0,0,1,5,1,0.0,1.0,0.0,1.0,0.0,1.0
48,3101,3165,30,2025,6,28,16,8,2025,6,28,16,56,1,0,1,0,0,1,5,1,-0.8660254037844385,-0.5000000000000004,0.9749279121818236,-0.2225209339563138,0.8660254037844392,-0.4999999999999992
2,3037,3037,30,2024,1,18,19,41,2024,1,18,19,43,1,0,1,0,0,0,3,0,-0.9659258262890684,0.2588190451025203,-0.9749279121818236,-0.222520933956315,-0.4999999999999991,-0.8660254037844392
12,3099,3169,30,2025,11,7,11,53,2025,11,7,12,5,0,0,1,0,0,1,4,0,0.258819045102521,-0.9659258262890682,-0.4338837391175562,-0.90096886790242,-0.5000000000000004,0.8660254037844384
33,3057,3369,30,2024,7,11,19,38,2024,7,11,20,11,1,0,1,0,0,1,3,0,-0.9659258262890684,0.2588190451025203,-0.9749279121818236,-0.222520933956315,-0.4999999999999991,-0.8660254037844392
7,3256,3058,30,2022,4,22,8,29,2022,4,22,8,36,1,0,1,0,0,1,4,0,0.8660254037844387,-0.4999999999999998,0.7818314824680296,0.6234898018587337,-0.8660254037844385,-0.5000000000000004
6,3256,3297,30,2023,7,18,11,5,2023,7,18,11,11,0,0,1,0,0,1,1,0,0.258819045102521,-0.9659258262890682,-0.4338837391175562,-0.90096886790242,-0.5000000000000004,0.8660254037844384
12,3006,3032,365,2024,5,21,17,28,2024,5,21,17,40,0,0,0,1,0,1,1,0,-0.9659258262890684,-0.2588190451025206,0.433883739117557,-0.9009688679024196,0.4999999999999998,-0.8660254037844388
14,3201,3025,1,2024,9,13,8,6,2024,9,13,8,20,1,1,0,0,0,1,4,0,0.8660254037844387,-0.4999999999999998,0.7818314824680296,0.6234898018587337,-0.8660254037844385,-0.5000000000000004
8,3007,3062,30,2023,8,29,8,49,2023,8,29,8,57,1,0,1,0,0,1,1,0,0.8660254037844387,-0.4999999999999998,0.7818314824680296,0.6234898018587337,-0.8660254037844385,-0.5000000000000004
3,3159,3029,30,2025,4,6,6,12,2025,4,6,6,15,1,0,1,0,0,1,6,1,1.0,6.123233995736766e-17,-0.7818314824680299,0.6234898018587334,1.2246467991473532e-16,-1.0
8,3168,3009,365,2026,2,25,9,3,2026,2,25,9,11,1,0,0,1,0,1,2,0,0.7071067811865476,-0.7071067811865475,0.9749279121818236,-0.2225209339563141,-1.0,-1.8369701987210294e-16
13,3208,3010,30,2021,9,30,15,58,2021,9,30,16,11,0,0,1,0,0,1,3,0,-0.7071067811865471,-0.7071067811865479,0.7818314824680284,0.6234898018587354,1.0,1.1943401194869637e-15
10,3061,3203,30,2025,10,23,18,1,2025,10,23,18,11,1,0,1,0,0,1,3,0,-1.0,-1.8369701987210294e-16,-0.4338837391175575,-0.9009688679024194,3.673940397442059e-16,-1.0
8,3059,3070,30,2023,10,13,15,27,2023,10,13,15,35,1,0,1,0,0,1,4,0,-0.7071067811865471,-0.7071067811865479,0.7818314824680284,0.6234898018587354,1.0,1.1943401194869637e-15
6,3098,3155,30,2021,7,5,16,5,2021,7,5,16,11,0,0,1,0,0,1,0,0,-0.8660254037844385,-0.5000000000000004,0.9749279121818236,-0.2225209339563138,0.8660254037844392,-0.4999999999999992
13,3055,3064,30,2025,7,30,17,22,2025,7,30,17,35,1,0,1,0,0,1,2,0,-0.9659258262890684,-0.2588190451025206,0.433883739117557,-0.9009688679024196,0.4999999999999998,-0.8660254037844388
5,3168,3255,30,2025,7,19,0,55,2025,7,19,1,0,1,0,1,0,0,1,5,1,0.0,1.0,0.0,1.0,0.0,1.0
32,3045,3037,30,2022,5,13,15,56,2022,5,13,16,28,0,0,1,0,0,1,4,0,-0.7071067811865471,-0.7071067811865479,0.7818314824680284,0.6234898018587354,1.0,1.1943401194869637e-15
8,3203,3203,365,2020,12,27,21,44,2020,12,27,21,52,0,0,0,1,0,0,6,1,-0.7071067811865477,0.7071067811865474,-7.34788079488412e-16,1.0,-1.0,-4.286263797015736e-16
10,3187,3057,1,2020,9,20,13,50,2020,9,20,14,0,0,1,0,0,0,1,6,1,-0.2588190451025208,-0.9659258262890684,-0.781831482468029,0.6234898018587346,0.5,0.8660254037844386
22,3166,3204,365,2025,3,28,18,46,2025,3,28,19,8,0,0,0,1,0,1,4,0,-1.0,-1.8369701987210294e-16,-0.4338837391175575,-0.9009688679024194,3.673940397442059e-16,-1.0
15,3015,3101,30,2024,9,11,11,8,2024,9,11,11,23,0,0,1,0,0,1,2,0,0.258819045102521,-0.9659258262890682,-0.4338837391175562,-0.90096886790242,-0.5000000000000004,0.8660254037844384
19,3069,3098,365,2026,2,25,7,11,2026,2,25,7,30,1,0,0,1,0,1,2,0,0.9659258262890684,-0.2588190451025206,-2.4492935982947064e-16,1.0,-0.4999999999999997,-0.8660254037844388
3,3035,3009,30,2024,1,30,11,58,2024,1,30,12,1,1,0,1,0,0,1,1,0,0.258819045102521,-0.9659258262890682,-0.4338837391175562,-0.90096886790242,-0.5000000000000004,0.8660254037844384
4,3371,3378,30,2025,11,5,16,22,2025,11,5,16,26,0,0,1,0,0,1,2,0,-0.8660254037844385,-0.5000000000000004,0.9749279121818236,-0.2225209339563138,0.8660254037844392,-0.4999999999999992
19,3163,3190,30,2020,8,16,18,45,2020,8,16,19,4,0,0,1,0,0,1,6,1,-1.0,-1.8369701987210294e-16,-0.4338837391175575,-0.9009688679024194,3.673940397442059e-16,-1.0
3,3385,3347,30,2025,8,28,17,31,2025,8,28,17,34,1,0,1,0,0,1,3,0,-0.9659258262890684,-0.2588190451025206,0.433883739117557,-0.9009688679024196,0.4999999999999998,-0.8660254037844388
43,3206,3108,30,2020,6,28,17,24,2020,6,28,18,7,1,0,1,0,0,1,6,1,-0.9659258262890684,-0.2588190451025206,0.433883739117557,-0.9009688679024196,0.4999999999999998,-0.8660254037844388
45,3207,3207,30,2020,6,30,18,2,2020,6,30,18,47,0,0,1,0,0,0,1,0,-1.0,-1.8369701987210294e-16,-0.4338837391175575,-0.9009688679024194,3.673940397442059e-16,-1.0
88,3355,3304,1,2024,5,7,17,16,2024,5,7,18,44,0,1,0,0,0,1,1,0,-0.9659258262890684,-0.2588190451025206,0.433883739117557,-0.9009688679024196,0.4999999999999998,-0.8660254037844388
8,3032,3007,365,2024,8,21,8,4,2024,8,21,8,12,1,0,0,1,0,1,2,0,0.8660254037844387,-0.4999999999999998,0.7818314824680296,0.6234898018587337,-0.8660254037844385,-0.5000000000000004
9,3010,3025,30,2021,4,18,22,2,2021,4,18,22,11,1,0,1,0,0,1,6,1,-0.5000000000000004,0.8660254037844384,0.7818314824680271,0.6234898018587369,-0.8660254037844392,0.4999999999999991
22,3058,3097,30,2024,4,28,17,11,2024,4,28,17,33,1,0,1,0,0,1,6,1,-0.9659258262890684,-0.2588190451025206,0.433883739117557,-0.9009688679024196,0.4999999999999998,-0.8660254037844388
26,3108,3153,30,2020,1,3,16,26,2020,1,3,16,52,0,0,1,0,0,1,4,0,-0.8660254037844385,-0.5000000000000004,0.9749279121818236,-0.2225209339563138,0.8660254037844392,-0.4999999999999992
9,3019,3030,365,2025,5,20,12,16,2025,5,20,12,25,0,0,0,1,0,1,1,0,1.2246467991473532e-16,-1.0,-0.9749279121818236,-0.2225209339563148,-2.4492935982947064e-16,1.0
41,3294,3294,30,2025,8,6,13,23,2025,8,6,14,4,0,0,1,0,0,0,2,0,-0.2588190451025208,-0.9659258262890684,-0.781831482468029,0.6234898018587346,0.5,0.8660254037844386
4,3116,3301,365,2025,7,1,13,21,2025,7,1,13,25,0,0,0,1,0,1,1,0,-0.2588190451025208,-0.9659258262890684,-0.781831482468029,0.6234898018587346,0.5,0.8660254037844386
7,3201,3054,365,2024,3,1,20,44,2024,3,1,20,51,0,0,0,1,0,1,4,0,-0.8660254037844386,0.5000000000000001,-0.7818314824680302,0.6234898018587329,-0.8660254037844387,-0.4999999999999998
13,3052,3279,365,2022,8,4,17,3,2022,8,4,17,16,0,0,0,1,0,1,3,0,-0.9659258262890684,-0.2588190451025206,0.433883739117557,-0.9009688679024196,0.4999999999999998,-0.8660254037844388
10,3020,3012,30,2021,2,17,19,40,2021,2,17,19,50,0,0,1,0,0,1,2,0,-0.9659258262890684,0.2588190451025203,-0.9749279121818236,-0.222520933956315,-0.4999999999999991,-0.8660254037844392
42,3012,3190,30,2021,9,22,10,57,2021,9,22,11,39,1,0,1,0,0,1,2,0,0.4999999999999999,-0.8660254037844387,0.4338837391175584,-0.9009688679024188,-0.8660254037844386,0.5000000000000001
6,3033,3025,365,2025,9,28,12,35,2025,9,28,12,41,1,0,0,1,0,1,6,1,1.2246467991473532e-16,-1.0,-0.9749279121818236,-0.2225209339563148,-2.4492935982947064e-16,1.0
11,3185,3069,30,2025,7,28,19,14,2025,7,28,19,25,1,0,1,0,0,1,0,0,-0.9659258262890684,0.2588190451025203,-0.9749279121818236,-0.222520933956315,-0.4999999999999991,-0.8660254037844392
15,3185,3163,30,2020,8,11,19,24,2020,8,11,19,39,0,0,1,0,0,1,1,0,-0.9659258262890684,0.2588190451025203,-0.9749279121818236,-0.222520933956315,-0.4999999999999991,-0.8660254037844392
70,3057,3249,30,2025,7,1,23,41,2025,7,2,0,51,0,0,1,0,0,1,1,0,-0.2588190451025215,0.965925826289068,0.9749279121818238,-0.2225209339563136,-0.5000000000000014,0.8660254037844378
9,3161,3010,30,2022,10,1,18,48,2022,10,1,18,57,1,0,1,0,0,1,5,1,-1.0,-1.8369701987210294e-16,-0.4338837391175575,-0.9009688679024194,3.673940397442059e-16,-1.0
23,3212,3015,30,2020,11,25,16,29,2020,11,25,16,52,0,0,1,0,0,1,2,0,-0.8660254037844385,-0.5000000000000004,0.9749279121818236,-0.2225209339563138,0.8660254037844392,-0.4999999999999992
6,3078,3033,365,2024,1,30,6,29,2024,1,30,6,35,0,0,0,1,0,1,1,0,1.0,6.123233995736766e-17,-0.7818314824680299,0.6234898018587334,1.2246467991473532e-16,-1.0
5,3208,3032,365,2023,7,18,16,25,2023,7,18,16,30,1,0,0,1,0,1,1,0,-0.8660254037844385,-0.5000000000000004,0.9749279121818236,-0.2225209339563138,0.8660254037844392,-0.4999999999999992
6,3075,3021,30,2020,7,8,16,12,2020,7,8,16,18,0,0,1,0,0,1,2,0,-0.8660254037844385,-0.5000000000000004,0.9749279121818236,-0.2225209339563138,0.8660254037844392,-0.4999999999999992
46,3207,3022,30,2025,6,28,20,57,2025,6,28,21,43,0,0,1,0,0,1,5,1,-0.8660254037844386,0.5000000000000001,-0.7818314824680302,0.6234898018587329,-0.8660254037844387,-0.4999999999999998
10,3168,3114,30,2020,1,22,19,16,2020,1,22,19,26,0,0,1,0,0,1,2,0,-0.9659258262890684,0.2588190451025203,-0.9749279121818236,-0.222520933956315,-0.4999999999999991,-0.8660254037844392
16,3030,3018,1,2021,10,10,14,53,2021,10,10,15,9,0,1,0,0,0,1,6,1,-0.4999999999999997,-0.8660254037844388,-4.898587196589413e-16,1.0,0.8660254037844384,0.5000000000000004
20,3046,3160,365,2021,4,9,21,2,2021,4,9,21,22,0,0,0,1,0,1,4,0,-0.7071067811865477,0.7071067811865474,-7.34788079488412e-16,1.0,-1.0,-4.286263797015736e-16
23,3207,3047,30,2022,6,5,10,6,2022,6,5,10,29,0,0,1,0,0,1,6,1,0.4999999999999999,-0.8660254037844387,0.4338837391175584,-0.9009688679024188,-0.8660254037844386,0.5000000000000001
14,3052,3286,365,2023,6,16,13,30,2023,6,16,13,44,1,0,0,1,0,1,4,0,-0.2588190451025208,-0.9659258262890684,-0.781831482468029,0.6234898018587346,0.5,0.8660254037844386
13,3301,3374,365,2025,11,21,15,18,2025,11,21,15,31,1,0,0,1,0,1,4,0,-0.7071067811865471,-0.7071067811865479,0.7818314824680284,0.6234898018587354,1.0,1.1943401194869637e-15
10,3026,3182,30,2023,5,25,9,43,2023,5,25,9,53,1,0,1,0,0,1,3,0,0.7071067811865476,-0.7071067811865475,0.9749279121818236,-0.2225209339563141,-1.0,-1.8369701987210294e-16
4,3007,3026,30,2024,10,25,18,52,2024,10,25,18,56,1,0,1,0,0,1,4,0,-1.0,-1.8369701987210294e-16,-0.4338837391175575,-0.9009688679024194,3.673940397442059e-16,-1.0
11,3061,3101,30,2020,3,1,20,9,2020,3,1,20,20,0,0,1,0,0,1,6,1,-0.8660254037844386,0.5000000000000001,-0.7818314824680302,0.6234898018587329,-0.8660254037844387,-0.4999999999999998
7,3058,3061,365,2024,3,13,8,39,2024,3,13,8,46,1,0,0,1,0,1,2,0,0.8660254037844387,-0.4999999999999998,0.7818314824680296,0.6234898018587337,-0.8660254037844385,-0.5000000000000004
11,3012,3202,30,2020,9,14,14,9,2020,9,14,14,20,0,0,1,0,0,1,0,0,-0.4999999999999997,-0.8660254037844388,-4.898587196589413e-16,1.0,0.8660254037844384,0.5000000000000004
42,3032,3397,30,2025,9,4,5,2,2025,9,4,5,44,0,0,1,0,0,1,3,0,0.9659258262890684,0.2588190451025207,-0.9749279121818236,-0.2225209339563146,0.4999999999999999,-0.8660254037844387
6,3034,3203,30,2023,10,23,7,20,2023,10,23,7,26,1,0,1,0,0,1,0,0,0.9659258262890684,-0.2588190451025206,-2.4492935982947064e-16,1.0,-0.4999999999999997,-0.8660254037844388
7,3059,3019,365,2026,3,17,8,53,2026,3,17,9,0,1,0,0,1,0,1,1,0,0.8660254037844387,-0.4999999999999998,0.7818314824680296,0.6234898018587337,-0.8660254037844385,-0.5000000000000004
13,3069,3066,30,2022,8,17,7,40,2022,8,17,7,53,0,0,1,0,0,1,2,0,0.9659258262890684,-0.2588190451025206,-2.4492935982947064e-16,1.0,-0.4999999999999997,-0.8660254037844388
3,3375,3110,30,2024,5,5,20,55,2024,5,5,20,58,1,0,1,0,0,1,6,1,-0.8660254037844386,0.5000000000000001,-0.7818314824680302,0.6234898018587329,-0.8660254037844387,-0.4999999999999998
8,3051,3256,30,2023,10,9,17,21,2023,10,9,17,29,1,0,1,0,0,1,0,0,-0.9659258262890684,-0.2588190451025206,0.433883739117557,-0.9009688679024196,0.4999999999999998,-0.8660254037844388
11,3101,3032,30,2021,7,27,17,1,2021,7,27,17,12,0,0,1,0,0,1,1,0,-0.9659258262890684,-0.2588190451025206,0.433883739117557,-0.9009688679024196,0.4999999999999998,-0.8660254037844388
7,3207,3212,365,2024,11,4,18,51,2024,11,4,18,58,1,0,0,1,0,1,0,0,-1.0,-1.8369701987210294e-16,-0.4338837391175575,-0.9009688679024194,3.673940397442059e-16,-1.0
7,3073,3169,30,2021,5,22,14,13,2021,5,22,14,20,0,0,1,0,0,1,5,1,-0.4999999999999997,-0.8660254037844388,-4.898587196589413e-16,1.0,0.8660254037844384,0.5000000000000004
6,3088,3285,365,2024,3,17,11,25,2024,3,17,11,31,0,0,0,1,0,1,6,1,0.258819045102521,-0.9659258262890682,-0.4338837391175562,-0.90096886790242,-0.5000000000000004,0.8660254037844384
59,3006,3029,1,2022,8,18,22,9,2022,8,18,23,8,1,1,0,0,0,1,3,0,-0.5000000000000004,0.8660254037844384,0.7818314824680271,0.6234898018587369,-0.8660254037844392,0.4999999999999991
16,3124,3266,1,2025,11,20,13,26,2025,11,20,13,42,0,0,0,0,1,1,3,0,-0.2588190451025208,-0.9659258262890684,-0.781831482468029,0.6234898018587346,0.5,0.8660254037844386
11,3244,3333,30,2024,11,4,16,53,2024,11,4,17,4,1,0,1,0,0,1,0,0,-0.8660254037844385,-0.5000000000000004,0.9749279121818236,-0.2225209339563138,0.8660254037844392,-0.4999999999999992
4,3054,3040,30,2024,9,30,16,2,2024,9,30,16,6,0,0,1,0,0,1,0,0,-0.8660254037844385,-0.5000000000000004,0.9749279121818236,-0.2225209339563138,0.8660254037844392,-0.4999999999999992
16,3039,3245,30,2021,9,7,17,59,2021,9,7,18,15,1,0,1,0,0,1,1,0,-0.9659258262890684,-0.2588190451025206,0.433883739117557,-0.9009688679024196,0.4999999999999998,-0.8660254037844388
18,3295,3266,30,2023,10,3,17,10,2023,10,3,17,28,1,0,1,0,0,1,1,0,-0.9659258262890684,-0.2588190451025206,0.433883739117557,-0.9009688679024196,0.4999999999999998,-0.8660254037844388
11,3346,3054,30,2024,5,1,20,39,2024,5,1,20,50,1,0,1,0,0,1,2,0,-0.8660254037844386,0.5000000000000001,-0.7818314824680302,0.6234898018587329,-0.8660254037844387,-0.4999999999999998
29,3055,3018,30,2024,7,27,16,14,2024,7,27,16,43,0,0,1,0,0,1,5,1,-0.8660254037844385,-0.5000000000000004,0.9749279121818236,-0.2225209339563138,0.8660254037844392,-0.4999999999999992
8,3256,3029,30,2021,11,29,9,50,2021,11,29,9,58,1,0,1,0,0,1,0,0,0.7071067811865476,-0.7071067811865475,0.9749279121818236,-0.2225209339563141,-1.0,-1.8369701987210294e-16
9,3244,3255,365,2025,3,11,8,15,2025,3,11,8,24,1,0,0,1,0,1,1,0,0.8660254037844387,-0.4999999999999998,0.7818314824680296,0.6234898018587337,-0.8660254037844385,-0.5000000000000004
4,3299,3238,365,2025,4,15,14,29,2025,4,15,14,33,1,0,0,1,0,1,1,0,-0.4999999999999997,-0.8660254037844388,-4.898587196589413e-16,1.0,0.8660254037844384,0.5000000000000004
7,3182,3032,30,2021,8,19,17,19,2021,8,19,17,26,0,0,1,0,0,1,3,0,-0.9659258262890684,-0.2588190451025206,0.433883739117557,-0.9009688679024196,0.4999999999999998,-0.8660254037844388
14,3161,3252,30,2024,4,25,18,12,2024,4,25,18,26,0,0,1,0,0,1,3,0,-1.0,-1.8369701987210294e-16,-0.4338837391175575,-0.9009688679024194,3.673940397442059e-16,-1.0
6,3088,3041,30,2020,9,5,20,55,2020,9,5,21,1,0,0,1,0,0,1,5,1,-0.8660254037844386,0.5000000000000001,-0.7818314824680302,0.6234898018587329,-0.8660254037844387,-0.4999999999999998
8,3340,3297,365,2024,11,10,14,31,2024,11,10,14,39,0,0,0,1,0,1,6,1,-0.4999999999999997,-0.8660254037844388,-4.898587196589413e-16,1.0,0.8660254037844384,0.5000000000000004
12,3295,3054,30,2024,10,8,12,56,2024,10,8,13,8,0,0,1,0,0,1,1,0,1.2246467991473532e-16,-1.0,-0.9749279121818236,-0.2225209339563148,-2.4492935982947064e-16,1.0
10,3156,3368,30,2025,5,31,19,22,2025,5,31,19,32,1,0,1,0,0,1,5,1,-0.9659258262890684,0.2588190451025203,-0.9749279121818236,-0.222520933956315,-0.4999999999999991,-0.8660254037844392
6,3371,3205,30,2024,3,21,7,52,2024,3,21,7,58,1,0,1,0,0,1,3,0,0.9659258262890684,-0.2588190451025206,-2.4492935982947064e-16,1.0,-0.4999999999999997,-0.8660254037844388
9,3205,3340,365,2025,6,10,15,17,2025,6,10,15,26,1,0,0,1,0,1,1,0,-0.7071067811865471,-0.7071067811865479,0.7818314824680284,0.6234898018587354,1.0,1.1943401194869637e-15
2,3245,3245,30,2024,6,20,11,49,2024,6,20,11,51,1,0,1,0,0,0,3,0,0.258819045102521,-0.9659258262890682,-0.4338837391175562,-0.90096886790242,-0.5000000000000004,0.8660254037844384
53,3057,3057,30,2020,4,25,14,39,2020,4,25,15,32,0,0,1,0,0,0,5,1,-0.4999999999999997,-0.8660254037844388,-4.898587196589413e-16,1.0,0.8660254037844384,0.5000000000000004
