id,candidate_index,url,timestamp_utc,raw_text_snippet
f1204066-d4a6-4f6e-8306-aedb0fdf9960,0,https://schedule.vcccd.edu/,2026-04-13T19:51:05.288828+00:00,"OPEN 71941 4.0 T R 08:00am - 11:50am Oxnard Auto Technology 1 25 1 24 Jimenez, Juan 08/10-12/10 18"
5c7b53ca-c90f-45ce-a95e-282f6a587306,1,https://schedule.vcccd.edu/,2026-04-13T19:51:05.288828+00:00,T R 08:00am - 11:50am
b12e823b-dcb4-42b0-9d17-edce2d68b4d6,2,https://schedule.vcccd.edu/,2026-04-13T19:51:05.288828+00:00,"OPEN 72024 Pre/Coreq 4.0 M F 08:00am - 11:50am Oxnard Auto Technology 1 25 1 24 Jimenez, Juan 08/10-12/10 18"
5b9dc14a-fdee-4cb6-a13e-99f48d0ea74a,3,https://schedule.vcccd.edu/,2026-04-13T19:51:05.288828+00:00,M F 08:00am - 11:50am
530709b5-64bd-45ee-a152-b51f5a9e4ebe,4,https://schedule.vcccd.edu/,2026-04-13T19:51:05.288828+00:00,"OPEN 71925 2.0 W 08:00am - 11:50am Oxnard Auto Technology 1 25 0 25 Jimenez, Juan 08/10-12/10 18"
fa72e7a4-25cc-46a7-b03c-0d897076f89d,5,https://schedule.vcccd.edu/,2026-04-13T19:51:05.288828+00:00,W 08:00am - 11:50am
2de87bee-6f1f-4589-b9a5-8b6ab061ad04,6,https://schedule.vcccd.edu/,2026-04-13T19:51:05.288828+00:00,"OPEN 71009 Pre/Coreq 2.0 M 06:00pm - 09:50pm Oxnard Auto Technology 1 25 1 24 Jimenez, Juan 08/10-12/10 18"
f1b06099-6696-4d4b-9adc-46e1969ebe17,7,https://schedule.vcccd.edu/,2026-04-13T19:51:05.288828+00:00,M 06:00pm - 09:50pm
94c63d12-c40f-4473-b239-ea47c12c33c9,8,https://schedule.vcccd.edu/,2026-04-13T19:51:05.288828+00:00,"OPEN 71094 2.0 W 11:00am - 11:50am Oxnard Occupational Education 9 25 0 25 Acosta, William 08/10-12/10 18"
c0cec118-b11d-4648-8629-fce185784f34,9,https://schedule.vcccd.edu/,2026-04-13T19:51:05.288828+00:00,W 11:00am - 11:50am
c7de6a67-d285-40d4-b106-b7bb3a4a9a54,10,https://schedule.vcccd.edu/,2026-04-13T19:51:05.288828+00:00,& W 12:00pm - 02:50pm Oxnard Occupational Education 9 08/10-12/10
be208046-02b6-4ac9-bb30-4a6468dbfe8e,11,https://schedule.vcccd.edu/,2026-04-13T19:51:05.288828+00:00,W 12:00pm - 02:50pm
5c87308a-bbe8-4628-8081-5bbed09be4fa,12,https://schedule.vcccd.edu/,2026-04-13T19:51:05.288828+00:00,"OPEN 70225 Pre/Coreq 2.0 W 11:00am - 11:50am Oxnard Occupational Education 9 25 0 25 Acosta, William 08/10-12/10 18"
196916f4-4f30-4aa8-9c08-61b156ca1b86,13,https://schedule.vcccd.edu/,2026-04-13T19:51:05.288828+00:00,W 11:00am - 11:50am
4cdf8b6d-ad27-4c85-94cf-0e00c2195a7d,14,https://schedule.vcccd.edu/,2026-04-13T19:51:05.288828+00:00,& W 12:00pm - 02:50pm Oxnard Occupational Education 9 08/10-12/10
14bafe22-c630-4dc6-98e6-6b243a16a5f2,15,https://schedule.vcccd.edu/,2026-04-13T19:51:05.288828+00:00,W 12:00pm - 02:50pm
0ee01819-7be5-4c24-afec-1e6298f5ae06,16,https://schedule.vcccd.edu/,2026-04-13T19:51:05.288828+00:00,"OPEN 71012 5.0 M W 04:30pm - 07:45pm Oxnard Occupational Education 9 25 2 23 Acosta, William 08/10-12/10 18"
face18e9-b904-42b3-9572-42c6cc194c0c,17,https://schedule.vcccd.edu/,2026-04-13T19:51:05.288828+00:00,M W 04:30pm - 07:45pm
6567ac90-2104-46a9-bd08-f69497a5ad85,18,https://schedule.vcccd.edu/,2026-04-13T19:51:05.288828+00:00,"OPEN 71047 2.0 T 11:00am - 11:50am Oxnard Occupational Education 9 25 0 25 Acosta, William 08/10-12/10 18"
7b5e45ad-a3a1-48ff-9bbe-928d009c77e6,19,https://schedule.vcccd.edu/,2026-04-13T19:51:05.288828+00:00,T 11:00am - 11:50am
f8426e25-f910-4d3e-ac4b-1ff2822d4486,20,https://schedule.vcccd.edu/,2026-04-13T19:51:05.288828+00:00,& T 12:00pm - 02:50pm Oxnard Occupational Education 9 08/10-12/10
02254413-fe3f-4ea0-a25a-4578bc9bc878,21,https://schedule.vcccd.edu/,2026-04-13T19:51:05.288828+00:00,T 12:00pm - 02:50pm
51f48478-4162-422c-ba3b-af319cb58146,22,https://schedule.vcccd.edu/,2026-04-13T19:51:05.288828+00:00,"OPEN 71625 5.0 T R 04:30pm - 07:45pm Oxnard Occupational Education 9 25 0 25 Acosta, William 08/10-12/10 18"
05215490-aa28-4240-a254-cb1235dc1697,23,https://schedule.vcccd.edu/,2026-04-13T19:51:05.288828+00:00,T R 04:30pm - 07:45pm
358731bb-68a1-4389-8c25-7edf7e11f336,24,https://schedule.vcccd.edu/,2026-04-13T19:51:05.288828+00:00,"OPEN 70710 2.0 R 11:00am - 11:50am Oxnard Occupational Education 9 25 0 25 Acosta, William 08/10-12/10 18"
43c3ee8d-716b-49a4-86e1-7acf628b3089,25,https://schedule.vcccd.edu/,2026-04-13T19:51:05.288828+00:00,R 11:00am - 11:50am
61bebdf3-872a-4482-802f-89752faab73e,26,https://schedule.vcccd.edu/,2026-04-13T19:51:05.288828+00:00,& R 12:00pm - 02:50pm Oxnard Occupational Education 9 08/10-12/10
64413f2c-8f7c-429c-a996-e451a6a58f93,27,https://schedule.vcccd.edu/,2026-04-13T19:51:05.288828+00:00,R 12:00pm - 02:50pm
b042e6ad-95b5-4d48-9680-70854365fbf5,28,https://schedule.vcccd.edu/,2026-04-13T19:51:05.288828+00:00,"OPEN 72940 3. 9.26 HRS/WK TO BE ARRANGED Oxnard To Be Announced 30 0 30 Acosta, William 08/10-12/10 18"
557be664-bd51-48a4-8d06-a383e9eb3c11,29,https://schedule.vcccd.edu/,2026-04-13T19:51:05.288828+00:00,"OPEN 73207 3.0 Distance Education Class: Click CRN for requirements. Moorpark Online (Canvas) 50 1 49 D'Amico, Sabine 08/31-12/03 14"
c634069a-f7c2-4ae6-b184-129e90c5db78,30,https://schedule.vcccd.edu/,2026-04-13T19:51:05.288828+00:00,"OPEN 71289 3.0 Distance Education Class: Click CRN for requirements. Moorpark Online (Canvas) 45 0 45 Masci, Felix 08/10-12/10 18"
dea04b6a-0783-49d1-bc63-6ab0e10a8b6f,31,https://schedule.vcccd.edu/,2026-04-13T19:51:05.288828+00:00,OPEN 72615 3.0 T R 09:00am - 10:50am Technology Business 216 40 1 39 Staff 09/01-12/03 14
77c688c6-efa7-4804-842d-1d674527a3aa,32,https://schedule.vcccd.edu/,2026-04-13T19:51:05.288828+00:00,T R 09:00am - 10:50am
3584f553-1edd-4f2e-8dd5-abb2389605ce,33,https://schedule.vcccd.edu/,2026-04-13T19:51:05.288828+00:00,"OPEN 73391 Pre/Coreq 3.0 Distance Education Class: Click CRN for requirements. Moorpark Online (Canvas) 25 0 25 D'Amico, Sabine 08/10-10/02 8"
79a8f36c-8f2d-4235-90b9-b467fdacf5df,34,https://schedule.vcccd.edu/,2026-04-13T19:51:05.288828+00:00,"OPEN 70750 Pre/Coreq 3.0 Distance Education Class: Click CRN for requirements. Moorpark Online (Canvas) 25 0 25 Uthe, Shannon 08/10-10/02 8"
cf5686c4-7aa2-4ce9-a17c-b0b04e489fe6,35,https://schedule.vcccd.edu/,2026-04-13T19:51:05.288828+00:00,"OPEN 70566 Pre/Coreq 3.0 Distance Education Class: Click CRN for requirements. Moorpark Online (Canvas) 45 0 45 Uthe, Shannon 10/12-12/03 8"
d32f03a9-2d2b-4e24-a305-b44a74be5587,36,https://schedule.vcccd.edu/,2026-04-13T19:51:05.288828+00:00,"OPEN 70640 Pre/Coreq 3.0 Distance Education Class: Click CRN for requirements. Moorpark Online (Canvas) 25 0 25 Masci, Felix 10/12-12/03 8"
749d65af-f4b5-4b1e-bc8a-0f6a4c5117c5,37,https://schedule.vcccd.edu/,2026-04-13T19:51:05.288828+00:00,"OPEN 71516 Pre/Coreq 3.0 Distance Education Class: Click CRN for requirements. Moorpark Online (Canvas) 20 0 20 Masci, Felix 10/12-12/03 8"
8ebae088-ad0b-4f7c-bc24-c551bed55b6e,38,https://schedule.vcccd.edu/,2026-04-13T19:51:05.288828+00:00,"OPEN 72185 Pre/Coreq 3.0 Distance Education Class: Click CRN for requirements. Moorpark Online (Canvas) 25 1 24 Viertel, Tony 10/12-12/03 8"
62365927-e4f2-4ab8-a833-bd92d1241e88,39,https://schedule.vcccd.edu/,2026-04-13T19:51:05.288828+00:00,"OPEN 71828 Pre/Coreq 3.0 Distance Education Class: Click CRN for requirements. Moorpark Online (Canvas) 20 0 20 Viertel, Tony 10/12-12/03 8"
5eba7344-2a92-4064-aebb-bfaf461cc48d,40,https://schedule.vcccd.edu/,2026-04-13T19:51:05.288828+00:00,"OPEN 72468 Pre/Coreq 3.0 Distance Education Class: Click CRN for requirements. Moorpark Online (Canvas) 25 2 23 D'Amico, Sabine 10/12-12/03 8"
9eb37512-9fb9-4964-9136-baae81f0d2cb,41,https://schedule.vcccd.edu/,2026-04-13T19:51:05.288828+00:00,"OPEN 71833 Pre/Coreq 3.0 Distance Education Class: Click CRN for requirements. Moorpark Online (Canvas) 20 0 20 D'Amico, Sabine 10/12-12/03 8"
88e01be2-b695-42f6-b408-dd30baa33d1d,42,https://schedule.vcccd.edu/,2026-04-13T19:51:05.288828+00:00,"OPEN 73069 Pre/Coreq 3.0 Distance Education Class: Click CRN for requirements. Moorpark Online (Canvas) 45 0 45 Viertel, Tony 10/12-12/03 8"
71d2e2c4-f87d-4d0f-a35f-07fffe8cca78,43,https://schedule.vcccd.edu/,2026-04-13T19:51:05.288828+00:00,"OPEN 72446 Pre/Coreq 3.0 Distance Education Class: Click CRN for requirements. Moorpark Online (Canvas) 45 1 44 Costello, Mandissa 08/31-12/03 14"
784d51a1-42fa-453d-be64-45a809010cce,44,https://schedule.vcccd.edu/,2026-04-13T19:51:05.288828+00:00,"OPEN 71520 Pre/Coreq 3.0 Distance Education Class: Click CRN for requirements. Moorpark Online (Canvas) 45 4 41 Uthe, Shannon 08/31-12/03 14"
8744e7c9-28c5-45c2-8d4f-b537014da02e,45,https://schedule.vcccd.edu/,2026-04-13T19:51:05.288828+00:00,"OPEN 70169 Pre/Coreq 3.0 M W 08:00am - 09:50am Technology Business 118 40 0 40 Costello, Mandissa 08/31-12/02 14"
3f17c197-5ae8-401c-8e91-1d36272fa2cf,46,https://schedule.vcccd.edu/,2026-04-13T19:51:05.288828+00:00,M W 08:00am - 09:50am
43bf54c6-5a6f-450d-8e26-5b57f387e4cb,47,https://schedule.vcccd.edu/,2026-04-13T19:51:05.288828+00:00,"OPEN 70719 Pre/Coreq 3.0 T R 08:00am - 09:50am Technology Business 118 40 0 40 Uthe, Shannon 09/01-12/03 14"
325679bd-9dc8-4252-bc75-00619cb2bc4d,48,https://schedule.vcccd.edu/,2026-04-13T19:51:05.288828+00:00,T R 08:00am - 09:50am
0fa00c02-70a5-44b1-b4fa-95a3211c9ba1,49,https://schedule.vcccd.edu/,2026-04-13T19:51:05.288828+00:00,"OPEN 70256 Pre/Coreq 3.0 M W 10:00am - 11:50am Technology Business 118 40 1 39 Costello, Mandissa 08/31-12/02 14"
029c5cfe-5b1a-4abd-9d51-b544a7d3da5d,50,https://schedule.vcccd.edu/,2026-04-13T19:51:05.288828+00:00,M W 10:00am - 11:50am
61ab2f0d-c65a-4747-b331-136d08158a6a,51,https://schedule.vcccd.edu/,2026-04-13T19:51:05.288828+00:00,"OPEN 71495 Pre/Coreq 3.0 T R 10:00am - 11:50am Technology Business 118 40 1 39 Uthe, Shannon 09/01-12/03 14"
f7d6adbf-7c58-4ec6-af1e-61893236b4f5,52,https://schedule.vcccd.edu/,2026-04-13T19:51:05.288828+00:00,T R 10:00am - 11:50am
046f3e74-76e0-42a8-aeae-45f19fca9624,53,https://schedule.vcccd.edu/,2026-04-13T19:51:05.288828+00:00,"OPEN 70052 Pre/Coreq 3.0 Distance Education Class: Click CRN for requirements. Moorpark Online (Canvas) 25 2 23 Uthe, Shannon 08/10-10/02 3"
e33268a2-6e1d-466c-8c83-3e2a7ef6f68f,54,https://schedule.vcccd.edu/,2026-04-13T19:51:05.288828+00:00,"OPEN 73628 Pre/Coreq 3.0 Distance Education Class: Click CRN for requirements. Moorpark Online (Canvas) 20 1 19 Uthe, Shannon 08/10-10/02 8"
bef50813-56ce-4be6-a0e4-4c5e581493c1,55,https://schedule.vcccd.edu/,2026-04-13T19:51:05.288828+00:00,"OPEN 70624 Pre/Coreq 3.0 Distance Education Class: Click CRN for requirements. Moorpark Online (Canvas) 45 1 44 Costello, Mandissa 08/31-12/03 14"
2267e845-752a-4f05-bdca-d98f0af67f15,56,https://schedule.vcccd.edu/,2026-04-13T19:51:05.288828+00:00,"OPEN 72431 Pre/Coreq 3.0 M W 10:00am - 11:50am Technology Business 216 40 0 40 Chen, Keji 08/31-12/02 14"
c4c7429b-dd0a-4bc5-9a97-918ee51b4888,57,https://schedule.vcccd.edu/,2026-04-13T19:51:05.288828+00:00,M W 10:00am - 11:50am
f726bdce-571e-4460-828c-c7e5fe3cf1ed,58,https://schedule.vcccd.edu/,2026-04-13T19:51:05.288828+00:00,"OPEN 72580 Pre/Coreq 3.0 M W 12:00pm - 01:50pm Technology Business 118 40 0 40 Costello, Mandissa 08/31-12/02 14"
7cd037f3-dbcc-4b4a-8ae7-fd7406f31f6d,59,https://schedule.vcccd.edu/,2026-04-13T19:51:05.288828+00:00,M W 12:00pm - 01:50pm
da93fabe-5884-4ded-b218-c1c381f35d0e,60,https://schedule.vcccd.edu/,2026-04-13T19:51:05.288828+00:00,"OPEN 70826 Pre/Coreq 3.0 Distance Education Class: Click CRN for requirements. Moorpark Online (Canvas) 25 2 23 Uthe, Shannon 10/12-12/03 8"
38761c90-73fd-4b6b-ac12-bed732666373,61,https://schedule.vcccd.edu/,2026-04-13T19:51:05.288828+00:00,"OPEN 70193 Pre/Coreq 3.0 Distance Education Class: Click CRN for requirements. Moorpark Online (Canvas) 20 1 19 Uthe, Shannon 10/12-12/03 8"
68108926-550d-457e-8791-4028b463becf,62,https://schedule.vcccd.edu/,2026-04-13T19:51:05.288828+00:00,"OPEN 70747 3.0 T 06:30pm - 07:45pm Oxnard Zoom Live Meeting 40 0 40 Schnopp, Sylvia 10/19-12/10 8"
aa54e558-592a-4ce0-89de-372985b5f430,63,https://schedule.vcccd.edu/,2026-04-13T19:51:05.288828+00:00,T 06:30pm - 07:45pm
f688b207-ea26-42f7-9d95-952d124c0acc,64,https://schedule.vcccd.edu/,2026-04-13T19:51:05.288828+00:00,& Distance Education Class: Click CRN for requirements. Oxnard Online (Canvas) 10/19-12/10
8b47a987-1080-45b4-8cfc-bcb59ad74e0e,65,https://schedule.vcccd.edu/,2026-04-13T19:51:05.288828+00:00,"OPEN 72551 4.0 Distance Education Class: Click CRN for requirements. Oxnard Online (Canvas) 55 0 55 Cates, Sophie 08/24-12/10 16"
9a45713d-aa91-4817-a469-1112e2590558,66,https://schedule.vcccd.edu/,2026-04-13T19:51:05.288828+00:00,"OPEN 71397 4.0 Distance Education Class: Click CRN for requirements. Oxnard Online (Canvas) 55 2 53 Frohnauer, Mark 08/24-10/17 8"
64305240-7944-439a-b16f-5a5e611065e6,67,https://schedule.vcccd.edu/,2026-04-13T19:51:05.288828+00:00,OPEN 72906 4.0 W 05:00pm - 06:50pm Oxnard Zoom Live Meeting 40 0 40 Staff 08/26-10/23 9
a13039ea-12c4-45ed-afa6-3489707e929a,68,https://schedule.vcccd.edu/,2026-04-13T19:51:05.288828+00:00,W 05:00pm - 06:50pm
f5e37739-569c-428e-b115-4d27dc57f639,69,https://schedule.vcccd.edu/,2026-04-13T19:51:05.288828+00:00,& Distance Education Class: Click CRN for requirements. Oxnard Online (Canvas) 08/26-10/23
b4a18420-6d8a-489b-a841-95a0d7667afd,70,https://schedule.vcccd.edu/,2026-04-13T19:51:05.288828+00:00,"OPEN 73730 4.0 T R 10:30am - 12:20pm Oxnard Condor Hall 303 40 0 40 Cates, Sophie 10/20-12/10 8"
a4ac7c83-9e7c-4d82-93bc-6584dece17f6,71,https://schedule.vcccd.edu/,2026-04-13T19:51:05.288828+00:00,T R 10:30am - 12:20pm
dd7dddd1-fdf8-4a3a-a58b-bb2f954e9134,72,https://schedule.vcccd.edu/,2026-04-13T19:51:05.288828+00:00,& Distance Education Class: Click CRN for requirements. Oxnard Online (Canvas) 10/20-12/10
14f3e97d-70be-4b33-a2e8-cc5d05ab3c8e,73,https://schedule.vcccd.edu/,2026-04-13T19:51:05.288828+00:00,"OPEN 73381 4.0 M 10:30am - 12:20pm Oxnard Liberal Arts 14 40 1 39 Cates, Sophie 08/24-12/10 16"
35d4de02-8a94-477d-99c6-d52ef8c06d24,74,https://schedule.vcccd.edu/,2026-04-13T19:51:05.288828+00:00,M 10:30am - 12:20pm
e3bb8226-bf21-47a2-a5f5-0e44f5de8778,75,https://schedule.vcccd.edu/,2026-04-13T19:51:05.288828+00:00,& Distance Education Class: Click CRN for requirements. Oxnard Online (Canvas) 08/24-12/10
266e502a-42b8-48b1-9db8-0d93db893571,76,https://schedule.vcccd.edu/,2026-04-13T19:51:05.288828+00:00,"OPEN 71432 4.0 T 10:30am - 12:20pm Oxnard Liberal Arts 14 40 1 39 Frohnauer, Mark 08/25-12/10 16"
a61674d1-a4cf-4061-8d9d-72634e12df6f,77,https://schedule.vcccd.edu/,2026-04-13T19:51:05.288828+00:00,T 10:30am - 12:20pm
090ee0db-872d-4fe3-b216-5a736b76475f,78,https://schedule.vcccd.edu/,2026-04-13T19:51:05.288828+00:00,& Distance Education Class: Click CRN for requirements. Oxnard Online (Canvas) 08/25-12/10
d4e71946-f443-4116-8441-81364bb44f50,79,https://schedule.vcccd.edu/,2026-04-13T19:51:05.288828+00:00,"OPEN 72374 Pre/Coreq 4.0 Distance Education Class: Click CRN for requirements. Oxnard Online (Canvas) 55 1 54 Cates, Sophie 10/12-12/10 9"
69893bc6-decb-432f-bcda-45d4b72d3c64,80,https://schedule.vcccd.edu/,2026-04-13T19:51:05.288828+00:00,"OPEN 71707 Pre/Coreq 4.0 Distance Education Class: Click CRN for requirements. Oxnard Online (Canvas) 55 2 53 Cates, Sophie 08/24-12/10 16"
70571129-3e70-4a5b-8d54-aa52da8f8007,81,https://schedule.vcccd.edu/,2026-04-13T19:51:05.288828+00:00,"OPEN 72393 Pre/Coreq 4.0 T 10:30am - 12:20pm Oxnard Zoom Live Meeting 35 0 35 Richter, Brenda 08/25-12/10 16"
cdc41e3e-9b2f-47ff-ab9d-eaf8c76262fc,82,https://schedule.vcccd.edu/,2026-04-13T19:51:05.288828+00:00,T 10:30am - 12:20pm
76372c03-d9db-46ec-a58e-f68e7606799a,83,https://schedule.vcccd.edu/,2026-04-13T19:51:05.288828+00:00,& Distance Education Class: Click CRN for requirements. Oxnard Online (Canvas) 08/25-12/10
d674a3a1-932e-48c0-afcd-624e19165d66,84,https://schedule.vcccd.edu/,2026-04-13T19:51:05.288828+00:00,"OPEN 72567 3.0 Distance Education Class: Click CRN for requirements. Oxnard Online (Canvas) 55 0 55 Cates, Sophie 10/19-12/10 8"
9085863a-d096-4b67-bd4e-cbb8274e4356,85,https://schedule.vcccd.edu/,2026-04-13T19:51:05.288828+00:00,"OPEN 70596 Pre/Coreq 5.0 Distance Education Class: Click CRN for requirements. In Person Proctored Exams 46 0 46 Succar, Maya 08/10-12/10 18"
11e35171-5c75-4fd7-9146-48102e767d53,86,https://schedule.vcccd.edu/,2026-04-13T19:51:05.288828+00:00,& 5.00 HRS/WK ONLINE Ventura Online (Canvas) 08/10-12/10
83db8731-7084-46e4-bdd6-550ec02a50b8,87,https://schedule.vcccd.edu/,2026-04-13T19:51:05.288828+00:00,"OPEN 73541 Pre/Coreq 5.0 Distance Education Class: Click CRN for requirements. In Person Proctored Exams 46 0 46 Brink, Mea 09/08-11/25 12"
8221109b-1dc2-4d4b-bda9-7e4e77bc0695,88,https://schedule.vcccd.edu/,2026-04-13T19:51:05.288828+00:00,& 7.50 HRS/WK ONLINE Ventura Online (Canvas) 09/08-11/25
43713a05-974f-4d68-9727-b88fea28665a,89,https://schedule.vcccd.edu/,2026-04-13T19:51:05.288828+00:00,"OPEN 70468 Pre/Coreq 5.0 W 06:00pm - 08:15pm Ventura MultidisciplinaryCtrE 344 45 0 45 Succar, Maya 08/10-12/10 18"
f7b5e5d0-c84a-4789-abd2-ade70a4c2640,90,https://schedule.vcccd.edu/,2026-04-13T19:51:05.288828+00:00,W 06:00pm - 08:15pm
161cf019-777b-4323-a019-78f24d458bd6,91,https://schedule.vcccd.edu/,2026-04-13T19:51:05.288828+00:00,& Distance Education Class: Click CRN for requirements. Ventura Online (Canvas) 08/10-12/10
1d6e6141-cd4d-43d5-a995-4360ab01f36c,92,https://schedule.vcccd.edu/,2026-04-13T19:51:05.288828+00:00,"OPEN 72330 Pre/Coreq 5.0 Distance Education Class: Click CRN for requirements. Ventura Online (Canvas) 34 1 33 Friedman, Daniel 08/17-10/09 8"
a007d700-fbc5-4e71-9317-42f05b6dbe9f,93,https://schedule.vcccd.edu/,2026-04-13T19:51:05.288828+00:00,"OPEN 73558 Pre/Coreq 5.0 W 11:30am - 01:45pm Ventura MultidisciplinaryCtrE 334 29 0 29 Romero, Stephanie 08/10-12/10 18"
caddfea8-d9d2-4e74-8a29-297c93d92fe2,94,https://schedule.vcccd.edu/,2026-04-13T19:51:05.288828+00:00,W 11:30am - 01:45pm
b1c3d21c-0038-4f63-a9c4-076a7948244c,95,https://schedule.vcccd.edu/,2026-04-13T19:51:05.288828+00:00,& Distance Education Class: Click CRN for requirements. Ventura Online (Canvas) 08/10-12/10
aa719cc1-98df-4632-aadd-4c0b931ae2e8,96,https://schedule.vcccd.edu/,2026-04-13T19:51:05.288828+00:00,"OPEN 70728 Pre/Coreq 5.0 Distance Education Class: Click CRN for requirements. In Person Proctored Exams 46 0 46 Friedman, Daniel 08/10-12/10 18"
f53d0cff-f6f6-45a6-9345-e82b681815c3,97,https://schedule.vcccd.edu/,2026-04-13T19:51:05.288828+00:00,& 5.00 HRS/WK ONLINE Ventura Online (Canvas) 08/10-12/10
45ce13bf-9881-4a0c-8c37-9cb8719d7521,98,https://schedule.vcccd.edu/,2026-04-13T19:51:05.288828+00:00,"OPEN 70692 Pre/Coreq 5.0 W 06:00pm - 08:15pm Ventura MultidisciplinaryCtrE 335 35 1 34 Brink, Mea 08/17-12/03 16"
4711a427-e2cc-454d-ad65-657f49c84bc4,99,https://schedule.vcccd.edu/,2026-04-13T19:51:05.288828+00:00,W 06:00pm - 08:15pm
66d48eae-375f-498c-8d04-9966a4ec5dcc,100,https://schedule.vcccd.edu/,2026-04-13T19:51:05.288828+00:00,& Distance Education Class: Click CRN for requirements. Ventura Online (Canvas) 08/17-12/03
414424a6-f93c-4636-9c59-a234876de26c,101,https://schedule.vcccd.edu/,2026-04-13T19:51:05.288828+00:00,"OPEN 70787 Pre/Coreq 5.0 Distance Education Class: Click CRN for requirements. Ventura Online (Canvas) 28 0 28 Brink, Mea 08/17-10/09 8"
20d5c501-79fa-4200-bb75-f03f2f39e694,102,https://schedule.vcccd.edu/,2026-04-13T19:51:05.288828+00:00,& HRS/WK TO BE ARRANGED TBA 08/17-10/09
ecb55f30-7cf5-4ea0-a0aa-9dd44a705fa9,103,https://schedule.vcccd.edu/,2026-04-13T19:51:05.288828+00:00,"OPEN 70791 3.0 Distance Education Class: Click CRN for requirements. Ventura Online (Canvas) 46 3 43 Nelson, Diana 09/08-11/25 12"
a78ecb57-8577-459f-8327-5128fdadd642,104,https://schedule.vcccd.edu/,2026-04-13T19:51:05.288828+00:00,"OPEN 71188 3.0 Distance Education Class: Click CRN for requirements. Ventura Online (Canvas) 46 0 46 Woyach, Laura 08/10-12/10 18"
4dd1047e-26c1-4a10-a8d8-8fa8548bf732,105,https://schedule.vcccd.edu/,2026-04-13T19:51:05.288828+00:00,"OPEN 73427 3.0 Distance Education Class: Click CRN for requirements. Ventura Online (Canvas) 46 0 46 Kallik, Peter 08/10-10/02 8"
2169d8f3-6f16-4a3f-bd37-12a3fcb77e99,106,https://schedule.vcccd.edu/,2026-04-13T19:51:05.288828+00:00,"OPEN 71237 3.0 Distance Education Class: Click CRN for requirements. Ventura Online (Canvas) 46 0 46 Succar, Maya 09/08-11/25 12"
06565b94-8d2c-4e60-a41f-c1eaca575519,107,https://schedule.vcccd.edu/,2026-04-13T19:51:05.288828+00:00,"OPEN 73556 3.0 Distance Education Class: Click CRN for requirements. Ventura Online (Canvas) 46 0 46 Kallik, Peter 10/05-11/25 8"
dc368cd1-8411-4d34-8f8f-f26886207ec6,108,https://schedule.vcccd.edu/,2026-04-13T19:51:05.288828+00:00,"OPEN 73714 3.0 Distance Education Class: Click CRN for requirements. Ventura Online (Canvas) 46 0 46 Brink, Mea 10/05-11/25 8"
50ec2301-d019-4057-8b0c-3e75da014aca,109,https://schedule.vcccd.edu/,2026-04-13T19:51:05.288828+00:00,"OPEN 70817 3.0 M W 10:00am - 11:15am Ventura MultidisciplinaryCtrE 344 45 0 45 Nelson, Diana 08/10-12/10 18"
0593fd0c-f8cb-45c1-ab10-dda1509f3a65,110,https://schedule.vcccd.edu/,2026-04-13T19:51:05.288828+00:00,M W 10:00am - 11:15am
488f5122-13bd-4824-91fa-bdd5008244a0,111,https://schedule.vcccd.edu/,2026-04-13T19:51:05.288828+00:00,"OPEN 70897 3.0 W 06:00pm - 07:50pm Ventura MultidisciplinaryCtrE 347 45 0 45 Romero, Stephanie 09/08-11/25 12"
b5bed7f5-51d7-4c92-98d2-39c00391a72e,112,https://schedule.vcccd.edu/,2026-04-13T19:51:05.288828+00:00,W 06:00pm - 07:50pm
e9139f6b-4cd7-4576-99c2-5f228caea39d,113,https://schedule.vcccd.edu/,2026-04-13T19:51:05.288828+00:00,& Distance Education Class: Click CRN for requirements. Ventura Online (Canvas) 09/08-11/25
1b25ff57-3940-4792-8b75-408abc3f9919,114,https://schedule.vcccd.edu/,2026-04-13T19:51:05.288828+00:00,"OPEN 71115 3.0 T 10:00am - 12:20pm Ventura MultidisciplinaryCtrE 344 45 1 44 Succar, Maya 09/08-11/25 12"
ecc0d777-0bb7-4c1f-af68-958c02331f55,115,https://schedule.vcccd.edu/,2026-04-13T19:51:05.288828+00:00,T 10:00am - 12:20pm
942e58eb-f71c-4225-a137-6da0d28e2a75,116,https://schedule.vcccd.edu/,2026-04-13T19:51:05.288828+00:00,& Distance Education Class: Click CRN for requirements. Ventura Online (Canvas) 09/08-11/25
da9c2993-8bab-4c8c-b0fe-c38a82ff961c,117,https://schedule.vcccd.edu/,2026-04-13T19:51:05.288828+00:00,"OPEN 71242 Pre/Coreq 3.0 Distance Education Class: Click CRN for requirements. Ventura Online (Canvas) 46 0 46 Nelson, Diana 08/10-10/02 8"
66188c35-8a77-40bd-86ed-5a0c4221cef4,118,https://schedule.vcccd.edu/,2026-04-13T19:51:05.288828+00:00,"OPEN 73557 Pre/Coreq 3.0 Distance Education Class: Click CRN for requirements. Ventura Online (Canvas) 46 0 46 Succar, Maya 10/05-11/25 8"
6b9cce88-5c02-45ef-89da-b7e70d43c2e6,119,https://schedule.vcccd.edu/,2026-04-13T19:51:05.288828+00:00,"OPEN 70638 Pre/Coreq 3.0 Distance Education Class: Click CRN for requirements. Ventura Online (Canvas) 46 0 46 Brink, Mea 10/05-11/25 8"
7db84428-4e47-4f47-b284-f3873ce0c3dc,120,https://schedule.vcccd.edu/,2026-04-13T19:51:05.288828+00:00,"OPEN 71632 3.0 F 08:00am - 11:50am Ventura Automotive Ed Program 1-B 24 3 21 Martin, Joseph 08/17-12/03 16"
064f1126-871d-43df-a8b1-6f0f1a296fff,121,https://schedule.vcccd.edu/,2026-04-13T19:51:05.288828+00:00,F 08:00am - 11:50am
a94ae4a8-8782-405c-adb4-09fa1c9ad91d,122,https://schedule.vcccd.edu/,2026-04-13T19:51:05.288828+00:00,& Distance Education Class: Click CRN for requirements. Ventura Online (Canvas) 08/17-12/03
506e1839-6ed7-4c82-a645-8f9dbcc130f7,123,https://schedule.vcccd.edu/,2026-04-13T19:51:05.288828+00:00,"OPEN 70887 Pre/Coreq 4.0 W R 01:00pm - 04:50pm Ventura Automotive Ed Program 1-A 24 1 23 Stangeland, Chad 08/17-12/03 16"
373f6344-02a6-4d8e-82ec-e05cc5b1cbba,124,https://schedule.vcccd.edu/,2026-04-13T19:51:05.288828+00:00,W R 01:00pm - 04:50pm
4eb241b4-d0d9-42d2-8425-6da57b7975c9,125,https://schedule.vcccd.edu/,2026-04-13T19:51:05.288828+00:00,& Distance Education Class: Click CRN for requirements. Ventura Online (Canvas) 08/17-12/03
b1661edf-1b3e-4264-87cb-625f4e370b9f,126,https://schedule.vcccd.edu/,2026-04-13T19:51:05.288828+00:00,"OPEN 70776 Pre/Coreq 4.0 W R 08:00am - 11:50am Ventura Automotive Ed Program 1-A 24 5 19 Stangeland, Chad 08/17-12/03 16"
bd2bcf57-3c4a-4daf-8f95-460c9a510916,127,https://schedule.vcccd.edu/,2026-04-13T19:51:05.288828+00:00,W R 08:00am - 11:50am
9d6026b8-6d42-423d-bf93-bc1b9ebbdf55,128,https://schedule.vcccd.edu/,2026-04-13T19:51:05.288828+00:00,& Distance Education Class: Click CRN for requirements. Ventura Online (Canvas) 08/17-12/03
07c2aa15-68f7-45cb-9517-2a15f4577090,129,https://schedule.vcccd.edu/,2026-04-13T19:51:05.288828+00:00,"OPEN 70836 Pre/Coreq 4.0 W R 08:00am - 11:50am Ventura Automotive Ed Program 1-B 24 1 23 Muschamp, Brittanye 08/17-12/03 16"
4ab2d60e-9f27-431f-ac7a-ef991dabbd6f,130,https://schedule.vcccd.edu/,2026-04-13T19:51:05.288828+00:00,W R 08:00am - 11:50am
6150bf34-a937-4f22-9b59-882f7aaf1a54,131,https://schedule.vcccd.edu/,2026-04-13T19:51:05.288828+00:00,& Distance Education Class: Click CRN for requirements. Ventura Online (Canvas) 08/17-12/03
c16f293a-3f6b-4b3f-b7ce-02e35e7371a8,132,https://schedule.vcccd.edu/,2026-04-13T19:51:05.288828+00:00,"OPEN 70937 Pre/Coreq 4.0 W R 01:00pm - 04:50pm Ventura Automotive Ed Program 1-B 24 5 19 Muschamp, Brittanye 08/17-12/03 16"
21367461-9b1d-4f7b-a58c-2372c922d7cc,133,https://schedule.vcccd.edu/,2026-04-13T19:51:05.288828+00:00,W R 01:00pm - 04:50pm
e5569d2b-a28c-4838-a3ed-ef244ddfcce6,134,https://schedule.vcccd.edu/,2026-04-13T19:51:05.288828+00:00,& Distance Education Class: Click CRN for requirements. Ventura Online (Canvas) 08/17-12/03
5c17b598-1006-40b9-a9b0-231f7ba55b72,135,https://schedule.vcccd.edu/,2026-04-13T19:51:05.288828+00:00,"OPEN 70895 Pre/Coreq 4.0 M T 01:00pm - 04:50pm Ventura Automotive Ed Program 1-B 20 2 18 Gonzalez, Rodolfo 08/17-12/03 16"
a2efa1e2-82c4-4dd8-9032-8f377bb5e68c,136,https://schedule.vcccd.edu/,2026-04-13T19:51:05.288828+00:00,M T 01:00pm - 04:50pm
d6907b02-95ca-495c-863c-afa19f4cdc53,137,https://schedule.vcccd.edu/,2026-04-13T19:51:05.288828+00:00,& Distance Education Class: Click CRN for requirements. Ventura Online (Canvas) 08/17-12/03
9e9416c9-7861-4633-9ea0-88f6fc18922a,138,https://schedule.vcccd.edu/,2026-04-13T19:51:05.288828+00:00,"OPEN 70318 Pre/Coreq 4.0 M T 08:00am - 11:50am Ventura Automotive Ed Program 1-B 20 4 16 Gonzalez, Rodolfo 08/17-12/03 16"
cdea555b-8a3c-4479-bb96-223bad514377,139,https://schedule.vcccd.edu/,2026-04-13T19:51:05.288828+00:00,M T 08:00am - 11:50am
d330eab5-cf77-4429-a965-490e5cf70d08,140,https://schedule.vcccd.edu/,2026-04-13T19:51:05.288828+00:00,& Distance Education Class: Click CRN for requirements. Ventura Online (Canvas) 08/17-12/03
f3541a38-4a7a-4f59-8014-d369410f8718,141,https://schedule.vcccd.edu/,2026-04-13T19:51:05.288828+00:00,"OPEN 70966 Pre/Coreq 4.0 M T 08:00am - 11:50am Ventura Automotive Ed Program 1-A 20 2 18 Irwin, Eric 08/17-12/03 16"
25e85a25-b9ef-466e-b46a-a5ca3895df48,142,https://schedule.vcccd.edu/,2026-04-13T19:51:05.288828+00:00,M T 08:00am - 11:50am
dd742c12-ec57-4bdc-96e6-0be7f6bd8e55,143,https://schedule.vcccd.edu/,2026-04-13T19:51:05.288828+00:00,& Distance Education Class: Click CRN for requirements. Ventura Online (Canvas) 08/17-12/03
9fa70626-e28e-40aa-9f6f-a13aa07fe191,144,https://schedule.vcccd.edu/,2026-04-13T19:51:05.288828+00:00,"OPEN 70680 Pre/Coreq 4.0 M T 01:00pm - 04:50pm Ventura Automotive Ed Program 1-A 20 4 16 Irwin, Eric 08/17-12/03 16"
a594acc6-494b-4aea-9168-1fd7499f6ab0,145,https://schedule.vcccd.edu/,2026-04-13T19:51:05.288828+00:00,M T 01:00pm - 04:50pm
6c0f37dd-c772-4443-a432-f5802c9885cb,146,https://schedule.vcccd.edu/,2026-04-13T19:51:05.288828+00:00,& Distance Education Class: Click CRN for requirements. Ventura Online (Canvas) 08/17-12/03
042b727e-6955-4e4c-8221-6cce30c1609f,147,https://schedule.vcccd.edu/,2026-04-13T19:51:05.288828+00:00,"OPEN 70912 Pre/Coreq 4.0 W R 06:00pm - 09:50pm Ventura Automotive Ed Program 1-A 20 0 20 Coogan, KEVIN 08/17-12/03 16"
9375aa1a-b9e5-4ab9-9bda-50751da823d9,148,https://schedule.vcccd.edu/,2026-04-13T19:51:05.288828+00:00,W R 06:00pm - 09:50pm
85642a64-43e4-43e5-8c8b-d4b09e30c18d,149,https://schedule.vcccd.edu/,2026-04-13T19:51:05.288828+00:00,& Distance Education Class: Click CRN for requirements. Ventura Online (Canvas) 08/17-12/03
b5c0e152-abf8-45b2-bddf-2e4ccf01ce86,150,https://schedule.vcccd.edu/,2026-04-13T19:51:05.288828+00:00,"OPEN 70377 Pre/Coreq 4.0 F 08:00am - 11:50am Ventura Automotive Ed Program 1-A 20 3 17 Gonzalez, Rodolfo 08/17-12/03 16"
cfd4d841-b504-4f40-a6e1-3aa9de3c28c0,151,https://schedule.vcccd.edu/,2026-04-13T19:51:05.288828+00:00,F 08:00am - 11:50am
eaea85a5-9a34-4709-b973-a5089601d156,152,https://schedule.vcccd.edu/,2026-04-13T19:51:05.288828+00:00,& F 01:00pm - 04:50pm Ventura Welding/Auto/Manufact 125A 08/17-12/03
b71f7d3a-7486-4594-a2ce-d90c13367940,153,https://schedule.vcccd.edu/,2026-04-13T19:51:05.288828+00:00,F 01:00pm - 04:50pm
b2aaaba8-b18e-40c1-be31-e1d5d42f7190,154,https://schedule.vcccd.edu/,2026-04-13T19:51:05.288828+00:00,& Distance Education Class: Click CRN for requirements. Ventura Online (Canvas) 08/17-12/03
e0f773e7-e60b-4efc-b172-df003e0a50e3,155,https://schedule.vcccd.edu/,2026-04-13T19:51:05.288828+00:00,"OPEN 73742 4. 16.75 HRS/WK TO BE ARRANGED TBA 15 0 15 Irwin, Eric 09/08-12/03 13"
503185fb-5c1c-496c-b9cd-9e37aef0db7d,156,https://schedule.vcccd.edu/,2026-04-13T19:51:05.288828+00:00,"OPEN 73743 3. 12.50 HRS/WK TO BE ARRANGED TBA 15 0 15 Muschamp, Brittanye 09/08-12/03 13"
fa48a645-9c3b-4720-96c2-2bc1933c3827,157,https://schedule.vcccd.edu/,2026-04-13T19:51:05.288828+00:00,"OPEN 73744 4. 16.75 HRS/WK TO BE ARRANGED TBA 15 0 15 Muschamp, Brittanye 09/08-12/03 13"
e831697d-34a0-4997-92cd-ed7271c10ac4,158,https://schedule.vcccd.edu/,2026-04-13T19:51:05.288828+00:00,"OPEN 73737 3. 12.50 HRS/WK TO BE ARRANGED TBA 15 0 15 Stangeland, Chad 09/08-12/03 13"
93c70066-f6bc-43e8-92be-730dbc72238a,159,https://schedule.vcccd.edu/,2026-04-13T19:51:05.288828+00:00,"OPEN 73738 4. 16.75 HRS/WK TO BE ARRANGED TBA 15 0 15 Stangeland, Chad 09/08-12/03 13"
b7e5cb4c-8ca8-437e-bb71-99837b397271,160,https://schedule.vcccd.edu/,2026-04-13T19:51:05.288828+00:00,"OPEN 73739 3. 12.50 HRS/WK TO BE ARRANGED TBA 15 0 15 Gonzalez, Rodolfo 09/08-12/03 13"
02d71fc0-6c07-47e9-a819-9945320f4d60,161,https://schedule.vcccd.edu/,2026-04-13T19:51:05.288828+00:00,"OPEN 73740 4. 16.75 HRS/WK TO BE ARRANGED TBA 15 0 15 Gonzalez, Rodolfo 09/08-12/03 13"
878905eb-290f-4471-816f-ee2859626ae0,162,https://schedule.vcccd.edu/,2026-04-13T19:51:05.288828+00:00,"OPEN 73741 3. 12.50 HRS/WK TO BE ARRANGED TBA 15 0 15 Irwin, Eric 09/08-12/03 13"
29ef0f1f-6594-48c9-8e4a-362045b66d7e,163,https://schedule.vcccd.edu/,2026-04-13T19:51:05.288828+00:00,"OPEN 72041 Pre/Coreq 4.0 Distance Education Class: Click CRN for requirements. Ventura Online (Canvas) 40 0 40 Cawelti, Andrew 08/17-12/03 16"
fb9f8951-fd20-4e87-a662-5014a923c857,164,https://schedule.vcccd.edu/,2026-04-13T19:51:05.288828+00:00,"OPEN 72851 Pre/Coreq 5.0 Distance Education Class: Click CRN for requirements. Ventura Online (Canvas) 40 0 40 Stangeland, Chad 08/17-12/03 16"
eb86f246-ad85-4769-bf8c-883a5381f4c8,165,https://schedule.vcccd.edu/,2026-04-13T19:51:05.288828+00:00,"OPEN 70746 Pre/Coreq 5.0 Distance Education Class: Click CRN for requirements. Ventura Online (Canvas) 17 0 17 Muschamp, Brittanye 08/17-12/03 16"
64373cdb-45ce-4ed8-8556-14b92b3548e6,166,https://schedule.vcccd.edu/,2026-04-13T19:51:05.288828+00:00,"OPEN 70822 Pre/Coreq 5.0 Distance Education Class: Click CRN for requirements. Ventura Online (Canvas) 17 0 17 Irwin, Eric 08/17-12/03 16"
2507cec9-d4eb-4a4c-9938-66756d5038ae,167,https://schedule.vcccd.edu/,2026-04-13T19:51:05.288828+00:00,"OPEN 72409 0.0 T 10:00am - 11:15am Ventura Learning Resource Ctr 130 10 5 5 Evashkovsky, Maya 08/10-12/10 18"
f5d509e7-1619-49d1-be4c-7b8e0c937cba,168,https://schedule.vcccd.edu/,2026-04-13T19:51:05.288828+00:00,T 10:00am - 11:15am
3e7508d9-8b50-485c-b3e1-6af9b1cf18ac,169,https://schedule.vcccd.edu/,2026-04-13T19:51:05.288828+00:00,& Distance Education Class: Click CRN for requirements. Ventura Online (Canvas) 08/10-12/10
1494e279-6f9e-441b-9c4a-37e6ba419ad2,170,https://schedule.vcccd.edu/,2026-04-13T19:51:05.288828+00:00,"OPEN 72480 0.0 R 10:00am - 11:15am Ventura Learning Resource Ctr 130 10 0 10 Quiroz, Leah 09/08-11/25 12"
f5b3cd2b-5270-40b3-9086-f37d0a409b69,171,https://schedule.vcccd.edu/,2026-04-13T19:51:05.288828+00:00,R 10:00am - 11:15am
727aed26-f0e7-41de-a0b6-7a24f71dd0ec,172,https://schedule.vcccd.edu/,2026-04-13T19:51:05.288828+00:00,& Distance Education Class: Click CRN for requirements. Ventura Online (Canvas) 09/08-11/25
8d94af45-9bfc-4d82-9871-d8578707322f,173,https://schedule.vcccd.edu/,2026-04-13T19:51:05.288828+00:00,"OPEN 70266 1.0 R 01:00pm - 03:15pm Oxnard Student Services 114 20 3 17 Cowan, Patricia 09/10-12/10 14"
590a5389-e0d3-4530-a7cc-e6fd1a6bb201,174,https://schedule.vcccd.edu/,2026-04-13T19:51:05.288828+00:00,R 01:00pm - 03:15pm
9afcc23e-e01b-430c-869a-ff520a842887,175,https://schedule.vcccd.edu/,2026-04-13T19:51:05.288828+00:00,"OPEN 70587 1.0 R 09:00am - 11:15am Oxnard Student Services 114 20 3 17 Gould, Stacey 09/10-12/10 14"
0ed32f5e-ea7d-477b-9225-7c8cb03eb756,176,https://schedule.vcccd.edu/,2026-04-13T19:51:05.288828+00:00,R 09:00am - 11:15am
41c21e19-0c6c-46a7-b8e7-9e3150faf213,177,https://schedule.vcccd.edu/,2026-04-13T19:51:05.288828+00:00,"OPEN 70488 1.0 F 12:00pm - 02:15pm Oxnard Student Services 114 20 0 20 Turner, Steven 08/28-12/10 16"
75f89eda-3b64-4982-b37f-c12e147b4e5c,178,https://schedule.vcccd.edu/,2026-04-13T19:51:05.288828+00:00,F 12:00pm - 02:15pm
1498453d-6df0-4e6d-9046-90a194abdc26,179,https://schedule.vcccd.edu/,2026-04-13T19:51:05.288828+00:00,"OPEN 71554 1.5 T 10:00am - 11:15am Ventura Learning Resource Ctr 130 10 0 10 Evashkovsky, Maya 08/10-12/10 18"
e54a976c-a5c6-403e-9035-4c3bcca25d98,180,https://schedule.vcccd.edu/,2026-04-13T19:51:05.288828+00:00,T 10:00am - 11:15am
6b749ae8-d051-473e-90a9-24b3c91054ae,181,https://schedule.vcccd.edu/,2026-04-13T19:51:05.288828+00:00,& Distance Education Class: Click CRN for requirements. Ventura Online (Canvas) 08/10-12/10
132fe00b-6c53-4be2-b2be-95fe8ecced7c,182,https://schedule.vcccd.edu/,2026-04-13T19:51:05.288828+00:00,"OPEN 73055 1.5 M 12:00pm - 01:00pm Ventura Learning Resource Ctr G 20 1 19 Turner, Steven 08/10-12/10 18"
082e8846-9317-4641-a3ab-b596d93d4fbf,183,https://schedule.vcccd.edu/,2026-04-13T19:51:05.288828+00:00,M 12:00pm - 01:00pm
ba853f86-9bc8-40a7-a37a-bc763b8e260c,184,https://schedule.vcccd.edu/,2026-04-13T19:51:05.288828+00:00,& Distance Education Class: Click CRN for requirements. Ventura Online (Canvas) 08/10-12/10
8bddbe7a-1512-4700-bb68-9cf88cbf8128,185,https://schedule.vcccd.edu/,2026-04-13T19:51:05.288828+00:00,"OPEN 72426 1.5 R 10:00am - 11:15am Ventura Learning Resource Ctr 130 10 0 10 Quiroz, Leah 09/08-11/25 12"
8d788b98-7c68-46ad-aa4e-9277752230c2,186,https://schedule.vcccd.edu/,2026-04-13T19:51:05.288828+00:00,R 10:00am - 11:15am
9f84dabf-abad-4c7b-a71b-55e3173d6591,187,https://schedule.vcccd.edu/,2026-04-13T19:51:05.288828+00:00,& Distance Education Class: Click CRN for requirements. Ventura Online (Canvas) 09/08-11/25
873d5e0c-18a7-4756-989a-61d3504ad23c,188,https://schedule.vcccd.edu/,2026-04-13T19:51:05.288828+00:00,"OPEN 73247 3.0 M W 10:30am - 11:45am Oxnard Condor Hall 311 30 0 30 Zsarnay, Lois 08/10-12/10 18"
326a6598-7a1d-427b-b52b-2a2cae544a0f,189,https://schedule.vcccd.edu/,2026-04-13T19:51:05.288828+00:00,M W 10:30am - 11:45am
54aa289f-ad06-4957-a5cc-e8d1ccf6922d,190,https://schedule.vcccd.edu/,2026-04-13T19:51:05.288828+00:00,"OPEN 71395 3.0 M W 10:30am - 11:45am Oxnard Zoom Live Meeting 30 1 29 Zsarnay, Lois 08/10-12/10 18"
118b56e3-a002-4061-bc4c-68824ba040d1,191,https://schedule.vcccd.edu/,2026-04-13T19:51:05.288828+00:00,M W 10:30am - 11:45am
97f272fd-d978-428d-9683-7299abdcff30,192,https://schedule.vcccd.edu/,2026-04-13T19:51:05.288828+00:00,OPEN 73225 3.0 M W 07:00pm - 08:15pm Oxnard Zoom Live Meeting 30 1 29 Staff 08/10-12/10 18
a27b6af8-acdf-4d9c-96ac-f85778f49937,193,https://schedule.vcccd.edu/,2026-04-13T19:51:05.288828+00:00,M W 07:00pm - 08:15pm
bbeb7a2c-4800-43e6-93e1-91ef2fb9fe21,194,https://schedule.vcccd.edu/,2026-04-13T19:51:05.288828+00:00,"OPEN 71812 3.0 T R 04:00pm - 05:15pm Oxnard Zoom Live Meeting 25 1 24 Zsarnay, Lois 08/10-12/10 18"
af29f56d-c6fa-41de-8932-bc9304e15ad8,195,https://schedule.vcccd.edu/,2026-04-13T19:51:05.288828+00:00,T R 04:00pm - 05:15pm
0598bd36-0f52-4c7a-a910-8f1c9a1031ac,196,https://schedule.vcccd.edu/,2026-04-13T19:51:05.288828+00:00,"OPEN 71776 3.0 M W 09:00am - 10:15am Oxnard Condor Hall 311 30 0 30 Zsarnay, Lois 08/10-12/10 18"
24e958a9-42d7-4210-8e26-b28880ad5cd9,197,https://schedule.vcccd.edu/,2026-04-13T19:51:05.288828+00:00,M W 09:00am - 10:15am
0201aee8-1fbb-43a6-8ffd-816b2212cba3,198,https://schedule.vcccd.edu/,2026-04-13T19:51:05.288828+00:00,"OPEN 72988 3.0 M W 09:00am - 10:15am Oxnard Zoom Live Meeting 30 0 30 Zsarnay, Lois 08/10-12/10 18"
60b8ac06-d505-4e9d-9cfa-233e673c7447,199,https://schedule.vcccd.edu/,2026-04-13T19:51:05.288828+00:00,M W 09:00am - 10:15am
4ac6e120-ea9a-486a-b628-14ba507d323a,200,https://schedule.vcccd.edu/,2026-04-13T19:51:05.288828+00:00,"OPEN 71193 3.0 M W 04:00pm - 05:15pm Oxnard Zoom Live Meeting 25 2 23 Zsarnay, Lois 08/10-12/10 18"
3ba1b59f-65e7-4758-8baf-9754c5e2e01f,201,https://schedule.vcccd.edu/,2026-04-13T19:51:05.288828+00:00,M W 04:00pm - 05:15pm
d4497576-f9d7-4419-9400-0651c7c58c9f,202,https://schedule.vcccd.edu/,2026-04-13T19:51:05.288828+00:00,"OPEN 73254 3.0 M W 05:30pm - 06:45pm Oxnard Zoom Live Meeting 25 1 24 Zsarnay, Lois 08/10-12/10 18"
569038f9-671c-4bef-9e91-3096f11dd085,203,https://schedule.vcccd.edu/,2026-04-13T19:51:05.288828+00:00,M W 05:30pm - 06:45pm
5eb54881-61db-4a71-b481-695414b047c0,204,https://schedule.vcccd.edu/,2026-04-13T19:51:05.288828+00:00,"OPEN 70409 3.0 T R 01:00pm - 02:15pm Oxnard Zoom Live Meeting 30 1 29 Mathews, David 08/10-12/10 18"
ebe2dd21-8b4d-4ef8-b534-e595d9398a90,205,https://schedule.vcccd.edu/,2026-04-13T19:51:05.288828+00:00,T R 01:00pm - 02:15pm
4d7e8e78-5523-46b8-89f3-5fda86fab0f7,206,https://schedule.vcccd.edu/,2026-04-13T19:51:05.288828+00:00,"OPEN 71922 3.0 T R 10:30am - 11:45am Oxnard Zoom Live Meeting 25 1 24 Mathews, David 08/10-12/10 18"
a72ffa02-7703-4143-b5e5-6c9aabed7caa,207,https://schedule.vcccd.edu/,2026-04-13T19:51:05.288828+00:00,T R 10:30am - 11:45am
da9673c6-f745-450a-8a57-9ba442b49133,208,https://schedule.vcccd.edu/,2026-04-13T19:51:05.288828+00:00,"OPEN 71971 3.0 M W 01:00pm - 02:15pm Oxnard Zoom Live Meeting 30 1 29 Alva, Vanessa 08/10-12/10 18"
64b92786-ba56-4482-a454-24e4c3a8448d,209,https://schedule.vcccd.edu/,2026-04-13T19:51:05.288828+00:00,M W 01:00pm - 02:15pm
e40cf2bc-9249-4cc0-ba6e-96da6f45d87b,210,https://schedule.vcccd.edu/,2026-04-13T19:51:05.288828+00:00,"OPEN 72880 3.0 T R 05:30pm - 06:45pm Oxnard Zoom Live Meeting 30 2 28 Alva, Vanessa 08/10-12/10 18"
b43f4f4a-5a5d-49a8-94b5-99985676d9ba,211,https://schedule.vcccd.edu/,2026-04-13T19:51:05.288828+00:00,T R 05:30pm - 06:45pm
7c050279-8ae2-4ce1-8272-8adf12feb973,212,https://schedule.vcccd.edu/,2026-04-13T19:51:05.288828+00:00,"OPEN 71818 3.0 M W 08:30pm - 09:50pm Oxnard Zoom Live Meeting 30 0 30 Given, James 08/24-12/10 16"
75e2066b-f978-4e3b-9e84-3a73e508d356,213,https://schedule.vcccd.edu/,2026-04-13T19:51:05.288828+00:00,M W 08:30pm - 09:50pm
44fb7430-d18d-42af-965c-500d21a9dfc7,214,https://schedule.vcccd.edu/,2026-04-13T19:51:05.288828+00:00,"OPEN 71821 3.0 M W 07:00pm - 08:15pm Oxnard Zoom Live Meeting 30 2 28 Alva, Vanessa 08/10-12/10 18"
4249b97b-93eb-4781-882f-84929916a251,215,https://schedule.vcccd.edu/,2026-04-13T19:51:05.288828+00:00,M W 07:00pm - 08:15pm
2cc41b69-98d4-4654-b26e-c6e9a5a82756,216,https://schedule.vcccd.edu/,2026-04-13T19:51:05.288828+00:00,"OPEN 71942 3.0 T R 08:30pm - 09:50pm Oxnard Zoom Live Meeting 30 0 30 Mathews, David 08/24-12/10 16"
a58dd8cf-ddfa-4171-a694-ee20e457cf25,217,https://schedule.vcccd.edu/,2026-04-13T19:51:05.288828+00:00,T R 08:30pm - 09:50pm
425a98dc-50d4-40dc-9fe5-4ae0e7390723,218,https://schedule.vcccd.edu/,2026-04-13T19:51:05.288828+00:00,OPEN 73227 3.0 T R 07:00pm - 08:20pm Oxnard Zoom Live Meeting 30 1 29 Staff 08/24-12/10 16
51685e08-45d7-44a3-940b-fc57169b362e,219,https://schedule.vcccd.edu/,2026-04-13T19:51:05.288828+00:00,T R 07:00pm - 08:20pm
126c3974-c080-470c-bacb-0050562dcd34,220,https://schedule.vcccd.edu/,2026-04-13T19:51:05.288828+00:00,"OPEN 71663 3.0 T R 02:30pm - 03:45pm Oxnard Zoom Live Meeting 30 0 30 Zsarnay, Lois 08/10-12/10 18"
f2680ee9-9114-4d63-8ccf-03cfdbf44bc2,221,https://schedule.vcccd.edu/,2026-04-13T19:51:05.288828+00:00,T R 02:30pm - 03:45pm
8546510b-84e8-4fde-bd88-8ddf721aa175,222,https://schedule.vcccd.edu/,2026-04-13T19:51:05.288828+00:00,"OPEN 73221 Pre/Coreq 3.0 18.00 HRS/WK TO BE ARRANGED Oxnard To Be Announced 20 1 19 Zsarnay, Lois 08/10-10/09 9"
df307b9b-2523-4c35-9a43-1e98d5ac9b0e,223,https://schedule.vcccd.edu/,2026-04-13T19:51:05.288828+00:00,& Requires co-enrollment in ADS R210A
ebc22534-d435-4aa8-8c14-6d9c228949ff,224,https://schedule.vcccd.edu/,2026-04-13T19:51:05.288828+00:00,"OPEN 73223 Pre/Coreq 3.0 18.00 HRS/WK TO BE ARRANGED Oxnard To Be Announced 20 1 19 Zsarnay, Lois 10/12-12/10 9"
75a2d6f9-b015-43cd-b3d3-fdf9d891c9f5,225,https://schedule.vcccd.edu/,2026-04-13T19:51:05.288828+00:00,& Requires co-enrollment in ADS R210B
fd78c194-fb6f-4066-9470-a932c144d5cf,226,https://schedule.vcccd.edu/,2026-04-13T19:51:05.288828+00:00,"OPEN 72555 Pre/Coreq 1.5 R 05:30pm - 06:45pm Oxnard Zoom Live Meeting 20 1 19 Zsarnay, Lois 08/10-10/09 9"
b2e24197-aafa-49ab-88a2-4267d6c34593,227,https://schedule.vcccd.edu/,2026-04-13T19:51:05.288828+00:00,R 05:30pm - 06:45pm
6eda2c5d-e841-4c58-aa0b-fa0179abe1d4,228,https://schedule.vcccd.edu/,2026-04-13T19:51:05.288828+00:00,& Distance Education Class: Click CRN for requirements. Oxnard Online (Canvas) 08/10-10/09
f50f6031-8aae-4ee1-ab19-57385c9ca7bf,229,https://schedule.vcccd.edu/,2026-04-13T19:51:05.288828+00:00,& Requires co-enrollment in ADS R200A
e5a57598-ccd1-4e45-bfba-6674da2c156c,230,https://schedule.vcccd.edu/,2026-04-13T19:51:05.288828+00:00,"OPEN 72946 Pre/Coreq 1.5 R 05:30pm - 06:45pm Oxnard Zoom Live Meeting 20 1 19 Zsarnay, Lois 10/15-12/10 9"
5c7ca120-062a-4075-a0de-b2a116a4e4ff,231,https://schedule.vcccd.edu/,2026-04-13T19:51:05.288828+00:00,R 05:30pm - 06:45pm
45eab6e0-ad76-45a4-8352-35f19178dbbd,232,https://schedule.vcccd.edu/,2026-04-13T19:51:05.288828+00:00,& Distance Education Class: Click CRN for requirements. Oxnard Online (Canvas) 10/15-12/10
aa9b5595-cd11-450f-a740-9d4766166acc,233,https://schedule.vcccd.edu/,2026-04-13T19:51:05.288828+00:00,& Requires co-enrollment in ADS R200B
23fc0c2c-f531-45bf-9418-3d9d80151883,234,https://schedule.vcccd.edu/,2026-04-13T19:51:05.288828+00:00,"OPEN 71446 0.0 Distance Education Class: Click CRN for requirements. Ventura Online (Canvas) 40 0 40 Castro, Mary 10/05-11/25 8"
69c73303-6301-4d8e-8bfe-cdfb6eee6243,235,https://schedule.vcccd.edu/,2026-04-13T19:51:05.288828+00:00,"OPEN 70244 3.0 R 02:00pm - 04:50pm Ventura Environmntl&Const Tech 8 35 3 32 Waddell, Benjamin 08/10-12/10 18"
30aa2d30-5d50-4b2e-86fc-8a68f0444879,236,https://schedule.vcccd.edu/,2026-04-13T19:51:05.288828+00:00,R 02:00pm - 04:50pm
1dffa40a-91ca-43c3-a77b-a383a100405f,237,https://schedule.vcccd.edu/,2026-04-13T19:51:05.288828+00:00,& Distance Education Class: Click CRN for requirements. Ventura Online (Canvas) 08/10-12/10
4396fda6-ec71-433f-a33b-c5853a64e074,238,https://schedule.vcccd.edu/,2026-04-13T19:51:05.288828+00:00,"OPEN 71090 3.0 R 10:00am - 12:50pm Ventura Environmntl&Const Tech 8 35 1 34 Martinez, Daniela 08/10-12/10 18"
aa6fbf86-debd-42ec-85e1-56c99a5ac911,239,https://schedule.vcccd.edu/,2026-04-13T19:51:05.288828+00:00,R 10:00am - 12:50pm
12aa747f-2f05-442d-9a66-921895508489,240,https://schedule.vcccd.edu/,2026-04-13T19:51:05.288828+00:00,& Distance Education Class: Click CRN for requirements. Ventura Online (Canvas) 08/10-12/10
2476a351-4b8a-4615-8287-dc2faf7bd20a,241,https://schedule.vcccd.edu/,2026-04-13T19:51:05.288828+00:00,"OPEN 71121 3.0 T 05:30pm - 07:20pm Ventura Zoom Web Live Meeting 40 1 39 Hammack, Nicole 08/17-12/03 16"
7a0d60d3-a952-4088-9a74-174c0ea7a661,242,https://schedule.vcccd.edu/,2026-04-13T19:51:05.288828+00:00,T 05:30pm - 07:20pm
76914bfa-c430-4ed2-9ba0-06941d4fa952,243,https://schedule.vcccd.edu/,2026-04-13T19:51:05.288828+00:00,& Distance Education Class: Click CRN for requirements. Ventura Online (Canvas) 08/17-12/03
e99caf57-0cd0-4d3a-9d3e-f3f28926d6e6,244,https://schedule.vcccd.edu/,2026-04-13T19:51:05.288828+00:00,"OPEN 71054 3.0 R 05:30pm - 07:20pm Ventura Zoom Web Live Meeting 40 1 39 Hammack, Nicole 08/17-12/03 16"
43d25cbe-93ed-492d-908b-a83231da1be9,245,https://schedule.vcccd.edu/,2026-04-13T19:51:05.288828+00:00,R 05:30pm - 07:20pm
c57e70cc-dafd-47af-92e7-d6c9e1ef7947,246,https://schedule.vcccd.edu/,2026-04-13T19:51:05.288828+00:00,& Distance Education Class: Click CRN for requirements. Ventura Online (Canvas) 08/17-12/03
0cd80674-2731-4663-b37b-e903fae34ed7,247,https://schedule.vcccd.edu/,2026-04-13T19:51:05.288828+00:00,"OPEN 70899 3.0 W 03:00pm - 05:20pm Ventura Environmntl&Const Tech 8 35 0 35 Sertich, Emma 08/17-12/03 16"
6d98476c-1c9e-4c8c-ad83-9d1b68d2f9ad,248,https://schedule.vcccd.edu/,2026-04-13T19:51:05.288828+00:00,W 03:00pm - 05:20pm
1f69d2c7-4521-4572-89bd-73ca109e60a8,249,https://schedule.vcccd.edu/,2026-04-13T19:51:05.288828+00:00,& Distance Education Class: Click CRN for requirements. Ventura Online (Canvas) 08/17-12/03
64b419d2-8789-4cf4-bb5d-6aeba1e10497,250,https://schedule.vcccd.edu/,2026-04-13T19:51:05.288828+00:00,"OPEN 70925 3.0 Distance Education Class: Click CRN for requirements. Ventura Online (Canvas) 40 0 40 Castro, Mary 10/05-11/25 8"
1ac57b88-2c8c-4617-b6d3-9d354d29f8d3,251,https://schedule.vcccd.edu/,2026-04-13T19:51:05.288828+00:00,"OPEN 70051 3.0 W 10:00am - 12:50pm Ventura Environmntl&Const Tech 8 35 1 34 Sertich, Emma 08/17-12/03 16"
5698a608-a9e8-4491-8913-2533678e95fd,252,https://schedule.vcccd.edu/,2026-04-13T19:51:05.288828+00:00,W 10:00am - 12:50pm
82777093-7900-41be-8cf8-fc79c205f372,253,https://schedule.vcccd.edu/,2026-04-13T19:51:05.288828+00:00,& Distance Education Class: Click CRN for requirements. Ventura Online (Canvas) 08/17-12/03
af3aec27-4982-44ed-b0cf-cc966559bbe7,254,https://schedule.vcccd.edu/,2026-04-13T19:51:05.288828+00:00,"OPEN 71564 3.0 W 02:30pm - 04:20pm East Campus, Santa Paula 6 24 0 24 Martinez, Daniela 08/10-12/10 18"
f4d64ae2-1b60-44de-9af3-2e2b6a86eb03,255,https://schedule.vcccd.edu/,2026-04-13T19:51:05.288828+00:00,W 02:30pm - 04:20pm
8cf3f616-110e-4bd1-a38a-3f271ee8aa87,256,https://schedule.vcccd.edu/,2026-04-13T19:51:05.288828+00:00,& Distance Education Class: Click CRN for requirements. Ventura Online (Canvas) 08/10-12/10
7157c7f2-cc75-402e-8593-0cf89a8ae698,257,https://schedule.vcccd.edu/,2026-04-13T19:51:05.288828+00:00,"OPEN 71678 1.0 W 01:00pm - 01:50pm East Campus, Santa Paula 6 24 0 24 Jonokuchi, Kathy 08/10-12/10 18"
7c23e085-f3b4-43fc-bfbf-c750b0bfc685,258,https://schedule.vcccd.edu/,2026-04-13T19:51:05.288828+00:00,W 01:00pm - 01:50pm
cb62de5e-2744-4385-a091-58d647094db4,259,https://schedule.vcccd.edu/,2026-04-13T19:51:05.288828+00:00,OPEN 71920 1.5 W 08:30am - 10:20am Lokahi LAB 24 0 24 Staff 08/10-12/10 18
8ceff1ce-e42f-415d-a364-39d18e14b0aa,260,https://schedule.vcccd.edu/,2026-04-13T19:51:05.288828+00:00,W 08:30am - 10:20am
8dcc9efc-f0f8-4b36-940a-a67d9ecf6a9d,261,https://schedule.vcccd.edu/,2026-04-13T19:51:05.288828+00:00,& Distance Education Class: Click CRN for requirements. Ventura Online (Canvas) 08/10-12/10
1ca32845-b111-40d8-a867-957f94b73c0e,262,https://schedule.vcccd.edu/,2026-04-13T19:51:05.288828+00:00,"OPEN 70373 Pre/Coreq 4.0 M 10:00am - 11:50am Lokahi LAB 24 0 24 Schieltz, Sharon 08/10-12/10 18"
7468185c-1454-448b-9156-ad60f451e58e,263,https://schedule.vcccd.edu/,2026-04-13T19:51:05.288828+00:00,M 10:00am - 11:50am
eadb4d44-e4db-4328-9129-ad8b39ed5223,264,https://schedule.vcccd.edu/,2026-04-13T19:51:05.288828+00:00,& M 01:00pm - 02:50pm Lokahi LAB 08/10-12/10
ac64e57c-d126-48c8-a02d-b1106cd17de0,265,https://schedule.vcccd.edu/,2026-04-13T19:51:05.288828+00:00,M 01:00pm - 02:50pm
9c4f9a27-5bea-4ef9-9be3-fbb67e112e94,266,https://schedule.vcccd.edu/,2026-04-13T19:51:05.288828+00:00,& Distance Education Class: Click CRN for requirements. Ventura Online (Canvas) 08/10-12/10
16ebf4c2-87e4-4477-8454-d352dc7411c3,267,https://schedule.vcccd.edu/,2026-04-13T19:51:05.288828+00:00,"OPEN 71953 3.0 R 10:30am - 11:50am Lokahi LAB 24 0 24 Schieltz, Sharon 08/10-12/10 18"
c0714bed-fb29-4925-8154-d9360eea0bc4,268,https://schedule.vcccd.edu/,2026-04-13T19:51:05.288828+00:00,R 10:30am - 11:50am
0db07931-2da4-4db5-85f1-0131f89f9a10,269,https://schedule.vcccd.edu/,2026-04-13T19:51:05.288828+00:00,& R 01:30pm - 03:50pm Lokahi LAB 08/10-12/10
7c12ba35-cf5b-4ea0-9664-ef9cf6b2ded4,270,https://schedule.vcccd.edu/,2026-04-13T19:51:05.288828+00:00,R 01:30pm - 03:50pm
77bfe4f0-92d3-4008-85ea-67eaec03a073,271,https://schedule.vcccd.edu/,2026-04-13T19:51:05.288828+00:00,& .75 HRS/WK ONLINE Ventura Online (Canvas) 08/10-12/10
4a37e123-2cc1-4748-9c3d-ead0ea708db2,272,https://schedule.vcccd.edu/,2026-04-13T19:51:05.288828+00:00,OPEN 70389 3.0 T 08:30am - 11:20am Lokahi LAB 24 0 24 Staff 08/10-12/10 18
541c0932-099d-4ba8-81a1-2056081565b4,273,https://schedule.vcccd.edu/,2026-04-13T19:51:05.288828+00:00,T 08:30am - 11:20am
169c1032-aae4-4224-9813-582763ccbc69,274,https://schedule.vcccd.edu/,2026-04-13T19:51:05.288828+00:00,& Distance Education Class: Click CRN for requirements. Ventura Online (Canvas) 08/10-12/10
fe28a4ae-1098-4f61-91b5-02470e02c834,275,https://schedule.vcccd.edu/,2026-04-13T19:51:05.288828+00:00,OPEN 71952 1.5 R 08:30am - 09:50am Lokahi LAB 24 0 24 Staff 08/10-12/10 18
58e31fd0-e804-4126-9a72-6cd1761b846b,276,https://schedule.vcccd.edu/,2026-04-13T19:51:05.288828+00:00,R 08:30am - 09:50am
d3967c7f-6b7f-444f-b299-baa99fbf9f4a,277,https://schedule.vcccd.edu/,2026-04-13T19:51:05.288828+00:00,& Distance Education Class: Click CRN for requirements. Ventura Online (Canvas) 08/10-12/10
b5b03dcd-09df-4220-9e98-d8e535902d85,278,https://schedule.vcccd.edu/,2026-04-13T19:51:05.288828+00:00,OPEN 70784 3.0 T 01:00pm - 03:50pm Lokahi LAB 24 0 24 Staff 08/10-12/10 18
6f31e624-2258-4587-9b4b-24dabfb8f791,279,https://schedule.vcccd.edu/,2026-04-13T19:51:05.288828+00:00,T 01:00pm - 03:50pm
6a62a4ae-4f6f-4a02-8ee0-273cffbdb733,280,https://schedule.vcccd.edu/,2026-04-13T19:51:05.288828+00:00,& Distance Education Class: Click CRN for requirements. Ventura Online (Canvas) 08/10-12/10
bf6a62ac-b1b4-4423-b2e4-d935f77cdbb0,281,https://schedule.vcccd.edu/,2026-04-13T19:51:05.288828+00:00,"OPEN 72223 Pre/Coreq 1. 4.50 HRS/WK TO BE ARRANGED TBA 24 0 24 Jonokuchi, Kathy 09/08-11/25 12"
d4cc872f-3fb5-4833-b299-f0655d5925d5,282,https://schedule.vcccd.edu/,2026-04-13T19:51:05.288828+00:00,"OPEN 73598 Pre/Coreq 1. 4.50 HRS/WK TO BE ARRANGED TBA 20 0 20 Jonokuchi, Kathy 09/08-11/25 12"
77196c8f-9d4c-4825-a28f-62d7000920d6,283,https://schedule.vcccd.edu/,2026-04-13T19:51:05.288828+00:00,"OPEN 70369 4.0 T R 10:30am - 11:45am Life Science/Math/Comp Studies 218 24 0 24 Ellsworth, Jennifer 08/10-12/10 18"
d3d55649-51ad-4111-8cb4-6f60cf7ab37d,284,https://schedule.vcccd.edu/,2026-04-13T19:51:05.288828+00:00,T R 10:30am - 11:45am
62461076-1445-4770-a293-9dc57bc05fab,285,https://schedule.vcccd.edu/,2026-04-13T19:51:05.288828+00:00,& R 12:00pm - 02:50pm Health Science Center 202 08/10-12/10
ca54c6ee-e323-4a5a-9a52-99e9447f2077,286,https://schedule.vcccd.edu/,2026-04-13T19:51:05.288828+00:00,R 12:00pm - 02:50pm
d05fccf0-bfb0-4517-b87c-e27154453950,287,https://schedule.vcccd.edu/,2026-04-13T19:51:05.288828+00:00,"OPEN 70839 4.0 M W 01:00pm - 02:15pm Academic Center 303 24 0 24 Iranpour, Farhad 08/10-12/10 18"
5714634b-644d-4d03-b6c2-2dac9df805d0,288,https://schedule.vcccd.edu/,2026-04-13T19:51:05.288828+00:00,M W 01:00pm - 02:15pm
1908a855-eec6-4002-b24e-b9068ffc4c24,289,https://schedule.vcccd.edu/,2026-04-13T19:51:05.288828+00:00,& M 02:30pm - 05:20pm Health Science Center 202 08/10-12/10
56ed7fc6-fbe5-4ffd-a45c-9a29b7a6b0cb,290,https://schedule.vcccd.edu/,2026-04-13T19:51:05.288828+00:00,M 02:30pm - 05:20pm
f995b428-770b-4bc6-8fb9-02ef739fc0a3,291,https://schedule.vcccd.edu/,2026-04-13T19:51:05.288828+00:00,"OPEN 71448 4.0 W 06:00pm - 08:50pm Health Science Center 202 24 0 24 Le, Michelle 08/10-12/10 18"
5d94e968-6a3f-482a-86cc-787df12dbcb0,292,https://schedule.vcccd.edu/,2026-04-13T19:51:05.288828+00:00,W 06:00pm - 08:50pm
562588e8-e4eb-4c03-b893-bb73fefe772d,293,https://schedule.vcccd.edu/,2026-04-13T19:51:05.288828+00:00,& Distance Education Class: Click CRN for requirements. Moorpark Online (Canvas) 08/10-12/10
80fcace7-9916-44e6-83f9-8b01e93181a3,294,https://schedule.vcccd.edu/,2026-04-13T19:51:05.288828+00:00,"OPEN 72644 4.0 T R 05:30pm - 06:45pm Life Science/Math/Comp Studies 227 24 0 24 Reonisto, Peter 08/10-12/10 18"
f6837bdf-1111-4171-b742-d227a243106e,295,https://schedule.vcccd.edu/,2026-04-13T19:51:05.288828+00:00,T R 05:30pm - 06:45pm
1e1c0238-16bf-4dae-970c-3602e60f3cff,296,https://schedule.vcccd.edu/,2026-04-13T19:51:05.288828+00:00,& R 07:00pm - 09:50pm Health Science Center 201 08/10-12/10
b01051aa-7fb1-4059-bebf-a854a36768bf,297,https://schedule.vcccd.edu/,2026-04-13T19:51:05.288828+00:00,R 07:00pm - 09:50pm
6f37d6fe-5ffa-48b6-8001-32276c2307d4,298,https://schedule.vcccd.edu/,2026-04-13T19:51:05.288828+00:00,"OPEN 72945 4.0 T R 12:30pm - 01:45pm Academic Center 306 24 0 24 Koontz, Alison 08/10-12/10 18"
1a488d65-acab-4e6c-bed9-acd99845aa27,299,https://schedule.vcccd.edu/,2026-04-13T19:51:05.288828+00:00,T R 12:30pm - 01:45pm
b043d4f2-c298-41da-87db-4d62a18dfa29,300,https://schedule.vcccd.edu/,2026-04-13T19:51:05.288828+00:00,& T 02:00pm - 04:50pm Health Science Center 201 08/10-12/10
dabfb43f-c4fb-473a-bcc7-7f883a292b5d,301,https://schedule.vcccd.edu/,2026-04-13T19:51:05.288828+00:00,T 02:00pm - 04:50pm
e432dceb-51fd-45eb-8328-585e81c7fa72,302,https://schedule.vcccd.edu/,2026-04-13T19:51:05.288828+00:00,"OPEN 73275 4.0 T R 12:30pm - 01:45pm Academic Center 306 24 0 24 Koontz, Alison 08/10-12/10 18"
524c7ed7-859a-4e30-ad69-008e20782894,303,https://schedule.vcccd.edu/,2026-04-13T19:51:05.288828+00:00,T R 12:30pm - 01:45pm
2eee7271-414d-4b40-b838-214ff6e7e864,304,https://schedule.vcccd.edu/,2026-04-13T19:51:05.288828+00:00,& R 02:00pm - 04:50pm Health Science Center 201 08/10-12/10
98cfc171-93b1-4d20-9ffb-6070e3fdf6b8,305,https://schedule.vcccd.edu/,2026-04-13T19:51:05.288828+00:00,R 02:00pm - 04:50pm
c63a2b7c-d3f8-438d-b402-723899a6250f,306,https://schedule.vcccd.edu/,2026-04-13T19:51:05.288828+00:00,"OPEN 70066 4.0 T R 05:30pm - 06:45pm Life Science/Math/Comp Studies 227 24 0 24 Reonisto, Peter 08/10-12/10 18"
a23db716-fa3b-452f-87b5-889e87e395e2,307,https://schedule.vcccd.edu/,2026-04-13T19:51:05.288828+00:00,T R 05:30pm - 06:45pm
197563ec-c8fb-44c1-b420-d842775dee9c,308,https://schedule.vcccd.edu/,2026-04-13T19:51:05.288828+00:00,& T 07:00pm - 09:50pm Health Science Center 201 08/10-12/10
76ed5832-74fc-47ff-b56a-7f53c807ab23,309,https://schedule.vcccd.edu/,2026-04-13T19:51:05.288828+00:00,T 07:00pm - 09:50pm
acd19335-4a0b-475b-8cef-b441b58bb182,310,https://schedule.vcccd.edu/,2026-04-13T19:51:05.288828+00:00,"OPEN 72885 4.0 M W 01:00pm - 02:15pm Life Science/Math/Comp Studies 218 24 0 24 Shargo, Eric 08/10-12/10 18"
3c7425d2-c157-4a46-bb99-a97d00392c79,311,https://schedule.vcccd.edu/,2026-04-13T19:51:05.288828+00:00,M W 01:00pm - 02:15pm
65147d12-0eab-45c9-b99b-ad42c2eaa8d9,312,https://schedule.vcccd.edu/,2026-04-13T19:51:05.288828+00:00,& M 02:30pm - 05:20pm Health Science Center 201 08/10-12/10
7af792d1-2231-4cea-b98e-ffb7b549e9e0,313,https://schedule.vcccd.edu/,2026-04-13T19:51:05.288828+00:00,M 02:30pm - 05:20pm
d552a93a-b508-43fd-bd30-b7f973ff26a9,314,https://schedule.vcccd.edu/,2026-04-13T19:51:05.288828+00:00,"OPEN 70401 4.0 T 09:00am - 11:50am Health Science Center 202 24 1 23 Tabbakhian, Melia 08/10-12/10 18"
b5d1295b-852e-4011-a167-d7fc7d1d8124,315,https://schedule.vcccd.edu/,2026-04-13T19:51:05.288828+00:00,T 09:00am - 11:50am
3b8532a4-2ebb-4744-b3c6-0fcdb81419c4,316,https://schedule.vcccd.edu/,2026-04-13T19:51:05.288828+00:00,& Distance Education Class: Click CRN for requirements. Moorpark Online (Canvas) 08/10-12/10
a092948a-f42e-48c7-8cb6-228038f793cb,317,https://schedule.vcccd.edu/,2026-04-13T19:51:05.288828+00:00,"OPEN 71731 4.0 T 12:00pm - 02:50pm Health Science Center 202 24 1 23 Tabbakhian, Melia 08/10-12/10 18"
1ee6357a-e7d6-4cba-9626-4bab44d2fc41,318,https://schedule.vcccd.edu/,2026-04-13T19:51:05.288828+00:00,T 12:00pm - 02:50pm
9f072c1b-22a6-4d91-8097-5a7dee98c947,319,https://schedule.vcccd.edu/,2026-04-13T19:51:05.288828+00:00,& Distance Education Class: Click CRN for requirements. Moorpark Online (Canvas) 08/10-12/10
37e84e5c-9f41-4119-95f6-c7b0a42fec33,320,https://schedule.vcccd.edu/,2026-04-13T19:51:05.288828+00:00,"OPEN 73053 4.0 M W 03:00pm - 04:15pm Life Science/Math/Comp Studies 218 24 1 23 Martin, Howard 08/10-12/10 18"
92dcd042-f894-499d-9e1c-12ff620684f4,321,https://schedule.vcccd.edu/,2026-04-13T19:51:05.288828+00:00,M W 03:00pm - 04:15pm
4eec791b-1df9-4527-af92-b5ccefa7f837,322,https://schedule.vcccd.edu/,2026-04-13T19:51:05.288828+00:00,& W 04:30pm - 07:20pm Health Science Center 201 08/10-12/10
e78ec9fb-3220-40b4-bb45-90a16953bdbc,323,https://schedule.vcccd.edu/,2026-04-13T19:51:05.288828+00:00,W 04:30pm - 07:20pm
7f28e514-6913-46b3-b143-713ad4061616,324,https://schedule.vcccd.edu/,2026-04-13T19:51:05.288828+00:00,"OPEN 79792 4.0 M W 08:00am - 09:15am Academic Center 306 24 1 23 Shargo, Eric 08/10-12/10 18"
c6945c93-59d0-471f-9937-b048bd9fd000,325,https://schedule.vcccd.edu/,2026-04-13T19:51:05.288828+00:00,M W 08:00am - 09:15am
1395214f-f1d1-4a1f-839c-a580aa36f6ee,326,https://schedule.vcccd.edu/,2026-04-13T19:51:05.288828+00:00,& M 09:30am - 12:20pm Health Science Center 202 08/10-12/10
95f2c9ec-8f8f-4596-a95f-f1e62dc50533,327,https://schedule.vcccd.edu/,2026-04-13T19:51:05.288828+00:00,M 09:30am - 12:20pm
620de3bd-6502-4507-b96d-b8b08a1afc53,328,https://schedule.vcccd.edu/,2026-04-13T19:51:05.288828+00:00,"OPEN 79781 4.0 M W 08:00am - 09:15am Academic Center 306 24 1 23 Shargo, Eric 08/10-12/10 18"
3321f04e-007d-4435-af58-ddbde122f96a,329,https://schedule.vcccd.edu/,2026-04-13T19:51:05.288828+00:00,M W 08:00am - 09:15am
547c6dad-4da2-4fbe-9d4e-3df3ea5fd8f1,330,https://schedule.vcccd.edu/,2026-04-13T19:51:05.288828+00:00,& W 09:30am - 12:20pm Health Science Center 202 08/10-12/10
d918013c-3e3b-413a-8d6e-bf77f7b0ee73,331,https://schedule.vcccd.edu/,2026-04-13T19:51:05.288828+00:00,W 09:30am - 12:20pm
787cff6c-8ffe-4a60-9c39-4a031cbaf66a,332,https://schedule.vcccd.edu/,2026-04-13T19:51:05.288828+00:00,"OPEN 70053 4.0 M W 01:00pm - 02:15pm Academic Center 303 24 1 23 Iranpour, Farhad 08/10-12/10 18"
952648fa-27c2-4c4b-8e45-03621f950115,333,https://schedule.vcccd.edu/,2026-04-13T19:51:05.288828+00:00,M W 01:00pm - 02:15pm
91958578-dda9-47e1-8eba-921e8a5f09b7,334,https://schedule.vcccd.edu/,2026-04-13T19:51:05.288828+00:00,& W 02:30pm - 05:20pm Health Science Center 202 08/10-12/10
f4a856dc-3654-4fa8-9f34-9c306fe340b7,335,https://schedule.vcccd.edu/,2026-04-13T19:51:05.288828+00:00,W 02:30pm - 05:20pm
b1008c29-79ac-440e-940b-99c0243a906a,336,https://schedule.vcccd.edu/,2026-04-13T19:51:05.288828+00:00,"OPEN 70902 4.0 T R 01:30pm - 02:45pm Academic Center 303 24 2 22 Iniguez, Jorge 08/10-12/10 18"
669c5243-9a27-4dc5-8c8d-c8d4a621b410,337,https://schedule.vcccd.edu/,2026-04-13T19:51:05.288828+00:00,T R 01:30pm - 02:45pm
55736121-a3f4-476b-a0ed-57a9d44095d7,338,https://schedule.vcccd.edu/,2026-04-13T19:51:05.288828+00:00,& T 03:00pm - 05:50pm Health Science Center 202 08/10-12/10
c24d0155-7669-4313-90a6-b2bc89bb5bbc,339,https://schedule.vcccd.edu/,2026-04-13T19:51:05.288828+00:00,T 03:00pm - 05:50pm
31339a28-e2c8-4c6c-af5b-3fbb3b00fe2f,340,https://schedule.vcccd.edu/,2026-04-13T19:51:05.288828+00:00,"OPEN 70909 4.0 T R 01:30pm - 02:45pm Academic Center 303 24 2 22 Iniguez, Jorge 08/10-12/10 18"
9b893c73-c3fd-4d20-b4ba-11ee286372e3,341,https://schedule.vcccd.edu/,2026-04-13T19:51:05.288828+00:00,T R 01:30pm - 02:45pm
3435164d-74f9-4df4-afa9-a0023fad3938,342,https://schedule.vcccd.edu/,2026-04-13T19:51:05.288828+00:00,& R 03:00pm - 05:50pm Health Science Center 202 08/10-12/10
4cf6d7a1-2013-4ed4-97fa-f9787644e014,343,https://schedule.vcccd.edu/,2026-04-13T19:51:05.288828+00:00,R 03:00pm - 05:50pm
985093c4-195c-463e-8110-555ecd03d689,344,https://schedule.vcccd.edu/,2026-04-13T19:51:05.288828+00:00,"OPEN 73270 4.0 R 09:00am - 11:50am Health Science Center 202 24 3 21 Tabbakhian, Melia 08/10-12/10 18"
d7308da4-dc6c-4d93-b93f-1ac41b73bed4,345,https://schedule.vcccd.edu/,2026-04-13T19:51:05.288828+00:00,R 09:00am - 11:50am
a8832d00-27c8-4f57-9e1d-8f030c9b40bc,346,https://schedule.vcccd.edu/,2026-04-13T19:51:05.288828+00:00,& Distance Education Class: Click CRN for requirements. Moorpark Online (Canvas) 08/10-12/10
31a2666d-4f1a-4857-b781-1e5a3c427daf,347,https://schedule.vcccd.edu/,2026-04-13T19:51:05.288828+00:00,"OPEN 72388 4.0 T R 05:30pm - 06:20pm Oxnard Letters & Science 3 26 0 26 Wilson, Tyler 08/10-12/10 18"
226c2c2e-fe87-4f86-b624-da7efc99b672,348,https://schedule.vcccd.edu/,2026-04-13T19:51:05.288828+00:00,T R 05:30pm - 06:20pm
3d7c33ab-2f22-4769-842c-e65eb6f35ed7,349,https://schedule.vcccd.edu/,2026-04-13T19:51:05.288828+00:00,& T R 06:30pm - 09:20pm Oxnard Letters & Science 3 08/10-12/10
9f60318f-6d19-4711-ac5d-0636f7b68f34,350,https://schedule.vcccd.edu/,2026-04-13T19:51:05.288828+00:00,T R 06:30pm - 09:20pm
658a5ae5-c7cb-4f65-9b22-1028298142a9,351,https://schedule.vcccd.edu/,2026-04-13T19:51:05.288828+00:00,"OPEN 72387 4.0 T R 01:00pm - 01:50pm Oxnard Letters & Science 3 26 1 25 Banerjee, Ruma 08/10-12/10 18"
c870054d-0336-41c3-b154-7ea9b2a67c64,352,https://schedule.vcccd.edu/,2026-04-13T19:51:05.288828+00:00,T R 01:00pm - 01:50pm
574a9dea-d3e8-48e3-bf77-052f7db4d67d,353,https://schedule.vcccd.edu/,2026-04-13T19:51:05.288828+00:00,& T R 02:00pm - 04:50pm Oxnard Letters & Science 3 08/10-12/10
a5b5ff40-d0b7-4332-9911-300e83597540,354,https://schedule.vcccd.edu/,2026-04-13T19:51:05.288828+00:00,T R 02:00pm - 04:50pm
5aa1374a-b62d-4c49-b7d8-f84333793782,355,https://schedule.vcccd.edu/,2026-04-13T19:51:05.288828+00:00,"OPEN 72385 4.0 M W 09:00am - 09:50am Oxnard Letters & Science 3 26 1 25 Parhami Seren, Behnaz 08/10-12/10 18"
da209d50-48c8-41a0-97d9-5a3aeee55c44,356,https://schedule.vcccd.edu/,2026-04-13T19:51:05.288828+00:00,M W 09:00am - 09:50am
f68bbda1-8af2-40a1-b07c-dbfd260d5358,357,https://schedule.vcccd.edu/,2026-04-13T19:51:05.288828+00:00,& M W 10:00am - 12:50pm Oxnard Letters & Science 3 08/10-12/10
b0e9dff7-dc9b-4b99-8fa8-7b845dc00382,358,https://schedule.vcccd.edu/,2026-04-13T19:51:05.288828+00:00,M W 10:00am - 12:50pm
f0c557f9-fcdd-4633-9bc0-a1f0166abc44,359,https://schedule.vcccd.edu/,2026-04-13T19:51:05.288828+00:00,"OPEN 71682 4.0 F 09:00am - 12:50pm Oxnard Letters & Science 3 24 0 24 Lwin, Ngu 08/10-12/10 18"
759e367a-712a-4364-b92d-9df6bc81c067,360,https://schedule.vcccd.edu/,2026-04-13T19:51:05.288828+00:00,F 09:00am - 12:50pm
0550c1e9-8b1b-42df-b633-64a496b9c162,361,https://schedule.vcccd.edu/,2026-04-13T19:51:05.288828+00:00,& W 05:30pm - 09:20pm Oxnard Letters & Science 08/10-12/10
f5296b62-a06a-4e3c-8fe2-d4da7e5abf7c,362,https://schedule.vcccd.edu/,2026-04-13T19:51:05.288828+00:00,W 05:30pm - 09:20pm
a530ca8a-079f-45cd-84da-529980829b4c,363,https://schedule.vcccd.edu/,2026-04-13T19:51:05.288828+00:00,"OPEN 72582 4.0 M 01:00pm - 04:50pm Oxnard Letters & Science 3 26 4 22 Ulrich, Rachel 08/10-12/10 18"
353b2391-3403-4624-b565-43767dc5bf14,364,https://schedule.vcccd.edu/,2026-04-13T19:51:05.288828+00:00,M 01:00pm - 04:50pm
1e73459b-4e3f-42e1-a89a-5d5bf151c185,365,https://schedule.vcccd.edu/,2026-04-13T19:51:05.288828+00:00,& Distance Education Class: Click CRN for requirements. Oxnard Online (Canvas) 08/10-12/10
ff2511eb-6609-4e42-9bef-dd1ca8f16b89,366,https://schedule.vcccd.edu/,2026-04-13T19:51:05.288828+00:00,OPEN 73610 4.0 M W 10:00am - 11:15am Ventura MultidisciplinaryCtrW 103 22 0 22 Staff 08/10-12/10 18
4fa98013-77a7-4c3f-b71c-9e5a30567002,367,https://schedule.vcccd.edu/,2026-04-13T19:51:05.288828+00:00,M W 10:00am - 11:15am
bfcc8cdb-f73b-4f76-9a0f-c7a2c59ce264,368,https://schedule.vcccd.edu/,2026-04-13T19:51:05.288828+00:00,& M 11:30am - 02:20pm TBA 08/10-12/10
bf90cf14-467c-4948-bb8b-a81427f6d2ed,369,https://schedule.vcccd.edu/,2026-04-13T19:51:05.288828+00:00,M 11:30am - 02:20pm
6ba9b980-0785-4781-8e8a-821933a33f11,370,https://schedule.vcccd.edu/,2026-04-13T19:51:05.288828+00:00,OPEN 73611 4.0 M W 10:00am - 11:15am Ventura MultidisciplinaryCtrW 103 22 0 22 Staff 08/10-12/10 18
e5c1366e-b6a2-40fa-953e-96f9d8ee4344,371,https://schedule.vcccd.edu/,2026-04-13T19:51:05.288828+00:00,M W 10:00am - 11:15am
18327422-8d94-4f34-8d97-a5924c483166,372,https://schedule.vcccd.edu/,2026-04-13T19:51:05.288828+00:00,& W 11:30am - 02:20pm TBA 08/10-12/10
aac5dfd5-1dfc-4856-9489-742ff7229a66,373,https://schedule.vcccd.edu/,2026-04-13T19:51:05.288828+00:00,W 11:30am - 02:20pm
3daca9d6-41dd-4f90-98bf-7eb8847e76a6,374,https://schedule.vcccd.edu/,2026-04-13T19:51:05.288828+00:00,"OPEN 70652 4.0 T R 01:00pm - 02:15pm Ventura MultidisciplinaryCtrW 103 22 0 22 Farmer, Sean 08/10-12/10 18"
ba89d160-6df4-4c81-9b88-2f6bfe572702,375,https://schedule.vcccd.edu/,2026-04-13T19:51:05.288828+00:00,T R 01:00pm - 02:15pm
2415f733-662a-45a2-a7e1-aaaba45ccf9e,376,https://schedule.vcccd.edu/,2026-04-13T19:51:05.288828+00:00,& T 02:30pm - 05:20pm TBA 08/10-12/10
cbcf39cf-38ba-46e2-8d03-2b305c15bcbf,377,https://schedule.vcccd.edu/,2026-04-13T19:51:05.288828+00:00,T 02:30pm - 05:20pm
f912dd57-2cd2-4c09-a192-77c512f81b92,378,https://schedule.vcccd.edu/,2026-04-13T19:51:05.288828+00:00,"OPEN 71232 4.0 T R 01:00pm - 02:15pm Ventura MultidisciplinaryCtrW 103 22 0 22 Farmer, Sean 08/10-12/10 18"
97f5e118-6af2-4782-9dc0-149df4148b67,379,https://schedule.vcccd.edu/,2026-04-13T19:51:05.288828+00:00,T R 01:00pm - 02:15pm
9673c47d-8658-4e43-9d9b-889eeacff321,380,https://schedule.vcccd.edu/,2026-04-13T19:51:05.288828+00:00,& R 02:30pm - 05:20pm TBA 08/10-12/10
1c09e85e-6fdc-41cd-924f-fde93fa9540a,381,https://schedule.vcccd.edu/,2026-04-13T19:51:05.288828+00:00,R 02:30pm - 05:20pm
0582ec57-dadd-4651-b7dc-c99ca82f323a,382,https://schedule.vcccd.edu/,2026-04-13T19:51:05.288828+00:00,"OPEN 71396 4.0 W 11:30am - 12:45pm East Campus, Santa Paula 5 22 0 22 Gardner, Ty 08/10-12/10 18"
7b0089a0-45df-4e96-9f72-1eb9aba55153,383,https://schedule.vcccd.edu/,2026-04-13T19:51:05.288828+00:00,W 11:30am - 12:45pm
28530a70-ce0d-4c87-aac8-547a1bdb3b99,384,https://schedule.vcccd.edu/,2026-04-13T19:51:05.288828+00:00,"& W 01:00pm - 03:50pm East Campus, Santa Paula 117 08/10-12/10"
5473cc82-5096-4c41-a21e-65f6c2740b67,385,https://schedule.vcccd.edu/,2026-04-13T19:51:05.288828+00:00,W 01:00pm - 03:50pm
6ba8ebd1-e27b-464f-8730-79119c78bdae,386,https://schedule.vcccd.edu/,2026-04-13T19:51:05.288828+00:00,& Distance Education Class: Click CRN for requirements. Ventura Online (Canvas) 08/10-12/10
4a98d3a4-4039-4452-8e88-e5e0841172b7,387,https://schedule.vcccd.edu/,2026-04-13T19:51:05.288828+00:00,"OPEN 70003 4.0 M 08:30am - 11:20am TBA 22 1 21 Flores, Manny 08/10-12/10 18"
268a5905-a7f0-41af-923b-1bf5cc1dc38f,388,https://schedule.vcccd.edu/,2026-04-13T19:51:05.288828+00:00,M 08:30am - 11:20am
5e1a26ca-89d4-43f4-91cf-c24ef56a3e80,389,https://schedule.vcccd.edu/,2026-04-13T19:51:05.288828+00:00,& M W 11:30am - 12:45pm Ventura MultidisciplinaryCtrW 103 08/10-12/10
44dbc5b0-3d55-4abd-bfe5-90133cb135e9,390,https://schedule.vcccd.edu/,2026-04-13T19:51:05.288828+00:00,M W 11:30am - 12:45pm
3debbc38-b8d0-4fbb-8b02-5ea8d9f428c4,391,https://schedule.vcccd.edu/,2026-04-13T19:51:05.288828+00:00,"OPEN 71324 4.0 M 08:30am - 11:20am East Campus, Santa Paula 117 22 1 21 Madsen, Angela 08/10-12/10 18"
31248780-6ef5-4718-a63d-54b93841cc61,392,https://schedule.vcccd.edu/,2026-04-13T19:51:05.288828+00:00,M 08:30am - 11:20am
d007b98e-aa74-4551-bba9-386a0cdbf067,393,https://schedule.vcccd.edu/,2026-04-13T19:51:05.288828+00:00,"& M 11:30am - 12:45pm East Campus, Santa Paula 5 08/10-12/10"
25e15f95-fe8a-4934-834a-4f689798e1b6,394,https://schedule.vcccd.edu/,2026-04-13T19:51:05.288828+00:00,M 11:30am - 12:45pm
1c3ca6c0-2683-4fa3-8524-675262d88b3b,395,https://schedule.vcccd.edu/,2026-04-13T19:51:05.288828+00:00,& Distance Education Class: Click CRN for requirements. Ventura Online (Canvas) 08/10-12/10
d67b4f9f-8822-4d7b-91f0-23fa42b8dde3,396,https://schedule.vcccd.edu/,2026-04-13T19:51:05.288828+00:00,"OPEN 71145 4.0 W 08:30am - 11:20am East Campus, Santa Paula 117 22 1 21 Gardner, Ty 08/10-12/10 18"
ab759b62-394a-4a11-8fe1-e4b88cf57e3b,397,https://schedule.vcccd.edu/,2026-04-13T19:51:05.288828+00:00,W 08:30am - 11:20am
d67bfb4b-7adb-4d67-af83-c400744912f3,398,https://schedule.vcccd.edu/,2026-04-13T19:51:05.288828+00:00,"& W 11:30am - 12:45pm East Campus, Santa Paula 5 08/10-12/10"
8523dd77-7d77-4361-845c-fbf7fa24794d,399,https://schedule.vcccd.edu/,2026-04-13T19:51:05.288828+00:00,W 11:30am - 12:45pm
94d3d793-4ed9-4368-9728-22d068ab796a,400,https://schedule.vcccd.edu/,2026-04-13T19:51:05.288828+00:00,& Distance Education Class: Click CRN for requirements. Ventura Online (Canvas) 08/10-12/10
62369b97-6808-4723-98b9-ca328c0d301d,401,https://schedule.vcccd.edu/,2026-04-13T19:51:05.288828+00:00,"OPEN 70113 4.0 W 08:30am - 11:20am TBA 22 2 20 Flores, Manny 08/10-12/10 18"
48f35f5a-d911-4295-be0e-854480a9843e,402,https://schedule.vcccd.edu/,2026-04-13T19:51:05.288828+00:00,W 08:30am - 11:20am
0d61db57-bc1c-4a18-be56-bcae74e6e5c8,403,https://schedule.vcccd.edu/,2026-04-13T19:51:05.288828+00:00,& M W 11:30am - 12:45pm Ventura MultidisciplinaryCtrW 103 08/10-12/10
f227a6ad-30af-4084-b0af-c55db205f0e4,404,https://schedule.vcccd.edu/,2026-04-13T19:51:05.288828+00:00,M W 11:30am - 12:45pm
842c2514-f3b9-47f8-a456-3b8e8403f3f7,405,https://schedule.vcccd.edu/,2026-04-13T19:51:05.288828+00:00,"OPEN 70463 4.0 M 11:30am - 12:45pm East Campus, Santa Paula 5 22 2 20 Madsen, Angela 08/10-12/10 18"
ff355866-ba95-41e8-ac92-e88d08b8f6a3,406,https://schedule.vcccd.edu/,2026-04-13T19:51:05.288828+00:00,M 11:30am - 12:45pm
614fd859-2e5d-418c-a08d-29ea8d908095,407,https://schedule.vcccd.edu/,2026-04-13T19:51:05.288828+00:00,"& M 01:00pm - 03:50pm East Campus, Santa Paula 117 08/10-12/10"
53965cb8-ba7a-481b-81e8-e4556a66e83b,408,https://schedule.vcccd.edu/,2026-04-13T19:51:05.288828+00:00,M 01:00pm - 03:50pm
b0606184-a8d0-455a-aab2-0916c9b851a8,409,https://schedule.vcccd.edu/,2026-04-13T19:51:05.288828+00:00,& Distance Education Class: Click CRN for requirements. Ventura Online (Canvas) 08/10-12/10
1c52d3ab-d3b7-4d3e-b26c-19d5b8910c8d,410,https://schedule.vcccd.edu/,2026-04-13T19:51:05.288828+00:00,"OPEN 70079 Pre/Coreq 1.0 F 01:00pm - 01:50pm EATM 101 60 0 60 Stansbury, Amanda 08/10-12/10 18"
fb0a7ae3-046c-4eca-a60d-0f1e39dda666,411,https://schedule.vcccd.edu/,2026-04-13T19:51:05.288828+00:00,F 01:00pm - 01:50pm
1571c953-d3eb-44ec-ae1b-511a5261c6aa,412,https://schedule.vcccd.edu/,2026-04-13T19:51:05.288828+00:00,& Requires co-enrollment in ANCT M01AL
81ab6aa5-7d56-4bcf-b708-bbc01c5c3543,413,https://schedule.vcccd.edu/,2026-04-13T19:51:05.288828+00:00,"OPEN 70507 Pre/Coreq 4.0 M 08:00am - 09:50am Moorpark ZOO 30 0 30 Stansbury, Amanda 08/10-12/10 18"
14780982-38e9-4841-8d7d-a7d120e338cd,414,https://schedule.vcccd.edu/,2026-04-13T19:51:05.288828+00:00,M 08:00am - 09:50am
98ada03b-7a33-4ff8-ba00-33bd024d6bbc,415,https://schedule.vcccd.edu/,2026-04-13T19:51:05.288828+00:00,& T 08:00am - 09:50am Moorpark ZOO 08/10-12/10
f23ca0d4-c4c5-45e8-8a4f-5ef4358ddb8b,416,https://schedule.vcccd.edu/,2026-04-13T19:51:05.288828+00:00,T 08:00am - 09:50am
fef60317-3f0b-4ad0-97a6-9b36d53b8376,417,https://schedule.vcccd.edu/,2026-04-13T19:51:05.288828+00:00,& W 08:00am - 09:50am Moorpark ZOO 08/10-12/10
112c2643-5903-4027-b270-00433f804750,418,https://schedule.vcccd.edu/,2026-04-13T19:51:05.288828+00:00,W 08:00am - 09:50am
62b969df-74c9-4363-b194-5abe80da6b7e,419,https://schedule.vcccd.edu/,2026-04-13T19:51:05.288828+00:00,& U 08:00am - 10:50am Moorpark ZOO 08/10-12/10
0b6f1548-8620-439b-9b3b-62a6a37faa82,420,https://schedule.vcccd.edu/,2026-04-13T19:51:05.288828+00:00,U 08:00am - 10:50am
8535c9b8-daa6-4690-8cbf-b22b04cc04d4,421,https://schedule.vcccd.edu/,2026-04-13T19:51:05.288828+00:00,& M 04:00pm - 04:50pm Moorpark ZOO 08/10-12/10
f6b877de-7fd1-41e8-8184-37e210896452,422,https://schedule.vcccd.edu/,2026-04-13T19:51:05.288828+00:00,M 04:00pm - 04:50pm
b855fb41-4c98-4234-83a4-b767a071404a,423,https://schedule.vcccd.edu/,2026-04-13T19:51:05.288828+00:00,& T 04:00pm - 04:50pm Moorpark ZOO 08/10-12/10
874537cd-3004-4271-a4d2-56d777cab747,424,https://schedule.vcccd.edu/,2026-04-13T19:51:05.288828+00:00,T 04:00pm - 04:50pm
7817a70e-4081-4c27-a929-a5ea3826ab8f,425,https://schedule.vcccd.edu/,2026-04-13T19:51:05.288828+00:00,& W 04:00pm - 04:50pm Moorpark ZOO 08/10-12/10
94003029-5485-4359-9f8d-0b3f2cfa4a84,426,https://schedule.vcccd.edu/,2026-04-13T19:51:05.288828+00:00,W 04:00pm - 04:50pm
ab91ade4-d37c-44c0-90a1-6abddddda7fa,427,https://schedule.vcccd.edu/,2026-04-13T19:51:05.288828+00:00,& Requires co-enrollment in ANCT M01A
b8728d68-177a-43c6-9b07-03145d390f5a,428,https://schedule.vcccd.edu/,2026-04-13T19:51:05.288828+00:00,"OPEN 70526 Pre/Coreq 4.0 W 08:00am - 09:50am Moorpark ZOO 30 0 30 O'Brien, Shelly 08/10-12/10 18"
a541a465-f4b2-4c19-b854-a64fa3620e02,429,https://schedule.vcccd.edu/,2026-04-13T19:51:05.288828+00:00,W 08:00am - 09:50am
58a446db-f9fc-4d4b-8297-218dc5ea6e28,430,https://schedule.vcccd.edu/,2026-04-13T19:51:05.288828+00:00,& R 08:00am - 09:50am Moorpark ZOO 08/10-12/10
127594a4-e940-4187-8929-02cc040ff746,431,https://schedule.vcccd.edu/,2026-04-13T19:51:05.288828+00:00,R 08:00am - 09:50am
ae8702ba-e709-438d-8722-abb142edac6e,432,https://schedule.vcccd.edu/,2026-04-13T19:51:05.288828+00:00,& F 08:00am - 09:50am Moorpark ZOO 08/10-12/10
39d86ee2-a2fd-4b58-876b-f1293926c0e1,433,https://schedule.vcccd.edu/,2026-04-13T19:51:05.288828+00:00,F 08:00am - 09:50am
6cf383c3-cd77-4676-a0a7-18836f4a157c,434,https://schedule.vcccd.edu/,2026-04-13T19:51:05.288828+00:00,& S 08:00am - 10:50am Moorpark ZOO 08/10-12/10
4e05a843-98ba-4c68-b8fd-3444ff73f568,435,https://schedule.vcccd.edu/,2026-04-13T19:51:05.288828+00:00,S 08:00am - 10:50am
1c27fba5-b23b-4292-8654-7679d85324b6,436,https://schedule.vcccd.edu/,2026-04-13T19:51:05.288828+00:00,& W 04:00pm - 04:50pm Moorpark ZOO 08/10-12/10
80a084da-1e7e-4023-84c1-30bb5aed8042,437,https://schedule.vcccd.edu/,2026-04-13T19:51:05.288828+00:00,W 04:00pm - 04:50pm
39d7d11b-622c-456d-b7ef-5df7014f9465,438,https://schedule.vcccd.edu/,2026-04-13T19:51:05.288828+00:00,& R 04:00pm - 04:50pm Moorpark ZOO 08/10-12/10
113a9e37-ef7b-4780-a70e-0ef48adee7c3,439,https://schedule.vcccd.edu/,2026-04-13T19:51:05.288828+00:00,R 04:00pm - 04:50pm
d41bb4c3-fe55-4af6-9d40-a80d96a3ce77,440,https://schedule.vcccd.edu/,2026-04-13T19:51:05.288828+00:00,& F 04:00pm - 04:50pm Moorpark ZOO 08/10-12/10
424e7a84-3da2-45e1-af39-152c4f3a6e7c,441,https://schedule.vcccd.edu/,2026-04-13T19:51:05.288828+00:00,F 04:00pm - 04:50pm
fa0303a7-c2bc-4ede-a654-fd84c0c539c3,442,https://schedule.vcccd.edu/,2026-04-13T19:51:05.288828+00:00,& Requires co-enrollment in ANCT M01A
968c228d-4301-4c91-baaa-61184efe9b3d,443,https://schedule.vcccd.edu/,2026-04-13T19:51:05.288828+00:00,"OPEN 70664 1.0 3.00 HRS/WK TO BE ARRANGED Moorpark ZOO 27 0 27 O'Brien, Shelly 08/10-12/10 18"
04dd0047-2194-4f2e-b794-e7a9b3f2bd5e,444,https://schedule.vcccd.edu/,2026-04-13T19:51:05.288828+00:00,"OPEN 70707 1.0 3.00 HRS/WK TO BE ARRANGED Moorpark ZOO 27 0 27 O'Brien, Shelly 08/10-12/10 18"
2672a0d4-2493-4dbe-964a-c5c882a9ecfd,445,https://schedule.vcccd.edu/,2026-04-13T19:51:05.288828+00:00,"OPEN 73537 1.0 3.00 HRS/WK TO BE ARRANGED Moorpark ZOO 27 0 27 O'Brien, Shelly 08/10-12/10 18"
efe472dd-83c2-4750-b4d8-66faf3cc6e04,446,https://schedule.vcccd.edu/,2026-04-13T19:51:05.288828+00:00,"OPEN 70774 Pre/Coreq 3.0 9.00 HRS/WK TO BE ARRANGED Moorpark ZOO 19 0 19 Mui, Gary 08/05-12/10 19"
7e5f73bb-befa-42ae-b5d1-a14e79ffaec1,447,https://schedule.vcccd.edu/,2026-04-13T19:51:05.288828+00:00,"OPEN 70874 Pre/Coreq 3.0 9.00 HRS/WK TO BE ARRANGED Moorpark ZOO 19 0 19 Stansbury, Amanda 08/05-12/10 19"
734b2fe1-e752-4656-84a8-72ed8ece6fc1,448,https://schedule.vcccd.edu/,2026-04-13T19:51:05.288828+00:00,"OPEN 73423 Pre/Coreq 1.5 4.50 HRS/WK TO BE ARRANGED Moorpark ZOO 2 0 2 O'Brien, Shelly 08/10-12/10 18"
a3ba4e8b-823c-40b9-861e-231dcba21df1,449,https://schedule.vcccd.edu/,2026-04-13T19:51:05.288828+00:00,OPEN 70940 2.0 F 02:00pm - 03:50pm EATM 208 65 1 64 Staff 08/10-12/10 18
0a956f54-d413-4beb-843a-d1b28704fb37,450,https://schedule.vcccd.edu/,2026-04-13T19:51:05.288828+00:00,F 02:00pm - 03:50pm
9e1289b3-487e-4f53-b2fa-8fd07bee1791,451,https://schedule.vcccd.edu/,2026-04-13T19:51:05.288828+00:00,"OPEN 71282 Pre/Coreq 0.5 W 02:30pm - 03:45pm EATM 103 33 0 30 Mui, Gary 08/10-12/10 18"
e489ee54-be25-4574-a12e-8ecb7734b52c,452,https://schedule.vcccd.edu/,2026-04-13T19:51:05.288828+00:00,W 02:30pm - 03:45pm
0ad1f723-929f-4c41-99b0-e7c3b74f49b3,453,https://schedule.vcccd.edu/,2026-04-13T19:51:05.288828+00:00,"OPEN 71235 Pre/Coreq 0.5 M 02:30pm - 03:45pm EATM 103 33 1 24 Mui, Gary 08/10-12/10 18"
d613aeb2-b013-4abb-bf47-21c7e8926adf,454,https://schedule.vcccd.edu/,2026-04-13T19:51:05.288828+00:00,M 02:30pm - 03:45pm
5dd0f65c-0f20-4cd6-b5e2-0ccf925c0c50,455,https://schedule.vcccd.edu/,2026-04-13T19:51:05.288828+00:00,"OPEN 71066 3.0 M W 01:00pm - 02:15pm EATM 208 65 1 54 Mui, Gary 08/10-12/10 18"
833ca61a-1afc-4de0-b887-5fca308ba7c0,456,https://schedule.vcccd.edu/,2026-04-13T19:51:05.288828+00:00,M W 01:00pm - 02:15pm
a78000ee-a271-41d4-9955-9ff6640fe8cc,457,https://schedule.vcccd.edu/,2026-04-13T19:51:05.288828+00:00,"OPEN 71498 2.0 T R 12:00pm - 12:50pm EATM 101 60 0 60 Charette, Benoit 08/10-12/10 18"
7e1da644-8405-499b-a473-5f2b29e687d7,458,https://schedule.vcccd.edu/,2026-04-13T19:51:05.288828+00:00,T R 12:00pm - 12:50pm
171abb8a-e947-4853-bd1d-83f42825c1b7,459,https://schedule.vcccd.edu/,2026-04-13T19:51:05.288828+00:00,"OPEN 71570 Pre/Coreq 0.5 1.50 HRS/WK TO BE ARRANGED Moorpark ZOO 58 0 58 Belanger, Dorothy 08/10-12/10 18"
74c5324a-4848-4bac-8216-d424b6d88b6f,460,https://schedule.vcccd.edu/,2026-04-13T19:51:05.288828+00:00,OPEN 71610 Pre/Coreq 0.5 W 12:00pm - 12:50pm EATM 101 60 0 60 Staff 08/12-09/30 8
b8a174bb-9eae-48c9-b442-a0d234a2ca89,461,https://schedule.vcccd.edu/,2026-04-13T19:51:05.288828+00:00,W 12:00pm - 12:50pm
bc619e35-a305-4b0c-9c9a-bfa6b7c7baed,462,https://schedule.vcccd.edu/,2026-04-13T19:51:05.288828+00:00,& Requires co-enrollment in ANCT M15AL
8ddf21f4-b955-4e13-9712-2a1162c492ce,463,https://schedule.vcccd.edu/,2026-04-13T19:51:05.288828+00:00,"OPEN 71742 Pre/Coreq 1.0 M T 10:00am - 11:15am EATM 208 27 0 27 O'Brien, Shelly 08/10-12/10 18"
19aa5f7d-cd76-4db9-af9e-07a4d9b9d042,464,https://schedule.vcccd.edu/,2026-04-13T19:51:05.288828+00:00,M T 10:00am - 11:15am
82a01016-6ca8-4cad-b8cd-a2cbddaac66b,465,https://schedule.vcccd.edu/,2026-04-13T19:51:05.288828+00:00,& Requires co-enrollment in ANCT M15A
fbd34b4c-ee68-4ccd-9982-ef749f020f6b,466,https://schedule.vcccd.edu/,2026-04-13T19:51:05.288828+00:00,"OPEN 71754 Pre/Coreq 1.0 W R 10:00am - 11:15am EATM 208 27 0 27 O'Brien, Shelly 08/10-12/10 18"
157bd838-1218-4305-b200-5b3e20f98c78,467,https://schedule.vcccd.edu/,2026-04-13T19:51:05.288828+00:00,W R 10:00am - 11:15am
ba8909ae-3a20-4011-b4a0-31bf1ab25b9b,468,https://schedule.vcccd.edu/,2026-04-13T19:51:05.288828+00:00,& Requires co-enrollment in ANCT M15A
fc02e98e-230a-47ea-9b63-42fbb7cca70d,469,https://schedule.vcccd.edu/,2026-04-13T19:51:05.288828+00:00,OPEN 71830 Pre/Coreq 0.5 F 01:00pm - 01:50pm EATM 102 52 0 52 Staff 08/14-10/02 8
f9d12c21-8e27-45c5-b14a-42fa32b85648,470,https://schedule.vcccd.edu/,2026-04-13T19:51:05.288828+00:00,F 01:00pm - 01:50pm
62645e4d-369f-48b5-9dc7-5c344f6981b4,471,https://schedule.vcccd.edu/,2026-04-13T19:51:05.288828+00:00,OPEN 71959 Pre/Coreq 1.0 F 10:00am - 12:50pm EATM 102 58 0 58 Staff 08/10-12/10 18
098de2ff-0dd7-4a30-bf14-6bd1b15b66f7,472,https://schedule.vcccd.edu/,2026-04-13T19:51:05.288828+00:00,F 10:00am - 12:50pm
01b0e00f-3e7f-4e36-888a-f8f9e4dd31f9,473,https://schedule.vcccd.edu/,2026-04-13T19:51:05.288828+00:00,"OPEN 70467 3.5 T R 01:00pm - 02:15pm EATM 208 25 0 25 Mui, Gary 08/10-12/10 18"
5cba2f41-7af1-46c0-969a-7ab392d9da33,474,https://schedule.vcccd.edu/,2026-04-13T19:51:05.288828+00:00,T R 01:00pm - 02:15pm
ee349978-3e3a-4104-ae1d-ed91a52f4f73,475,https://schedule.vcccd.edu/,2026-04-13T19:51:05.288828+00:00,& R 02:30pm - 03:45pm EATM 208 08/10-12/10
cacd9914-2008-40bc-aabd-827838391303,476,https://schedule.vcccd.edu/,2026-04-13T19:51:05.288828+00:00,R 02:30pm - 03:45pm
fa29640b-b99c-4435-8920-84c8fd387609,477,https://schedule.vcccd.edu/,2026-04-13T19:51:05.288828+00:00,"OPEN 72599 2.0 F 10:00am - 11:50am EATM 101 60 0 60 Stansbury, Amanda 08/10-12/10 18"
d80a4070-c382-410a-bc56-f44ddd9bbdfa,478,https://schedule.vcccd.edu/,2026-04-13T19:51:05.288828+00:00,F 10:00am - 11:50am
d672a75a-265b-44b7-b1b7-df0021eef940,479,https://schedule.vcccd.edu/,2026-04-13T19:51:05.288828+00:00,"OPEN 71998 Pre/Coreq 1.0 M 01:00pm - 01:50pm EATM 102 50 0 50 Stansbury, Amanda 08/10-12/10 18"
7f20f3b3-2782-4d2c-a4ae-ceebe8a78fd8,480,https://schedule.vcccd.edu/,2026-04-13T19:51:05.288828+00:00,M 01:00pm - 01:50pm
f0f246ef-cdd7-4767-a55b-9a77d3e64a7a,481,https://schedule.vcccd.edu/,2026-04-13T19:51:05.288828+00:00,"OPEN 72003 Pre/Coreq 2.0 W R 10:00am - 12:50pm Moorpark ZOO 19 0 19 Stansbury, Amanda 08/10-12/10 18"
ae70a6e8-776b-4046-9a28-c3ce76e0b11e,482,https://schedule.vcccd.edu/,2026-04-13T19:51:05.288828+00:00,W R 10:00am - 12:50pm
1fc8cfd1-b2f5-4446-8d22-747e19913f1a,483,https://schedule.vcccd.edu/,2026-04-13T19:51:05.288828+00:00,"OPEN 72011 Pre/Coreq 2.0 M T 09:00am - 11:50am Moorpark ZOO 19 0 19 Stansbury, Amanda 08/10-12/10 18"
c443a164-77f5-4f66-8c46-23b81f24366c,484,https://schedule.vcccd.edu/,2026-04-13T19:51:05.288828+00:00,M T 09:00am - 11:50am
050fb20f-9505-41f9-a518-93951abe9750,485,https://schedule.vcccd.edu/,2026-04-13T19:51:05.288828+00:00,"OPEN 72031 Pre/Coreq 2.0 T R 01:00pm - 01:50pm EATM 102 50 0 50 Charette, Benoit 08/10-12/10 18"
8ec4adac-2a96-4cdb-95d7-d92545e52cb6,486,https://schedule.vcccd.edu/,2026-04-13T19:51:05.288828+00:00,T R 01:00pm - 01:50pm
b57712e0-688b-4cc9-8250-6ece0d53a596,487,https://schedule.vcccd.edu/,2026-04-13T19:51:05.288828+00:00,& Requires co-enrollment in ANCT M23AL
26f7ad4a-afa5-4f3e-9996-17eaaecc23ff,488,https://schedule.vcccd.edu/,2026-04-13T19:51:05.288828+00:00,"OPEN 72174 Pre/Coreq 1.0 R 02:00pm - 04:50pm EATM 103 19 0 19 Charette, Benoit 08/10-12/10 18"
4c4dfb90-09d0-42d2-bcdb-bff4bcf69ae8,489,https://schedule.vcccd.edu/,2026-04-13T19:51:05.288828+00:00,R 02:00pm - 04:50pm
7ec24f39-ac3f-4fd4-9660-a6c6d562d39f,490,https://schedule.vcccd.edu/,2026-04-13T19:51:05.288828+00:00,& Requires co-enrollment in ANCT M23A
52b028ea-d22e-486e-be63-bc40c7e4b894,491,https://schedule.vcccd.edu/,2026-04-13T19:51:05.288828+00:00,"OPEN 72202 Pre/Coreq 1.0 T 02:00pm - 04:50pm EATM 103 19 0 19 Charette, Benoit 08/10-12/10 18"
4e434ee1-0630-4c86-b741-b9c05ce993d6,492,https://schedule.vcccd.edu/,2026-04-13T19:51:05.288828+00:00,T 02:00pm - 04:50pm
88a0dfa3-5e83-47dd-8c0c-f67b87c79659,493,https://schedule.vcccd.edu/,2026-04-13T19:51:05.288828+00:00,& Requires co-enrollment in ANCT M23A
984aee5d-a33a-40e7-a6e2-a7fa0262b56d,494,https://schedule.vcccd.edu/,2026-04-13T19:51:05.288828+00:00,"OPEN 72238 Pre/Coreq 0.5 1.50 HRS/WK TO BE ARRANGED Moorpark ZOO 52 0 52 Belanger, Dorothy 08/10-12/10 18"
454fc56e-c1fb-46c8-a4c6-8cc9d1f5b8b0,495,https://schedule.vcccd.edu/,2026-04-13T19:51:05.288828+00:00,OPEN 72293 Pre/Coreq 0.5 W 01:00pm - 01:50pm EATM 102 50 0 50 Staff 08/12-09/30 8
b9206797-29a4-4fa2-8821-2b9a07ebe513,496,https://schedule.vcccd.edu/,2026-04-13T19:51:05.288828+00:00,W 01:00pm - 01:50pm
0572eea3-3475-4c6a-8208-ce885c858cd5,497,https://schedule.vcccd.edu/,2026-04-13T19:51:05.288828+00:00,OPEN 72478 Pre/Coreq 0.5 W 01:00pm - 01:50pm EATM 102 50 0 50 Staff 10/07-12/02 9
eb93a698-1261-4146-87d7-f2f149e8b08c,498,https://schedule.vcccd.edu/,2026-04-13T19:51:05.288828+00:00,W 01:00pm - 01:50pm
b049e4ae-1209-45cd-b5d6-8139b2f7ecb8,499,https://schedule.vcccd.edu/,2026-04-13T19:51:05.288828+00:00,"OPEN 72529 6.0 M W 09:00am - 10:50am Life Science/Math/Comp Studies 218 24 3 21 Tabbakhian, Melia 08/10-12/10 18"
afbfc568-3957-4330-afa3-89db94eb4e99,500,https://schedule.vcccd.edu/,2026-04-13T19:51:05.288828+00:00,M W 09:00am - 10:50am
6dcf75ea-d83f-4b8f-8dea-565a70854a6e,501,https://schedule.vcccd.edu/,2026-04-13T19:51:05.288828+00:00,& M W 11:00am - 01:50pm Health Science Center 201 08/10-12/10
940f03b4-b4e1-485e-867a-79035008c895,502,https://schedule.vcccd.edu/,2026-04-13T19:51:05.288828+00:00,M W 11:00am - 01:50pm
c3f09598-ed07-4ab5-b170-6a33f43c0857,503,https://schedule.vcccd.edu/,2026-04-13T19:51:05.288828+00:00,"OPEN 71885 6.0 T R 08:00am - 09:50am Life Science/Math/Comp Studies 218 24 4 20 Miller, Beth 08/10-12/10 18"
de7d2717-3625-4b82-b8cb-845cd71a5ea7,504,https://schedule.vcccd.edu/,2026-04-13T19:51:05.288828+00:00,T R 08:00am - 09:50am
7389a1aa-a521-421c-bd11-4023b3ab17a9,505,https://schedule.vcccd.edu/,2026-04-13T19:51:05.288828+00:00,& T R 10:00am - 12:50pm Health Science Center 201 08/10-12/10
432f35a2-dbb1-42f1-b8d5-bdd1d0387f79,506,https://schedule.vcccd.edu/,2026-04-13T19:51:05.288828+00:00,T R 10:00am - 12:50pm
68b4f50f-76a2-44c4-a6a7-28a9b38610c0,507,https://schedule.vcccd.edu/,2026-04-13T19:51:05.288828+00:00,"OPEN 72847 5.0 T 08:30am - 11:20am East Campus, Santa Paula 117 22 0 22 Flores, Manny 08/10-12/10 18"
52feb974-7bf0-46da-8d13-2f0faec964c9,508,https://schedule.vcccd.edu/,2026-04-13T19:51:05.288828+00:00,T 08:30am - 11:20am
bb56c981-7689-4966-9b53-4297bf4d3ac1,509,https://schedule.vcccd.edu/,2026-04-13T19:51:05.288828+00:00,& R 08:30am - 11:20am Ventura Math/Science Bldg. 318 08/10-12/10
e3e5a6b3-c40a-4148-ae62-baa7d0b5ee7d,510,https://schedule.vcccd.edu/,2026-04-13T19:51:05.288828+00:00,R 08:30am - 11:20am
2c90e535-5297-41ac-99b9-8f97627ac146,511,https://schedule.vcccd.edu/,2026-04-13T19:51:05.288828+00:00,& R 11:30am - 12:45pm Ventura Math/Science Bldg. 116 08/10-12/10
497cf777-2db7-41c0-9dc9-f285c57c5cab,512,https://schedule.vcccd.edu/,2026-04-13T19:51:05.288828+00:00,R 11:30am - 12:45pm
1cda9485-7c4d-4c56-9ebe-93f029a6252f,513,https://schedule.vcccd.edu/,2026-04-13T19:51:05.288828+00:00,"& T 11:30am - 12:45pm East Campus, Santa Paula 5 08/10-12/10"
6a82d76f-fa44-4792-90a8-3ff1316728a0,514,https://schedule.vcccd.edu/,2026-04-13T19:51:05.288828+00:00,T 11:30am - 12:45pm
5ec16935-390c-460d-8656-20eb45f79ceb,515,https://schedule.vcccd.edu/,2026-04-13T19:51:05.288828+00:00,"OPEN 71865 Pre/Coreq 0.5 M 02:30pm - 03:45pm EATM 103 5 0 5 Mui, Gary 08/10-12/10 18"
7cbb1390-c9e7-47d3-a8ec-f00cb78c8813,516,https://schedule.vcccd.edu/,2026-04-13T19:51:05.288828+00:00,M 02:30pm - 03:45pm
02118b18-89ab-464e-a495-f7afc7cd53a2,517,https://schedule.vcccd.edu/,2026-04-13T19:51:05.288828+00:00,"OPEN 72392 Pre/Coreq 0.5 W 02:30pm - 03:45pm EATM 103 5 0 5 Mui, Gary 08/10-12/10 18"
9bd998a2-7f3c-4f44-96dc-438fb4486aa5,518,https://schedule.vcccd.edu/,2026-04-13T19:51:05.288828+00:00,W 02:30pm - 03:45pm
e9aa152c-cd04-40e2-9d4e-0146dc3a7dc6,519,https://schedule.vcccd.edu/,2026-04-13T19:51:05.288828+00:00,"OPEN 70681 3.0 M W 01:00pm - 02:15pm EATM 208 15 0 15 Mui, Gary 08/10-12/10 18"
8c33b5cb-3f86-472e-ac83-9c2ceafc0981,520,https://schedule.vcccd.edu/,2026-04-13T19:51:05.288828+00:00,M W 01:00pm - 02:15pm
9a534b21-6418-47df-8687-959216d914cf,521,https://schedule.vcccd.edu/,2026-04-13T19:51:05.288828+00:00,"OPEN 72967 3.5 T R 01:00pm - 02:15pm EATM 208 35 0 35 Mui, Gary 08/10-12/10 18"
0acbe6d9-6f76-46e7-b00d-0351c8ea396d,522,https://schedule.vcccd.edu/,2026-04-13T19:51:05.288828+00:00,T R 01:00pm - 02:15pm
29e2ccb4-5275-404d-961c-b2050b0da2a9,523,https://schedule.vcccd.edu/,2026-04-13T19:51:05.288828+00:00,& R 02:30pm - 03:45pm EATM 208 08/10-12/10
49fecdfc-74f4-4a92-a928-9d5192e046d9,524,https://schedule.vcccd.edu/,2026-04-13T19:51:05.288828+00:00,R 02:30pm - 03:45pm
c07b5c9c-659c-4d69-b8e9-4cd271ff24ff,525,https://schedule.vcccd.edu/,2026-04-13T19:51:05.288828+00:00,"OPEN 70586 3.0 Distance Education Class: Click CRN for requirements. Oxnard Online (Canvas) 85 0 85 Melidonis, Arion 10/12-12/10 9"
249288bf-5b3f-43e1-bbab-81531869fd32,526,https://schedule.vcccd.edu/,2026-04-13T19:51:05.288828+00:00,"OPEN 70579 Pre/Coreq 1.0 Distance Education Class: Click CRN for requirements. Oxnard Online (Canvas) 35 0 35 Kamaila, Linda 10/12-12/10 9"
49852286-251a-4335-b0a5-fc009ba3e02d,527,https://schedule.vcccd.edu/,2026-04-13T19:51:05.288828+00:00,"OPEN 72390 Pre/Coreq 1.0 Distance Education Class: Click CRN for requirements. Oxnard Online (Canvas) 35 0 35 Kamaila, Linda 10/12-12/10 9"
9ea38a12-94ba-43c3-b26b-1fc52539f0d0,528,https://schedule.vcccd.edu/,2026-04-13T19:51:05.288828+00:00,"OPEN 72523 Pre/Coreq 1.0 Distance Education Class: Click CRN for requirements. Oxnard Online (Canvas) 35 1 34 Golla, Alexandra 08/10-10/09 9"
3ce02af4-6643-4925-b2f3-14eb9f003490,529,https://schedule.vcccd.edu/,2026-04-13T19:51:05.288828+00:00,"OPEN 79556 1.0 T 11:30am - 02:15pm Ventura MultidisciplinaryCtrE 225 22 0 22 Proctor, Jessica 08/17-12/03 16"
cf2668db-52c4-415b-944b-21ef578d7f2f,530,https://schedule.vcccd.edu/,2026-04-13T19:51:05.288828+00:00,T 11:30am - 02:15pm
bd7656b5-88e3-4131-9bcd-8356d2004651,531,https://schedule.vcccd.edu/,2026-04-13T19:51:05.288828+00:00,& Distance Education Class: Click CRN for requirements. Ventura Online (Canvas) 08/17-12/03
a15f5b1c-5912-48a5-8723-aa7d5d385daf,532,https://schedule.vcccd.edu/,2026-04-13T19:51:05.288828+00:00,"OPEN 71549 1.0 Distance Education Class: Click CRN for requirements. Ventura Online (Canvas) 22 0 22 Proctor, Jessica 08/17-12/03 16"
b6128079-5a85-4b64-ba4b-d0a81d9e8983,533,https://schedule.vcccd.edu/,2026-04-13T19:51:05.288828+00:00,"OPEN 73693 1.0 Distance Education Class: Click CRN for requirements. Ventura Online (Canvas) 22 0 22 Lange, Cari 10/05-11/25 8"
f99f9d54-8ca9-49bf-971d-25a8f2fb1ee9,534,https://schedule.vcccd.edu/,2026-04-13T19:51:05.288828+00:00,"OPEN 71303 1.0 M W 11:30am - 12:50pm Ventura MultidisciplinaryCtrE 225 22 1 21 Lange, Cari 08/17-12/03 16"
35bc022f-8039-4728-b67b-8718fcd8672c,535,https://schedule.vcccd.edu/,2026-04-13T19:51:05.288828+00:00,M W 11:30am - 12:50pm
a3675d9e-9c2b-4611-a48f-1c79aa39f642,536,https://schedule.vcccd.edu/,2026-04-13T19:51:05.288828+00:00,"OPEN 73136 1.0 Distance Education Class: Click CRN for requirements. Ventura Online (Canvas) 1 0 1 Lange, Cari 10/05-11/25 8"
10ccac0b-6282-411b-857e-2ad7a2199a1c,537,https://schedule.vcccd.edu/,2026-04-13T19:51:05.288828+00:00,"OPEN 72408 3.0 Distance Education Class: Click CRN for requirements. Oxnard Online (Canvas) 85 0 85 Melidonis, Arion 10/12-12/10 9"
45bde88f-ae18-4bff-95b8-3fe4b23ee256,538,https://schedule.vcccd.edu/,2026-04-13T19:51:05.288828+00:00,"OPEN 72252 3.0 Distance Education Class: Click CRN for requirements. Oxnard Online (Canvas) 35 2 33 Golla, Alexandra 08/10-10/09 9"
0e8d64cb-b8e4-44c7-b0b4-2cef6a7c2d45,539,https://schedule.vcccd.edu/,2026-04-13T19:51:05.288828+00:00,"OPEN 70859 Pre/Coreq 3.0 Distance Education Class: Click CRN for requirements. Ventura Online (Canvas) 40 0 40 Renger, Bob 08/10-12/10 18"
956d642c-dabd-4152-8d1c-36e7fd5d803d,540,https://schedule.vcccd.edu/,2026-04-13T19:51:05.288828+00:00,"OPEN 71269 Pre/Coreq 3.0 Distance Education Class: Click CRN for requirements. Ventura Online (Canvas) 40 0 40 Romaniuk, Tanya 10/05-11/25 8"
812b2e4c-ea67-4c85-ba5d-a51a9a4e5bbb,541,https://schedule.vcccd.edu/,2026-04-13T19:51:05.288828+00:00,"OPEN 70845 Pre/Coreq 3.0 Distance Education Class: Click CRN for requirements. Ventura Online (Canvas) 40 1 39 Renger, Bob 08/10-12/10 18"
928de83b-a103-4738-a26e-1faccdf398a0,542,https://schedule.vcccd.edu/,2026-04-13T19:51:05.288828+00:00,"OPEN 70096 Pre/Coreq 3.0 M W 10:00am - 11:20am Ventura MultidisciplinaryCtrE 223 35 0 35 Lange, Cari 08/17-12/03 16"
706329bf-9731-4bf3-bc2c-d4e16ee923da,543,https://schedule.vcccd.edu/,2026-04-13T19:51:05.288828+00:00,M W 10:00am - 11:20am
c3c7e346-d993-4ac8-9384-a404c4598eab,544,https://schedule.vcccd.edu/,2026-04-13T19:51:05.288828+00:00,"OPEN 71988 Pre/Coreq 3.0 T 10:00am - 11:15am Ventura MultidisciplinaryCtrE 223 35 0 35 Proctor, Jessica 08/17-12/03 16"
b6cc3193-bdda-47fa-8a27-74344c7d3b76,545,https://schedule.vcccd.edu/,2026-04-13T19:51:05.288828+00:00,T 10:00am - 11:15am
a08e8010-44a2-404b-be16-f11dd2da4988,546,https://schedule.vcccd.edu/,2026-04-13T19:51:05.288828+00:00,& Distance Education Class: Click CRN for requirements. Ventura Online (Canvas) 08/17-12/03
d14429ef-30b4-4be1-9b2a-c185de79250d,547,https://schedule.vcccd.edu/,2026-04-13T19:51:05.288828+00:00,"OPEN 73200 Pre/Coreq 3.0 Distance Education Class: Click CRN for requirements. Ventura Online (Canvas) 17 0 17 Renger, Bob 10/05-11/25 8"
8a77f360-1cd4-43b8-8fcd-708ee2965d84,548,https://schedule.vcccd.edu/,2026-04-13T19:51:05.288828+00:00,"OPEN 70658 Pre/Coreq 1.0 W 06:00pm - 08:50pm Life Science/Math/Comp Studies 228 24 0 24 Coltman, Lee 08/10-12/10 18"
52868685-54b9-4196-8e1e-cd9c5b280cf3,549,https://schedule.vcccd.edu/,2026-04-13T19:51:05.288828+00:00,W 06:00pm - 08:50pm
17832712-f8e2-4cd6-9028-1b120925922b,550,https://schedule.vcccd.edu/,2026-04-13T19:51:05.288828+00:00,"OPEN 70089 Pre/Coreq 1.0 M 10:00am - 12:50pm Life Science/Math/Comp Studies 228 24 0 24 Vilos, Jamie 08/10-12/10 18"
672ecf25-ad2a-4b68-b87c-499cab25e44c,551,https://schedule.vcccd.edu/,2026-04-13T19:51:05.288828+00:00,M 10:00am - 12:50pm
67371bb4-7668-44d6-9598-d79c13ecb1ca,552,https://schedule.vcccd.edu/,2026-04-13T19:51:05.288828+00:00,"OPEN 70071 Pre/Coreq 1.0 Distance Education Class: Click CRN for requirements. Moorpark Online (Canvas) 24 0 24 Vlaszof, Nora 08/10-12/10 18"
d4185bde-5e54-4679-a0bd-993768a2cce9,553,https://schedule.vcccd.edu/,2026-04-13T19:51:05.288828+00:00,"OPEN 73397 Pre/Coreq 1.0 Distance Education Class: Click CRN for requirements. Moorpark Online (Canvas) 24 1 23 Vlaszof, Nora 08/10-12/10 18"
b467c2bf-fb83-49af-ac07-035efceea4ce,554,https://schedule.vcccd.edu/,2026-04-13T19:51:05.288828+00:00,"OPEN 79767 Pre/Coreq 1.0 W 10:00am - 12:50pm Life Science/Math/Comp Studies 228 24 1 23 Vlaszof, Nora 08/10-12/10 18"
7d08a59e-018c-4858-aeeb-e0026d24194f,555,https://schedule.vcccd.edu/,2026-04-13T19:51:05.288828+00:00,W 10:00am - 12:50pm
71e9e2c6-911e-448d-9289-9122fa471cf5,556,https://schedule.vcccd.edu/,2026-04-13T19:51:05.288828+00:00,"OPEN 72622 Pre/Coreq 1.0 T 10:00am - 12:50pm Life Science/Math/Comp Studies 228 24 2 22 Messinger, Rachel 08/10-12/10 18"
ecfac174-4e60-45be-a8d4-0e77e5b44170,557,https://schedule.vcccd.edu/,2026-04-13T19:51:05.288828+00:00,T 10:00am - 12:50pm
9201fc10-d3c3-431b-b844-406c296b81d7,558,https://schedule.vcccd.edu/,2026-04-13T19:51:05.288828+00:00,"OPEN 71168 Pre/Coreq 1.0 Distance Education Class: Click CRN for requirements. Moorpark Online (Canvas) 24 2 22 Vilos, Jamie 10/12-12/03 8"
91d24522-2246-43ab-b28e-1a36a47da76f,559,https://schedule.vcccd.edu/,2026-04-13T19:51:05.288828+00:00,"OPEN 70351 Pre/Coreq 1.0 Distance Education Class: Click CRN for requirements. Moorpark Online (Canvas) 14 2 12 Romaniuk, Tanya 10/12-12/03 8"
436f71f7-01a0-4c0e-9fdb-8075e648ed10,560,https://schedule.vcccd.edu/,2026-04-13T19:51:05.288828+00:00,"OPEN 71627 Pre/Coreq 1.0 Distance Education Class: Click CRN for requirements. Moorpark Online (Canvas) 10 0 10 Romaniuk, Tanya 10/12-12/03 8"
613576cc-275e-4abc-9a44-8819604946f2,561,https://schedule.vcccd.edu/,2026-04-13T19:51:05.288828+00:00,"OPEN 70602 3.0 Distance Education Class: Click CRN for requirements. Moorpark Online (Canvas) 50 0 50 Kinkella, Andrew 08/10-10/02 8"
3d15e49c-7351-4473-9de0-04afc0ce15dc,562,https://schedule.vcccd.edu/,2026-04-13T19:51:05.288828+00:00,"OPEN 70988 3.0 Distance Education Class: Click CRN for requirements. Moorpark Online (Canvas) 50 0 50 Mattson, Paul 08/10-12/10 18"
30b4ec9c-ce0d-4681-bd6d-0064c9c04ee3,563,https://schedule.vcccd.edu/,2026-04-13T19:51:05.288828+00:00,"OPEN 70362 3.0 Distance Education Class: Click CRN for requirements. Moorpark Online (Canvas) 50 1 49 Messinger, Rachel 08/31-12/03 14"
08858542-9870-4ddf-8b55-8f54a9374475,564,https://schedule.vcccd.edu/,2026-04-13T19:51:05.288828+00:00,"OPEN 70149 3.0 Distance Education Class: Click CRN for requirements. Moorpark Online (Canvas) 50 1 49 Mattson, Paul 08/10-12/10 18"
f99e778c-be5e-4e1b-9179-4007aa13cba0,565,https://schedule.vcccd.edu/,2026-04-13T19:51:05.288828+00:00,"OPEN 70325 3.0 Distance Education Class: Click CRN for requirements. Moorpark Online (Canvas) 50 1 49 Baker, John 08/10-12/10 18"
ee2a62c5-4ec0-446a-a900-1519609a5457,566,https://schedule.vcccd.edu/,2026-04-13T19:51:05.288828+00:00,"OPEN 70299 3.0 T R 08:30am - 09:45am Academic Center 110 48 0 48 Coltman, Lee 08/10-12/10 18"
d6a75ecd-310b-4021-a992-b7245ddd902c,567,https://schedule.vcccd.edu/,2026-04-13T19:51:05.288828+00:00,T R 08:30am - 09:45am
36f81999-1a03-4844-be3f-0bdaa9c7f37c,568,https://schedule.vcccd.edu/,2026-04-13T19:51:05.288828+00:00,"OPEN 70543 3.0 T R 10:00am - 11:15am Academic Center 110 48 1 47 Coltman, Lee 08/10-12/10 18"
8ccc0ee9-33a9-4ef8-9659-f7d9db89a5f3,569,https://schedule.vcccd.edu/,2026-04-13T19:51:05.288828+00:00,T R 10:00am - 11:15am
83a580a0-5cc0-4b5d-9d60-37c84fedbbd5,570,https://schedule.vcccd.edu/,2026-04-13T19:51:05.288828+00:00,"OPEN 70390 3.0 Distance Education Class: Click CRN for requirements. Moorpark Online (Canvas) 50 3 47 Romaniuk, Tanya 08/10-10/02 8"
60714674-4701-4333-a138-857ec54b0814,571,https://schedule.vcccd.edu/,2026-04-13T19:51:05.288828+00:00,"OPEN 70095 3.0 M W 11:30am - 12:45pm Academic Center 110 45 5 40 Messinger, Rachel 08/10-12/10 18"
f1cb74f4-ed59-4ef2-bd0f-56c4bdce5635,572,https://schedule.vcccd.edu/,2026-04-13T19:51:05.288828+00:00,M W 11:30am - 12:45pm
90ae9bcb-bf53-459e-9d64-514c0d325211,573,https://schedule.vcccd.edu/,2026-04-13T19:51:05.288828+00:00,"OPEN 71626 3.0 M W 08:30am - 09:45am Academic Center 110 40 0 40 Brabant, Diane 08/10-12/10 18"
4ef6c316-41f7-4ee1-9d84-3bc43bbc06b4,574,https://schedule.vcccd.edu/,2026-04-13T19:51:05.288828+00:00,M W 08:30am - 09:45am
753b32db-a976-4391-a2e8-d66f0e592e5d,575,https://schedule.vcccd.edu/,2026-04-13T19:51:05.288828+00:00,"OPEN 72354 3.0 Distance Education Class: Click CRN for requirements. Moorpark Online (Canvas) 30 0 30 Vilos, Jamie 10/12-12/03 8"
f934e8b8-0870-414e-9620-506a59435462,576,https://schedule.vcccd.edu/,2026-04-13T19:51:05.288828+00:00,"OPEN 72623 3.0 Distance Education Class: Click CRN for requirements. Moorpark Online (Canvas) 20 0 20 Vilos, Jamie 10/12-12/03 8"
55a7d12c-f454-4708-9502-cb58bdc34eec,577,https://schedule.vcccd.edu/,2026-04-13T19:51:05.288828+00:00,"OPEN 72657 3.0 Distance Education Class: Click CRN for requirements. Moorpark Online (Canvas) 50 0 50 Barbier, Ashley 10/12-12/03 8"
52236caf-a820-4eff-b679-b612f844e011,578,https://schedule.vcccd.edu/,2026-04-13T19:51:05.288828+00:00,"OPEN 71486 3.0 Distance Education Class: Click CRN for requirements. Moorpark Online (Canvas) 50 2 48 Barbier, Ashley 08/10-12/10 18"
d2041318-77ac-48ba-9fea-28fe356ac396,579,https://schedule.vcccd.edu/,2026-04-13T19:51:05.288828+00:00,"OPEN 70156 3.0 T R 08:00am - 09:50am Academic Center 108 40 0 40 Brabant, Diane 09/01-12/03 14"
3439c21c-fa1a-4c25-968c-a89ec509c98a,580,https://schedule.vcccd.edu/,2026-04-13T19:51:05.288828+00:00,T R 08:00am - 09:50am
d98af775-532f-4b24-82b6-ed1ac3b755a7,581,https://schedule.vcccd.edu/,2026-04-13T19:51:05.288828+00:00,"OPEN 72888 3.0 Distance Education Class: Click CRN for requirements. Moorpark Online (Canvas) 30 1 29 Barbier, Ashley 08/10-10/02 8"
f6a06949-207f-4abf-be39-66e05f125706,582,https://schedule.vcccd.edu/,2026-04-13T19:51:05.288828+00:00,"OPEN 72311 3.0 Distance Education Class: Click CRN for requirements. Moorpark Online (Canvas) 20 0 20 Barbier, Ashley 08/10-10/02 8"
52519f9f-766e-40b6-a5d4-d5440e6c33a9,583,https://schedule.vcccd.edu/,2026-04-13T19:51:05.288828+00:00,"OPEN 75486 3.0 Distance Education Class: Click CRN for requirements. Moorpark Online (Canvas) 50 2 48 Kinkella, Andrew 10/12-12/03 8"
9ceb2e6c-b7e8-4d43-893f-a6149e57fb92,584,https://schedule.vcccd.edu/,2026-04-13T19:51:05.288828+00:00,"OPEN 70408 3.0 M W 10:00am - 11:15am EATM 102 40 0 40 Kinkella, Andrew 08/10-12/10 18"
3bf77ba7-66c4-49c4-be69-cce07e462deb,585,https://schedule.vcccd.edu/,2026-04-13T19:51:05.288828+00:00,M W 10:00am - 11:15am
ae4020b4-e4e2-4d59-97fe-3f0007c09a6f,586,https://schedule.vcccd.edu/,2026-04-13T19:51:05.288828+00:00,"OPEN 70240 3.0 T R 10:00am - 11:15am EATM 102 45 1 44 Barbier, Ashley 08/10-12/10 18"
e137c177-63f6-4007-a30c-a0869b8e881b,587,https://schedule.vcccd.edu/,2026-04-13T19:51:05.288828+00:00,T R 10:00am - 11:15am
b87e9c09-32eb-4d60-aae6-3af9dfe630b5,588,https://schedule.vcccd.edu/,2026-04-13T19:51:05.288828+00:00,"OPEN 71292 3.0 Distance Education Class: Click CRN for requirements. Moorpark Online (Canvas) 50 0 50 Barbier, Ashley 08/10-12/10 18"
1259de4e-ce19-4a09-a128-405447f40bf6,589,https://schedule.vcccd.edu/,2026-04-13T19:51:05.288828+00:00,"OPEN 70376 3.0 Distance Education Class: Click CRN for requirements. Moorpark Online (Canvas) 50 2 48 Fiumerodo, Maria 08/17-12/03 16"
0fb6c59d-4a1b-4c10-a061-8bf33b33221b,590,https://schedule.vcccd.edu/,2026-04-13T19:51:05.288828+00:00,"OPEN 70411 3.0 S 09:00am - 03:50pm Physical Sciences 134 20 0 20 Kinkella, Andrew 08/08-12/10 18"
b80ed1c0-0682-498a-9499-28b2a217f995,591,https://schedule.vcccd.edu/,2026-04-13T19:51:05.288828+00:00,S 09:00am - 03:50pm
e1ecc174-b4e5-4d3c-aadb-c02c8646e51e,592,https://schedule.vcccd.edu/,2026-04-13T19:51:05.288828+00:00,"OPEN 70713 3.0 Distance Education Class: Click CRN for requirements. Moorpark Online (Canvas) 50 0 50 Kinkella, Andrew 10/12-12/03 8"
ad759161-a82c-49bf-9d82-4a38f1558fd3,593,https://schedule.vcccd.edu/,2026-04-13T19:51:05.288828+00:00,"OPEN 70904 3.0 Distance Education Class: Click CRN for requirements. Moorpark Online (Canvas) 50 1 49 Messinger, Rachel 10/12-12/03 8"
c524bd0f-6695-4441-afb1-b1951e136abf,594,https://schedule.vcccd.edu/,2026-04-13T19:51:05.288828+00:00,"OPEN 70133 3.0 M W 11:30am - 12:45pm EATM 102 45 1 44 Kinkella, Andrew 08/31-12/02 14"
ac45c4a9-2027-4340-a5d9-3e27bab83651,595,https://schedule.vcccd.edu/,2026-04-13T19:51:05.288828+00:00,M W 11:30am - 12:45pm
17e66637-8549-4b92-b3e0-1e0eec5f79ad,596,https://schedule.vcccd.edu/,2026-04-13T19:51:05.288828+00:00,& Distance Education Class: Click CRN for requirements. Moorpark Online (Canvas) 08/31-12/02
aae573e8-b63c-426a-8f42-3d6b396a4c64,597,https://schedule.vcccd.edu/,2026-04-13T19:51:05.288828+00:00,"OPEN 70019 3.0 Distance Education Class: Click CRN for requirements. Moorpark Online (Canvas) 50 0 50 Messinger, Rachel 08/10-12/10 18"
cb1821d5-3f03-4489-9ab0-1b1b15fafae7,598,https://schedule.vcccd.edu/,2026-04-13T19:51:05.288828+00:00,"OPEN 70382 3.0 T R 11:30am - 01:20pm TBA 45 0 45 Barbier, Ashley 09/01-12/03 14"
018decfd-fae5-4bc2-b8b3-69af022abba2,599,https://schedule.vcccd.edu/,2026-04-13T19:51:05.288828+00:00,T R 11:30am - 01:20pm
9324b676-7616-4402-97a3-82f7fd4d0706,600,https://schedule.vcccd.edu/,2026-04-13T19:51:05.288828+00:00,"OPEN 70584 3.0 Distance Education Class: Click CRN for requirements. Oxnard Online (Canvas) 85 0 83 Melidonis, Arion 10/12-12/10 9"
209b6347-a3ef-4230-8bd8-dbc2ec46c879,601,https://schedule.vcccd.edu/,2026-04-13T19:51:05.288828+00:00,"OPEN 71651 3.0 Distance Education Class: Click CRN for requirements. Oxnard Online (Canvas) 85 2 83 Melidonis, Arion 10/12-12/10 9"
ac015153-fa20-4052-bd68-657b0c8f0187,602,https://schedule.vcccd.edu/,2026-04-13T19:51:05.288828+00:00,"OPEN 71835 3.0 Distance Education Class: Click CRN for requirements. Oxnard Online (Canvas) 85 0 85 Melidonis, Arion 10/12-12/10 9"
586be094-b95d-4ce4-9af0-274adf47048e,603,https://schedule.vcccd.edu/,2026-04-13T19:51:05.288828+00:00,"OPEN 72565 3.0 T 09:00am - 10:15am Oxnard Letters & Science 8 85 0 83 Melidonis, Arion 08/11-10/09 9"
2e22b47c-3392-4193-a23e-8d608b7e1517,604,https://schedule.vcccd.edu/,2026-04-13T19:51:05.288828+00:00,T 09:00am - 10:15am
3f0e0406-d75b-4df8-95ba-a438c63fc6ca,605,https://schedule.vcccd.edu/,2026-04-13T19:51:05.288828+00:00,& Distance Education Class: Click CRN for requirements. Oxnard Online (Canvas) 08/11-10/09
972d048e-6281-4c71-a628-4df86dd6d5bc,606,https://schedule.vcccd.edu/,2026-04-13T19:51:05.288828+00:00,"OPEN 72611 3.0 T 09:00am - 10:15am Oxnard Zoom Live Meeting 85 0 83 Melidonis, Arion 08/11-10/09 9"
bf2b03d0-6096-4aac-9f73-ea299582f3e7,607,https://schedule.vcccd.edu/,2026-04-13T19:51:05.288828+00:00,T 09:00am - 10:15am
5193ff73-bb54-49ce-99e5-46afc8bf3a73,608,https://schedule.vcccd.edu/,2026-04-13T19:51:05.288828+00:00,& Distance Education Class: Click CRN for requirements. Oxnard Online (Canvas) 08/11-10/09
0569badf-e767-4472-ab71-d855f8e35fa0,609,https://schedule.vcccd.edu/,2026-04-13T19:51:05.288828+00:00,"OPEN 71040 3.0 Distance Education Class: Click CRN for requirements. Oxnard Online (Canvas) 85 3 81 Melidonis, Arion 08/10-10/09 9"
91c84d0a-66bd-4786-8f75-3fb71fb2331d,610,https://schedule.vcccd.edu/,2026-04-13T19:51:05.288828+00:00,"OPEN 70548 3.0 Distance Education Class: Click CRN for requirements. Oxnard Online (Canvas) 85 1 81 Melidonis, Arion 08/10-10/09 9"
7db1e6fa-685c-4c9f-a905-e7dc05cff3c0,611,https://schedule.vcccd.edu/,2026-04-13T19:51:05.288828+00:00,"OPEN 72303 3.0 Distance Education Class: Click CRN for requirements. Oxnard Online (Canvas) 85 3 81 Melidonis, Arion 08/10-10/09 9"
aa73c433-350b-4957-8f11-49706fe67072,612,https://schedule.vcccd.edu/,2026-04-13T19:51:05.288828+00:00,"OPEN 71374 3.0 T 09:00am - 10:15am Oxnard Letters & Science 8 85 2 82 Melidonis, Arion 10/12-12/10 9"
391e4e17-11e9-49b9-9323-8faf738de50c,613,https://schedule.vcccd.edu/,2026-04-13T19:51:05.288828+00:00,T 09:00am - 10:15am
818612d7-f73d-4f17-82d9-8b6e83c44945,614,https://schedule.vcccd.edu/,2026-04-13T19:51:05.288828+00:00,& Distance Education Class: Click CRN for requirements. Oxnard Online (Canvas) 10/12-12/10
a75e6705-cc7e-4bd8-ada0-f8c46ac1ad55,615,https://schedule.vcccd.edu/,2026-04-13T19:51:05.288828+00:00,"OPEN 71385 3.0 T 09:00am - 10:15am Oxnard Zoom Live Meeting 85 0 82 Melidonis, Arion 10/12-12/10 9"
f78b1a6e-3294-4978-a7e2-b5e5dbeda073,616,https://schedule.vcccd.edu/,2026-04-13T19:51:05.288828+00:00,T 09:00am - 10:15am
04551c8f-ab39-4c55-a351-4bcf461a4409,617,https://schedule.vcccd.edu/,2026-04-13T19:51:05.288828+00:00,& Distance Education Class: Click CRN for requirements. Oxnard Online (Canvas) 10/12-12/10
9e17c1bc-9028-446b-93f1-6669300fc23c,618,https://schedule.vcccd.edu/,2026-04-13T19:51:05.288828+00:00,"OPEN 70958 3.0 Distance Education Class: Click CRN for requirements. Ventura Online (Canvas) 40 0 40 Fiumerodo, Maria 08/10-12/10 18"
95ea25ba-e575-482a-946d-45e8f2356bff,619,https://schedule.vcccd.edu/,2026-04-13T19:51:05.288828+00:00,"OPEN 72881 3.0 Distance Education Class: Click CRN for requirements. Ventura Online (Canvas) 40 0 40 Donovan, Erin 10/05-11/25 8"
703534ea-7853-421c-b785-a401283c872e,620,https://schedule.vcccd.edu/,2026-04-13T19:51:05.288828+00:00,"OPEN 71317 3.0 Distance Education Class: Click CRN for requirements. Ventura Online (Canvas) 40 2 38 Fiumerodo, Maria 09/08-11/25 12"
a157bac2-5fa4-4cb1-b134-47ff213e8a59,621,https://schedule.vcccd.edu/,2026-04-13T19:51:05.288828+00:00,"OPEN 70935 3.0 T R 11:30am - 12:50pm Ventura MultidisciplinaryCtrE 226 35 0 35 Fiumerodo, Maria 08/17-12/03 16"
be395a0e-b8ce-4032-8d1e-adc8724ffa27,622,https://schedule.vcccd.edu/,2026-04-13T19:51:05.288828+00:00,T R 11:30am - 12:50pm
b40e3e5d-2b3b-4190-b76e-766e0b69803c,623,https://schedule.vcccd.edu/,2026-04-13T19:51:05.288828+00:00,"OPEN 70900 3.0 T R 10:00am - 11:20am Ventura MultidisciplinaryCtrE 226 35 2 33 Fiumerodo, Maria 08/17-12/03 16"
b428bb99-dbd6-4f87-9508-0df70e491719,624,https://schedule.vcccd.edu/,2026-04-13T19:51:05.288828+00:00,T R 10:00am - 11:20am
1a0b48d9-9d9c-4ee7-919a-4860d417b56a,625,https://schedule.vcccd.edu/,2026-04-13T19:51:05.288828+00:00,"OPEN 73037 3.0 Distance Education Class: Click CRN for requirements. Ventura Online (Canvas) 40 0 40 Donovan, Erin 08/17-12/03 16"
d3b42ea9-f99a-410e-b693-1f8238055203,626,https://schedule.vcccd.edu/,2026-04-13T19:51:05.288828+00:00,"OPEN 70061 3.0 Distance Education Class: Click CRN for requirements. Ventura Online (Canvas) 40 1 39 Fiumerodo, Maria 10/05-11/25 8"
4d1c2962-26fb-49f4-845a-0aec520ddc66,627,https://schedule.vcccd.edu/,2026-04-13T19:51:05.288828+00:00,"OPEN 70452 3.0 Distance Education Class: Click CRN for requirements. Ventura Online (Canvas) 40 3 37 Fiumerodo, Maria 08/17-12/03 16"
b83a6fae-db6d-4533-868c-cd33aab44be4,628,https://schedule.vcccd.edu/,2026-04-13T19:51:05.288828+00:00,"OPEN 72036 3.0 Distance Education Class: Click CRN for requirements. Ventura Online (Canvas) 40 0 40 Donovan, Erin 09/08-11/25 12"
b8e1f6c9-db14-4720-bce7-97dc2eaf905c,629,https://schedule.vcccd.edu/,2026-04-13T19:51:05.288828+00:00,"OPEN 71656 1.0 R 11:30am - 02:15pm Ventura MultidisciplinaryCtrE 225 24 0 23 Lange, Cari 08/17-12/03 16"
b58ff111-dab1-4361-a3db-aff46ce0cbfd,630,https://schedule.vcccd.edu/,2026-04-13T19:51:05.288828+00:00,R 11:30am - 02:15pm
040c2aba-8222-46c5-af9f-b9d8f10489c7,631,https://schedule.vcccd.edu/,2026-04-13T19:51:05.288828+00:00,& Distance Education Class: Click CRN for requirements. Ventura Online (Canvas) 08/17-12/03
93db147a-a6ee-43af-a0ec-5a768117c0e4,632,https://schedule.vcccd.edu/,2026-04-13T19:51:05.288828+00:00,"OPEN 70865 Pre/Coreq 3.0 T 11:30am - 02:15pm Ventura MultidisciplinaryCtrE 223 24 0 23 Lange, Cari 08/17-12/03 16"
17935277-10e3-4c06-81b6-16c70e8ce94b,633,https://schedule.vcccd.edu/,2026-04-13T19:51:05.288828+00:00,T 11:30am - 02:15pm
1765e1e8-c564-45b6-8a2a-0be700c7a7ad,634,https://schedule.vcccd.edu/,2026-04-13T19:51:05.288828+00:00,& Distance Education Class: Click CRN for requirements. Ventura Online (Canvas) 08/17-12/03
6e9c67ca-5ace-44c4-aa9c-1412e6a83483,635,https://schedule.vcccd.edu/,2026-04-13T19:51:05.288828+00:00,& Requires co-enrollment in ANTH V35L
d14cf92e-86e6-4c6b-ad3a-372b547bd12a,636,https://schedule.vcccd.edu/,2026-04-13T19:51:05.288828+00:00,"OPEN 70101 2.0 Distance Education Class: Click CRN for requirements. Ventura Online (Canvas) 40 1 39 Ebert, Joseph 08/10-12/10 18"
c665d89f-875a-465f-8c28-706431372f41,637,https://schedule.vcccd.edu/,2026-04-13T19:51:05.288828+00:00,"OPEN 75362 2.0 T R 09:00am - 09:50am Ventura MultidisciplinaryCtrE 124 30 0 30 Herber, Jason 08/10-12/10 18"
d8f6438c-2673-4161-98b0-907151c8c7ca,638,https://schedule.vcccd.edu/,2026-04-13T19:51:05.288828+00:00,T R 09:00am - 09:50am
d83c0604-fc68-4b36-8ef7-55222aa6ffa9,639,https://schedule.vcccd.edu/,2026-04-13T19:51:05.288828+00:00,"OPEN 70206 3.0 Distance Education Class: Click CRN for requirements. Ventura Online (Canvas) 9 3 6 Selzer, Beck 08/10-12/10 18"
3358025c-bc23-4269-b39d-5cded4c6efd8,640,https://schedule.vcccd.edu/,2026-04-13T19:51:05.288828+00:00,"OPEN 70661 3.0 T R 04:00pm - 06:15pm Ventura MultidisciplinaryCtrE 129 24 0 24 Deitch, Nicholas 08/10-12/10 18"
78d88ba7-6933-4e3e-a356-5b4b3ec0eb8f,641,https://schedule.vcccd.edu/,2026-04-13T19:51:05.288828+00:00,T R 04:00pm - 06:15pm
6d6d4943-c307-4320-ad23-67a03b533df3,642,https://schedule.vcccd.edu/,2026-04-13T19:51:05.288828+00:00,"OPEN 70357 Pre/Coreq 3.0 T R 04:00pm - 06:15pm Ventura MultidisciplinaryCtrE 130 24 0 24 Behr, Francisco 08/10-12/10 18"
948ad418-9d65-42e2-9027-b28ad7ed4c1a,643,https://schedule.vcccd.edu/,2026-04-13T19:51:05.288828+00:00,T R 04:00pm - 06:15pm
9c94a626-5dec-4c1a-920a-8920466d1c48,644,https://schedule.vcccd.edu/,2026-04-13T19:51:05.288828+00:00,"OPEN 70690 2.0 M W 06:00pm - 07:50pm Ventura MultidisciplinaryCtrE 124 24 1 23 Weal, Matthew 08/10-12/10 18"
a693cb9d-b10a-4e0c-88e6-5332806937fd,645,https://schedule.vcccd.edu/,2026-04-13T19:51:05.288828+00:00,M W 06:00pm - 07:50pm
43f6b759-4bf6-4960-8dc4-ec2e5d783944,646,https://schedule.vcccd.edu/,2026-04-13T19:51:05.288828+00:00,"OPEN 72632 2.0 Distance Education Class: Click CRN for requirements. Ventura Online (Canvas) 24 2 22 Fernandez, Ralph 08/10-12/10 18"
03dd0091-5283-4b69-8e28-98a8190e9112,647,https://schedule.vcccd.edu/,2026-04-13T19:51:05.288828+00:00,"OPEN 72607 3.0 T R 10:30am - 11:50am Ventura MultidisciplinaryCtrE 124 24 1 23 Fernandez, Ralph 08/10-12/10 18"
af31b34e-58b5-4402-bc9f-ae45b49e4783,648,https://schedule.vcccd.edu/,2026-04-13T19:51:05.288828+00:00,T R 10:30am - 11:50am
e39c69c4-a470-4cf1-95f2-d974a8cde6d9,649,https://schedule.vcccd.edu/,2026-04-13T19:51:05.288828+00:00,& Distance Education Class: Click CRN for requirements. Ventura Online (Canvas) 08/10-12/10
984c1c6a-8c7d-4a7f-8732-14c6eb3da127,650,https://schedule.vcccd.edu/,2026-04-13T19:51:05.288828+00:00,"OPEN 70704 3.0 M W 02:00pm - 03:20pm Ventura MultidisciplinaryCtrE 129 24 1 23 Fernandez, Ralph 08/10-12/10 18"
4e5329a3-c3d0-4fbc-a683-53ab93a9f608,651,https://schedule.vcccd.edu/,2026-04-13T19:51:05.288828+00:00,M W 02:00pm - 03:20pm
e5cb0bb6-842b-404d-a4b1-29fabe1ca9b2,652,https://schedule.vcccd.edu/,2026-04-13T19:51:05.288828+00:00,& Distance Education Class: Click CRN for requirements. Ventura Online (Canvas) 08/10-12/10
c67118b7-a3c5-440c-86d8-6a3961fbd598,653,https://schedule.vcccd.edu/,2026-04-13T19:51:05.288828+00:00,"OPEN 70827 3.0 M W 04:00pm - 05:15pm Ventura MultidisciplinaryCtrE 129 24 0 24 Carlson, Cole 08/10-12/10 18"
a1b417d1-597e-424c-8a3d-f586b879ca94,654,https://schedule.vcccd.edu/,2026-04-13T19:51:05.288828+00:00,M W 04:00pm - 05:15pm
c5db1005-8d7b-4279-b1a7-8297b5b8b97a,655,https://schedule.vcccd.edu/,2026-04-13T19:51:05.288828+00:00,& Distance Education Class: Click CRN for requirements. Ventura Online (Canvas) 08/10-12/10
5096ff04-8ae5-4174-b449-6c8c4e9f5556,656,https://schedule.vcccd.edu/,2026-04-13T19:51:05.288828+00:00,"OPEN 72606 3.0 M W 04:00pm - 05:15pm Ventura MultidisciplinaryCtrE 129 24 0 24 Carlson, Cole 08/10-12/10 18"
4d3ec33a-40c4-45d6-97c6-7f227e6ed0eb,657,https://schedule.vcccd.edu/,2026-04-13T19:51:05.288828+00:00,M W 04:00pm - 05:15pm
42083983-49ca-48e8-91cd-0915225dd6c9,658,https://schedule.vcccd.edu/,2026-04-13T19:51:05.288828+00:00,& Distance Education Class: Click CRN for requirements. Ventura Online (Canvas) 08/10-12/10
6b70e349-e1ea-45c9-b582-e0003e0187ea,659,https://schedule.vcccd.edu/,2026-04-13T19:51:05.288828+00:00,"OPEN 70720 3.0 T R 06:30pm - 09:20pm Ventura MultidisciplinaryCtrE 129 24 1 23 Behr, Francisco 08/10-12/10 18"
c49a976f-a035-4eb1-8c04-2f5c4ab3d96b,660,https://schedule.vcccd.edu/,2026-04-13T19:51:05.288828+00:00,T R 06:30pm - 09:20pm
b80ef364-accd-401a-9c6b-9b779a132c78,661,https://schedule.vcccd.edu/,2026-04-13T19:51:05.288828+00:00,"OPEN 70929 3.0 T R 06:30pm - 09:20pm Ventura MultidisciplinaryCtrE 130 24 1 23 Ebert, Joseph 08/10-12/10 18"
8cf9c98f-d316-4546-ab61-080120b827d7,662,https://schedule.vcccd.edu/,2026-04-13T19:51:05.288828+00:00,T R 06:30pm - 09:20pm
fd2ed425-cdc9-4950-81a2-79d38f5ebbb6,663,https://schedule.vcccd.edu/,2026-04-13T19:51:05.288828+00:00,"OPEN 72063 3.0 T 05:30pm - 06:45pm Ventura Environmntl&Const Tech 7 28 0 28 Selzer, Beck 08/10-12/10 18"
1181d48b-b256-4d69-9792-23def68f84d6,664,https://schedule.vcccd.edu/,2026-04-13T19:51:05.288828+00:00,T 05:30pm - 06:45pm
eb68ebf4-efd5-4f6d-9228-0750d0526a11,665,https://schedule.vcccd.edu/,2026-04-13T19:51:05.288828+00:00,& Distance Education Class: Click CRN for requirements. Ventura Online (Canvas) 08/10-12/10
6ce555b0-1dcb-4ac5-9e35-499d015066ef,666,https://schedule.vcccd.edu/,2026-04-13T19:51:05.288828+00:00,"OPEN 72913 Pre/Coreq 3. 9.50 HRS/WK TO BE ARRANGED TBA 5 0 5 Fernandez, Ralph 08/10-12/10 18"
2efea618-46b4-4a2f-94fb-63623e6117d4,667,https://schedule.vcccd.edu/,2026-04-13T19:51:05.288828+00:00,"OPEN 71058 Pre/Coreq 2. 6.25 HRS/WK TO BE ARRANGED TBA 5 0 5 Fernandez, Ralph 08/10-12/10 18"
d9d7ccc0-2f0e-4a6d-9dbd-da784b99e17e,668,https://schedule.vcccd.edu/,2026-04-13T19:51:05.288828+00:00,"OPEN 70518 3.0 Distance Education Class: Click CRN for requirements. Moorpark Online (Canvas) 30 0 30 Vicich, Gerald 08/10-12/10 18"
2e850107-c1df-4f5a-9bb4-01809fb1f847,669,https://schedule.vcccd.edu/,2026-04-13T19:51:05.288828+00:00,"OPEN 72591 3.0 T R 09:00am - 11:50am Moorpark Applied Arts 143 25 0 25 McElroy, Katrina 08/10-12/10 18"
795ae8f4-0b34-4f2d-89a1-2067688869e1,670,https://schedule.vcccd.edu/,2026-04-13T19:51:05.288828+00:00,T R 09:00am - 11:50am
fb6605d1-0637-45b4-88d3-a561be7e4779,671,https://schedule.vcccd.edu/,2026-04-13T19:51:05.288828+00:00,"OPEN 70040 3.0 Distance Education Class: Click CRN for requirements. Moorpark Online (Canvas) 30 0 30 Minet, Cynthia 08/10-12/10 18"
5d920f62-6f6d-4dd8-940b-8b01affdd00f,672,https://schedule.vcccd.edu/,2026-04-13T19:51:05.288828+00:00,OPEN 70572 3.0 M W 01:00pm - 03:50pm Moorpark Applied Arts 132 25 1 24 Staff 08/10-12/10 18
9898a113-6b2f-43b8-a8db-fda517687e48,673,https://schedule.vcccd.edu/,2026-04-13T19:51:05.288828+00:00,M W 01:00pm - 03:50pm
28fdab79-36ba-4eb6-a391-4ce1bb140cfb,674,https://schedule.vcccd.edu/,2026-04-13T19:51:05.288828+00:00,"OPEN 71441 3.0 T R 09:00am - 11:50am Moorpark Applied Arts 132 25 1 24 Minet, Cynthia 08/10-12/10 18"
6cd88579-d663-4039-a42d-06ff485d652b,675,https://schedule.vcccd.edu/,2026-04-13T19:51:05.288828+00:00,T R 09:00am - 11:50am
53addee5-789e-4bd2-ab0f-0b7d5296fc15,676,https://schedule.vcccd.edu/,2026-04-13T19:51:05.288828+00:00,"OPEN 71034 3.0 Distance Education Class: Click CRN for requirements. Moorpark Online (Canvas) 30 0 30 Iadevaia III, Raymie 08/10-12/10 18"
d3a501ec-166b-497d-ae79-e92eaebe41c4,677,https://schedule.vcccd.edu/,2026-04-13T19:51:05.288828+00:00,"OPEN 71092 3.0 Distance Education Class: Click CRN for requirements. Moorpark Online (Canvas) 30 0 30 Murphy, Courtney 08/10-12/10 18"
f818ba9b-3dd6-4b23-9331-497304ad9884,678,https://schedule.vcccd.edu/,2026-04-13T19:51:05.288828+00:00,"OPEN 70056 3.0 Distance Education Class: Click CRN for requirements. Moorpark Online (Canvas) 30 1 29 Bank, Larissa 08/10-12/10 18"
35bef4ee-f83c-4efc-b236-dd00e9d3e3f7,679,https://schedule.vcccd.edu/,2026-04-13T19:51:05.288828+00:00,"OPEN 73178 3.0 M W 09:00am - 11:50am Moorpark Applied Arts 136 30 2 28 Bank, Larissa 08/10-12/10 18"
ec75e2ae-e041-4a45-b74a-2b9b33cd2af7,680,https://schedule.vcccd.edu/,2026-04-13T19:51:05.288828+00:00,M W 09:00am - 11:50am
98a2e009-20be-48ef-8b63-89cd0505b14b,681,https://schedule.vcccd.edu/,2026-04-13T19:51:05.288828+00:00,"OPEN 71008 3.0 T R 01:00pm - 03:50pm Moorpark Applied Arts 115 25 0 25 Feeney, Zara 08/10-12/10 18"
6ae58e38-6495-47e8-88e3-33b8548de7f5,682,https://schedule.vcccd.edu/,2026-04-13T19:51:05.288828+00:00,T R 01:00pm - 03:50pm
52f8bcf8-6be9-49fd-8053-5b73aeae5aad,683,https://schedule.vcccd.edu/,2026-04-13T19:51:05.288828+00:00,"OPEN 71010 3.0 T R 09:00am - 11:50am Moorpark Applied Arts 115 25 0 25 Feeney, Zara 08/10-12/10 18"
657a240e-3f49-48f1-8a7f-217a601f0fe4,684,https://schedule.vcccd.edu/,2026-04-13T19:51:05.288828+00:00,T R 09:00am - 11:50am
cb5acbe6-2d6f-49f8-91b8-9377123d7b2e,685,https://schedule.vcccd.edu/,2026-04-13T19:51:05.288828+00:00,OPEN 71203 3.0 M W 01:00pm - 03:50pm Moorpark Applied Arts 136 25 0 25 Staff 08/10-12/10 18
1a96f2ec-e214-4ee5-a5b5-44ebff62b112,686,https://schedule.vcccd.edu/,2026-04-13T19:51:05.288828+00:00,M W 01:00pm - 03:50pm
397aa9cc-814b-48d7-b22b-49c2051c822a,687,https://schedule.vcccd.edu/,2026-04-13T19:51:05.288828+00:00,OPEN 73421 3.0 T R 06:00pm - 08:50pm Moorpark Applied Arts 115 25 0 25 Staff 08/10-12/10 18
4876ac12-08e0-43c0-bec4-b0ebc0492c55,688,https://schedule.vcccd.edu/,2026-04-13T19:51:05.288828+00:00,T R 06:00pm - 08:50pm
f95683d8-3d64-496b-8048-5c3d303d6ccc,689,https://schedule.vcccd.edu/,2026-04-13T19:51:05.288828+00:00,"OPEN 71016 Pre/Coreq 3.0 Distance Education Class: Click CRN for requirements. Moorpark Online (Canvas) 30 1 29 Iadevaia III, Raymie 08/10-12/10 18"
acf1fa6a-163f-4b1f-a1e8-c24170821c5d,690,https://schedule.vcccd.edu/,2026-04-13T19:51:05.288828+00:00,OPEN 72658 Pre/Coreq 3.0 T R 06:00pm - 08:50pm Moorpark Applied Arts 25 0 25 Staff 08/10-12/10 18
b3abcdf5-42ae-4635-a3a1-473ce00d96b4,691,https://schedule.vcccd.edu/,2026-04-13T19:51:05.288828+00:00,T R 06:00pm - 08:50pm
aaaabd8e-9434-40f1-bc35-48b00006e62e,692,https://schedule.vcccd.edu/,2026-04-13T19:51:05.288828+00:00,"OPEN 71057 Pre/Coreq 3.0 M W 01:00pm - 03:50pm Moorpark Applied Arts 115 25 0 25 Vicich, Gerald 08/10-12/10 18"
9031fee2-c528-4d77-96f7-a4726dbf6551,693,https://schedule.vcccd.edu/,2026-04-13T19:51:05.288828+00:00,M W 01:00pm - 03:50pm
0cf38d03-39af-4940-9c59-9ebd18c4fc86,694,https://schedule.vcccd.edu/,2026-04-13T19:51:05.288828+00:00,"OPEN 71060 Pre/Coreq 3.0 M W 09:00am - 11:50am Moorpark Applied Arts 115 25 1 23 Hendrickson, David 08/10-12/10 18"
39cd9e6b-3d9d-451b-b70a-025711de8d81,695,https://schedule.vcccd.edu/,2026-04-13T19:51:05.288828+00:00,M W 09:00am - 11:50am
ef785a78-f275-40c0-bbda-8dc44320b813,696,https://schedule.vcccd.edu/,2026-04-13T19:51:05.288828+00:00,"OPEN 71070 Pre/Coreq 3.0 M W 01:00pm - 03:50pm Moorpark Applied Arts 115 25 0 25 Vicich, Gerald 08/10-12/10 18"
6d6fd29d-2ec0-4302-86ac-1c4d3c49db75,697,https://schedule.vcccd.edu/,2026-04-13T19:51:05.288828+00:00,M W 01:00pm - 03:50pm
77493946-a122-4e3d-beda-a5009982d8da,698,https://schedule.vcccd.edu/,2026-04-13T19:51:05.288828+00:00,"OPEN 70161 Pre/Coreq 3.0 M W 09:00am - 11:50am Moorpark Applied Arts 115 25 1 23 Hendrickson, David 08/10-12/10 18"
9e786eab-41bb-4367-84d9-055b68de8b43,699,https://schedule.vcccd.edu/,2026-04-13T19:51:05.288828+00:00,M W 09:00am - 11:50am
2f06114b-3438-4387-be39-2bd1a743a5de,700,https://schedule.vcccd.edu/,2026-04-13T19:51:05.288828+00:00,"OPEN 71082 Pre/Coreq 3.0 M W 01:00pm - 03:50pm Moorpark Applied Arts 115 25 0 25 Vicich, Gerald 08/10-12/10 18"
6af1dd6a-562b-4ae3-aa68-5b2ac42ed127,701,https://schedule.vcccd.edu/,2026-04-13T19:51:05.288828+00:00,M W 01:00pm - 03:50pm
36270577-7257-4d6d-b53a-a70c83f5169f,702,https://schedule.vcccd.edu/,2026-04-13T19:51:05.288828+00:00,"OPEN 70650 Pre/Coreq 3.0 M W 09:00am - 11:50am Moorpark Applied Arts 115 25 0 23 Hendrickson, David 08/10-12/10 18"
5af92920-1ec8-49d9-b34b-8d1341a0e0ab,703,https://schedule.vcccd.edu/,2026-04-13T19:51:05.288828+00:00,M W 09:00am - 11:50am
2846fa3c-09b5-4221-b0e4-dee693fd8275,704,https://schedule.vcccd.edu/,2026-04-13T19:51:05.288828+00:00,"OPEN 71089 Pre/Coreq 3.0 M W 01:00pm - 03:50pm Moorpark Applied Arts 115 25 0 25 Vicich, Gerald 08/10-12/10 18"
f1e7d92c-e439-486b-ba3d-fb4d0b5d46b9,705,https://schedule.vcccd.edu/,2026-04-13T19:51:05.288828+00:00,M W 01:00pm - 03:50pm
0d1f3818-d8a9-48e0-a765-86a7ef4cee5c,706,https://schedule.vcccd.edu/,2026-04-13T19:51:05.288828+00:00,"OPEN 70794 Pre/Coreq 3.0 M W 09:00am - 11:50am Moorpark Applied Arts 115 25 0 23 Hendrickson, David 08/10-12/10 18"
d771b38e-8788-4342-8d55-e30e8406ca11,707,https://schedule.vcccd.edu/,2026-04-13T19:51:05.288828+00:00,M W 09:00am - 11:50am
4e9ce5d7-2e54-491a-a4b5-a7ee479526ec,708,https://schedule.vcccd.edu/,2026-04-13T19:51:05.288828+00:00,"OPEN 72176 Pre/Coreq 3.0 M W 01:00pm - 03:50pm Moorpark Applied Arts 143 25 0 23 Hendrickson, David 08/10-12/10 18"
e8572a26-53c3-4bdb-a266-7bc542163a0b,709,https://schedule.vcccd.edu/,2026-04-13T19:51:05.288828+00:00,M W 01:00pm - 03:50pm
dcb1384b-b82f-4110-97ce-2b8576f1518a,710,https://schedule.vcccd.edu/,2026-04-13T19:51:05.288828+00:00,"OPEN 72476 Pre/Coreq 3.0 M W 01:00pm - 03:50pm Moorpark Applied Arts 143 25 2 23 Hendrickson, David 08/10-12/10 18"
b99f0d53-5a49-4aa8-b903-dda98a0aa57c,711,https://schedule.vcccd.edu/,2026-04-13T19:51:05.288828+00:00,M W 01:00pm - 03:50pm
e1369efe-4d87-4903-a62a-a1354f92f070,712,https://schedule.vcccd.edu/,2026-04-13T19:51:05.288828+00:00,"OPEN 72825 Pre/Coreq 3.0 M W 01:00pm - 03:50pm Moorpark Applied Arts 143 25 0 23 Hendrickson, David 08/10-12/10 18"
5d7606bc-546c-45fe-8f9d-3313dfb09495,713,https://schedule.vcccd.edu/,2026-04-13T19:51:05.288828+00:00,M W 01:00pm - 03:50pm
1aa8c77c-4192-4192-9cc7-e07ce2b93cc3,714,https://schedule.vcccd.edu/,2026-04-13T19:51:05.288828+00:00,"OPEN 70567 3.0 Distance Education Class: Click CRN for requirements. Moorpark Online (Canvas) 30 0 30 Murphy, Courtney 08/10-12/10 18"
b9ba3151-1594-477f-ae3e-0c15e838b7e1,715,https://schedule.vcccd.edu/,2026-04-13T19:51:05.288828+00:00,"OPEN 73451 3.0 T R 09:00am - 11:50am Moorpark Applied Arts 136 25 1 24 Lizee, Erika 08/10-12/10 18"
487b868c-e0cf-4ac9-8d79-02b0236bb286,716,https://schedule.vcccd.edu/,2026-04-13T19:51:05.288828+00:00,T R 09:00am - 11:50am
31f72246-cbfc-4940-ba16-06f36d798675,717,https://schedule.vcccd.edu/,2026-04-13T19:51:05.288828+00:00,"OPEN 71202 Pre/Coreq 3.0 Distance Education Class: Click CRN for requirements. Moorpark Online (Canvas) 30 0 30 Murphy, Courtney 08/10-12/10 18"
226983c8-c5ae-45f3-bc4f-419352bc37c7,718,https://schedule.vcccd.edu/,2026-04-13T19:51:05.288828+00:00,"OPEN 71184 Pre/Coreq 3.0 T R 09:00am - 11:50am Moorpark Applied Arts 136 25 0 24 Lizee, Erika 08/10-12/10 18"
0af436ab-55ff-477d-99b5-975e79e43933,719,https://schedule.vcccd.edu/,2026-04-13T19:51:05.288828+00:00,T R 09:00am - 11:50am
02e6403d-5421-4392-b8d0-83e32e0f3b98,720,https://schedule.vcccd.edu/,2026-04-13T19:51:05.288828+00:00,"OPEN 71997 Pre/Coreq 3.0 Distance Education Class: Click CRN for requirements. Moorpark Online (Canvas) 30 0 30 Murphy, Courtney 08/10-12/10 18"
8496c7c0-c46d-4380-8ab9-75934de8ad55,721,https://schedule.vcccd.edu/,2026-04-13T19:51:05.288828+00:00,"OPEN 72416 Pre/Coreq 3.0 T R 09:00am - 11:50am Moorpark Applied Arts 136 25 0 24 Lizee, Erika 08/10-12/10 18"
d1bac652-0706-461a-aa50-6a211bdaf508,722,https://schedule.vcccd.edu/,2026-04-13T19:51:05.288828+00:00,T R 09:00am - 11:50am
8b8f6a70-7d05-41e6-a0af-45a297d8c34e,723,https://schedule.vcccd.edu/,2026-04-13T19:51:05.288828+00:00,"OPEN 72199 Pre/Coreq 3.0 Distance Education Class: Click CRN for requirements. Moorpark Online (Canvas) 30 0 30 Murphy, Courtney 08/10-12/10 18"
a67fbd0a-d120-476f-99b3-6747d41174c0,724,https://schedule.vcccd.edu/,2026-04-13T19:51:05.288828+00:00,"OPEN 72473 Pre/Coreq 3.0 T R 09:00am - 11:50am Moorpark Applied Arts 136 25 0 24 Lizee, Erika 08/10-12/10 18"
660180f5-91d5-4cff-bfb7-15bc9c13894d,725,https://schedule.vcccd.edu/,2026-04-13T19:51:05.288828+00:00,T R 09:00am - 11:50am
4933ee64-87d7-4b2a-95d6-34918acd15cb,726,https://schedule.vcccd.edu/,2026-04-13T19:51:05.288828+00:00,"OPEN 70934 3.0 Distance Education Class: Click CRN for requirements. Moorpark Online (Canvas) 30 1 29 Lizee, Erika 08/10-12/10 18"
e6e4988e-fc24-44b6-9c50-e5bc30a9a13c,727,https://schedule.vcccd.edu/,2026-04-13T19:51:05.288828+00:00,"OPEN 73426 3.0 T R 01:00pm - 03:50pm Moorpark Applied Arts 136 25 0 25 Montenegro, Jennifer 08/10-12/10 18"
4ec29ea9-a42c-4992-9dbd-c8f2f84314b5,728,https://schedule.vcccd.edu/,2026-04-13T19:51:05.288828+00:00,T R 01:00pm - 03:50pm
009524ec-e605-448b-920f-fe6bb94d6949,729,https://schedule.vcccd.edu/,2026-04-13T19:51:05.288828+00:00,"OPEN 72978 Pre/Coreq 3.0 T R 01:00pm - 03:50pm Moorpark Applied Arts 136 25 0 25 Montenegro, Jennifer 08/10-12/10 18"
159081b4-727e-4a20-b5a9-982393599dd5,730,https://schedule.vcccd.edu/,2026-04-13T19:51:05.288828+00:00,T R 01:00pm - 03:50pm
8b9535cf-e1fd-4f70-b669-9d8614739d6d,731,https://schedule.vcccd.edu/,2026-04-13T19:51:05.288828+00:00,"OPEN 72472 3.0 M W 06:00pm - 08:50pm Moorpark Applied Arts 124 33 0 33 Mallman, Mary 08/10-12/10 18"
fa7e1b9a-bb74-4135-8b24-def83646817b,732,https://schedule.vcccd.edu/,2026-04-13T19:51:05.288828+00:00,M W 06:00pm - 08:50pm
fcc0c4c5-0f01-47c5-981a-b6d8c10f3ea6,733,https://schedule.vcccd.edu/,2026-04-13T19:51:05.288828+00:00,OPEN 70659 3.0 T R 06:00pm - 08:50pm Moorpark Applied Arts 124 33 1 32 Staff 08/10-12/10 18
911e4ba5-ba4b-43a0-b483-726d6b56a8be,734,https://schedule.vcccd.edu/,2026-04-13T19:51:05.288828+00:00,T R 06:00pm - 08:50pm
4be8d1b7-32a6-4728-a71e-7206d10a9f8b,735,https://schedule.vcccd.edu/,2026-04-13T19:51:05.288828+00:00,"OPEN 70689 3.0 T R 09:00am - 11:50am Moorpark Applied Arts 124 33 1 32 Zucca, Gerardo 08/10-12/10 18"
5cb6c2c7-3726-4a0d-b9e5-65af6c59d130,736,https://schedule.vcccd.edu/,2026-04-13T19:51:05.288828+00:00,T R 09:00am - 11:50am
7a674599-8b17-4085-9e70-ec8c9bdbdadb,737,https://schedule.vcccd.edu/,2026-04-13T19:51:05.288828+00:00,"OPEN 72047 3.0 T R 01:00pm - 03:50pm Moorpark Applied Arts 124 33 1 32 Zucca, Gerardo 08/10-12/10 18"
79e7db7f-bcfa-4bbd-8dcc-82223522c939,738,https://schedule.vcccd.edu/,2026-04-13T19:51:05.288828+00:00,T R 01:00pm - 03:50pm
37d601e6-5216-455a-9956-7d4ce3f55c3b,739,https://schedule.vcccd.edu/,2026-04-13T19:51:05.288828+00:00,"OPEN 72106 3.0 M W 01:00pm - 03:50pm Moorpark Applied Arts 124 33 1 32 Mallman, Mary 08/10-12/10 18"
ea932f53-7c24-4fd2-8423-f9f9da21d489,740,https://schedule.vcccd.edu/,2026-04-13T19:51:05.288828+00:00,M W 01:00pm - 03:50pm
073c94ae-5002-4985-8505-903c3159cc9b,741,https://schedule.vcccd.edu/,2026-04-13T19:51:05.288828+00:00,"OPEN 70654 3.0 F 09:00am - 02:50pm Moorpark Applied Arts 124 33 1 31 Scott, Donna 08/10-12/10 18"
7dfad344-d905-4e65-b75f-2f232a524b37,742,https://schedule.vcccd.edu/,2026-04-13T19:51:05.288828+00:00,F 09:00am - 02:50pm
af2ef200-7898-44cf-b534-75cc9d646027,743,https://schedule.vcccd.edu/,2026-04-13T19:51:05.288828+00:00,"OPEN 70138 3.0 M W 09:00am - 11:50am Moorpark Applied Arts 124 33 3 30 Carroll, Emilie 08/10-12/10 18"
b66b3fb8-f4f5-4ffb-863f-abf852021071,744,https://schedule.vcccd.edu/,2026-04-13T19:51:05.288828+00:00,M W 09:00am - 11:50am
12df0a42-3b22-4967-a244-40b269cf1d4c,745,https://schedule.vcccd.edu/,2026-04-13T19:51:05.288828+00:00,"OPEN 70542 Pre/Coreq 3.0 M W 06:00pm - 08:50pm Moorpark Applied Arts 124 33 0 33 Mallman, Mary 08/10-12/10 18"
45f253fb-5e36-4612-8265-f3a8d37ca02d,746,https://schedule.vcccd.edu/,2026-04-13T19:51:05.288828+00:00,M W 06:00pm - 08:50pm
ce4ca213-da8a-470d-83e7-3aebd7d05a77,747,https://schedule.vcccd.edu/,2026-04-13T19:51:05.288828+00:00,OPEN 71782 Pre/Coreq 3.0 T R 06:00pm - 08:50pm Moorpark Applied Arts 124 33 0 32 Staff 08/10-12/10 18
49e7f286-86aa-412a-ba0c-90513d2750e4,748,https://schedule.vcccd.edu/,2026-04-13T19:51:05.288828+00:00,T R 06:00pm - 08:50pm
24dc9016-9998-4e78-9e1f-9bdb14051ab6,749,https://schedule.vcccd.edu/,2026-04-13T19:51:05.288828+00:00,"OPEN 71895 Pre/Coreq 3.0 T R 09:00am - 11:50am Moorpark Applied Arts 124 33 0 32 Zucca, Gerardo 08/10-12/10 18"
fbb4cfef-c72d-4eaf-89d9-c28eed49b226,750,https://schedule.vcccd.edu/,2026-04-13T19:51:05.288828+00:00,T R 09:00am - 11:50am
a66284fa-f940-43a5-b631-9820f8f19f5f,751,https://schedule.vcccd.edu/,2026-04-13T19:51:05.288828+00:00,"OPEN 70671 Pre/Coreq 3.0 F 09:00am - 02:50pm Moorpark Applied Arts 124 33 0 31 Scott, Donna 08/10-12/10 18"
da5b86bc-5df0-4f4b-8647-daba4a5f784c,752,https://schedule.vcccd.edu/,2026-04-13T19:51:05.288828+00:00,F 09:00am - 02:50pm
557f339d-fee3-47e9-a84d-dae7bd967bbc,753,https://schedule.vcccd.edu/,2026-04-13T19:51:05.288828+00:00,"OPEN 70730 Pre/Coreq 3.0 M W 09:00am - 11:50am Moorpark Applied Arts 124 33 0 30 Carroll, Emilie 08/10-12/10 18"
dfd219c0-4e64-4517-91ab-7443e29017e7,754,https://schedule.vcccd.edu/,2026-04-13T19:51:05.288828+00:00,M W 09:00am - 11:50am
d687bb81-c120-406c-be20-686a42f5079c,755,https://schedule.vcccd.edu/,2026-04-13T19:51:05.288828+00:00,"OPEN 70601 Pre/Coreq 3.0 M W 06:00pm - 08:50pm Moorpark Applied Arts 124 33 0 33 Mallman, Mary 08/10-12/10 18"
cd96d2e8-9bd3-4a36-9977-e357ff717ef3,756,https://schedule.vcccd.edu/,2026-04-13T19:51:05.288828+00:00,M W 06:00pm - 08:50pm
45918007-529f-43de-b1bf-372b473b311b,757,https://schedule.vcccd.edu/,2026-04-13T19:51:05.288828+00:00,OPEN 70790 Pre/Coreq 3.0 T R 06:00pm - 08:50pm Moorpark Applied Arts 124 33 0 32 Staff 08/10-12/10 18
e854d9bb-3c9b-487e-9bc1-d36cc8026279,758,https://schedule.vcccd.edu/,2026-04-13T19:51:05.288828+00:00,T R 06:00pm - 08:50pm
884f3935-7bd6-4453-b16f-e16a8ebe509d,759,https://schedule.vcccd.edu/,2026-04-13T19:51:05.288828+00:00,"OPEN 71907 Pre/Coreq 3.0 T R 09:00am - 11:50am Moorpark Applied Arts 124 33 0 32 Zucca, Gerardo 08/10-12/10 18"
e860271c-4119-431a-80dc-bae8d868d3ff,760,https://schedule.vcccd.edu/,2026-04-13T19:51:05.288828+00:00,T R 09:00am - 11:50am
5cdd1bec-222d-4701-895a-84fa79501b6a,761,https://schedule.vcccd.edu/,2026-04-13T19:51:05.288828+00:00,"OPEN 71164 Pre/Coreq 3.0 F 09:00am - 02:50pm Moorpark Applied Arts 124 33 1 31 Scott, Donna 08/10-12/10 18"
bbdc308b-0483-48dd-8c30-01269b5af608,762,https://schedule.vcccd.edu/,2026-04-13T19:51:05.288828+00:00,F 09:00am - 02:50pm
0a4170a5-37fc-4375-ad54-c16678433fa2,763,https://schedule.vcccd.edu/,2026-04-13T19:51:05.288828+00:00,"OPEN 70098 Pre/Coreq 3.0 M W 09:00am - 11:50am Moorpark Applied Arts 124 33 0 30 Carroll, Emilie 08/10-12/10 18"
e3e974f6-74d5-4d3c-8fe5-009b1aefc814,764,https://schedule.vcccd.edu/,2026-04-13T19:51:05.288828+00:00,M W 09:00am - 11:50am
89fc34b8-105e-43e0-a94d-3da70822f886,765,https://schedule.vcccd.edu/,2026-04-13T19:51:05.288828+00:00,"OPEN 70607 Pre/Coreq 3.0 M W 06:00pm - 08:50pm Moorpark Applied Arts 124 33 0 33 Mallman, Mary 08/10-12/10 18"
3f9402e6-af5b-49ae-bcaa-8b7b914a3465,766,https://schedule.vcccd.edu/,2026-04-13T19:51:05.288828+00:00,M W 06:00pm - 08:50pm
d75eef12-0e86-4084-aa43-ea595770c6aa,767,https://schedule.vcccd.edu/,2026-04-13T19:51:05.288828+00:00,OPEN 70923 Pre/Coreq 3.0 T R 06:00pm - 08:50pm Moorpark Applied Arts 124 33 0 32 Staff 08/10-12/10 18
d3d29ffe-6f99-4e31-baf8-d23d695c51f9,768,https://schedule.vcccd.edu/,2026-04-13T19:51:05.288828+00:00,T R 06:00pm - 08:50pm
77d69a38-7b43-4e02-839a-32f54fbdceba,769,https://schedule.vcccd.edu/,2026-04-13T19:51:05.288828+00:00,"OPEN 71940 Pre/Coreq 3.0 T R 09:00am - 11:50am TBA 33 0 32 Zucca, Gerardo 08/10-12/10 18"
aab52fa2-e7a7-4cd5-a9fc-fc7b011b3425,770,https://schedule.vcccd.edu/,2026-04-13T19:51:05.288828+00:00,T R 09:00am - 11:50am
356cd74e-1ad7-4b38-80f8-e79cb6ac7593,771,https://schedule.vcccd.edu/,2026-04-13T19:51:05.288828+00:00,"OPEN 71179 Pre/Coreq 3.0 F 09:00am - 02:50pm Moorpark Applied Arts 124 33 0 31 Scott, Donna 08/10-12/10 18"
0ca9ab2a-622e-4570-9dc6-65ad22a169ee,772,https://schedule.vcccd.edu/,2026-04-13T19:51:05.288828+00:00,F 09:00am - 02:50pm
cffe2689-db69-46a1-895d-31ef39553b18,773,https://schedule.vcccd.edu/,2026-04-13T19:51:05.288828+00:00,"OPEN 70905 Pre/Coreq 3.0 M W 09:00am - 11:50am Moorpark Applied Arts 124 33 0 30 Carroll, Emilie 08/10-12/10 18"
12027eda-8c52-4027-a517-8628db412f53,774,https://schedule.vcccd.edu/,2026-04-13T19:51:05.288828+00:00,M W 09:00am - 11:50am
f95e386f-6469-47a6-8ec8-498ba5ae77a0,775,https://schedule.vcccd.edu/,2026-04-13T19:51:05.288828+00:00,"OPEN 70091 Pre/Coreq 3.0 T R 01:00pm - 03:50pm Moorpark Applied Arts 124 33 0 32 Zucca, Gerardo 08/10-12/10 18"
9a4d7116-4041-4823-8874-619477aeef60,776,https://schedule.vcccd.edu/,2026-04-13T19:51:05.288828+00:00,T R 01:00pm - 03:50pm
a6a640bb-eb55-424c-9376-d47a4fc5713f,777,https://schedule.vcccd.edu/,2026-04-13T19:51:05.288828+00:00,"OPEN 73561 3.0 T R 01:00pm - 03:50pm Moorpark Applied Arts 132 25 0 24 Minet, Cynthia 08/10-12/10 18"
fe0f098e-5675-46e1-a335-ff1bf5113341,778,https://schedule.vcccd.edu/,2026-04-13T19:51:05.288828+00:00,T R 01:00pm - 03:50pm
94973b44-a733-4e3f-a9b6-cd0f58b246bf,779,https://schedule.vcccd.edu/,2026-04-13T19:51:05.288828+00:00,"OPEN 73562 Pre/Coreq 3.0 T R 01:00pm - 03:50pm Moorpark Applied Arts 132 25 0 24 Minet, Cynthia 08/10-12/10 18"
2ebc7e33-c19b-4262-9d36-1b5ab55c3926,780,https://schedule.vcccd.edu/,2026-04-13T19:51:05.288828+00:00,T R 01:00pm - 03:50pm
d294a4ab-3f2f-4754-898a-6633c010dc42,781,https://schedule.vcccd.edu/,2026-04-13T19:51:05.288828+00:00,"OPEN 73563 Pre/Coreq 3.0 T R 01:00pm - 03:50pm Moorpark Applied Arts 132 25 1 24 Minet, Cynthia 08/10-12/10 18"
b011c862-9bcf-4b12-8f11-ccc31addc7b6,782,https://schedule.vcccd.edu/,2026-04-13T19:51:05.288828+00:00,T R 01:00pm - 03:50pm
4bb57c7b-e265-4352-96b1-0ba42c19edf8,783,https://schedule.vcccd.edu/,2026-04-13T19:51:05.288828+00:00,"OPEN 73565 Pre/Coreq 3.0 T R 01:00pm - 03:50pm Moorpark Applied Arts 132 25 0 24 Minet, Cynthia 08/10-12/10 18"
308e981c-0e9d-4fcb-8517-e2d3853abc19,784,https://schedule.vcccd.edu/,2026-04-13T19:51:05.288828+00:00,T R 01:00pm - 03:50pm
60cf276c-2581-4248-ac0f-384ae9170461,785,https://schedule.vcccd.edu/,2026-04-13T19:51:05.288828+00:00,"OPEN 72000 3.0 T R 01:00pm - 03:50pm Moorpark Applied Arts 143 25 1 24 McElroy, Katrina 08/10-12/10 18"
92f33c38-8f83-4a8c-b36e-e471b91069d8,786,https://schedule.vcccd.edu/,2026-04-13T19:51:05.288828+00:00,T R 01:00pm - 03:50pm
f46e2f5f-10c7-463d-a2e3-4bca79bb74b2,787,https://schedule.vcccd.edu/,2026-04-13T19:51:05.288828+00:00,"OPEN 72018 Pre/Coreq 3.0 T R 01:00pm - 03:50pm Moorpark Applied Arts 143 25 0 24 McElroy, Katrina 08/10-12/10 18"
a0388953-8e41-49fc-b976-f63bfb25059c,788,https://schedule.vcccd.edu/,2026-04-13T19:51:05.288828+00:00,T R 01:00pm - 03:50pm
79d92dc5-85bf-4315-af26-d5177313d339,789,https://schedule.vcccd.edu/,2026-04-13T19:51:05.288828+00:00,"OPEN 72019 Pre/Coreq 3.0 T R 01:00pm - 03:50pm Moorpark Applied Arts 143 25 0 24 McElroy, Katrina 08/10-12/10 18"
dfb23025-0e7c-4f8d-be1d-df6816d2a18f,790,https://schedule.vcccd.edu/,2026-04-13T19:51:05.288828+00:00,T R 01:00pm - 03:50pm
dbf22f8a-4ac3-4e82-a364-72e41e41273c,791,https://schedule.vcccd.edu/,2026-04-13T19:51:05.288828+00:00,"OPEN 72028 Pre/Coreq 3.0 T R 01:00pm - 03:50pm Moorpark Applied Arts 143 25 0 24 McElroy, Katrina 08/10-12/10 18"
73778827-ec19-48f0-914b-adb1ef9f7caa,792,https://schedule.vcccd.edu/,2026-04-13T19:51:05.288828+00:00,T R 01:00pm - 03:50pm
dfaaa451-f31b-4212-9547-92781d807237,793,https://schedule.vcccd.edu/,2026-04-13T19:51:05.288828+00:00,"OPEN 72085 3.0 Distance Education Class: Click CRN for requirements. Oxnard Online (Canvas) 110 1 109 Mack, Rainer 08/10-12/10 18"
65932a0e-c509-4919-a597-0ec5c537658b,794,https://schedule.vcccd.edu/,2026-04-13T19:51:05.288828+00:00,"OPEN 72581 3.0 Distance Education Class: Click CRN for requirements. Oxnard Online (Canvas) 110 1 109 Mack, Rainer 08/10-12/10 18"
79f2db99-ad54-45c0-bc5e-e025240dc1f2,795,https://schedule.vcccd.edu/,2026-04-13T19:51:05.288828+00:00,"OPEN 71451 3.0 M W 02:30pm - 03:45pm Oxnard Letters & Science 8 60 2 58 Mack, Rainer 08/10-12/10 18"
789dd2c1-653f-4192-9d01-7a8924a39b95,796,https://schedule.vcccd.edu/,2026-04-13T19:51:05.288828+00:00,M W 02:30pm - 03:45pm
119b60af-8422-48c5-8537-ef4bdb28833a,797,https://schedule.vcccd.edu/,2026-04-13T19:51:05.288828+00:00,"OPEN 72690 3.0 Distance Education Class: Click CRN for requirements. Oxnard Online (Canvas) 45 0 45 Brennan, Kindah 08/10-12/10 18"
d2cb1551-4733-4615-8d7e-65759cf71196,798,https://schedule.vcccd.edu/,2026-04-13T19:51:05.288828+00:00,"OPEN 70606 3.0 Distance Education Class: Click CRN for requirements. Oxnard Online (Canvas) 45 0 45 Brennan, Kindah 08/10-10/02 8"
e1132293-45d5-4b5d-89a7-ab1fc793786f,799,https://schedule.vcccd.edu/,2026-04-13T19:51:05.288828+00:00,"OPEN 70396 3.0 W 04:00pm - 05:15pm Oxnard Pacifica High School H109 30 0 30 Brennan, Kindah 10/12-12/10 9"
10496c63-bf9f-4923-bab4-f92356aaa82e,800,https://schedule.vcccd.edu/,2026-04-13T19:51:05.288828+00:00,W 04:00pm - 05:15pm
9cc0efc0-f4c6-4bec-9d92-ba9acb62812a,801,https://schedule.vcccd.edu/,2026-04-13T19:51:05.288828+00:00,& Distance Education Class: Click CRN for requirements. Oxnard Online (Canvas) 10/12-12/10
6ec92608-5b77-405b-98f9-2fb8a37f325f,802,https://schedule.vcccd.edu/,2026-04-13T19:51:05.288828+00:00,"OPEN 71735 3.0 T 09:30am - 12:20pm Oxnard Art + Design 2 25 0 25 Morla, Christine 08/10-12/10 18"
6fe670ac-8084-4601-96b2-c8f7e89a1f10,803,https://schedule.vcccd.edu/,2026-04-13T19:51:05.288828+00:00,T 09:30am - 12:20pm
46e680a0-f1d2-4ac6-a9d3-743f34c7dffc,804,https://schedule.vcccd.edu/,2026-04-13T19:51:05.288828+00:00,& Distance Education Class: Click CRN for requirements. Oxnard Online (Canvas) 08/10-12/10
215b8393-a9df-4d0b-9a7d-fbcab86585f5,805,https://schedule.vcccd.edu/,2026-04-13T19:51:05.288828+00:00,"OPEN 71470 3.0 T 05:00pm - 06:15pm Oxnard Zoom Live Meeting 25 0 25 Morla, Christine 08/10-12/10 18"
93f166bf-0374-446d-bc4b-9ee2a6abcfbc,806,https://schedule.vcccd.edu/,2026-04-13T19:51:05.288828+00:00,T 05:00pm - 06:15pm
8477ece0-a89a-4fcd-b17b-3fb869f0ef12,807,https://schedule.vcccd.edu/,2026-04-13T19:51:05.288828+00:00,& Distance Education Class: Click CRN for requirements. Oxnard Online (Canvas) 08/10-12/10
9a28023d-1a20-45b7-8c86-8482f1122f8f,808,https://schedule.vcccd.edu/,2026-04-13T19:51:05.288828+00:00,"OPEN 72335 Pre/Coreq 3.0 T 05:00pm - 06:15pm Oxnard Zoom Live Meeting 25 0 25 Morla, Christine 08/10-12/10 18"
7fa8c659-bad5-49f7-a9b3-3bb4826c83d6,809,https://schedule.vcccd.edu/,2026-04-13T19:51:05.288828+00:00,T 05:00pm - 06:15pm
c1299375-1ae8-4d7b-84ac-92e6b0e5e5a8,810,https://schedule.vcccd.edu/,2026-04-13T19:51:05.288828+00:00,& Distance Education Class: Click CRN for requirements. Oxnard Online (Canvas) 08/10-12/10
58a2b587-25d0-40dc-b958-d62bd63b364f,811,https://schedule.vcccd.edu/,2026-04-13T19:51:05.288828+00:00,"OPEN 71475 Pre/Coreq 3.0 T 09:30am - 12:20pm Oxnard Art + Design 2 25 0 25 Morla, Christine 08/10-12/10 18"
a2098ce3-435c-4405-a7e3-a50632240164,812,https://schedule.vcccd.edu/,2026-04-13T19:51:05.288828+00:00,T 09:30am - 12:20pm
eaa5c588-8c9c-4bb6-8249-96056bb0ebf8,813,https://schedule.vcccd.edu/,2026-04-13T19:51:05.288828+00:00,& Distance Education Class: Click CRN for requirements. Oxnard Online (Canvas) 08/10-12/10
30e5f8aa-8c17-49a1-bc5f-694e36137370,814,https://schedule.vcccd.edu/,2026-04-13T19:51:05.288828+00:00,"OPEN 71695 3.0 M W 12:30pm - 03:20pm Oxnard Art + Design 3 25 0 25 Irie, Ichiro 08/10-12/10 18"
8839e1a8-f2e1-4af7-b321-8b70e24580b4,815,https://schedule.vcccd.edu/,2026-04-13T19:51:05.288828+00:00,M W 12:30pm - 03:20pm
afc4256d-97c8-49fd-bb6c-d2c980605bce,816,https://schedule.vcccd.edu/,2026-04-13T19:51:05.288828+00:00,"OPEN 71801 3.0 R 09:30am - 12:20pm Oxnard Art + Design 3 25 2 23 Morla, Christine 08/10-12/10 18"
0118aa0e-edd4-4ccf-b1a6-6cd43ed1c2f8,817,https://schedule.vcccd.edu/,2026-04-13T19:51:05.288828+00:00,R 09:30am - 12:20pm
1f2817e0-c8a1-438a-8b3a-77045b18d53b,818,https://schedule.vcccd.edu/,2026-04-13T19:51:05.288828+00:00,& Distance Education Class: Click CRN for requirements. Oxnard Online (Canvas) 08/10-12/10
a2889041-bb6f-4d75-a2be-61c7d8948c13,819,https://schedule.vcccd.edu/,2026-04-13T19:51:05.288828+00:00,"OPEN 71730 Pre/Coreq 3.0 M W 12:30pm - 03:20pm Oxnard Art + Design 3 25 0 25 Irie, Ichiro 08/10-12/10 18"
69f8954e-f763-4fff-9558-a52f261ff5a6,820,https://schedule.vcccd.edu/,2026-04-13T19:51:05.288828+00:00,M W 12:30pm - 03:20pm
45797b0d-0182-47d8-8399-4ec4aa038ab4,821,https://schedule.vcccd.edu/,2026-04-13T19:51:05.288828+00:00,"OPEN 71803 Pre/Coreq 3.0 R 09:30am - 12:20pm Oxnard Art + Design 3 25 0 23 Morla, Christine 08/10-12/10 18"
7919d416-6579-4cb0-9d10-dac793f614e9,822,https://schedule.vcccd.edu/,2026-04-13T19:51:05.288828+00:00,R 09:30am - 12:20pm
d003f2f5-0504-4b67-bcef-56b818cb962b,823,https://schedule.vcccd.edu/,2026-04-13T19:51:05.288828+00:00,& Distance Education Class: Click CRN for requirements. Oxnard Online (Canvas) 08/10-12/10
e345fdcd-150c-4cfc-9c6f-a9904c4968ed,824,https://schedule.vcccd.edu/,2026-04-13T19:51:05.288828+00:00,"OPEN 71858 Pre/Coreq 3.0 M W 12:30pm - 03:20pm Oxnard Art + Design 3 25 0 25 Irie, Ichiro 08/10-12/10 18"
6b29891d-4313-496f-9006-927c3e62e056,825,https://schedule.vcccd.edu/,2026-04-13T19:51:05.288828+00:00,M W 12:30pm - 03:20pm
7c948a3c-a9e2-4537-a901-5960ae835f57,826,https://schedule.vcccd.edu/,2026-04-13T19:51:05.288828+00:00,"OPEN 71809 Pre/Coreq 3.0 R 09:30am - 12:20pm Oxnard Art + Design 3 25 0 23 Morla, Christine 08/10-12/10 18"
182e8268-f221-410a-b649-a1392f1593b0,827,https://schedule.vcccd.edu/,2026-04-13T19:51:05.288828+00:00,R 09:30am - 12:20pm
6eab2062-c9d3-492c-938e-9b41c3857bd2,828,https://schedule.vcccd.edu/,2026-04-13T19:51:05.288828+00:00,& Distance Education Class: Click CRN for requirements. Oxnard Online (Canvas) 08/10-12/10
18e19ab8-f961-44d1-be2f-94e643e54196,829,https://schedule.vcccd.edu/,2026-04-13T19:51:05.288828+00:00,"OPEN 71621 3.0 T R 01:00pm - 03:50pm Oxnard Art + Design 4 25 0 25 Morla, Christine 08/10-12/10 18"
7a12de8a-d48c-46c1-8e05-03bcb1d9963d,830,https://schedule.vcccd.edu/,2026-04-13T19:51:05.288828+00:00,T R 01:00pm - 03:50pm
0424e6cc-a601-4c99-8a23-2707476275b0,831,https://schedule.vcccd.edu/,2026-04-13T19:51:05.288828+00:00,"OPEN 72081 Pre/Coreq 3.0 T R 01:00pm - 03:50pm Oxnard Art + Design 4 25 0 25 Morla, Christine 08/10-12/10 18"
474d8e7f-f751-466c-92dd-2564045e87d0,832,https://schedule.vcccd.edu/,2026-04-13T19:51:05.288828+00:00,T R 01:00pm - 03:50pm
3c83dca1-b8a9-48b6-8696-5f06279adb04,833,https://schedule.vcccd.edu/,2026-04-13T19:51:05.288828+00:00,"OPEN 70063 Pre/Coreq 3.0 T R 01:00pm - 03:50pm Oxnard Art + Design 4 25 0 25 Morla, Christine 08/10-12/10 18"
2de38840-2dfb-41fd-a4e4-a16afccda9e1,834,https://schedule.vcccd.edu/,2026-04-13T19:51:05.288828+00:00,T R 01:00pm - 03:50pm
f99bc073-b7bf-4fbf-aaf4-8ebf0a7e7004,835,https://schedule.vcccd.edu/,2026-04-13T19:51:05.288828+00:00,"OPEN 70547 3.0 M W 09:30am - 12:20pm Oxnard Art + Design 4 25 1 24 Morla, Christine 08/10-12/10 18"
9f9129b6-09a1-4cab-8be0-6ad3ed33ed74,836,https://schedule.vcccd.edu/,2026-04-13T19:51:05.288828+00:00,M W 09:30am - 12:20pm
cbf9d62c-525a-4c58-9f87-5ef386844924,837,https://schedule.vcccd.edu/,2026-04-13T19:51:05.288828+00:00,"OPEN 71810 Pre/Coreq 3.0 M W 04:00pm - 06:50pm Oxnard Art + Design 3 25 0 25 Irie, Ichiro 08/10-12/10 18"
0602cc3a-bbcd-402b-b2f8-f2fce3e1f2da,838,https://schedule.vcccd.edu/,2026-04-13T19:51:05.288828+00:00,M W 04:00pm - 06:50pm
a1fc583d-33b3-49ab-ae89-00766e0c0886,839,https://schedule.vcccd.edu/,2026-04-13T19:51:05.288828+00:00,"OPEN 71815 Pre/Coreq 3.0 M W 04:00pm - 06:50pm Oxnard Art + Design 3 25 0 25 Irie, Ichiro 08/10-12/10 18"
a25a9561-1b14-465b-b956-2e5e34009429,840,https://schedule.vcccd.edu/,2026-04-13T19:51:05.288828+00:00,M W 04:00pm - 06:50pm
30caae45-7c4e-4533-bde3-9f070aaf6016,841,https://schedule.vcccd.edu/,2026-04-13T19:51:05.288828+00:00,"OPEN 71844 Pre/Coreq 3.0 M W 04:00pm - 06:50pm Oxnard Art + Design 3 25 0 25 Irie, Ichiro 08/10-12/10 18"
8dce3d4c-9a96-41b0-8302-c2f103b574f6,842,https://schedule.vcccd.edu/,2026-04-13T19:51:05.288828+00:00,M W 04:00pm - 06:50pm
4abfddb5-148a-470d-a8ea-559a540d33c4,843,https://schedule.vcccd.edu/,2026-04-13T19:51:05.288828+00:00,"OPEN 72337 3.0 M 05:00pm - 07:50pm Oxnard Art + Design 1 25 0 25 Noot, Dakota 08/10-12/10 18"
fba8752d-4e94-480a-a3fb-54737ea40815,844,https://schedule.vcccd.edu/,2026-04-13T19:51:05.288828+00:00,M 05:00pm - 07:50pm
4aec98b8-3f6a-4f95-96fe-ff4bc7788dc0,845,https://schedule.vcccd.edu/,2026-04-13T19:51:05.288828+00:00,& Distance Education Class: Click CRN for requirements. Oxnard Online (Canvas) 08/10-12/10
b11b0b96-0c10-4c98-a1e6-0a7c7fd114f5,846,https://schedule.vcccd.edu/,2026-04-13T19:51:05.288828+00:00,"OPEN 70686 3.0 M W 01:00pm - 03:15pm Oxnard Art + Design 8 24 1 23 Bollinger, Matthew 08/10-12/10 18"
b363ac7c-11e6-44d1-97c1-ce40ab3242b9,847,https://schedule.vcccd.edu/,2026-04-13T19:51:05.288828+00:00,M W 01:00pm - 03:15pm
027ddf8d-aebd-4459-835c-1f95f331be5e,848,https://schedule.vcccd.edu/,2026-04-13T19:51:05.288828+00:00,& Distance Education Class: Click CRN for requirements. Oxnard Online (Canvas) 08/10-12/10
53ab20c6-5909-49a0-9333-3917997923a0,849,https://schedule.vcccd.edu/,2026-04-13T19:51:05.288828+00:00,"OPEN 71444 3.0 M W 10:30am - 11:45am Oxnard Art + Design 6 27 0 27 Mack, Rainer 08/10-12/10 18"
15e97ea9-6c8a-40df-a431-5d7373f0765c,850,https://schedule.vcccd.edu/,2026-04-13T19:51:05.288828+00:00,M W 10:30am - 11:45am
9ee195a4-4677-4563-8fb5-da6d3edd455a,851,https://schedule.vcccd.edu/,2026-04-13T19:51:05.288828+00:00,"OPEN 71918 3.0 M W 10:30am - 11:45am Oxnard Art + Design 6 27 0 27 Mack, Rainer 08/10-12/10 18"
64dce4da-22f5-419a-9a9c-59f69991364d,852,https://schedule.vcccd.edu/,2026-04-13T19:51:05.288828+00:00,M W 10:30am - 11:45am
dc29f773-5a55-4db0-a4ae-117d211a8d68,853,https://schedule.vcccd.edu/,2026-04-13T19:51:05.288828+00:00,"OPEN 70295 3.0 M W 04:00pm - 06:50pm Oxnard Art + Design 8 19 0 19 Bollinger, Matthew 08/10-12/10 18"
f4f931fb-3a7d-480b-95f2-2ef56fe78702,854,https://schedule.vcccd.edu/,2026-04-13T19:51:05.288828+00:00,M W 04:00pm - 06:50pm
1c26afc0-3067-4c58-9f39-0d503821d377,855,https://schedule.vcccd.edu/,2026-04-13T19:51:05.288828+00:00,"OPEN 71680 3.0 T R 04:00pm - 06:50pm Oxnard Art + Design 8 24 0 24 Bollinger, Matthew 08/10-12/10 18"
014f4c45-3170-426c-9bbe-25d184b3ad3d,856,https://schedule.vcccd.edu/,2026-04-13T19:51:05.288828+00:00,T R 04:00pm - 06:50pm
2a443d98-e5ce-45a0-9e79-c162fe4d80c3,857,https://schedule.vcccd.edu/,2026-04-13T19:51:05.288828+00:00,"OPEN 71883 Pre/Coreq 3.0 T R 04:00pm - 06:50pm Oxnard Art + Design 8 24 0 24 Bollinger, Matthew 08/10-12/10 18"
c479ff3c-9aee-46cc-ba3d-e65c7d226dc7,858,https://schedule.vcccd.edu/,2026-04-13T19:51:05.288828+00:00,T R 04:00pm - 06:50pm
e5b49f79-1825-43ac-a6e3-e5576ba5830d,859,https://schedule.vcccd.edu/,2026-04-13T19:51:05.288828+00:00,"OPEN 71871 Pre/Coreq 3.0 T R 04:00pm - 06:50pm Oxnard Art + Design 8 24 0 24 Bollinger, Matthew 08/10-12/10 18"
48f0d986-a487-4419-804d-a71189ba4dbd,860,https://schedule.vcccd.edu/,2026-04-13T19:51:05.288828+00:00,T R 04:00pm - 06:50pm
1bde1ee8-c12a-4104-ac70-811d20657312,861,https://schedule.vcccd.edu/,2026-04-13T19:51:05.288828+00:00,"OPEN 71716 3.0 M W 09:00am - 11:50am Oxnard Art + Design 8 24 0 24 Bollinger, Matthew 08/10-12/10 18"
fac684e7-e8b3-49a8-b7bf-421cf78dfc69,862,https://schedule.vcccd.edu/,2026-04-13T19:51:05.288828+00:00,M W 09:00am - 11:50am
dbec30d9-e841-49e5-9b69-f9152534c22a,863,https://schedule.vcccd.edu/,2026-04-13T19:51:05.288828+00:00,"OPEN 71755 Pre/Coreq 3.0 M W 09:00am - 11:50am Oxnard Art + Design 8 24 0 24 Bollinger, Matthew 08/10-12/10 18"
2fd25581-cff6-4916-90d3-0936b0663e55,864,https://schedule.vcccd.edu/,2026-04-13T19:51:05.288828+00:00,M W 09:00am - 11:50am
2b833de0-eb9b-4d05-95ea-bad19ce30e80,865,https://schedule.vcccd.edu/,2026-04-13T19:51:05.288828+00:00,"OPEN 70660 3.0 F 09:00am - 02:50pm Oxnard Art + Design 1 25 0 25 Noot, Dakota 08/10-12/10 18"
b74e29b6-fba1-41e5-8a24-ffcbb460d404,866,https://schedule.vcccd.edu/,2026-04-13T19:51:05.288828+00:00,F 09:00am - 02:50pm
84d1f4c6-d1d7-4529-bade-0839a872b95b,867,https://schedule.vcccd.edu/,2026-04-13T19:51:05.288828+00:00,"OPEN 71150 3.0 T R 11:30am - 02:20pm Ventura Creative Resources Ctr 204 25 0 25 Fell, Sharla 08/17-12/03 16"
777a8763-cca6-4617-81d4-faf8f69fbe6d,868,https://schedule.vcccd.edu/,2026-04-13T19:51:05.288828+00:00,T R 11:30am - 02:20pm
f72a8396-2672-47e3-829b-092572f51287,869,https://schedule.vcccd.edu/,2026-04-13T19:51:05.288828+00:00,& Distance Education Class: Click CRN for requirements. Ventura Online (Canvas) 08/17-12/03
860a3042-80f3-40f8-990c-638dc8bf1f4b,870,https://schedule.vcccd.edu/,2026-04-13T19:51:05.288828+00:00,"OPEN 73715 3.0 T R 08:00pm - 10:50pm Ventura Creative Resources Ctr 204 25 0 25 Fell, Sharla 08/17-12/03 16"
342603da-db1f-41aa-b31b-bb51f1b7dfe6,871,https://schedule.vcccd.edu/,2026-04-13T19:51:05.288828+00:00,T R 08:00pm - 10:50pm
fa48204e-09b1-4e3e-b16f-4a58649fb2f2,872,https://schedule.vcccd.edu/,2026-04-13T19:51:05.288828+00:00,& Distance Education Class: Click CRN for requirements. Ventura Online (Canvas) 08/17-12/03
6b078121-4e37-43ef-bf22-d9c0d22659fd,873,https://schedule.vcccd.edu/,2026-04-13T19:51:05.288828+00:00,"OPEN 71157 3.0 M W 08:00am - 10:50am Ventura Creative Resources Ctr 204 25 1 24 Hendrix, Maria 08/17-12/03 16"
74d8cdc3-a57c-4448-909f-df50377dc4c8,874,https://schedule.vcccd.edu/,2026-04-13T19:51:05.288828+00:00,M W 08:00am - 10:50am
04715276-6ffb-4e45-96f2-490cbb0aad81,875,https://schedule.vcccd.edu/,2026-04-13T19:51:05.288828+00:00,& Distance Education Class: Click CRN for requirements. Ventura Online (Canvas) 08/17-12/03
34d7150a-14cb-4822-81a4-e90a5a540385,876,https://schedule.vcccd.edu/,2026-04-13T19:51:05.288828+00:00,"OPEN 73428 3.0 Distance Education Class: Click CRN for requirements. Ventura Online (Canvas) 25 1 24 Fell, Sharla 09/08-11/25 12"
f166a6df-2c5e-4112-9c0e-b687ed51b8a7,877,https://schedule.vcccd.edu/,2026-04-13T19:51:05.288828+00:00,"OPEN 73118 3.0 Distance Education Class: Click CRN for requirements. Ventura Online (Canvas) 25 0 25 Fell, Sharla 09/08-11/25 12"
8ee64407-dde4-46ea-8b56-f91d167b8363,878,https://schedule.vcccd.edu/,2026-04-13T19:51:05.288828+00:00,"OPEN 79290 3.0 M W 11:30am - 02:20pm Ventura Studio Arts Building 104 22 0 22 Dahl-Nicolle, Julie 08/17-12/03 16"
dab29b90-4934-4bd7-8336-14706f5b06a8,879,https://schedule.vcccd.edu/,2026-04-13T19:51:05.288828+00:00,M W 11:30am - 02:20pm
0a6fddf4-9d5e-4279-9e76-be1dff6ea279,880,https://schedule.vcccd.edu/,2026-04-13T19:51:05.288828+00:00,& Distance Education Class: Click CRN for requirements. Ventura Online (Canvas) 08/17-12/03
a94a4f28-a59c-4f20-ae54-5d4d536e9a2c,881,https://schedule.vcccd.edu/,2026-04-13T19:51:05.288828+00:00,"OPEN 71185 3.0 M W 02:45pm - 05:20pm Ventura Studio Arts Building 104 22 0 22 Hendrix, Maria 08/17-12/03 16"
8e8b1b42-481f-4e37-aa58-1c38be9dfb7b,882,https://schedule.vcccd.edu/,2026-04-13T19:51:05.288828+00:00,M W 02:45pm - 05:20pm
9fd172fc-8377-4a34-b4b5-20ac1ac324b1,883,https://schedule.vcccd.edu/,2026-04-13T19:51:05.288828+00:00,& Distance Education Class: Click CRN for requirements. Ventura Online (Canvas) 08/17-12/03
cbac1d43-4e0c-4447-899a-7b15cd08c2b4,884,https://schedule.vcccd.edu/,2026-04-13T19:51:05.288828+00:00,"OPEN 72820 3.0 T R 08:00am - 10:50am Ventura Studio Arts Building 104 22 0 22 Pardo, Claudia 08/17-12/03 16"
47e7f392-e561-4e8d-890f-8c2933cef63b,885,https://schedule.vcccd.edu/,2026-04-13T19:51:05.288828+00:00,T R 08:00am - 10:50am
55c0cebd-502c-40e8-80ee-e103c4adac19,886,https://schedule.vcccd.edu/,2026-04-13T19:51:05.288828+00:00,& Distance Education Class: Click CRN for requirements. Ventura Online (Canvas) 08/17-12/03
1912c50b-1028-48d4-80a1-3dace37dc325,887,https://schedule.vcccd.edu/,2026-04-13T19:51:05.288828+00:00,"OPEN 71546 3.0 T R 02:45pm - 05:20pm Ventura Studio Arts Building 104 22 0 22 Day, Catherine 08/17-12/03 16"
5cd28301-5625-47ea-8b57-701bbdaf1c96,888,https://schedule.vcccd.edu/,2026-04-13T19:51:05.288828+00:00,T R 02:45pm - 05:20pm
310d3a40-1ed0-46cd-88ab-908ad8626a76,889,https://schedule.vcccd.edu/,2026-04-13T19:51:05.288828+00:00,& Distance Education Class: Click CRN for requirements. Ventura Online (Canvas) 08/17-12/03
c73c7d3f-8929-4d15-b695-d22fb680bb3d,890,https://schedule.vcccd.edu/,2026-04-13T19:51:05.288828+00:00,"OPEN 70441 Pre/Coreq 3.0 T R 11:30am - 02:20pm Ventura Studio Arts Building 103 25 0 25 Day, Catherine 08/17-12/03 16"
271b357e-9778-4870-9eab-6dd21d63efa1,891,https://schedule.vcccd.edu/,2026-04-13T19:51:05.288828+00:00,T R 11:30am - 02:20pm
82c1e250-6e3b-40e8-b9a0-36fdf4b336f0,892,https://schedule.vcccd.edu/,2026-04-13T19:51:05.288828+00:00,& Distance Education Class: Click CRN for requirements. Ventura Online (Canvas) 08/17-12/03
6632049d-bc86-4eb2-ba84-aee8132ef4f0,893,https://schedule.vcccd.edu/,2026-04-13T19:51:05.288828+00:00,"OPEN 73492 Pre/Coreq 3.0 Distance Education Class: Click CRN for requirements. Ventura Online (Canvas) 25 0 25 Day, Catherine 08/17-12/03 16"
6b50b543-b6ff-42b6-a93e-f8f281387321,894,https://schedule.vcccd.edu/,2026-04-13T19:51:05.288828+00:00,"OPEN 71196 Pre/Coreq 3.0 T R 08:00am - 10:50am Ventura Creative Resources Ctr 203 25 1 24 Young, David 08/10-12/10 18"
6b6423da-aa20-4665-8e5f-b2f3582c3675,895,https://schedule.vcccd.edu/,2026-04-13T19:51:05.288828+00:00,T R 08:00am - 10:50am
dd865958-cde7-4a61-9020-7daadd0f772c,896,https://schedule.vcccd.edu/,2026-04-13T19:51:05.288828+00:00,"OPEN 71566 Pre/Coreq 3.0 T R 08:00am - 10:50am Ventura Creative Resources Ctr 203 25 0 24 Young, David 08/10-12/10 18"
066d6ce9-4ba5-4986-ab43-a14794b1f572,897,https://schedule.vcccd.edu/,2026-04-13T19:51:05.288828+00:00,T R 08:00am - 10:50am
634a087a-76cc-45a0-a7e6-e41168e0f51f,898,https://schedule.vcccd.edu/,2026-04-13T19:51:05.288828+00:00,"OPEN 71574 Pre/Coreq 3.0 T R 08:00am - 10:50am Ventura Creative Resources Ctr 203 25 0 24 Young, David 08/10-12/10 18"
7cbe1047-0166-4faf-9954-aca649b242f1,899,https://schedule.vcccd.edu/,2026-04-13T19:51:05.288828+00:00,T R 08:00am - 10:50am
a1fe25ff-2f0f-4f2f-bcb4-0050f0e4f742,900,https://schedule.vcccd.edu/,2026-04-13T19:51:05.288828+00:00,"OPEN 70085 Pre/Coreq 3.0 T R 08:00am - 10:50am Ventura Creative Resources Ctr 203 25 0 24 Young, David 08/10-12/10 18"
67131cbc-f7e0-4bbc-8c21-25353415590b,901,https://schedule.vcccd.edu/,2026-04-13T19:51:05.288828+00:00,T R 08:00am - 10:50am
711d81e9-d991-420b-b548-3ca23134084e,902,https://schedule.vcccd.edu/,2026-04-13T19:51:05.288828+00:00,"OPEN 72032 Pre/Coreq 3.0 T R 11:30am - 02:20pm Ventura Creative Resources Ctr 203 25 0 25 Young, David 08/10-12/10 18"
bb307621-e34c-44ec-ae3c-d4780b92eea9,903,https://schedule.vcccd.edu/,2026-04-13T19:51:05.288828+00:00,T R 11:30am - 02:20pm
8c8fd475-61dd-4ee7-93ec-2757249498a6,904,https://schedule.vcccd.edu/,2026-04-13T19:51:05.288828+00:00,"OPEN 72135 Pre/Coreq 3.0 T R 11:30am - 02:20pm Ventura Creative Resources Ctr 203 25 0 25 Young, David 08/10-12/10 18"
6d912038-6a45-4b7e-a537-1107f9330ba5,905,https://schedule.vcccd.edu/,2026-04-13T19:51:05.288828+00:00,T R 11:30am - 02:20pm
195bf1d0-7e4e-47f5-8dad-06fa9cd65641,906,https://schedule.vcccd.edu/,2026-04-13T19:51:05.288828+00:00,"OPEN 72206 Pre/Coreq 3.0 T R 11:30am - 02:20pm Ventura Creative Resources Ctr 203 25 0 25 Young, David 08/10-12/10 18"
43c02eae-7c0c-4518-8e83-0b2652fdb249,907,https://schedule.vcccd.edu/,2026-04-13T19:51:05.288828+00:00,T R 11:30am - 02:20pm
859c3194-2ffc-4842-93e2-1b52fe8cca72,908,https://schedule.vcccd.edu/,2026-04-13T19:51:05.288828+00:00,"OPEN 71204 Pre/Coreq 3.0 M W 02:45pm - 05:40pm Ventura Studio Arts Building 103 25 0 25 Dahl-Nicolle, Julie 08/10-12/10 18"
091b7d12-b5f6-4c9c-84e7-ab7a58776fbb,909,https://schedule.vcccd.edu/,2026-04-13T19:51:05.288828+00:00,M W 02:45pm - 05:40pm
97109289-85d5-4565-a924-340eac375e0f,910,https://schedule.vcccd.edu/,2026-04-13T19:51:05.288828+00:00,"OPEN 71206 Pre/Coreq 3.0 T R 11:30am - 02:20pm Ventura Creative Resources Ctr 203 25 0 25 Young, David 08/10-12/10 18"
7c113153-f1bc-4723-9b49-7ea78e3e56c3,911,https://schedule.vcccd.edu/,2026-04-13T19:51:05.288828+00:00,T R 11:30am - 02:20pm
fa0e6264-16a7-40c3-af2c-ff21f2fa75d7,912,https://schedule.vcccd.edu/,2026-04-13T19:51:05.288828+00:00,"OPEN 76760 3.0 M W 08:00am - 11:15am Ventura Studio Arts Building 101 25 0 25 Damiani, Luke 08/17-12/03 16"
673a1c9f-22f6-437a-a602-01a2b1ac4752,913,https://schedule.vcccd.edu/,2026-04-13T19:51:05.288828+00:00,M W 08:00am - 11:15am
e0aca926-8665-4000-b448-ac06e3eb3814,914,https://schedule.vcccd.edu/,2026-04-13T19:51:05.288828+00:00,"OPEN 71216 Pre/Coreq 3.0 T R 11:30am - 02:20pm Ventura Creative Resources Ctr 203 25 0 25 Young, David 08/10-12/10 18"
84f8ecc6-0734-4fad-a965-04f1e4d976d8,915,https://schedule.vcccd.edu/,2026-04-13T19:51:05.288828+00:00,T R 11:30am - 02:20pm
b5cd34fb-527b-4a02-81c4-7e3c6dbf0fee,916,https://schedule.vcccd.edu/,2026-04-13T19:51:05.288828+00:00,"OPEN 70945 Pre/Coreq 3.0 T R 11:30am - 02:20pm Ventura Creative Resources Ctr 203 25 0 25 Young, David 08/10-12/10 18"
2bc682b8-1015-4ad2-99f0-70319901ba5d,917,https://schedule.vcccd.edu/,2026-04-13T19:51:05.288828+00:00,T R 11:30am - 02:20pm
9a773fac-f81a-4396-a3ef-0aa1db2d41d1,918,https://schedule.vcccd.edu/,2026-04-13T19:51:05.288828+00:00,"OPEN 72342 3.0 M W 11:30am - 02:45pm Ventura Studio Arts Building 101 25 0 25 Damiani, Luke 08/17-12/03 16"
4bcae556-63e9-4d2a-b89b-58dfe2927f4f,919,https://schedule.vcccd.edu/,2026-04-13T19:51:05.288828+00:00,M W 11:30am - 02:45pm
95146743-6c99-4090-aae0-5e354d477ac6,920,https://schedule.vcccd.edu/,2026-04-13T19:51:05.288828+00:00,"OPEN 72344 Pre/Coreq 3.0 M W 11:30am - 02:45pm Ventura Studio Arts Building 101 25 0 25 Damiani, Luke 08/17-12/03 16"
37dc5bab-904d-4aef-bd26-b404cacd37a3,921,https://schedule.vcccd.edu/,2026-04-13T19:51:05.288828+00:00,M W 11:30am - 02:45pm
0a25d6a3-58e5-4407-bc72-978aa69ef1f5,922,https://schedule.vcccd.edu/,2026-04-13T19:51:05.288828+00:00,"OPEN 72349 Pre/Coreq 3.0 M W 11:30am - 02:45pm Ventura Studio Arts Building 101 25 0 25 Damiani, Luke 08/17-12/03 16"
978e3b62-f406-4102-ade9-18ebf4d9cf7f,923,https://schedule.vcccd.edu/,2026-04-13T19:51:05.288828+00:00,M W 11:30am - 02:45pm
71d445d4-8def-4bae-9075-2f4947b96aff,924,https://schedule.vcccd.edu/,2026-04-13T19:51:05.288828+00:00,"OPEN 72357 Pre/Coreq 3.0 M W 11:30am - 02:45pm Ventura Studio Arts Building 101 25 0 25 Damiani, Luke 08/17-12/03 16"
cbd74101-8843-47d0-89d8-cd712b5c93e8,925,https://schedule.vcccd.edu/,2026-04-13T19:51:05.288828+00:00,M W 11:30am - 02:45pm
65dde35f-ac29-4c19-90c6-b85d60ce4d57,926,https://schedule.vcccd.edu/,2026-04-13T19:51:05.288828+00:00,"OPEN 71635 Pre/Coreq 3.0 M W 11:30am - 02:20pm Ventura Creative Resources Ctr 204 25 1 24 Young, David 08/10-12/10 18"
066c0798-f588-4f04-bee9-93d98eb1c93f,927,https://schedule.vcccd.edu/,2026-04-13T19:51:05.288828+00:00,M W 11:30am - 02:20pm
965f99e4-b849-494f-bc82-da4a96769c83,928,https://schedule.vcccd.edu/,2026-04-13T19:51:05.288828+00:00,"OPEN 71477 Pre/Coreq 3.0 M W 02:45pm - 05:40pm Ventura Studio Arts Building 103 25 0 25 Dahl-Nicolle, Julie 08/10-12/10 18"
8a25de3a-d640-43fe-bb0c-24129fec1317,929,https://schedule.vcccd.edu/,2026-04-13T19:51:05.288828+00:00,M W 02:45pm - 05:40pm
1fb28330-b2ad-4b30-934a-d950f0d9a340,930,https://schedule.vcccd.edu/,2026-04-13T19:51:05.288828+00:00,"OPEN 71478 Pre/Coreq 3.0 T R 11:30am - 02:20pm Ventura Creative Resources Ctr 203 25 0 25 Young, David 08/10-12/10 18"
6cb56987-fd05-4753-b6b0-cb1fbaedaacc,931,https://schedule.vcccd.edu/,2026-04-13T19:51:05.288828+00:00,T R 11:30am - 02:20pm
7f0ad257-a797-4975-8346-a0105574378f,932,https://schedule.vcccd.edu/,2026-04-13T19:51:05.288828+00:00,"OPEN 71480 Pre/Coreq 3.0 T R 11:30am - 02:20pm Ventura Creative Resources Ctr 203 25 0 25 Young, David 08/10-12/10 18"
f197177f-ed8c-4b53-afc6-211fc9b360a6,933,https://schedule.vcccd.edu/,2026-04-13T19:51:05.288828+00:00,T R 11:30am - 02:20pm
d8d3fe0d-ee3d-45f8-8578-b32c5be9410e,934,https://schedule.vcccd.edu/,2026-04-13T19:51:05.288828+00:00,"OPEN 71482 Pre/Coreq 3.0 T R 11:30am - 02:20pm Ventura Creative Resources Ctr 203 25 0 25 Young, David 08/10-12/10 18"
ebd7937d-b010-4315-8fa2-4a3de405cd57,935,https://schedule.vcccd.edu/,2026-04-13T19:51:05.288828+00:00,T R 11:30am - 02:20pm
f0b12bd4-ea39-40fa-98ae-473a194070a6,936,https://schedule.vcccd.edu/,2026-04-13T19:51:05.288828+00:00,"OPEN 70260 3.0 F 09:00am - 03:40pm Ventura Studio Arts Building 102 25 1 24 Kessler, Charles 08/17-12/03 16"
13661d7c-8ebf-4f35-a5b4-24e4495efc56,937,https://schedule.vcccd.edu/,2026-04-13T19:51:05.288828+00:00,F 09:00am - 03:40pm
9a25a717-f351-460c-9b7f-9d267fac3542,938,https://schedule.vcccd.edu/,2026-04-13T19:51:05.288828+00:00,"OPEN 72958 Pre/Coreq 3.0 F 09:00am - 03:40pm Ventura Studio Arts Building 102 25 0 24 Kessler, Charles 08/17-12/03 16"
6d9e7496-0e8e-4442-8cc6-6efb6b916a73,939,https://schedule.vcccd.edu/,2026-04-13T19:51:05.288828+00:00,F 09:00am - 03:40pm
3e0b601b-36cf-4884-952d-2824586ff695,940,https://schedule.vcccd.edu/,2026-04-13T19:51:05.288828+00:00,"OPEN 72959 Pre/Coreq 3.0 F 09:00am - 03:40pm Ventura Studio Arts Building 102 25 0 24 Kessler, Charles 08/17-12/03 16"
b3036df3-3af1-46dc-8e5c-a2a352035df9,941,https://schedule.vcccd.edu/,2026-04-13T19:51:05.288828+00:00,F 09:00am - 03:40pm
aa75a2bc-2caa-4d44-9b48-e7c770d43ab5,942,https://schedule.vcccd.edu/,2026-04-13T19:51:05.288828+00:00,"OPEN 72960 Pre/Coreq 3.0 F 09:00am - 03:40pm Ventura Studio Arts Building 102 25 0 24 Kessler, Charles 08/17-12/03 16"
eaeccb37-24d0-4bf7-bc59-b8df02c77122,943,https://schedule.vcccd.edu/,2026-04-13T19:51:05.288828+00:00,F 09:00am - 03:40pm
cbb89da5-8848-42e6-8daf-445d0d4a17cb,944,https://schedule.vcccd.edu/,2026-04-13T19:51:05.288828+00:00,"OPEN 71804 3.0 M W 11:30am - 02:40pm Ventura Studio Arts Building 102 25 0 25 Wu, Jenchi 08/17-12/03 16"
5f1fcef5-2448-43d3-ba18-d758b86b6a74,945,https://schedule.vcccd.edu/,2026-04-13T19:51:05.288828+00:00,M W 11:30am - 02:40pm
92646bb5-7087-4f4a-8225-e6236e0a9c57,946,https://schedule.vcccd.edu/,2026-04-13T19:51:05.288828+00:00,"OPEN 73169 3.0 T R 08:00am - 11:10am Ventura Studio Arts Building 102 25 0 25 Wu, Jenchi 08/17-12/03 16"
ce25f877-552c-4c1e-9435-81b06b9ec20d,947,https://schedule.vcccd.edu/,2026-04-13T19:51:05.288828+00:00,T R 08:00am - 11:10am
0aacfd53-43c8-4820-a8d1-1709697b6c9f,948,https://schedule.vcccd.edu/,2026-04-13T19:51:05.288828+00:00,"OPEN 71534 3.0 M W 06:30pm - 09:40pm Ventura Studio Arts Building 102 25 0 25 Kessler, Charles 08/17-12/03 16"
1e398f18-e55c-41a1-9275-4719b378eb81,949,https://schedule.vcccd.edu/,2026-04-13T19:51:05.288828+00:00,M W 06:30pm - 09:40pm
27cdf48e-ba40-4df2-a980-d2188d4b9cd0,950,https://schedule.vcccd.edu/,2026-04-13T19:51:05.288828+00:00,"OPEN 73151 3.0 T R 11:30am - 02:40pm Ventura Studio Arts Building 102 25 1 24 Wu, Jenchi 08/17-12/03 16"
c217feb2-7a57-4b9b-b964-ca2d25ba6079,951,https://schedule.vcccd.edu/,2026-04-13T19:51:05.288828+00:00,T R 11:30am - 02:40pm
200f735b-9a8e-437a-9653-890e1fd176cc,952,https://schedule.vcccd.edu/,2026-04-13T19:51:05.288828+00:00,"OPEN 71811 Pre/Coreq 3.0 M W 11:30am - 02:40pm Ventura Studio Arts Building 102 25 0 25 Wu, Jenchi 08/17-12/03 16"
bea08207-dbc2-492a-aaa8-ff063bf1d019,953,https://schedule.vcccd.edu/,2026-04-13T19:51:05.288828+00:00,M W 11:30am - 02:40pm
754afa69-fd21-4fb0-864e-f8839ba5e033,954,https://schedule.vcccd.edu/,2026-04-13T19:51:05.288828+00:00,"OPEN 73170 Pre/Coreq 3.0 T R 08:00am - 11:10am Ventura Studio Arts Building 102 25 0 25 Wu, Jenchi 08/17-12/03 16"
453f7f61-0580-4b40-8e98-6153b7564e4d,955,https://schedule.vcccd.edu/,2026-04-13T19:51:05.288828+00:00,T R 08:00am - 11:10am
c85ddb78-8b4d-4917-afde-388f0ae62b88,956,https://schedule.vcccd.edu/,2026-04-13T19:51:05.288828+00:00,"OPEN 71807 Pre/Coreq 3.0 M W 06:30pm - 09:40pm Ventura Studio Arts Building 102 25 0 25 Kessler, Charles 08/17-12/03 16"
18d0a30e-09ec-4a7c-8e4b-b5eeb4d6c97d,957,https://schedule.vcccd.edu/,2026-04-13T19:51:05.288828+00:00,M W 06:30pm - 09:40pm
76349cfd-fb4f-4a86-bd92-85630b87781a,958,https://schedule.vcccd.edu/,2026-04-13T19:51:05.288828+00:00,"OPEN 72751 Pre/Coreq 3.0 T R 11:30am - 02:40pm Ventura Studio Arts Building 102 25 0 24 Wu, Jenchi 08/17-12/03 16"
b8f303e0-b774-45f4-8328-ee40cd92d889,959,https://schedule.vcccd.edu/,2026-04-13T19:51:05.288828+00:00,T R 11:30am - 02:40pm
f6d464a6-67ac-4c9c-93ca-be7a4d3a0e20,960,https://schedule.vcccd.edu/,2026-04-13T19:51:05.288828+00:00,"OPEN 71820 Pre/Coreq 3.0 M W 11:30am - 02:40pm Ventura Studio Arts Building 102 25 0 25 Wu, Jenchi 08/17-12/03 16"
d78c63c2-fa56-445b-84c7-c76155b31df6,961,https://schedule.vcccd.edu/,2026-04-13T19:51:05.288828+00:00,M W 11:30am - 02:40pm
6a974953-6326-4994-ae3c-7dce69f920da,962,https://schedule.vcccd.edu/,2026-04-13T19:51:05.288828+00:00,"OPEN 73171 Pre/Coreq 3.0 T R 08:00am - 11:10am Ventura Studio Arts Building 102 25 0 25 Wu, Jenchi 08/17-12/03 16"
d64abb12-4c40-411f-9ece-19485cf4dd8d,963,https://schedule.vcccd.edu/,2026-04-13T19:51:05.288828+00:00,T R 08:00am - 11:10am
93d423e7-8be2-44b7-a2ae-0713402890b7,964,https://schedule.vcccd.edu/,2026-04-13T19:51:05.288828+00:00,"OPEN 71813 Pre/Coreq 3.0 M W 06:30pm - 09:40pm Ventura Studio Arts Building 102 25 0 25 Kessler, Charles 08/17-12/03 16"
89b9a374-52f3-4cc1-93bd-4335d051f69e,965,https://schedule.vcccd.edu/,2026-04-13T19:51:05.288828+00:00,M W 06:30pm - 09:40pm
f0b9d7a5-2f5b-4f48-ab34-f959ba0d3635,966,https://schedule.vcccd.edu/,2026-04-13T19:51:05.288828+00:00,"OPEN 72753 Pre/Coreq 3.0 T R 11:30am - 02:40pm Ventura Studio Arts Building 102 25 0 24 Wu, Jenchi 08/17-12/03 16"
a47ad966-b367-4fa6-bb21-4a89e7787719,967,https://schedule.vcccd.edu/,2026-04-13T19:51:05.288828+00:00,T R 11:30am - 02:40pm
31a5d6c4-b0c3-407d-b07b-018b3e89089e,968,https://schedule.vcccd.edu/,2026-04-13T19:51:05.288828+00:00,"OPEN 71831 Pre/Coreq 3.0 M W 11:30am - 02:40pm Ventura Studio Arts Building 102 25 0 25 Wu, Jenchi 08/17-12/03 16"
8bee8706-c6c2-4f5b-9bec-bada8f3f01f4,969,https://schedule.vcccd.edu/,2026-04-13T19:51:05.288828+00:00,M W 11:30am - 02:40pm
a0c3ec45-4c5d-4b86-91ee-dbf9923cb075,970,https://schedule.vcccd.edu/,2026-04-13T19:51:05.288828+00:00,"OPEN 73172 Pre/Coreq 3.0 T R 08:00am - 11:10am Ventura Studio Arts Building 102 25 0 25 Wu, Jenchi 08/17-12/03 16"
f0f854ce-aa7d-4c15-b1e6-f4124657e469,971,https://schedule.vcccd.edu/,2026-04-13T19:51:05.288828+00:00,T R 08:00am - 11:10am
c1a30edf-8b9e-40ec-9775-11a5a3402876,972,https://schedule.vcccd.edu/,2026-04-13T19:51:05.288828+00:00,"OPEN 72213 Pre/Coreq 3.0 M W 06:30pm - 09:40pm Ventura Studio Arts Building 102 25 0 25 Kessler, Charles 08/17-12/03 16"
a90a072d-c96d-454a-ba85-b3e62bbdddd0,973,https://schedule.vcccd.edu/,2026-04-13T19:51:05.288828+00:00,M W 06:30pm - 09:40pm
58435e7e-9262-4df8-94b0-de6c5e15435a,974,https://schedule.vcccd.edu/,2026-04-13T19:51:05.288828+00:00,"OPEN 72756 Pre/Coreq 3.0 T R 11:30am - 02:40pm Ventura Studio Arts Building 102 25 0 24 Wu, Jenchi 08/17-12/03 16"
1032d350-a173-4b38-88cb-cac3e38af789,975,https://schedule.vcccd.edu/,2026-04-13T19:51:05.288828+00:00,T R 11:30am - 02:40pm
28f9295d-532f-43ac-93f5-1f5099076ed9,976,https://schedule.vcccd.edu/,2026-04-13T19:51:05.288828+00:00,"OPEN 72570 3.0 Distance Education Class: Click CRN for requirements. Ventura Online (Canvas) 40 0 40 Kwan, Danielle 08/17-12/03 16"
25724e9e-166f-4d24-bbd6-0dbee9f9efae,977,https://schedule.vcccd.edu/,2026-04-13T19:51:05.288828+00:00,"OPEN 73583 3.0 Distance Education Class: Click CRN for requirements. Ventura Online (Canvas) 35 0 35 Van Oostende, Jennifer 09/08-11/25 12"
9c3bf030-92d0-42df-90d2-3eb95fca0d33,978,https://schedule.vcccd.edu/,2026-04-13T19:51:05.288828+00:00,"OPEN 73285 Pre/Coreq 3.0 Distance Education Class: Click CRN for requirements. Ventura Online (Canvas) 46 0 46 Van Oostende, Jennifer 08/17-12/03 16"
21530c8e-4960-4736-a9cc-499472e2cab8,979,https://schedule.vcccd.edu/,2026-04-13T19:51:05.288828+00:00,"OPEN 71688 3.0 M W 01:00pm - 02:15pm Oxnard Letters & Science 8 10 0 10 Mack, Rainer 08/10-12/10 18"
00bfeb69-1128-481d-b8b8-d63b9976a68d,980,https://schedule.vcccd.edu/,2026-04-13T19:51:05.288828+00:00,M W 01:00pm - 02:15pm
d2e068e7-bdad-44cc-9df8-dd8ebc683209,981,https://schedule.vcccd.edu/,2026-04-13T19:51:05.288828+00:00,"OPEN 71276 3.0 T 09:00am - 10:15am Moorpark Zoom Web Live Meeting 50 0 50 Klein, Jennifer 08/10-12/10 18"
1c759cfd-eef3-4cfe-87dd-f1b824a7d115,982,https://schedule.vcccd.edu/,2026-04-13T19:51:05.288828+00:00,T 09:00am - 10:15am
64a63109-de9d-4ffa-a344-4c682552f567,983,https://schedule.vcccd.edu/,2026-04-13T19:51:05.288828+00:00,& Distance Education Class: Click CRN for requirements. Moorpark Online (Canvas) 08/10-12/10
bf11f970-c07b-492b-a1d0-9135dcdc65c4,984,https://schedule.vcccd.edu/,2026-04-13T19:51:05.288828+00:00,"OPEN 71271 3.0 W 01:00pm - 02:15pm Technology Business 108 36 0 36 Etman, Lydia 08/10-12/10 18"
67ea6e42-2994-4ee0-be6a-69b1054a2fb0,985,https://schedule.vcccd.edu/,2026-04-13T19:51:05.288828+00:00,W 01:00pm - 02:15pm
3a5470ec-a79c-4e7d-8e22-ce07138470aa,986,https://schedule.vcccd.edu/,2026-04-13T19:51:05.288828+00:00,& Distance Education Class: Click CRN for requirements. Moorpark Online (Canvas) 08/10-12/10
42b85cf7-7aa1-4ffa-a5b7-2fc70086e281,987,https://schedule.vcccd.edu/,2026-04-13T19:51:05.288828+00:00,"OPEN 71679 3.0 M W 01:00pm - 02:15pm Oxnard Letters & Science 8 45 0 45 Mack, Rainer 08/10-12/10 18"
a19395c5-6d9d-4fe9-821d-3b499577f7cc,988,https://schedule.vcccd.edu/,2026-04-13T19:51:05.288828+00:00,M W 01:00pm - 02:15pm
01e1f509-4a3c-41e0-87c8-b38adcd252f5,989,https://schedule.vcccd.edu/,2026-04-13T19:51:05.288828+00:00,"OPEN 71760 3.0 M 10:00am - 11:15am Ventura MultidisciplinaryCtrE 336 27 0 27 Werness-Rude, Maline 08/17-12/03 16"
68e3d23a-75a2-4fbb-93bf-298ddc431437,990,https://schedule.vcccd.edu/,2026-04-13T19:51:05.288828+00:00,M 10:00am - 11:15am
12a4c87d-59e7-4ab8-a326-4ee7c94adb6b,991,https://schedule.vcccd.edu/,2026-04-13T19:51:05.288828+00:00,& Distance Education Class: Click CRN for requirements. Ventura Online (Canvas) 08/17-12/03
b8a490dd-f498-470e-bd56-2e638099988d,992,https://schedule.vcccd.edu/,2026-04-13T19:51:05.288828+00:00,"OPEN 71763 3.0 T 10:00am - 11:15am Ventura MultidisciplinaryCtrE 336 27 0 27 Bittl, Ann 08/17-12/03 16"
d57cc4a7-274b-41f7-9d70-9737e040fc53,993,https://schedule.vcccd.edu/,2026-04-13T19:51:05.288828+00:00,T 10:00am - 11:15am
554027f9-5936-4b1a-98f5-a6da4749b005,994,https://schedule.vcccd.edu/,2026-04-13T19:51:05.288828+00:00,& Distance Education Class: Click CRN for requirements. Ventura Online (Canvas) 08/17-12/03
b358b0d1-252a-4045-b136-29f5779d5b00,995,https://schedule.vcccd.edu/,2026-04-13T19:51:05.288828+00:00,"OPEN 71295 3.0 T 11:00am - 12:15pm Moorpark Zoom Web Live Meeting 50 1 49 Klein, Jennifer 08/10-12/10 18"
fd152696-f6b8-4033-9cf1-c6e8655c1587,996,https://schedule.vcccd.edu/,2026-04-13T19:51:05.288828+00:00,T 11:00am - 12:15pm
cf064d0f-4d4a-4165-83a6-dddd728f4cbd,997,https://schedule.vcccd.edu/,2026-04-13T19:51:05.288828+00:00,& Distance Education Class: Click CRN for requirements. Moorpark Online (Canvas) 08/10-12/10
864b70ad-c816-495d-85e3-734cd44dd05f,998,https://schedule.vcccd.edu/,2026-04-13T19:51:05.288828+00:00,"OPEN 71351 3.0 Distance Education Class: Click CRN for requirements. Moorpark Online (Canvas) 50 3 47 Antonich Matic, Aleksandra 08/10-12/10 18"
9b979f07-e151-4c43-958b-eadab8175ca4,999,https://schedule.vcccd.edu/,2026-04-13T19:51:05.288828+00:00,"OPEN 72424 3.0 W 10:00am - 11:15am Ventura MultidisciplinaryCtrE 336 27 0 27 Bittl, Ann 08/17-12/03 16"
91dd3c1b-ee16-44c0-967a-641188bfe7c3,1000,https://schedule.vcccd.edu/,2026-04-13T19:51:05.288828+00:00,W 10:00am - 11:15am
cb00665b-76b9-42ee-9793-1dcc998f7a16,1001,https://schedule.vcccd.edu/,2026-04-13T19:51:05.288828+00:00,& Distance Education Class: Click CRN for requirements. Ventura Online (Canvas) 08/17-12/03
095de465-98ad-4fbd-8705-9ad55c513e94,1002,https://schedule.vcccd.edu/,2026-04-13T19:51:05.288828+00:00,"OPEN 72971 3.0 Distance Education Class: Click CRN for requirements. Moorpark Online (Canvas) 25 0 25 Etman, Lydia 08/10-12/10 18"
2a275fd9-85cc-4a1f-b0a1-5905a936149d,1003,https://schedule.vcccd.edu/,2026-04-13T19:51:05.288828+00:00,"OPEN 73112 3.0 Distance Education Class: Click CRN for requirements. Moorpark Online (Canvas) 25 0 25 Etman, Lydia 08/10-12/10 18"
5409bb15-5420-49bc-988d-74469d86ab74,1004,https://schedule.vcccd.edu/,2026-04-13T19:51:05.288828+00:00,"OPEN 71200 3.0 Distance Education Class: Click CRN for requirements. Moorpark Online (Canvas) 50 0 50 Etman, Lydia 08/10-12/10 18"
02622360-4f2f-4f28-be9f-e231851732ed,1005,https://schedule.vcccd.edu/,2026-04-13T19:51:05.288828+00:00,"OPEN 71267 3.0 Distance Education Class: Click CRN for requirements. Moorpark Online (Canvas) 50 0 50 Antonich Matic, Aleksandra 08/10-12/10 18"
33e6e161-d1ec-40f5-98bf-7a679bac8195,1006,https://schedule.vcccd.edu/,2026-04-13T19:51:05.288828+00:00,"OPEN 71231 3.0 Distance Education Class: Click CRN for requirements. Moorpark Online (Canvas) 50 0 50 Etman, Lydia 10/12-12/03 8"
801cdb79-3f2c-4f7c-8c82-349d9fba6dd3,1007,https://schedule.vcccd.edu/,2026-04-13T19:51:05.288828+00:00,"OPEN 73049 3.0 Distance Education Class: Click CRN for requirements. Moorpark Online (Canvas) 50 1 49 Klein, Jennifer 08/10-12/10 18"
4d2ef3f0-0836-4982-90df-642586abf6f7,1008,https://schedule.vcccd.edu/,2026-04-13T19:51:05.288828+00:00,"OPEN 72147 3.0 Distance Education Class: Click CRN for requirements. Moorpark Online (Canvas) 30 0 30 Antonich Matic, Aleksandra 08/10-10/02 8"
ac824884-a9a2-47d7-857b-e5dc4a1b9772,1009,https://schedule.vcccd.edu/,2026-04-13T19:51:05.288828+00:00,"OPEN 72189 3.0 Distance Education Class: Click CRN for requirements. Moorpark Online (Canvas) 30 0 30 Etman, Lydia 10/12-12/03 8"
96a341f9-bc9f-41b7-a93a-245a300514d4,1010,https://schedule.vcccd.edu/,2026-04-13T19:51:05.288828+00:00,"OPEN 71392 3.0 W 04:00pm - 05:15pm Technology Business 108 36 1 35 Etman, Lydia 08/10-12/10 18"
a93d3ad8-928c-43c7-bf36-79dcccf69b2f,1011,https://schedule.vcccd.edu/,2026-04-13T19:51:05.288828+00:00,W 04:00pm - 05:15pm
a511ad70-d007-4522-a1ae-9cafaf3ea459,1012,https://schedule.vcccd.edu/,2026-04-13T19:51:05.288828+00:00,& Distance Education Class: Click CRN for requirements. Moorpark Online (Canvas) 08/10-12/10
879a4f1e-2c75-450c-b022-a8282bcab13f,1013,https://schedule.vcccd.edu/,2026-04-13T19:51:05.288828+00:00,"OPEN 70002 3.0 M 10:00am - 11:15am Ventura Creative Resources Ctr 201 50 0 50 Hagel, Laura 08/17-12/03 16"
b18639d4-eaef-43fd-9185-dc3777bb7919,1014,https://schedule.vcccd.edu/,2026-04-13T19:51:05.288828+00:00,M 10:00am - 11:15am
32922682-096d-42ca-b775-5fa18b0f85d8,1015,https://schedule.vcccd.edu/,2026-04-13T19:51:05.288828+00:00,& Distance Education Class: Click CRN for requirements. Ventura Online (Canvas) 08/17-12/03
ebf578f9-5524-4207-96f4-c3313dd780c1,1016,https://schedule.vcccd.edu/,2026-04-13T19:51:05.288828+00:00,"OPEN 70159 3.0 T 11:30am - 12:45pm Ventura Creative Resources Ctr 201 50 0 50 Haddad, Amira 08/17-12/04 16"
546ce7ad-7780-4709-bd10-92e557b70a73,1017,https://schedule.vcccd.edu/,2026-04-13T19:51:05.288828+00:00,T 11:30am - 12:45pm
f70e9a5e-f37d-44d6-b656-67fe30001d27,1018,https://schedule.vcccd.edu/,2026-04-13T19:51:05.288828+00:00,& Distance Education Class: Click CRN for requirements. Ventura Online (Canvas) 08/17-12/04
2afe4b32-72f6-4544-b62b-36a6afb38d67,1019,https://schedule.vcccd.edu/,2026-04-13T19:51:05.288828+00:00,"OPEN 70372 3.0 T R 01:00pm - 02:15pm Ventura Creative Resources Ctr 201 50 0 50 Hagel, Laura 10/05-11/25 8"
9a2b9650-74ca-49d8-8980-0af092b02f4b,1020,https://schedule.vcccd.edu/,2026-04-13T19:51:05.288828+00:00,T R 01:00pm - 02:15pm
f618eead-817c-4808-b3ee-41ee446c570e,1021,https://schedule.vcccd.edu/,2026-04-13T19:51:05.288828+00:00,& Distance Education Class: Click CRN for requirements. Ventura Online (Canvas) 10/05-11/25
3e56630d-f228-4639-adaf-1bddf7657a52,1022,https://schedule.vcccd.edu/,2026-04-13T19:51:05.288828+00:00,"OPEN 71523 3.0 Distance Education Class: Click CRN for requirements. Ventura Online (Canvas) 46 0 46 Phelps, Margaret 08/10-10/02 8"
d3a65a02-71a5-4bce-910e-72e8b9c2d412,1023,https://schedule.vcccd.edu/,2026-04-13T19:51:05.288828+00:00,"OPEN 71568 3.0 Distance Education Class: Click CRN for requirements. Ventura Online (Canvas) 46 0 46 Werness-Rude, Maline 08/10-10/02 8"
b38cb5ce-22ce-4035-a8b9-0419a6b4db76,1024,https://schedule.vcccd.edu/,2026-04-13T19:51:05.288828+00:00,"OPEN 70429 3.0 Distance Education Class: Click CRN for requirements. Ventura Online (Canvas) 46 0 46 Haddad, Amira 08/17-12/03 16"
b8b0ea4c-bd84-431c-8a7c-adc0b2de87c4,1025,https://schedule.vcccd.edu/,2026-04-13T19:51:05.288828+00:00,"OPEN 70947 3.0 Distance Education Class: Click CRN for requirements. Ventura Online (Canvas) 46 0 46 Phelps, Margaret 08/17-12/03 16"
8368812b-eece-4f2c-90f8-7fd9f391ea47,1026,https://schedule.vcccd.edu/,2026-04-13T19:51:05.288828+00:00,"OPEN 70979 3.0 Distance Education Class: Click CRN for requirements. Ventura Online (Canvas) 46 0 46 Haddad, Amira 09/08-11/25 12"
4b567f8e-1518-419b-a1f6-c07dfdf8b8c0,1027,https://schedule.vcccd.edu/,2026-04-13T19:51:05.288828+00:00,"OPEN 71080 3.0 Distance Education Class: Click CRN for requirements. Ventura Online (Canvas) 46 0 46 Hagel, Laura 09/08-11/25 12"
93f3a3c3-7eed-410b-aed0-5126d2a5d32d,1028,https://schedule.vcccd.edu/,2026-04-13T19:51:05.288828+00:00,"OPEN 71599 3.0 Distance Education Class: Click CRN for requirements. Ventura Online (Canvas) 46 0 46 Phelps, Margaret 10/05-11/25 8"
21b6bb19-2e2e-452b-8175-46ab4059e423,1029,https://schedule.vcccd.edu/,2026-04-13T19:51:05.288828+00:00,"OPEN 71229 3.0 Distance Education Class: Click CRN for requirements. Ventura Online (Canvas) 46 1 45 Bittl, Ann 08/10-10/02 8"
1c35a13b-d592-4a0b-ad06-ff59c8fcdf39,1030,https://schedule.vcccd.edu/,2026-04-13T19:51:05.288828+00:00,"OPEN 72750 3.0 Distance Education Class: Click CRN for requirements. Ventura Online (Canvas) 46 0 46 Werness-Rude, Maline 09/08-11/25 12"
5a37a81e-69e2-4924-8556-5463057db9a8,1031,https://schedule.vcccd.edu/,2026-04-13T19:51:05.288828+00:00,"OPEN 73457 3.0 Distance Education Class: Click CRN for requirements. Ventura Online (Canvas) 46 0 46 Bittl, Ann 08/17-12/03 16"
9546d2ce-f491-4a90-bc63-1159f002ee30,1032,https://schedule.vcccd.edu/,2026-04-13T19:51:05.288828+00:00,"OPEN 73442 3.0 Distance Education Class: Click CRN for requirements. Ventura Online (Canvas) 40 0 40 Bittl, Ann 08/17-12/03 16"
214de4ca-27c1-4977-a0fb-f154207d91eb,1033,https://schedule.vcccd.edu/,2026-04-13T19:51:05.288828+00:00,"OPEN 73496 3.0 M 11:30am - 12:45pm Ventura MultidisciplinaryCtrE 336 28 0 28 Werness-Rude, Maline 08/17-12/03 16"
9692727f-36f5-48e0-a639-fae0e7097fd7,1034,https://schedule.vcccd.edu/,2026-04-13T19:51:05.288828+00:00,M 11:30am - 12:45pm
41f3e21c-4719-4d17-bab3-1b0823b7785f,1035,https://schedule.vcccd.edu/,2026-04-13T19:51:05.288828+00:00,& Distance Education Class: Click CRN for requirements. Ventura Online (Canvas) 08/17-12/03
b8293005-a1c7-495b-a120-be941f9ae63d,1036,https://schedule.vcccd.edu/,2026-04-13T19:51:05.288828+00:00,"OPEN 70514 4.0 W 07:00pm - 08:50pm Oxnard Art + Design 5 32 0 32 Nino, Adriana 08/10-12/10 18"
fa38e2e9-afd6-44ef-9f27-c689fa14d261,1037,https://schedule.vcccd.edu/,2026-04-13T19:51:05.288828+00:00,W 07:00pm - 08:50pm
fa5d0c92-044b-4cf9-b4b9-ab19b4de22dc,1038,https://schedule.vcccd.edu/,2026-04-13T19:51:05.288828+00:00,& Distance Education Class: Click CRN for requirements. Oxnard Online (Canvas) 08/10-12/10
d7f783b0-7995-4c64-8a77-26a3812fe33f,1039,https://schedule.vcccd.edu/,2026-04-13T19:51:05.288828+00:00,"OPEN 70908 4.0 T R 03:45pm - 05:45pm Rancho Campana HS C3-105 32 0 32 Nino, Adriana 08/10-12/10 15"
7b9d124e-c7d8-4a4b-810b-313afbcb269d,1040,https://schedule.vcccd.edu/,2026-04-13T19:51:05.288828+00:00,T R 03:45pm - 05:45pm
26b812bd-17d3-4376-8fb2-2476c6f3b32f,1041,https://schedule.vcccd.edu/,2026-04-13T19:51:05.288828+00:00,"OPEN 72029 4.0 M W 03:45pm - 05:45pm Oxnard Pacifica High School H112 32 0 32 Garcia, Joel 08/10-12/10 15"
2616daf9-7501-4170-a453-c88893e7eaba,1042,https://schedule.vcccd.edu/,2026-04-13T19:51:05.288828+00:00,M W 03:45pm - 05:45pm
77d4e1cf-1351-4cbb-ba1e-16d8147320cb,1043,https://schedule.vcccd.edu/,2026-04-13T19:51:05.288828+00:00,"OPEN 72114 4.0 M W 03:45pm - 05:45pm Oxnard Pacifica High School H112 32 0 32 Garcia, Joel 08/10-12/10 15"
320999ba-c097-47ae-a821-25a775a2e54d,1044,https://schedule.vcccd.edu/,2026-04-13T19:51:05.288828+00:00,M W 03:45pm - 05:45pm
89da12dd-6dbc-4d12-b3fc-041029d5cb8c,1045,https://schedule.vcccd.edu/,2026-04-13T19:51:05.288828+00:00,"OPEN 72181 4.0 T R 04:00pm - 05:50pm Oxnard Zoom Live Meeting 32 0 32 Garcia, Joel 08/10-12/10 15"
1666a45a-fc93-4677-a2bc-b04b884dfc7b,1046,https://schedule.vcccd.edu/,2026-04-13T19:51:05.288828+00:00,T R 04:00pm - 05:50pm
090e69c0-cb5d-44b7-b32d-358ba29c5e51,1047,https://schedule.vcccd.edu/,2026-04-13T19:51:05.288828+00:00,"OPEN 72209 4.0 T R 04:00pm - 05:50pm Oxnard Zoom Live Meeting 32 0 32 Garcia, Joel 08/10-12/10 15"
f1f078a5-8ba4-42e4-bcda-b8c276122571,1048,https://schedule.vcccd.edu/,2026-04-13T19:51:05.288828+00:00,T R 04:00pm - 05:50pm
1bc30cae-a104-48cd-a102-d5b6a2a1934a,1049,https://schedule.vcccd.edu/,2026-04-13T19:51:05.288828+00:00,"OPEN 72169 4.0 T R 03:45pm - 05:45pm Rancho Campana HS C3-105 32 0 32 Nino, Adriana 08/11-12/10 15"
559fc7c3-88bf-486e-b0d2-b00d5363b3a2,1050,https://schedule.vcccd.edu/,2026-04-13T19:51:05.288828+00:00,T R 03:45pm - 05:45pm
03d2bc9f-c6a6-4850-87db-a4b35133eb00,1051,https://schedule.vcccd.edu/,2026-04-13T19:51:05.288828+00:00,"OPEN 72268 4.0 R 08:30am - 10:20am Oxnard Art + Design 5 32 0 32 Talbot, Emily 08/10-12/10 18"
655a9ac2-14ff-4837-a3df-daa8c515c88c,1052,https://schedule.vcccd.edu/,2026-04-13T19:51:05.288828+00:00,R 08:30am - 10:20am
6e60e6a3-3bf1-44fa-bcf3-4fdfd928b650,1053,https://schedule.vcccd.edu/,2026-04-13T19:51:05.288828+00:00,& Distance Education Class: Click CRN for requirements. Oxnard Online (Canvas) 08/10-12/10
45e6f083-c737-4e73-bffa-328cdf78e1ab,1054,https://schedule.vcccd.edu/,2026-04-13T19:51:05.288828+00:00,"OPEN 70621 4.0 M W 03:30pm - 04:20pm Oxnard Zoom Live Meeting 32 1 31 Wu, Xiali 08/10-12/10 15"
6480551f-8c1c-4724-8d08-bb7756bab249,1055,https://schedule.vcccd.edu/,2026-04-13T19:51:05.288828+00:00,M W 03:30pm - 04:20pm
5345f00f-6ed6-4443-8207-2a306e287501,1056,https://schedule.vcccd.edu/,2026-04-13T19:51:05.288828+00:00,& Distance Education Class: Click CRN for requirements. Oxnard Online (Canvas) 08/10-12/10
4867cec8-1eaf-4241-9f7f-9819910266b7,1057,https://schedule.vcccd.edu/,2026-04-13T19:51:05.288828+00:00,"OPEN 72509 4.0 M W 03:30pm - 04:20pm Oxnard Zoom Live Meeting 32 0 31 Wu, Xiali 08/10-12/10 15"
d4baf034-4b71-44de-9e99-cd217189d227,1058,https://schedule.vcccd.edu/,2026-04-13T19:51:05.288828+00:00,M W 03:30pm - 04:20pm
48356745-0fab-4b9c-8442-47a7a27f25b6,1059,https://schedule.vcccd.edu/,2026-04-13T19:51:05.288828+00:00,& Distance Education Class: Click CRN for requirements. Oxnard Online (Canvas) 08/10-12/10
ee33a483-922b-4f2f-b2a3-75df1451bd06,1060,https://schedule.vcccd.edu/,2026-04-13T19:51:05.288828+00:00,"OPEN 76336 4.0 M 10:30am - 12:20pm TBA 32 2 30 Talbot, Emily 08/10-12/10 18"
87069e10-6f73-4d88-9187-eb9ec827bae6,1061,https://schedule.vcccd.edu/,2026-04-13T19:51:05.288828+00:00,M 10:30am - 12:20pm
40edcab5-71cd-429a-9fd1-7924f74ba60e,1062,https://schedule.vcccd.edu/,2026-04-13T19:51:05.288828+00:00,& Distance Education Class: Click CRN for requirements. Oxnard Online (Canvas) 08/10-12/10
15059a26-9fd6-43f9-b67b-ace55c16e53a,1063,https://schedule.vcccd.edu/,2026-04-13T19:51:05.288828+00:00,"OPEN 70675 Pre/Coreq 4.0 T 10:30am - 12:20pm Oxnard Letters & Science 10 32 3 29 Talbot, Emily 08/10-12/10 18"
03262bf5-2c6e-4087-8caf-ecbea61c2d64,1064,https://schedule.vcccd.edu/,2026-04-13T19:51:05.288828+00:00,T 10:30am - 12:20pm
65624b1a-a12f-4d23-9edc-956053aee478,1065,https://schedule.vcccd.edu/,2026-04-13T19:51:05.288828+00:00,& Distance Education Class: Click CRN for requirements. Oxnard Online (Canvas) 08/10-12/10
2775195e-4c8b-4933-b1c1-cfe6c5596bff,1066,https://schedule.vcccd.edu/,2026-04-13T19:51:05.288828+00:00,"OPEN 70768 Pre/Coreq 4.0 W 08:30am - 10:20am Oxnard Letters & Science 10 32 2 30 Nino, Adriana 08/10-12/10 18"
da3848aa-8bb6-4ae6-bfc8-a09b36dfd032,1067,https://schedule.vcccd.edu/,2026-04-13T19:51:05.288828+00:00,W 08:30am - 10:20am
b62b485f-337e-4fa6-b14c-7a460768432f,1068,https://schedule.vcccd.edu/,2026-04-13T19:51:05.288828+00:00,& Distance Education Class: Click CRN for requirements. Oxnard Online (Canvas) 08/10-12/10
627491de-7fa8-435d-a6a2-2505b77f7dc9,1069,https://schedule.vcccd.edu/,2026-04-13T19:51:05.288828+00:00,"OPEN 70308 3.0 Distance Education Class: Click CRN for requirements. Oxnard Online (Canvas) 32 2 30 Nino, Adriana 08/10-12/10 18"
6d7ef58a-8038-4bc4-92e0-bef242b996d9,1070,https://schedule.vcccd.edu/,2026-04-13T19:51:05.288828+00:00,"OPEN 71719 4.0 Distance Education Class: Click CRN for requirements. Ventura Online (Canvas) 35 0 35 Summers, Mary Ruth 08/17-12/03 16"
ea33a7d3-ef8b-4328-bf03-f7a82b1763bb,1071,https://schedule.vcccd.edu/,2026-04-13T19:51:05.288828+00:00,"OPEN 71017 4.0 M W 05:00pm - 07:10pm Ventura Zoom Web Live Meeting 35 0 35 Ortiz, Viviana 08/17-12/03 16"
067aaa23-5f48-4d4a-b7cd-bc1f5697f96a,1072,https://schedule.vcccd.edu/,2026-04-13T19:51:05.288828+00:00,M W 05:00pm - 07:10pm
91bce31e-aa49-4239-9c67-2e62d75b00d2,1073,https://schedule.vcccd.edu/,2026-04-13T19:51:05.288828+00:00,"OPEN 71912 Pre/Coreq 1.0 Distance Education Class: Click CRN for requirements. Moorpark Online (Canvas) 25 0 25 Franklin, Doug 08/10-12/10 18"
4610f564-204b-4fb2-8318-bb982099c3d9,1074,https://schedule.vcccd.edu/,2026-04-13T19:51:05.288828+00:00,"OPEN 77342 Pre/Coreq 1.0 Distance Education Class: Click CRN for requirements. Moorpark Online (Canvas) 25 0 25 Hale, Daniel 08/10-12/10 18"
d7b9eda7-cf14-4eaf-a378-7761f49fbbf2,1075,https://schedule.vcccd.edu/,2026-04-13T19:51:05.288828+00:00,"OPEN 71926 Pre/Coreq 1.0 T 07:00pm - 09:50pm Physical Sciences 204 25 2 23 Gholdston, Ed 08/10-12/10 18"
f00085fd-7660-4d5c-bfa3-04e94ba4bfb2,1076,https://schedule.vcccd.edu/,2026-04-13T19:51:05.288828+00:00,T 07:00pm - 09:50pm
20f3d153-8aac-441f-a979-ce6bb4a79860,1077,https://schedule.vcccd.edu/,2026-04-13T19:51:05.288828+00:00,"OPEN 72679 Pre/Coreq 1.0 W 07:00pm - 09:50pm Physical Sciences 204 25 2 23 Somers, James 08/10-12/10 18"
d40405ad-cc38-4c41-beba-c3565a855137,1078,https://schedule.vcccd.edu/,2026-04-13T19:51:05.288828+00:00,W 07:00pm - 09:50pm
54eb37aa-0db7-4cb6-819c-7d1bf62cd1a6,1079,https://schedule.vcccd.edu/,2026-04-13T19:51:05.288828+00:00,"OPEN 71892 3.0 Distance Education Class: Click CRN for requirements. Moorpark Online (Canvas) 40 0 40 Hale, Daniel 08/10-12/10 18"
9a0b39f6-73a5-491f-9799-d5573bac3198,1080,https://schedule.vcccd.edu/,2026-04-13T19:51:05.288828+00:00,"OPEN 71197 3.0 Distance Education Class: Click CRN for requirements. Moorpark Online (Canvas) 40 1 39 Morales, Farisa 08/10-12/10 18"
fb304714-9f60-42aa-b812-69142dd646f6,1081,https://schedule.vcccd.edu/,2026-04-13T19:51:05.288828+00:00,"OPEN 71886 3.0 Distance Education Class: Click CRN for requirements. Moorpark Online (Canvas) 40 1 39 Hale, Daniel 08/10-12/10 18"
ca62183e-27e7-48d5-a025-384271cc9553,1082,https://schedule.vcccd.edu/,2026-04-13T19:51:05.288828+00:00,"OPEN 71135 3.0 Distance Education Class: Click CRN for requirements. Moorpark Online (Canvas) 40 2 38 Morales, Farisa 08/10-12/10 18"
5b4a7689-8271-4eba-8169-152c4ac3debd,1083,https://schedule.vcccd.edu/,2026-04-13T19:51:05.288828+00:00,"OPEN 71158 3.0 Distance Education Class: Click CRN for requirements. Moorpark Online (Canvas) 40 3 37 Morales, Farisa 08/10-12/10 18"
199fef1a-69fa-4d7d-b6bb-2c6091714a67,1084,https://schedule.vcccd.edu/,2026-04-13T19:51:05.288828+00:00,OPEN 70332 Pre/Coreq 1.0 W 07:00pm - 09:50pm Oxnard Liberal Arts 4 24 0 24 Staff 08/10-12/10 18
a5b3d207-4266-444e-aca1-394cda784c01,1085,https://schedule.vcccd.edu/,2026-04-13T19:51:05.288828+00:00,W 07:00pm - 09:50pm
89c81ee4-dfe9-4594-ac0b-ea3e67fdd4f3,1086,https://schedule.vcccd.edu/,2026-04-13T19:51:05.288828+00:00,"OPEN 73100 1.0 M 10:00am - 12:50pm Ventura Math/Science Bldg. 106 22 0 22 Arias-Young, Tersi 08/10-12/10 18"
5ca51b9b-17d7-4835-b364-317779f16c0f,1087,https://schedule.vcccd.edu/,2026-04-13T19:51:05.288828+00:00,M 10:00am - 12:50pm
9a6cc9dd-deac-484d-af99-b6189a02388b,1088,https://schedule.vcccd.edu/,2026-04-13T19:51:05.288828+00:00,"OPEN 73123 1.0 W 05:00pm - 07:50pm Ventura Zoom Web Live Meeting 22 0 22 Arias-Young, Tersi 08/10-12/10 18"
ab9a118a-2070-48c6-839b-b98c4145c33f,1089,https://schedule.vcccd.edu/,2026-04-13T19:51:05.288828+00:00,W 05:00pm - 07:50pm
f50e4bf1-c93d-4238-a8d2-9cf89537f518,1090,https://schedule.vcccd.edu/,2026-04-13T19:51:05.288828+00:00,"OPEN 73122 1.0 T 05:00pm - 07:50pm Ventura Math/Science Bldg. 106 22 1 21 Arias-Young, Tersi 08/10-12/10 18"
d20454c7-ded3-46b9-8181-7848c3b6d879,1091,https://schedule.vcccd.edu/,2026-04-13T19:51:05.288828+00:00,T 05:00pm - 07:50pm
7cddb8d8-03c3-477b-a22c-c880ff2a0754,1092,https://schedule.vcccd.edu/,2026-04-13T19:51:05.288828+00:00,"OPEN 73179 1.0 Distance Education Class: Click CRN for requirements. Ventura Online (Canvas) 22 2 20 Li, Jie 09/08-11/25 12"
5d07ebb6-794c-4107-b981-838fefeae08e,1093,https://schedule.vcccd.edu/,2026-04-13T19:51:05.288828+00:00,OPEN 70315 Pre/Coreq 3.0 M 07:00pm - 09:50pm Oxnard Letters & Science 16 40 0 40 Staff 08/10-12/10 18
a8c5b2b3-2bf1-4b88-a314-ce23342b4d96,1094,https://schedule.vcccd.edu/,2026-04-13T19:51:05.288828+00:00,M 07:00pm - 09:50pm
946e85b5-96a6-45f5-bd67-095e46c6884c,1095,https://schedule.vcccd.edu/,2026-04-13T19:51:05.288828+00:00,"OPEN 71362 3.0 M W 01:00pm - 02:15pm Ventura Applied Science Center 140 48 0 48 Arias-Young, Tersi 08/10-12/10 18"
7ec2f724-fd06-4a31-aa59-21aecf6f8558,1096,https://schedule.vcccd.edu/,2026-04-13T19:51:05.288828+00:00,M W 01:00pm - 02:15pm
bb8f78f8-9f93-4ef6-a024-b82f972eb5b1,1097,https://schedule.vcccd.edu/,2026-04-13T19:51:05.288828+00:00,"OPEN 72823 3.0 T R 10:00am - 11:15am Ventura Math/Science Bldg. 116 48 0 48 Arias-Young, Tersi 08/10-12/10 18"
d22cd892-7d40-4f16-8d3a-367d2dc74c20,1098,https://schedule.vcccd.edu/,2026-04-13T19:51:05.288828+00:00,T R 10:00am - 11:15am
624cc26a-2348-4afc-805e-4542269b4369,1099,https://schedule.vcccd.edu/,2026-04-13T19:51:05.288828+00:00,"OPEN 73084 3.0 Distance Education Class: Click CRN for requirements. Ventura Online (Canvas) 48 0 48 Molony, Jeffrey 10/05-11/25 8"
c6aa96b8-b69d-4995-aab6-8d04fa69f6a5,1100,https://schedule.vcccd.edu/,2026-04-13T19:51:05.288828+00:00,"OPEN 73090 3.0 Distance Education Class: Click CRN for requirements. Ventura Online (Canvas) 48 0 48 Molony, Jeffrey 10/05-11/25 8"
76945b97-ca43-4152-952b-1bee51b0d1ac,1101,https://schedule.vcccd.edu/,2026-04-13T19:51:05.288828+00:00,"OPEN 73058 3.0 Distance Education Class: Click CRN for requirements. Ventura Online (Canvas) 48 1 47 Arias-Young, Tersi 08/10-12/10 18"
12841f97-dfc2-44dc-9f30-11d4d1fb3307,1102,https://schedule.vcccd.edu/,2026-04-13T19:51:05.288828+00:00,& HRS/WK TO BE ARRANGED In Person Proctored Exams 08/10-12/10
9d5071f0-daa8-49f1-8516-4258ac0f7a71,1103,https://schedule.vcccd.edu/,2026-04-13T19:51:05.288828+00:00,"OPEN 73078 3.0 Distance Education Class: Click CRN for requirements. Ventura Online (Canvas) 48 1 47 Li, Jie 09/08-11/25 12"
676ec612-9ee2-411a-a703-eb5a0a0472b8,1104,https://schedule.vcccd.edu/,2026-04-13T19:51:05.288828+00:00,"OPEN 70273 6.0 M W 01:00pm - 03:15pm Oxnard Auto Technology 2 25 0 25 Corse, Kevin 08/10-12/10 18"
109daf8d-a40e-4f44-9480-7dbf77ae57d9,1105,https://schedule.vcccd.edu/,2026-04-13T19:51:05.288828+00:00,M W 01:00pm - 03:15pm
53537f37-3363-4d76-8abc-8ecefb15e3e4,1106,https://schedule.vcccd.edu/,2026-04-13T19:51:05.288828+00:00,& M W 03:30pm - 04:45pm Oxnard Auto Technology 2 08/10-12/10
6b585327-a338-4230-954a-2bed4b1bf470,1107,https://schedule.vcccd.edu/,2026-04-13T19:51:05.288828+00:00,M W 03:30pm - 04:45pm
99f19d8e-0430-4567-aad5-edecaecdd2d3,1108,https://schedule.vcccd.edu/,2026-04-13T19:51:05.288828+00:00,"OPEN 70018 6.0 M W 06:00pm - 09:50pm Oxnard Liberal Arts 19 25 2 23 Wilcox, Dylan 08/10-12/10 18"
538f45b1-ac81-4a09-95ba-2a298b1a6ef7,1109,https://schedule.vcccd.edu/,2026-04-13T19:51:05.288828+00:00,M W 06:00pm - 09:50pm
3185b7c1-9420-4cec-88cc-6b4d0048dbbe,1110,https://schedule.vcccd.edu/,2026-04-13T19:51:05.288828+00:00,"OPEN 71917 6.0 M W 08:00am - 11:50am Oxnard Auto Technology 2 25 5 20 Farfan, Isa 08/10-12/10 18"
d67c5f4c-5fda-4a5b-942a-1583d6377034,1111,https://schedule.vcccd.edu/,2026-04-13T19:51:05.288828+00:00,M W 08:00am - 11:50am
0546f84f-5baf-46b2-a29b-88af50816105,1112,https://schedule.vcccd.edu/,2026-04-13T19:51:05.288828+00:00,"OPEN 70387 6.0 T R 06:00pm - 09:50pm Oxnard Auto Technology 2 25 1 24 Root, Jason 08/10-12/10 18"
62e18d47-4c33-4fdb-bf63-32cbb783bd04,1113,https://schedule.vcccd.edu/,2026-04-13T19:51:05.288828+00:00,T R 06:00pm - 09:50pm
b815cf26-2125-4c02-8947-41938586ad77,1114,https://schedule.vcccd.edu/,2026-04-13T19:51:05.288828+00:00,"OPEN 71156 6.0 T R 08:00am - 11:50am Oxnard Auto Technology 2 25 3 22 Farfan, Isa 08/10-12/10 18"
80380fb2-7573-425c-a1ed-b95dbce63bb4,1115,https://schedule.vcccd.edu/,2026-04-13T19:51:05.288828+00:00,T R 08:00am - 11:50am
f23b0089-52e3-4faa-bd36-480e23f1c581,1116,https://schedule.vcccd.edu/,2026-04-13T19:51:05.288828+00:00,"OPEN 70067 6.0 T R 06:00pm - 09:50pm Oxnard Liberal Arts 19 25 1 24 Corse, Kevin 08/10-12/10 18"
69929224-9ec5-4b69-b10b-51e2c32b8197,1117,https://schedule.vcccd.edu/,2026-04-13T19:51:05.288828+00:00,T R 06:00pm - 09:50pm
0b853e57-44c0-415a-9b55-c5be5be5ba1d,1118,https://schedule.vcccd.edu/,2026-04-13T19:51:05.288828+00:00,"OPEN 71847 6.0 T R 01:00pm - 04:50pm Oxnard Auto Technology 2 25 2 23 Farfan, Isa 08/10-12/10 18"
71620e03-85b3-4fce-8b41-50b01cd15daf,1119,https://schedule.vcccd.edu/,2026-04-13T19:51:05.288828+00:00,T R 01:00pm - 04:50pm
d6fefeae-a139-4511-810b-09a488832a29,1120,https://schedule.vcccd.edu/,2026-04-13T19:51:05.288828+00:00,"OPEN 73640 3. 11.00 HRS/WK TO BE ARRANGED Oxnard To Be Announced 15 1 14 Corse, Kevin 09/08-12/10 14"
ad82c1b5-40ea-4e1e-8e06-c935231e8c7a,1121,https://schedule.vcccd.edu/,2026-04-13T19:51:05.288828+00:00,"OPEN 73333 Pre/Coreq 3.0 M W 09:00am - 10:15am Oxnard Administration & Annex 101 20 0 20 Newby, Shannon 08/10-12/10 18"
91b8c0ad-5cb4-45e8-be25-36e5da212876,1122,https://schedule.vcccd.edu/,2026-04-13T19:51:05.288828+00:00,M W 09:00am - 10:15am
3b44dd51-42af-43a6-bf79-4ef4f24689ba,1123,https://schedule.vcccd.edu/,2026-04-13T19:51:05.288828+00:00,"OPEN 72211 Pre/Coreq 3.0 M W 10:30am - 11:45am Oxnard Administration & Annex 101 15 0 15 Graham, Melissa 08/10-12/10 18"
58109174-3095-4f0a-978c-4a4abad7f269,1124,https://schedule.vcccd.edu/,2026-04-13T19:51:05.288828+00:00,M W 10:30am - 11:45am
13d7260d-4399-488f-9fad-7a0ad1006350,1125,https://schedule.vcccd.edu/,2026-04-13T19:51:05.288828+00:00,"OPEN 73336 Pre/Coreq 3.0 T R 10:30am - 11:45am Oxnard Condor Hall 312 15 0 15 Banerjee, Sharbani 08/10-12/10 18"
c4ac079c-a592-4c52-b601-141b47b5da0f,1126,https://schedule.vcccd.edu/,2026-04-13T19:51:05.288828+00:00,T R 10:30am - 11:45am
501dca8f-773b-4d81-8fbb-af1d1e1de954,1127,https://schedule.vcccd.edu/,2026-04-13T19:51:05.288828+00:00,"OPEN 73335 Pre/Coreq 3.0 T R 08:30am - 09:45am Oxnard Condor Hall 309 10 0 10 Banerjee, Sharbani 08/10-12/10 18"
276c5bfe-e4c6-433b-b81a-c394fa644ec2,1128,https://schedule.vcccd.edu/,2026-04-13T19:51:05.288828+00:00,T R 08:30am - 09:45am
1c66b182-f461-41cc-b9cb-2622e3885161,1129,https://schedule.vcccd.edu/,2026-04-13T19:51:05.288828+00:00,"OPEN 71955 1.0 F 09:00am - 11:50am Oxnard Letters & Science 1 26 2 24 Graham, Melissa 08/10-12/10 18"
0d710c1d-7efc-42bf-a3dc-a8f46f20bb6b,1130,https://schedule.vcccd.edu/,2026-04-13T19:51:05.288828+00:00,F 09:00am - 11:50am
6bf047b2-6c60-4840-888a-ddcc58e98bfd,1131,https://schedule.vcccd.edu/,2026-04-13T19:51:05.288828+00:00,"OPEN 73706 1.0 R 09:00am - 11:50am Oxnard Letters & Science 1 24 0 24 Barr, Casey 08/10-12/10 18"
4474424b-9995-4eb9-9000-4e1363102e5b,1132,https://schedule.vcccd.edu/,2026-04-13T19:51:05.288828+00:00,R 09:00am - 11:50am
c2e0af2d-33f6-4d05-9687-ff539a031d39,1133,https://schedule.vcccd.edu/,2026-04-13T19:51:05.288828+00:00,"OPEN 70936 1.0 W 01:00pm - 03:50pm Oxnard Letters & Science 1 24 0 24 Graham, Melissa 08/10-12/10 18"
e0239dc3-89e9-4a97-bf84-b6fab69a9b27,1134,https://schedule.vcccd.edu/,2026-04-13T19:51:05.288828+00:00,W 01:00pm - 03:50pm
814c0bb9-58b7-4267-a2cb-a9875b2e9462,1135,https://schedule.vcccd.edu/,2026-04-13T19:51:05.288828+00:00,OPEN 72381 1.0 W 05:00pm - 07:50pm Oxnard Letters & Science 1 24 0 24 Staff 08/10-12/10 18
75ed729a-6fff-4df1-b441-aefff95172ed,1136,https://schedule.vcccd.edu/,2026-04-13T19:51:05.288828+00:00,W 05:00pm - 07:50pm
62158b88-8185-4bbf-9ddf-8e657a8ab676,1137,https://schedule.vcccd.edu/,2026-04-13T19:51:05.288828+00:00,"OPEN 73412 1.0 R 01:00pm - 03:50pm Oxnard Letters & Science 1 24 0 24 Barr, Casey 08/10-12/10 18"
699d9c06-afe4-4e90-9db8-8d7e09702320,1138,https://schedule.vcccd.edu/,2026-04-13T19:51:05.288828+00:00,R 01:00pm - 03:50pm
96304f5f-198b-4051-9607-301931acecd9,1139,https://schedule.vcccd.edu/,2026-04-13T19:51:05.288828+00:00,"OPEN 72633 1.0 M 01:00pm - 03:50pm Oxnard Letters & Science 1 24 1 23 Frantz, Joe 08/10-12/10 18"
2b3f3753-ff84-4ec7-b22c-d2e2df3a6ea3,1140,https://schedule.vcccd.edu/,2026-04-13T19:51:05.288828+00:00,M 01:00pm - 03:50pm
c0ddb218-cd60-4016-b898-192dfabdb997,1141,https://schedule.vcccd.edu/,2026-04-13T19:51:05.288828+00:00,OPEN 76306 1.0 R 07:00pm - 09:50pm Oxnard Letters & Science 1 24 1 23 Staff 08/10-12/10 18
c9f9bcca-0073-4be2-9444-0ef9b5e4901f,1142,https://schedule.vcccd.edu/,2026-04-13T19:51:05.288828+00:00,R 07:00pm - 09:50pm
3dff7fb3-5c31-4178-98c5-1ff459271c44,1143,https://schedule.vcccd.edu/,2026-04-13T19:51:05.288828+00:00,"OPEN 72882 1.0 W 09:00am - 11:50am Oxnard Letters & Science 1 24 2 22 Frantz, Joe 08/10-12/10 18"
b53ba27c-7d2c-4ea2-a7a8-619f8bb6846e,1144,https://schedule.vcccd.edu/,2026-04-13T19:51:05.288828+00:00,W 09:00am - 11:50am
040b24a7-633b-47ef-991e-67a79318b952,1145,https://schedule.vcccd.edu/,2026-04-13T19:51:05.288828+00:00,"OPEN 72887 1.0 T 01:00pm - 03:50pm Oxnard Letters & Science 1 24 2 22 Banerjee, Sharbani 08/10-12/10 18"
250e2c4a-9e59-4f2c-a10b-109f562d520b,1146,https://schedule.vcccd.edu/,2026-04-13T19:51:05.288828+00:00,T 01:00pm - 03:50pm
2ad9518c-e7cd-4386-8cbc-fc1ec46fb0a1,1147,https://schedule.vcccd.edu/,2026-04-13T19:51:05.288828+00:00,"OPEN 70192 1.0 T 08:30am - 11:20am Ventura Math/Science Bldg. 315 24 0 24 Le, Michelle 08/10-12/10 18"
3a0f4be3-3599-484d-8c9d-fd40906f2091,1148,https://schedule.vcccd.edu/,2026-04-13T19:51:05.288828+00:00,T 08:30am - 11:20am
236644c9-b0e2-48fe-9595-3617c52d6d44,1149,https://schedule.vcccd.edu/,2026-04-13T19:51:05.288828+00:00,"OPEN 70578 1.0 M 05:30pm - 08:20pm Ventura Math/Science Bldg. 315 24 0 24 Hassanzadeh, Babak 08/10-12/10 18"
d12324a4-6907-492f-a976-9dc1428e10cf,1150,https://schedule.vcccd.edu/,2026-04-13T19:51:05.288828+00:00,M 05:30pm - 08:20pm
f40a7c9e-a763-4882-84be-1fb50d4b626b,1151,https://schedule.vcccd.edu/,2026-04-13T19:51:05.288828+00:00,"OPEN 70201 1.0 W 05:30pm - 08:20pm Ventura Math/Science Bldg. 315 24 0 24 Baker, Daniel 08/10-12/10 18"
4369dfc9-f1fb-4e0a-90a2-a0a9d699afb0,1152,https://schedule.vcccd.edu/,2026-04-13T19:51:05.288828+00:00,W 05:30pm - 08:20pm
33c47cad-be6c-4e85-aa1a-677b63bb2bc2,1153,https://schedule.vcccd.edu/,2026-04-13T19:51:05.288828+00:00,"OPEN 70195 1.0 M 01:00pm - 03:50pm Ventura Math/Science Bldg. 315 24 1 23 Carlson, Anna 08/10-12/10 18"
f1e6a065-cdf8-4b7d-87bd-417501d61476,1154,https://schedule.vcccd.edu/,2026-04-13T19:51:05.288828+00:00,M 01:00pm - 03:50pm
8bd7f1da-5873-4d29-b04a-967d4ff989ea,1155,https://schedule.vcccd.edu/,2026-04-13T19:51:05.288828+00:00,"OPEN 71126 1.0 T 11:30am - 02:20pm Ventura Math/Science Bldg. 315 24 1 23 Algiers, Kamelia 08/10-12/10 18"
6d5d9348-b38f-4e1c-88a4-9558db231dc7,1156,https://schedule.vcccd.edu/,2026-04-13T19:51:05.288828+00:00,T 11:30am - 02:20pm
e2892225-ca1e-45d8-b90d-8b1f2a5368f2,1157,https://schedule.vcccd.edu/,2026-04-13T19:51:05.288828+00:00,"OPEN 70191 1.0 W 10:00am - 12:50pm Ventura Math/Science Bldg. 315 24 1 23 Schooler, Nick 08/10-12/10 18"
565f64ef-df6a-461e-bb2a-7ee85013e680,1158,https://schedule.vcccd.edu/,2026-04-13T19:51:05.288828+00:00,W 10:00am - 12:50pm
82bdddc8-75a1-413d-b25f-281c28771b22,1159,https://schedule.vcccd.edu/,2026-04-13T19:51:05.288828+00:00,"OPEN 70200 1.0 W 01:00pm - 03:50pm Ventura Math/Science Bldg. 315 24 1 23 Gardner, Stephanie 08/10-12/10 18"
ba22655a-6aa6-4622-bc5e-7ed41f5be0ca,1160,https://schedule.vcccd.edu/,2026-04-13T19:51:05.288828+00:00,W 01:00pm - 03:50pm
6f0017db-2b43-48bf-b53a-73371de1db20,1161,https://schedule.vcccd.edu/,2026-04-13T19:51:05.288828+00:00,"OPEN 72403 1.0 R 08:30am - 11:20am Ventura Math/Science Bldg. 315 24 1 23 Carlson, Anna 08/10-12/10 18"
717f5391-feb8-4fa9-9e38-d5d38f220c15,1162,https://schedule.vcccd.edu/,2026-04-13T19:51:05.288828+00:00,R 08:30am - 11:20am
8f981632-4a4e-4034-a9c4-cbe2f2010795,1163,https://schedule.vcccd.edu/,2026-04-13T19:51:05.288828+00:00,"OPEN 70178 1.0 M 10:00am - 12:50pm Ventura Math/Science Bldg. 315 24 2 22 Schooler, Nick 08/10-12/10 18"
d168b886-8133-41f5-be34-d368df77ac43,1164,https://schedule.vcccd.edu/,2026-04-13T19:51:05.288828+00:00,M 10:00am - 12:50pm
49ccc6f9-1e3c-42a5-82b8-e3b73acbcc2b,1165,https://schedule.vcccd.edu/,2026-04-13T19:51:05.288828+00:00,"FULL 72418 1.0 Distance Education Class: Click CRN for requirements. Ventura Online (Canvas) 0 0 0 Schooler, Nick 10/12-12/03 8"
b72e9701-c0aa-416d-809e-62472742f0f1,1166,https://schedule.vcccd.edu/,2026-04-13T19:51:05.288828+00:00,"OPEN 72836 Pre/Coreq 3.0 Distance Education Class: Click CRN for requirements. Oxnard Online (Canvas) 45 1 44 Benseman, Stephanie 08/10-12/10 18"
6b3d324e-3c81-40cb-933b-57beb3aaa0e2,1167,https://schedule.vcccd.edu/,2026-04-13T19:51:05.288828+00:00,"OPEN 70078 Pre/Coreq 3.0 F 09:00am - 10:15am Oxnard Zoom Live Meeting 45 1 44 Banerjee, Sharbani 08/10-12/10 18"
9410c466-a8ce-4285-afe2-712e6878fc6b,1168,https://schedule.vcccd.edu/,2026-04-13T19:51:05.288828+00:00,F 09:00am - 10:15am
4aec3153-6e03-4b6b-8d31-6572c1d85cea,1169,https://schedule.vcccd.edu/,2026-04-13T19:51:05.288828+00:00,& Distance Education Class: Click CRN for requirements. Oxnard Online (Canvas) 08/10-12/10
610df614-bb36-45f6-90dc-48c7aba45edc,1170,https://schedule.vcccd.edu/,2026-04-13T19:51:05.288828+00:00,"OPEN 71530 Pre/Coreq 3.0 W 07:00pm - 08:15pm Oxnard Zoom Live Meeting 45 1 44 Frantz, Joe 08/10-12/10 18"
91aa7c74-a7a3-4018-b9ce-35f84116b29f,1171,https://schedule.vcccd.edu/,2026-04-13T19:51:05.288828+00:00,W 07:00pm - 08:15pm
571027d7-715b-4ed8-9955-c46cda91dbc8,1172,https://schedule.vcccd.edu/,2026-04-13T19:51:05.288828+00:00,& Distance Education Class: Click CRN for requirements. Oxnard Online (Canvas) 08/10-12/10
756b1a6b-7044-4c70-b672-0191357f3ef8,1173,https://schedule.vcccd.edu/,2026-04-13T19:51:05.288828+00:00,"OPEN 70254 Pre/Coreq 3.0 Distance Education Class: Click CRN for requirements. Oxnard Online (Canvas) 45 2 43 Banerjee, Sharbani 08/10-12/10 18"
a14ddf86-b748-4905-8e0b-a7d9f8b7cf68,1174,https://schedule.vcccd.edu/,2026-04-13T19:51:05.288828+00:00,"OPEN 73404 Pre/Coreq 3.0 M W 09:00am - 10:15am Oxnard Administration & Annex 101 45 2 43 Newby, Shannon 08/10-12/10 18"
73126ae8-79bb-439b-afcd-ee000f9e8d56,1175,https://schedule.vcccd.edu/,2026-04-13T19:51:05.288828+00:00,M W 09:00am - 10:15am
041212b5-1efc-40e5-8d2c-53cc1f641cc6,1176,https://schedule.vcccd.edu/,2026-04-13T19:51:05.288828+00:00,"OPEN 71935 Pre/Coreq 3.0 M W 10:30am - 11:45am Oxnard Administration & Annex 101 40 0 40 Graham, Melissa 08/10-12/10 18"
30ccf3ff-e6fb-44bb-be3e-93bedb8fb971,1177,https://schedule.vcccd.edu/,2026-04-13T19:51:05.288828+00:00,M W 10:30am - 11:45am
ef2e8775-0d3b-461d-8ce7-781b19c36c8a,1178,https://schedule.vcccd.edu/,2026-04-13T19:51:05.288828+00:00,"OPEN 70841 Pre/Coreq 3.0 T R 08:30am - 09:45am Oxnard Condor Hall 309 40 0 40 Banerjee, Sharbani 08/10-12/10 18"
c7fc2e05-c948-42fe-a31d-3ab59b943f51,1179,https://schedule.vcccd.edu/,2026-04-13T19:51:05.288828+00:00,T R 08:30am - 09:45am
fe198cb4-e83a-47af-8cc2-655f0a430948,1180,https://schedule.vcccd.edu/,2026-04-13T19:51:05.288828+00:00,"OPEN 73405 Pre/Coreq 3.0 T R 10:30am - 11:45am Oxnard Condor Hall 312 40 0 40 Banerjee, Sharbani 08/10-12/10 18"
bc3a040e-adb8-437c-a712-83f78bbaa1b9,1181,https://schedule.vcccd.edu/,2026-04-13T19:51:05.288828+00:00,T R 10:30am - 11:45am
bec492c9-c9d0-411e-a60f-191a2ad54de4,1182,https://schedule.vcccd.edu/,2026-04-13T19:51:05.288828+00:00,"OPEN 73624 Pre/Coreq 3.0 Distance Education Class: Click CRN for requirements. Oxnard Online (Canvas) 40 1 39 Nicholson, Michael 08/10-12/10 18"
9b3682ec-2b50-4691-b6c4-34c2d53405dd,1183,https://schedule.vcccd.edu/,2026-04-13T19:51:05.288828+00:00,"OPEN 70177 3.0 T R 04:00pm - 05:15pm Ventura Math/Science Bldg. 222 55 0 55 Baker, Daniel 08/10-12/10 18"
6ea1e34f-9811-4e70-86d9-ba40319ee0d4,1184,https://schedule.vcccd.edu/,2026-04-13T19:51:05.288828+00:00,T R 04:00pm - 05:15pm
aefb75ae-60fe-4595-8608-8c85a550f879,1185,https://schedule.vcccd.edu/,2026-04-13T19:51:05.288828+00:00,"OPEN 70176 3.0 M W 08:30am - 09:45am Ventura MultidisciplinaryCtrW 103 55 2 53 Schooler, Nick 08/10-12/10 18"
4755ff8e-031f-4ee1-b693-c8f779103351,1186,https://schedule.vcccd.edu/,2026-04-13T19:51:05.288828+00:00,M W 08:30am - 09:45am
d7315eae-f4da-47e9-8eb2-9d193ed7ba5b,1187,https://schedule.vcccd.edu/,2026-04-13T19:51:05.288828+00:00,"OPEN 70175 3.0 M W 11:30am - 12:45pm Ventura Applied Science Center 130 55 2 53 Carlson, Anna 08/10-12/10 18"
751cde41-c450-4a24-9295-c9b94346f2dc,1188,https://schedule.vcccd.edu/,2026-04-13T19:51:05.288828+00:00,M W 11:30am - 12:45pm
ff475e8b-8965-475e-9fe5-3b312aeef50b,1189,https://schedule.vcccd.edu/,2026-04-13T19:51:05.288828+00:00,"OPEN 72240 3.0 T R 01:00pm - 02:15pm Ventura MultidisciplinaryCtrW 203 50 0 50 Gardner, Stephanie 08/10-12/10 18"
28c6f549-16ac-4352-b62e-f373087c2e85,1190,https://schedule.vcccd.edu/,2026-04-13T19:51:05.288828+00:00,T R 01:00pm - 02:15pm
3b941ef8-33fb-4d78-b9d3-ea89c221b33b,1191,https://schedule.vcccd.edu/,2026-04-13T19:51:05.288828+00:00,"OPEN 70151 3.0 T R 10:00am - 11:15am Ventura MultidisciplinaryCtrW 203 50 1 49 Algiers, Kamelia 08/10-12/10 18"
71dab359-7273-403b-9f50-46278d876126,1192,https://schedule.vcccd.edu/,2026-04-13T19:51:05.288828+00:00,T R 10:00am - 11:15am
4334d08f-8c09-4906-b5c7-ac736ed72adf,1193,https://schedule.vcccd.edu/,2026-04-13T19:51:05.288828+00:00,"OPEN 72675 3.0 T R 11:30am - 12:45pm Ventura MultidisciplinaryCtrW 203 50 1 49 Gardner, Stephanie 08/10-12/10 18"
d934a134-fa85-4217-9843-64b9eabd0911,1194,https://schedule.vcccd.edu/,2026-04-13T19:51:05.288828+00:00,T R 11:30am - 12:45pm
9f50fa2f-bcf5-44c0-a470-68676f4214d9,1195,https://schedule.vcccd.edu/,2026-04-13T19:51:05.288828+00:00,"OPEN 72704 3.0 Distance Education Class: Click CRN for requirements. In Person Proctored Exams 46 0 46 Gardner, Ty 08/10-12/10 18"
3b72aaaa-838b-499f-9f36-c01be6af710e,1196,https://schedule.vcccd.edu/,2026-04-13T19:51:05.288828+00:00,& 3.00 HRS/WK ONLINE Ventura Online (Canvas) 08/10-12/10
5d5ffd2a-3aed-401c-ad20-632e4ec2d7e5,1197,https://schedule.vcccd.edu/,2026-04-13T19:51:05.288828+00:00,"OPEN 72701 3.0 Distance Education Class: Click CRN for requirements. In Person Proctored Exams 46 1 45 Algiers, Kamelia 08/10-12/10 18"
562a12be-3f95-44aa-a71b-a144e921a295,1198,https://schedule.vcccd.edu/,2026-04-13T19:51:05.288828+00:00,& 3.00 HRS/WK ONLINE Ventura Online (Canvas) 08/10-12/10
b6b6aec1-23fb-4acb-bf0b-2a2b9b8061c8,1199,https://schedule.vcccd.edu/,2026-04-13T19:51:05.288828+00:00,"FULL 72926 3.0 Distance Education Class: Click CRN for requirements. Ventura Online (Canvas) 0 0 0 Schooler, Nick 10/12-12/03 8"
080e4d7a-6576-4b16-9d42-c508068f87d1,1200,https://schedule.vcccd.edu/,2026-04-13T19:51:05.288828+00:00,"OPEN 71897 4.0 Distance Education Class: Click CRN for requirements. Moorpark Online (Canvas) 50 0 50 Benseman, Stephanie 08/10-12/10 18"
8a0163b6-174c-4fbc-98ca-001c142b54a1,1201,https://schedule.vcccd.edu/,2026-04-13T19:51:05.288828+00:00,"OPEN 70450 4.0 Distance Education Class: Click CRN for requirements. Moorpark Online (Canvas) 50 0 50 Pires, Debra 08/10-10/02 8"
f7f1a7cc-020b-4995-9d6a-aacc644c120b,1202,https://schedule.vcccd.edu/,2026-04-13T19:51:05.288828+00:00,"OPEN 76995 4.0 Distance Education Class: Click CRN for requirements. Moorpark Online (Canvas) 50 1 49 Tusler, Judith 08/10-12/10 18"
4729f322-1f38-4584-a85d-997d356360f1,1203,https://schedule.vcccd.edu/,2026-04-13T19:51:05.288828+00:00,"OPEN 78580 4.0 Distance Education Class: Click CRN for requirements. Moorpark Online (Canvas) 50 4 46 Cheroske, Alexander 08/10-10/02 8"
e730dbd8-353c-48b0-a26e-8cbc27bf8627,1204,https://schedule.vcccd.edu/,2026-04-13T19:51:05.288828+00:00,"OPEN 70559 4.0 Distance Education Class: Click CRN for requirements. Moorpark Online (Canvas) 30 1 29 Johnson, Jana 08/10-10/02 8"
14b60bd3-e17f-4d12-99c3-a7161449f3a2,1205,https://schedule.vcccd.edu/,2026-04-13T19:51:05.288828+00:00,"OPEN 70854 4.0 T R 08:00am - 09:15am Academic Center 306 24 0 24 Malone, Erica 08/10-12/10 18"
ca638ca9-4d06-437a-b66a-38d9daf2d72d,1206,https://schedule.vcccd.edu/,2026-04-13T19:51:05.288828+00:00,T R 08:00am - 09:15am
a533194a-9572-48a0-b8d3-74c0270bb19f,1207,https://schedule.vcccd.edu/,2026-04-13T19:51:05.288828+00:00,& T 09:30am - 12:20pm Life Science/Math/Comp Studies 217 08/10-12/10
eefc1bf7-ed42-4ad3-91f2-c7d7b047d078,1208,https://schedule.vcccd.edu/,2026-04-13T19:51:05.288828+00:00,T 09:30am - 12:20pm
ef05c4e7-0696-4c40-a2ce-d191f1971014,1209,https://schedule.vcccd.edu/,2026-04-13T19:51:05.288828+00:00,OPEN 71721 4.0 T R 11:00am - 12:15pm Academic Center 303 24 0 24 Staff 08/10-12/10 18
137b09d8-4e9c-4b54-9261-a1abc8e23dfa,1210,https://schedule.vcccd.edu/,2026-04-13T19:51:05.288828+00:00,T R 11:00am - 12:15pm
0b1fb7ea-db33-4154-8290-ae05f0071352,1211,https://schedule.vcccd.edu/,2026-04-13T19:51:05.288828+00:00,& T 12:30pm - 03:20pm Life Science/Math/Comp Studies 217 08/10-12/10
d23e32ca-7e0a-4300-be1c-fc8653284afb,1212,https://schedule.vcccd.edu/,2026-04-13T19:51:05.288828+00:00,T 12:30pm - 03:20pm
86e6989c-9fc8-45ea-af9d-15facaa453d1,1213,https://schedule.vcccd.edu/,2026-04-13T19:51:05.288828+00:00,OPEN 72192 4.0 T R 11:00am - 12:15pm Academic Center 303 24 0 24 Staff 08/10-12/10 18
5a3db816-eee2-4ca6-91db-8916d36a4dd9,1214,https://schedule.vcccd.edu/,2026-04-13T19:51:05.288828+00:00,T R 11:00am - 12:15pm
17a26727-867b-4fc7-a4d0-a558593efb78,1215,https://schedule.vcccd.edu/,2026-04-13T19:51:05.288828+00:00,& R 12:30pm - 03:20pm Life Science/Math/Comp Studies 217 08/10-12/10
5de4b843-bf8a-40da-88c5-b814d7acf6ee,1216,https://schedule.vcccd.edu/,2026-04-13T19:51:05.288828+00:00,R 12:30pm - 03:20pm
be8b7e3e-e773-4e5b-9bd0-095d560d4458,1217,https://schedule.vcccd.edu/,2026-04-13T19:51:05.288828+00:00,"OPEN 79805 4.0 M W 12:30pm - 03:20pm Life Science/Math/Comp Studies 217 24 0 24 Gasparyan, Hovik 08/10-12/10 18"
9e88f4f1-875c-435d-869a-2c2528b0b5b2,1218,https://schedule.vcccd.edu/,2026-04-13T19:51:05.288828+00:00,M W 12:30pm - 03:20pm
6499691f-a3f0-47f4-b898-34d3bd36b076,1219,https://schedule.vcccd.edu/,2026-04-13T19:51:05.288828+00:00,"OPEN 70511 4.0 M W 08:00am - 09:15am Academic Center 303 24 1 23 Gasparyan, Hovik 08/10-12/10 18"
dafd27f5-a7ff-4a7b-8c74-cf42ef156913,1220,https://schedule.vcccd.edu/,2026-04-13T19:51:05.288828+00:00,M W 08:00am - 09:15am
f4354aa8-0928-44e1-a151-ece3e98941c0,1221,https://schedule.vcccd.edu/,2026-04-13T19:51:05.288828+00:00,& M 09:30am - 12:20pm Life Science/Math/Comp Studies 217 08/10-12/10
d63950ce-191a-4828-86a7-d29fd125b907,1222,https://schedule.vcccd.edu/,2026-04-13T19:51:05.288828+00:00,M 09:30am - 12:20pm
679a08c8-0682-45e0-883f-922811825f69,1223,https://schedule.vcccd.edu/,2026-04-13T19:51:05.288828+00:00,"OPEN 72791 4.0 T R 08:00am - 09:15am Academic Center 306 24 1 23 Malone, Erica 08/10-12/10 18"
663fcd19-b1ea-4f4f-8f32-e805b5581aca,1224,https://schedule.vcccd.edu/,2026-04-13T19:51:05.288828+00:00,T R 08:00am - 09:15am
55378319-353d-4688-87e5-d7fcdf325ae8,1225,https://schedule.vcccd.edu/,2026-04-13T19:51:05.288828+00:00,& R 09:30am - 12:20pm Life Science/Math/Comp Studies 217 08/10-12/10
9827906b-2a6d-4dea-b062-58d4d4f5caee,1226,https://schedule.vcccd.edu/,2026-04-13T19:51:05.288828+00:00,R 09:30am - 12:20pm
9f1955b3-f963-4c5f-afa9-5d56fc5a5cf9,1227,https://schedule.vcccd.edu/,2026-04-13T19:51:05.288828+00:00,"OPEN 70991 4.0 M W 08:00am - 09:15am Academic Center 303 24 4 20 Gasparyan, Hovik 08/10-12/10 18"
6eaa5b3f-ec7d-44f4-9197-fb91c1fdf9f2,1228,https://schedule.vcccd.edu/,2026-04-13T19:51:05.288828+00:00,M W 08:00am - 09:15am
a58719de-0c1d-4d78-9162-ebfcad443d20,1229,https://schedule.vcccd.edu/,2026-04-13T19:51:05.288828+00:00,& W 09:30am - 12:20pm Life Science/Math/Comp Studies 217 08/10-12/10
4e174f7c-e0c7-4332-b6a7-809b33a15875,1230,https://schedule.vcccd.edu/,2026-04-13T19:51:05.288828+00:00,W 09:30am - 12:20pm
670bdda8-05c2-4fdf-9fba-6173d5f66823,1231,https://schedule.vcccd.edu/,2026-04-13T19:51:05.288828+00:00,"OPEN 70289 4.0 Distance Education Class: Click CRN for requirements. Moorpark Online (Canvas) 20 3 17 Johnson, Jana 08/10-10/02 8"
b5e29857-262f-4d7a-810e-d02e786cc132,1232,https://schedule.vcccd.edu/,2026-04-13T19:51:05.288828+00:00,"OPEN 70106 Pre/Coreq 5.0 M W 08:00am - 09:50am Life Science/Math/Comp Studies 227 24 0 24 Hernandez, Jazmir 08/10-12/10 18"
4adf1f17-32b4-4a4b-b1de-e33a6e13bd8f,1233,https://schedule.vcccd.edu/,2026-04-13T19:51:05.288828+00:00,M W 08:00am - 09:50am
e911b4b8-aa89-49f4-9a61-fcac7bebd67f,1234,https://schedule.vcccd.edu/,2026-04-13T19:51:05.288828+00:00,& W 10:00am - 12:50pm Life Science/Math/Comp Studies 216 08/10-12/10
dc0a9c38-445d-4f5f-b4ac-79aa98dc355a,1235,https://schedule.vcccd.edu/,2026-04-13T19:51:05.288828+00:00,W 10:00am - 12:50pm
b6442e35-08fa-47a5-b252-395d1a12d86b,1236,https://schedule.vcccd.edu/,2026-04-13T19:51:05.288828+00:00,OPEN 70220 Pre/Coreq 5.0 M W 02:00pm - 03:50pm Life Science/Math/Comp Studies 227 24 0 24 Staff 08/10-12/10 18
57af2a1c-f456-4c45-9d34-0b1717c72242,1237,https://schedule.vcccd.edu/,2026-04-13T19:51:05.288828+00:00,M W 02:00pm - 03:50pm
ed93faf0-e4d9-4000-aefd-f2c40720cd86,1238,https://schedule.vcccd.edu/,2026-04-13T19:51:05.288828+00:00,& M 04:00pm - 06:50pm Life Science/Math/Comp Studies 216 08/10-12/10
c717e146-c259-431d-9034-27b8988bb898,1239,https://schedule.vcccd.edu/,2026-04-13T19:51:05.288828+00:00,M 04:00pm - 06:50pm
faa9fcc0-1e57-43c7-97a2-8ccb26608740,1240,https://schedule.vcccd.edu/,2026-04-13T19:51:05.288828+00:00,"OPEN 72438 Pre/Coreq 5.0 M W 08:00am - 09:50am Life Science/Math/Comp Studies 227 24 0 24 Hernandez, Jazmir 08/10-12/10 18"
b43af939-a8b4-490c-85d3-cb4ef778cc32,1241,https://schedule.vcccd.edu/,2026-04-13T19:51:05.288828+00:00,M W 08:00am - 09:50am
b4d5ecc8-7e91-4f12-9a96-56d27b82c89d,1242,https://schedule.vcccd.edu/,2026-04-13T19:51:05.288828+00:00,& M 10:00am - 12:50pm Life Science/Math/Comp Studies 216 08/10-12/10
9dd7fdac-7ba1-4350-abc1-2070371b9f6c,1243,https://schedule.vcccd.edu/,2026-04-13T19:51:05.288828+00:00,M 10:00am - 12:50pm
783476f1-2c15-4492-b1c3-d5a8cb9c62c3,1244,https://schedule.vcccd.edu/,2026-04-13T19:51:05.288828+00:00,OPEN 73437 Pre/Coreq 5.0 M W 02:00pm - 03:50pm Life Science/Math/Comp Studies 227 24 0 24 Staff 08/10-12/10 18
57c6102b-d691-4759-8009-3d7747118e96,1245,https://schedule.vcccd.edu/,2026-04-13T19:51:05.288828+00:00,M W 02:00pm - 03:50pm
cc0e09c5-db9f-4158-9d95-493718da600d,1246,https://schedule.vcccd.edu/,2026-04-13T19:51:05.288828+00:00,& W 04:00pm - 06:50pm Life Science/Math/Comp Studies 216 08/10-12/10
9b4fd55c-3bc8-4ca9-91f4-560e52cf8641,1247,https://schedule.vcccd.edu/,2026-04-13T19:51:05.288828+00:00,W 04:00pm - 06:50pm
b27f2f07-55ce-459b-8769-c3fd26356383,1248,https://schedule.vcccd.edu/,2026-04-13T19:51:05.288828+00:00,"OPEN 71081 Pre/Coreq 5.0 T R 11:00am - 12:50pm Life Science/Math/Comp Studies 227 24 0 24 Gasparyan, Hovik 08/10-12/10 18"
d2af3a0e-3abf-484b-a8e7-823633cd4847,1249,https://schedule.vcccd.edu/,2026-04-13T19:51:05.288828+00:00,T R 11:00am - 12:50pm
2c883faf-ea65-4ce8-b6b5-9d38be37221b,1250,https://schedule.vcccd.edu/,2026-04-13T19:51:05.288828+00:00,& R 01:00pm - 03:50pm Life Science/Math/Comp Studies 216 08/10-12/10
d58e5d4a-99a5-47b3-924d-6e3401976320,1251,https://schedule.vcccd.edu/,2026-04-13T19:51:05.288828+00:00,R 01:00pm - 03:50pm
f4783610-38b7-40ed-8cba-15b2a13cb2d5,1252,https://schedule.vcccd.edu/,2026-04-13T19:51:05.288828+00:00,"OPEN 70124 Pre/Coreq 5.0 M W 11:00am - 12:50pm Life Science/Math/Comp Studies 227 24 0 24 Miller, Beth 08/10-12/10 18"
e654aa8e-719b-47aa-9561-0b2afeb426df,1253,https://schedule.vcccd.edu/,2026-04-13T19:51:05.288828+00:00,M W 11:00am - 12:50pm
247787ca-cf53-4400-bac5-763c18ffc028,1254,https://schedule.vcccd.edu/,2026-04-13T19:51:05.288828+00:00,& M 01:00pm - 03:50pm Life Science/Math/Comp Studies 216 08/10-12/10
b6f0835d-6487-4515-87ca-b3da81d8cc7d,1255,https://schedule.vcccd.edu/,2026-04-13T19:51:05.288828+00:00,M 01:00pm - 03:50pm
516d3af6-8f96-45ff-a02f-ffb9cde8e285,1256,https://schedule.vcccd.edu/,2026-04-13T19:51:05.288828+00:00,"OPEN 70461 Pre/Coreq 5.0 M W 11:00am - 12:50pm Life Science/Math/Comp Studies 227 24 1 23 Miller, Beth 08/10-12/10 18"
6c98fc38-4e15-421d-a5bf-62d267c1ec97,1257,https://schedule.vcccd.edu/,2026-04-13T19:51:05.288828+00:00,M W 11:00am - 12:50pm
f5991b27-0cb4-46ee-9b14-68ba2cf09e01,1258,https://schedule.vcccd.edu/,2026-04-13T19:51:05.288828+00:00,& W 01:00pm - 03:50pm Life Science/Math/Comp Studies 216 08/10-12/10
e7a1fd37-67fb-4d66-b14b-695499a05f9e,1259,https://schedule.vcccd.edu/,2026-04-13T19:51:05.288828+00:00,W 01:00pm - 03:50pm
3a53a57f-e481-49c7-9860-43c75c6a74a7,1260,https://schedule.vcccd.edu/,2026-04-13T19:51:05.288828+00:00,"OPEN 79217 Pre/Coreq 5.0 T R 11:00am - 12:50pm Life Science/Math/Comp Studies 227 24 2 22 Gasparyan, Hovik 08/10-12/10 18"
4acd648e-b1ae-4d4e-81b1-06429acdd7f4,1261,https://schedule.vcccd.edu/,2026-04-13T19:51:05.288828+00:00,T R 11:00am - 12:50pm
e8b26ace-8e13-47e4-8e11-41a2816a6d1b,1262,https://schedule.vcccd.edu/,2026-04-13T19:51:05.288828+00:00,& T 01:00pm - 03:50pm Life Science/Math/Comp Studies 216 08/10-12/10
ddd9638c-8558-4a60-b9cf-72a921f8f2a1,1263,https://schedule.vcccd.edu/,2026-04-13T19:51:05.288828+00:00,T 01:00pm - 03:50pm
012f59df-86ab-4899-aae8-62b37ca54e1c,1264,https://schedule.vcccd.edu/,2026-04-13T19:51:05.288828+00:00,"OPEN 70045 Pre/Coreq 5.0 T R 08:00am - 09:50am Life Science/Math/Comp Studies 227 24 1 23 Chen, Audrey 08/10-12/10 18"
e3793202-f9ba-4485-beec-6615971c729f,1265,https://schedule.vcccd.edu/,2026-04-13T19:51:05.288828+00:00,T R 08:00am - 09:50am
3b2a4dfc-d429-4527-9c5d-09461ade9fba,1266,https://schedule.vcccd.edu/,2026-04-13T19:51:05.288828+00:00,& T 10:00am - 12:50pm Life Science/Math/Comp Studies 216 08/10-12/10
f78149b3-bb81-4160-ab9c-befc8731e532,1267,https://schedule.vcccd.edu/,2026-04-13T19:51:05.288828+00:00,T 10:00am - 12:50pm
d778b785-c5b1-4642-a1b4-60a581362f4d,1268,https://schedule.vcccd.edu/,2026-04-13T19:51:05.288828+00:00,"OPEN 72896 Pre/Coreq 5.0 T R 09:00am - 10:50am Academic Center 303 25 0 25 Johnson, Jana 08/10-12/10 18"
92a882df-6b53-405e-aaaa-398a15768763,1269,https://schedule.vcccd.edu/,2026-04-13T19:51:05.288828+00:00,T R 09:00am - 10:50am
1d974e8f-9a70-4269-a0ef-ea7780169715,1270,https://schedule.vcccd.edu/,2026-04-13T19:51:05.288828+00:00,& R 11:00am - 01:50pm Life Science/Math/Comp Studies 220 08/10-12/10
43d6071e-0395-44ad-884c-623353f74373,1271,https://schedule.vcccd.edu/,2026-04-13T19:51:05.288828+00:00,R 11:00am - 01:50pm
d8110dbd-d47b-4318-a3e6-6dbcb69641da,1272,https://schedule.vcccd.edu/,2026-04-13T19:51:05.288828+00:00,"OPEN 71756 Pre/Coreq 5.0 T R 09:00am - 10:50am Academic Center 303 25 0 25 Johnson, Jana 08/10-12/10 18"
68ecc484-fbfb-4abb-8529-df43f09c737f,1273,https://schedule.vcccd.edu/,2026-04-13T19:51:05.288828+00:00,T R 09:00am - 10:50am
afb5d79a-33a6-4fca-a5e6-91487d2bfb12,1274,https://schedule.vcccd.edu/,2026-04-13T19:51:05.288828+00:00,& T 11:00am - 01:50pm Life Science/Math/Comp Studies 220 08/10-12/10
2893abbf-68f8-4c18-b518-fc05130f2010,1275,https://schedule.vcccd.edu/,2026-04-13T19:51:05.288828+00:00,T 11:00am - 01:50pm
f4849fd8-dc58-43f1-a666-24e685ad679f,1276,https://schedule.vcccd.edu/,2026-04-13T19:51:05.288828+00:00,"OPEN 72962 Pre/Coreq 5.0 M W 09:00am - 10:50am Life Science/Math/Comp Studies 219 25 1 24 Wilcox, Sean 08/10-12/10 18"
0dd26513-6458-40f7-a57d-303f3b53d2f7,1277,https://schedule.vcccd.edu/,2026-04-13T19:51:05.288828+00:00,M W 09:00am - 10:50am
02e181eb-ef98-4024-ad8d-1fc3ebef7b13,1278,https://schedule.vcccd.edu/,2026-04-13T19:51:05.288828+00:00,& W 11:00am - 01:50pm Life Science/Math/Comp Studies 220 08/10-12/10
bac7cce5-0b19-47e3-a6aa-05075e9197f2,1279,https://schedule.vcccd.edu/,2026-04-13T19:51:05.288828+00:00,W 11:00am - 01:50pm
993f32f9-99d5-4c4f-9e14-2e3ec034c731,1280,https://schedule.vcccd.edu/,2026-04-13T19:51:05.288828+00:00,"OPEN 72164 4.0 M W 02:00pm - 04:50pm Life Science/Math/Comp Studies 219 24 0 24 Wilcox, Sean 08/10-12/10 18"
df882b68-3ec1-44e5-8657-ce0881fc2bea,1281,https://schedule.vcccd.edu/,2026-04-13T19:51:05.288828+00:00,M W 02:00pm - 04:50pm
9bb27e47-5eb4-4d9f-84a4-767fd4a6ca92,1282,https://schedule.vcccd.edu/,2026-04-13T19:51:05.288828+00:00,"OPEN 72587 2.0 W 06:00pm - 09:50pm Health Science Center 203 24 0 23 McCoy, Melissa 08/10-12/10 18"
9a4fd88f-3cc2-4d50-b83e-274e7b695e93,1283,https://schedule.vcccd.edu/,2026-04-13T19:51:05.288828+00:00,W 06:00pm - 09:50pm
aef0ff27-7ba4-4a98-918e-4e6e7e424d50,1284,https://schedule.vcccd.edu/,2026-04-13T19:51:05.288828+00:00,"OPEN 71068 3.0 T R 06:00pm - 09:15pm Health Science Center 203 24 0 18 Sandberg, Mark 08/10-12/10 18"
86c412bf-046f-4474-9592-82f204d9e35b,1285,https://schedule.vcccd.edu/,2026-04-13T19:51:05.288828+00:00,T R 06:00pm - 09:15pm
d19fd7f6-710a-4465-b72e-a88016880809,1286,https://schedule.vcccd.edu/,2026-04-13T19:51:05.288828+00:00,"OPEN 71958 2.0 Distance Education Class: Click CRN for requirements. Moorpark Online (Canvas) 24 0 24 Sandberg, Mark 08/10-12/10 18"
39aaa8bf-7d33-4f45-81fd-e276f9af5975,1287,https://schedule.vcccd.edu/,2026-04-13T19:51:05.288828+00:00,"OPEN 71210 4.0 M 06:00pm - 08:50pm Health Science Center 203 24 0 24 Biggle, Carri 08/10-12/10 18"
0b6428c8-65a1-4cbc-ad18-61552547d246,1288,https://schedule.vcccd.edu/,2026-04-13T19:51:05.288828+00:00,M 06:00pm - 08:50pm
c4539015-18b9-4d31-8ab9-2dcc04cb3b73,1289,https://schedule.vcccd.edu/,2026-04-13T19:51:05.288828+00:00,& Distance Education Class: Click CRN for requirements. Moorpark Online (Canvas) 08/10-12/10
c24fc32d-79e4-450b-a91c-6631929c6911,1290,https://schedule.vcccd.edu/,2026-04-13T19:51:05.288828+00:00,"OPEN 70781 3.0 Distance Education Class: Click CRN for requirements. Moorpark Online (Canvas) 50 0 50 Ellsworth, Jennifer 08/10-12/10 18"
745e6eaf-ef1f-4a21-b995-030c33f6fa4e,1291,https://schedule.vcccd.edu/,2026-04-13T19:51:05.288828+00:00,"OPEN 73388 Pre/Coreq 1.0 T 01:00pm - 03:50pm Oxnard Occupational Education 6 24 0 24 Newby, Shannon 08/10-12/10 18"
034f1757-0005-4ed5-8d44-fee2b0f9aeb3,1292,https://schedule.vcccd.edu/,2026-04-13T19:51:05.288828+00:00,T 01:00pm - 03:50pm
59271278-50b7-4c6b-85dd-4b7d1d63b037,1293,https://schedule.vcccd.edu/,2026-04-13T19:51:05.288828+00:00,"OPEN 71624 3.0 T R 09:00am - 10:15am Oxnard Occupational Education 6 35 0 35 Newby, Shannon 08/10-12/10 18"
97984ae9-4a89-4855-898b-c0fdd42a4e04,1294,https://schedule.vcccd.edu/,2026-04-13T19:51:05.288828+00:00,T R 09:00am - 10:15am
69fb3cb7-c0c2-45bc-8f11-8ae80d6bb7de,1295,https://schedule.vcccd.edu/,2026-04-13T19:51:05.288828+00:00,"OPEN 78502 3.0 M 05:30pm - 06:45pm Oxnard Zoom Live Meeting 35 0 35 Newby, Shannon 08/10-12/10 18"
c3f500f2-c887-4f62-aef6-fd98dca1588c,1296,https://schedule.vcccd.edu/,2026-04-13T19:51:05.288828+00:00,M 05:30pm - 06:45pm
879b301b-b0b3-4ec0-ab1e-84cac4d28c5f,1297,https://schedule.vcccd.edu/,2026-04-13T19:51:05.288828+00:00,& Distance Education Class: Click CRN for requirements. Oxnard Online (Canvas) 08/10-12/10
57185a03-8853-4f1e-a4bb-40dd8b4da4c9,1298,https://schedule.vcccd.edu/,2026-04-13T19:51:05.288828+00:00,"OPEN 73416 Pre/Coreq 1.0 W 09:00am - 11:50am Oxnard Letters & Science 2 24 1 23 Banerjee, Sharbani 08/10-12/10 18"
5f0a53a6-bb08-4c23-afeb-61d3d756e223,1299,https://schedule.vcccd.edu/,2026-04-13T19:51:05.288828+00:00,W 09:00am - 11:50am
e25aab0c-3dc7-48fa-9f6e-2e23f4adee49,1300,https://schedule.vcccd.edu/,2026-04-13T19:51:05.288828+00:00,"OPEN 73415 Pre/Coreq 4.0 M 10:30am - 12:20pm Oxnard Condor Hall 308 24 1 23 Banerjee, Sharbani 08/10-12/10 18"
0d154892-c1bd-43e2-8133-1b4a083fc9bb,1301,https://schedule.vcccd.edu/,2026-04-13T19:51:05.288828+00:00,M 10:30am - 12:20pm
1b368307-054d-4f32-acb3-04bcce039054,1302,https://schedule.vcccd.edu/,2026-04-13T19:51:05.288828+00:00,& Distance Education Class: Click CRN for requirements. Oxnard Online (Canvas) 08/10-12/10
02c6f69a-63ce-4e01-9bc0-52182c277bed,1303,https://schedule.vcccd.edu/,2026-04-13T19:51:05.288828+00:00,"OPEN 72588 Pre/Coreq 1.0 W 09:00am - 11:50am Oxnard Occupational Education 6 24 2 22 Barr, Casey 08/10-12/10 18"
1752b0ed-7e46-48c7-a0c9-8df85b7457d0,1304,https://schedule.vcccd.edu/,2026-04-13T19:51:05.288828+00:00,W 09:00am - 11:50am
38e88fd3-e793-4628-bfc8-5249ffc7e7ef,1305,https://schedule.vcccd.edu/,2026-04-13T19:51:05.288828+00:00,"OPEN 70338 Pre/Coreq 4.0 M 10:30am - 12:20pm Oxnard Occupational Education 6 24 2 22 Newby, Shannon 08/10-12/10 18"
8bd1da70-8ff8-4736-ab92-f6d5b5967a37,1306,https://schedule.vcccd.edu/,2026-04-13T19:51:05.288828+00:00,M 10:30am - 12:20pm
2909c6fc-c5b3-4ea0-8c1c-b54cda1f90a9,1307,https://schedule.vcccd.edu/,2026-04-13T19:51:05.288828+00:00,& Distance Education Class: Click CRN for requirements. Oxnard Online (Canvas) 08/10-12/10
f54ddf04-a8dd-4e62-ac94-8b60a7626b96,1308,https://schedule.vcccd.edu/,2026-04-13T19:51:05.288828+00:00,"OPEN 70237 Pre/Coreq 1.0 M W 01:00pm - 02:15pm Oxnard Occupational Education 6 24 0 24 Barr, Casey 08/10-12/10 18"
ac7badf5-e891-46c7-bc53-4b86699384fb,1309,https://schedule.vcccd.edu/,2026-04-13T19:51:05.288828+00:00,M W 01:00pm - 02:15pm
2f1f8ddd-2be0-4255-bb2f-475312e77480,1310,https://schedule.vcccd.edu/,2026-04-13T19:51:05.288828+00:00,"OPEN 70209 Pre/Coreq 3.0 R 01:00pm - 02:15pm Oxnard Zoom Live Meeting 24 0 24 Nicholson, Michael 08/10-12/10 18"
c0a40ca1-9e76-43a7-b549-3538caa1dbb3,1311,https://schedule.vcccd.edu/,2026-04-13T19:51:05.288828+00:00,R 01:00pm - 02:15pm
dcdf7801-f443-4dec-9b66-982a216da259,1312,https://schedule.vcccd.edu/,2026-04-13T19:51:05.288828+00:00,& Distance Education Class: Click CRN for requirements. Oxnard Online (Canvas) 08/10-12/10
3dd288eb-ea3e-4a9d-8a6e-a0b2c7d1160a,1313,https://schedule.vcccd.edu/,2026-04-13T19:51:05.288828+00:00,"OPEN 79389 Pre/Coreq 4.0 R 10:00am - 12:50pm Ventura Math/Science Bldg. 316 24 0 24 Gardner, Ty 08/10-12/10 18"
e04b6c6a-5807-48d8-9cff-e3c1415e650c,1314,https://schedule.vcccd.edu/,2026-04-13T19:51:05.288828+00:00,R 10:00am - 12:50pm
cd511a51-4fe1-4387-af7d-856ab6b34194,1315,https://schedule.vcccd.edu/,2026-04-13T19:51:05.288828+00:00,& T R 01:00pm - 02:15pm Ventura MultidisciplinaryCtrW 110 08/10-12/10
1ce7d9b2-c4b2-4f88-aff5-899a768e75ec,1316,https://schedule.vcccd.edu/,2026-04-13T19:51:05.288828+00:00,T R 01:00pm - 02:15pm
7fb9b6c8-ab55-4eac-b4df-2319d92780c1,1317,https://schedule.vcccd.edu/,2026-04-13T19:51:05.288828+00:00,"OPEN 76699 Pre/Coreq 4.0 T 10:00am - 12:50pm Ventura Math/Science Bldg. 316 24 2 22 Gardner, Ty 08/10-12/10 18"
5460f9b4-a11c-4f50-8c53-c82681c73ab7,1318,https://schedule.vcccd.edu/,2026-04-13T19:51:05.288828+00:00,T 10:00am - 12:50pm
5bb30a55-866d-415e-a034-f8ceeb8be313,1319,https://schedule.vcccd.edu/,2026-04-13T19:51:05.288828+00:00,& T R 01:00pm - 02:15pm Ventura MultidisciplinaryCtrW 110 08/10-12/10
ee32197e-0d97-4e19-9df9-138d7d632334,1320,https://schedule.vcccd.edu/,2026-04-13T19:51:05.288828+00:00,T R 01:00pm - 02:15pm
d5f5abfa-e887-4dd6-a018-cb41c9bf9438,1321,https://schedule.vcccd.edu/,2026-04-13T19:51:05.288828+00:00,"OPEN 73088 Pre/Coreq 4.0 T R 01:00pm - 02:15pm Ventura Applied Science Center 130 24 0 24 Clark, Dan 08/10-12/10 18"
a6b7db29-6fd7-4559-8e74-09b59e92356c,1322,https://schedule.vcccd.edu/,2026-04-13T19:51:05.288828+00:00,T R 01:00pm - 02:15pm
be479432-6b1f-4161-8953-87b01b325f39,1323,https://schedule.vcccd.edu/,2026-04-13T19:51:05.288828+00:00,& T 02:30pm - 05:20pm Ventura Math/Science Bldg. 316 08/10-12/10
7806c2bd-2360-4168-b61e-c16de9d8b9df,1324,https://schedule.vcccd.edu/,2026-04-13T19:51:05.288828+00:00,T 02:30pm - 05:20pm
cd3fcc2c-2ef9-4129-835f-08e3390ea429,1325,https://schedule.vcccd.edu/,2026-04-13T19:51:05.288828+00:00,"OPEN 73424 Pre/Coreq 4.0 T R 01:00pm - 02:15pm Ventura Applied Science Center 130 24 0 24 Clark, Dan 08/10-12/10 18"
e1d57f6c-d213-4019-946b-4381d82fafa5,1326,https://schedule.vcccd.edu/,2026-04-13T19:51:05.288828+00:00,T R 01:00pm - 02:15pm
cea18e87-c2f4-4bb8-907e-89456ef97dad,1327,https://schedule.vcccd.edu/,2026-04-13T19:51:05.288828+00:00,& R 02:30pm - 05:20pm Ventura Math/Science Bldg. 316 08/10-12/10
91bbeab6-3376-4b11-b285-aab784e7d73e,1328,https://schedule.vcccd.edu/,2026-04-13T19:51:05.288828+00:00,R 02:30pm - 05:20pm
00f4cb51-0d7f-4400-ba6f-d0823ff629e5,1329,https://schedule.vcccd.edu/,2026-04-13T19:51:05.288828+00:00,"OPEN 72745 Pre/Coreq 4.0 M W 08:30am - 09:45am Ventura Math/Science Bldg. 116 24 1 23 Clark, Dan 08/10-12/10 18"
2ff50e17-7f0d-4091-8019-5c92bff45389,1330,https://schedule.vcccd.edu/,2026-04-13T19:51:05.288828+00:00,M W 08:30am - 09:45am
751a4413-6e01-4dbb-a511-6d085c399ebe,1331,https://schedule.vcccd.edu/,2026-04-13T19:51:05.288828+00:00,& M 10:00am - 12:50pm Ventura Math/Science Bldg. 316 08/10-12/10
3a1962cf-ce72-4c67-a8d8-529cd0ba5c9d,1332,https://schedule.vcccd.edu/,2026-04-13T19:51:05.288828+00:00,M 10:00am - 12:50pm
8dd5615b-758a-447e-9e03-f7152f857fd1,1333,https://schedule.vcccd.edu/,2026-04-13T19:51:05.288828+00:00,"OPEN 72748 Pre/Coreq 4.0 M W 08:30am - 09:45am Ventura Math/Science Bldg. 116 24 1 23 Clark, Dan 08/10-12/10 18"
fb37074e-6070-417f-a932-f1debf654b17,1334,https://schedule.vcccd.edu/,2026-04-13T19:51:05.288828+00:00,M W 08:30am - 09:45am
d15428ff-fd54-4ffc-b416-ca6ea094f548,1335,https://schedule.vcccd.edu/,2026-04-13T19:51:05.288828+00:00,& W 10:00am - 12:50pm Ventura Math/Science Bldg. 316 08/10-12/10
48c634b1-f8ce-45fb-ba9e-4ce21f596662,1336,https://schedule.vcccd.edu/,2026-04-13T19:51:05.288828+00:00,W 10:00am - 12:50pm
99b12172-99ab-46e9-b1b0-0927a950ac39,1337,https://schedule.vcccd.edu/,2026-04-13T19:51:05.288828+00:00,"OPEN 73224 3.0 Distance Education Class: Click CRN for requirements. Ventura Online (Canvas) 46 0 46 Mutz, Stephanie 08/17-12/03 16"
f3e807f7-e2c2-406f-8b0f-5cf1d6eb22c9,1338,https://schedule.vcccd.edu/,2026-04-13T19:51:05.288828+00:00,"OPEN 70565 3.0 T R 10:00am - 11:20am Ventura Math/Science Bldg. 313 40 0 40 Marsh, Jennifer 08/17-12/10 16"
05079067-af1d-4bf2-96cc-b7b8a653b9d2,1339,https://schedule.vcccd.edu/,2026-04-13T19:51:05.288828+00:00,T R 10:00am - 11:20am
3e73bc8a-d31f-40e6-adab-5da6d3232772,1340,https://schedule.vcccd.edu/,2026-04-13T19:51:05.288828+00:00,"OPEN 70907 3.0 Distance Education Class: Click CRN for requirements. Ventura Online (Canvas) 46 4 42 Flores, Manny 08/10-12/10 18"
3aca4972-bd01-4932-af56-a7114ca2172d,1341,https://schedule.vcccd.edu/,2026-04-13T19:51:05.288828+00:00,"OPEN 71796 3.0 M W 01:00pm - 02:15pm Ventura Math/Science Bldg. 313 40 0 40 Flores, Manny 08/10-12/10 18"
b93bf2fb-96d8-4b79-8a66-644508638f82,1342,https://schedule.vcccd.edu/,2026-04-13T19:51:05.288828+00:00,M W 01:00pm - 02:15pm
8a38410b-31a5-411f-a357-95c9521fc028,1343,https://schedule.vcccd.edu/,2026-04-13T19:51:05.288828+00:00,"OPEN 70205 3.0 T R 10:00am - 11:15am Ventura Math/Science Bldg. 222 40 0 40 Clark, Dan 08/10-12/10 18"
9c6ac4f5-8af2-4357-98c5-cdc997d179c1,1344,https://schedule.vcccd.edu/,2026-04-13T19:51:05.288828+00:00,T R 10:00am - 11:15am
c5a22f4b-87b7-4d80-bab1-7307a849ccf9,1345,https://schedule.vcccd.edu/,2026-04-13T19:51:05.288828+00:00,"OPEN 74785 Pre/Coreq 1.0 R 01:00pm - 03:50pm Ventura Math/Science Bldg. 315 24 1 23 Marsh, Jennifer 08/10-12/10 18"
12c03e73-9321-4178-925b-bba2b2f4745c,1346,https://schedule.vcccd.edu/,2026-04-13T19:51:05.288828+00:00,R 01:00pm - 03:50pm
6bd6a057-d7ec-40ef-989d-9300143aba04,1347,https://schedule.vcccd.edu/,2026-04-13T19:51:05.288828+00:00,"OPEN 70931 3.0 T R 11:30am - 12:45pm Ventura Math/Science Bldg. 313 55 1 54 Marsh, Jennifer 08/10-12/10 18"
9624047b-2e40-4dcc-96a2-945a700f074f,1348,https://schedule.vcccd.edu/,2026-04-13T19:51:05.288828+00:00,T R 11:30am - 12:45pm
4c62e5a7-1c87-474c-a232-9808e2b45dc0,1349,https://schedule.vcccd.edu/,2026-04-13T19:51:05.288828+00:00,"OPEN 72524 2.0 W 06:00pm - 09:50pm Health Science Center 203 24 1 23 McCoy, Melissa 08/10-12/10 18"
0f1407df-cc7c-4071-8baa-51fe55c156aa,1350,https://schedule.vcccd.edu/,2026-04-13T19:51:05.288828+00:00,W 06:00pm - 09:50pm
a84a687a-2108-4cd7-a7c1-2808435a270c,1351,https://schedule.vcccd.edu/,2026-04-13T19:51:05.288828+00:00,"OPEN 70234 3.0 T R 06:00pm - 09:15pm Health Science Center 203 24 0 18 Sandberg, Mark 08/10-12/10 18"
7e8df813-52be-4be1-b9f2-35ab0e394430,1352,https://schedule.vcccd.edu/,2026-04-13T19:51:05.288828+00:00,T R 06:00pm - 09:15pm
f7ba998d-09e1-4bf8-898a-ed34f53e52c1,1353,https://schedule.vcccd.edu/,2026-04-13T19:51:05.288828+00:00,"OPEN 71128 2.0 Distance Education Class: Click CRN for requirements. Moorpark Online (Canvas) 24 0 24 Sandberg, Mark 08/10-12/10 18"
eddc281b-20f9-4d8a-9b3e-e5fd341b8e49,1354,https://schedule.vcccd.edu/,2026-04-13T19:51:05.288828+00:00,"OPEN 71590 4.0 M 06:00pm - 08:50pm Health Science Center 203 24 0 24 Biggle, Carri 08/10-12/10 18"
7f1567d7-2312-4a7e-9a31-077315f6e8ae,1355,https://schedule.vcccd.edu/,2026-04-13T19:51:05.288828+00:00,M 06:00pm - 08:50pm
147d8ca9-9080-41e3-8d8a-457b94bacfd8,1356,https://schedule.vcccd.edu/,2026-04-13T19:51:05.288828+00:00,& Distance Education Class: Click CRN for requirements. Moorpark Online (Canvas) 08/10-12/10
eb52c066-3d49-41c2-897f-371f74d0cd32,1357,https://schedule.vcccd.edu/,2026-04-13T19:51:05.288828+00:00,"OPEN 70358 Pre/Coreq 5.0 T R 11:00am - 12:15pm Health Science Center 203 24 0 24 Karkare, Subhash 08/10-12/10 18"
9616c778-c3b3-4e5d-adf5-3fc33e33dac6,1358,https://schedule.vcccd.edu/,2026-04-13T19:51:05.288828+00:00,T R 11:00am - 12:15pm
6a2f3769-6d40-4f85-9f27-693c6939eb70,1359,https://schedule.vcccd.edu/,2026-04-13T19:51:05.288828+00:00,& T R 01:00pm - 03:50pm Health Science Center 203 08/10-12/10
563ecc0d-00c1-48f8-b928-133dda74f2a0,1360,https://schedule.vcccd.edu/,2026-04-13T19:51:05.288828+00:00,T R 01:00pm - 03:50pm
4f3b0998-00c0-4170-aece-458010d3b0ef,1361,https://schedule.vcccd.edu/,2026-04-13T19:51:05.288828+00:00,"OPEN 70404 Pre/Coreq 4.0 T R 09:00am - 10:50am Health Science Center 203 24 0 24 Lewis, Nancy 08/10-12/10 18"
973585cd-815c-4bff-adae-90d31cf2c9c6,1362,https://schedule.vcccd.edu/,2026-04-13T19:51:05.288828+00:00,T R 09:00am - 10:50am
52196b40-55d6-4a11-9307-5419ff9faeb7,1363,https://schedule.vcccd.edu/,2026-04-13T19:51:05.288828+00:00,"OPEN 71765 Pre/Coreq 3.0 M W 11:00am - 12:15pm Health Science Center 203 24 0 24 Sandberg, Mark 08/10-12/10 18"
f912ce3f-f395-4632-be93-e79d0df64202,1364,https://schedule.vcccd.edu/,2026-04-13T19:51:05.288828+00:00,M W 11:00am - 12:15pm
ca2c7816-18eb-47c9-b9f8-81a5e1fc4f1b,1365,https://schedule.vcccd.edu/,2026-04-13T19:51:05.288828+00:00,"OPEN 71787 Pre/Coreq 3.0 M W 01:00pm - 02:15pm Health Science Center 203 24 0 24 Sandberg, Mark 08/10-12/10 18"
2c14028a-e6e0-4684-aa3e-0050e6c1b9a3,1366,https://schedule.vcccd.edu/,2026-04-13T19:51:05.288828+00:00,M W 01:00pm - 02:15pm
4cf16193-2142-4525-b4c6-dfc802e60975,1367,https://schedule.vcccd.edu/,2026-04-13T19:51:05.288828+00:00,"OPEN 71723 Pre/Coreq 4.0 M W 03:00pm - 04:50pm Health Science Center 203 24 0 24 Aguilar, Juan 08/10-12/10 18"
3eb45713-dee2-4e40-8f4b-8859988e6832,1368,https://schedule.vcccd.edu/,2026-04-13T19:51:05.288828+00:00,M W 03:00pm - 04:50pm
0ba4b7fe-19a4-42c6-8608-c66548a69467,1369,https://schedule.vcccd.edu/,2026-04-13T19:51:05.288828+00:00,"OPEN 70797 3.0 Distance Education Class: Click CRN for requirements. Oxnard Online (Canvas) 40 0 40 Spencer, Kathy 08/10-12/10 18"
6d327673-922b-4699-bc65-04e831ce28e1,1370,https://schedule.vcccd.edu/,2026-04-13T19:51:05.288828+00:00,"OPEN 70806 3.0 Distance Education Class: Click CRN for requirements. Oxnard Online (Canvas) 40 1 39 Tovar, Salpy 08/10-12/10 18"
58845b40-7f7a-47e9-a814-9822fe98fc3a,1371,https://schedule.vcccd.edu/,2026-04-13T19:51:05.288828+00:00,"OPEN 71381 3.0 T 09:00am - 10:15am Oxnard Letters & Science 8 85 0 82 Melidonis, Arion 10/12-12/10 9"
7c8028d3-07e9-4655-ba3b-b0ff5a69d0fc,1372,https://schedule.vcccd.edu/,2026-04-13T19:51:05.288828+00:00,T 09:00am - 10:15am
2e20e89e-a9b0-45eb-b3bc-112442e4f418,1373,https://schedule.vcccd.edu/,2026-04-13T19:51:05.288828+00:00,& Distance Education Class: Click CRN for requirements. Oxnard Online (Canvas) 10/12-12/10
404d243b-3a6f-409f-911b-887a121be126,1374,https://schedule.vcccd.edu/,2026-04-13T19:51:05.288828+00:00,"OPEN 71386 3.0 T 09:00am - 10:15am Oxnard Zoom Live Meeting 85 0 82 Melidonis, Arion 10/12-12/10 9"
007c534d-4286-4483-b392-033a11ee5fe6,1375,https://schedule.vcccd.edu/,2026-04-13T19:51:05.288828+00:00,T 09:00am - 10:15am
b35a008f-ea2c-4bb8-9378-b83a24398099,1376,https://schedule.vcccd.edu/,2026-04-13T19:51:05.288828+00:00,& Distance Education Class: Click CRN for requirements. Oxnard Online (Canvas) 10/12-12/10
4f6afcdb-5d12-45f0-a991-bc4b7ee14039,1377,https://schedule.vcccd.edu/,2026-04-13T19:51:05.288828+00:00,"OPEN 70693 3.0 Distance Education Class: Click CRN for requirements. Moorpark Online (Canvas) 50 0 50 Mikolajczak, Melissa 08/10-10/02 8"
c8c5d778-3c10-465e-9b97-2502c5b0de6f,1378,https://schedule.vcccd.edu/,2026-04-13T19:51:05.288828+00:00,"OPEN 71822 3.0 Distance Education Class: Click CRN for requirements. Moorpark Online (Canvas) 50 0 50 Richardson, Bern 08/10-10/02 8"
c88d653f-172a-42e0-806f-ae39c1d3f35e,1379,https://schedule.vcccd.edu/,2026-04-13T19:51:05.288828+00:00,"OPEN 72182 3.0 Distance Education Class: Click CRN for requirements. Moorpark Online (Canvas) 50 0 50 Walker, Andress 08/10-12/10 18"
740550ad-5adf-4258-8b0d-de23e0f3c86a,1380,https://schedule.vcccd.edu/,2026-04-13T19:51:05.288828+00:00,"OPEN 72248 3.0 Distance Education Class: Click CRN for requirements. Moorpark Online (Canvas) 50 0 50 Martin, Perry 08/10-12/10 18"
7a406418-22fa-4620-8c05-ccba60650f85,1381,https://schedule.vcccd.edu/,2026-04-13T19:51:05.288828+00:00,"OPEN 72908 3.0 Distance Education Class: Click CRN for requirements. Moorpark Online (Canvas) 50 0 50 Walker, Andress 08/10-12/10 18"
f4f450b0-9174-43d2-ab3d-fe44dc662b5e,1382,https://schedule.vcccd.edu/,2026-04-13T19:51:05.288828+00:00,"OPEN 70482 3.0 Distance Education Class: Click CRN for requirements. Moorpark Online (Canvas) 50 0 50 Robinson, Anafe 10/12-12/03 8"
9dcdc206-c821-4668-84ec-c84abc4a11e4,1383,https://schedule.vcccd.edu/,2026-04-13T19:51:05.288828+00:00,"OPEN 70815 3.0 Distance Education Class: Click CRN for requirements. Moorpark Online (Canvas) 50 0 50 Shediak, Kimberly 10/12-12/03 8"
6ce60491-165f-4c22-b366-debe187ad786,1384,https://schedule.vcccd.edu/,2026-04-13T19:51:05.288828+00:00,"OPEN 71777 3.0 Distance Education Class: Click CRN for requirements. Moorpark Online (Canvas) 50 0 50 Sumal, Navreet 10/12-12/03 8"
09e063f2-9701-4da5-bdaf-756d3ab6f8f6,1385,https://schedule.vcccd.edu/,2026-04-13T19:51:05.288828+00:00,"OPEN 73114 3.0 Distance Education Class: Click CRN for requirements. Moorpark Online (Canvas) 50 0 50 Karamian, Martin 10/12-12/03 8"
8d349f5b-a6f9-4da6-9a09-b611c3271b93,1386,https://schedule.vcccd.edu/,2026-04-13T19:51:05.288828+00:00,"OPEN 73259 3.0 Distance Education Class: Click CRN for requirements. Moorpark Online (Canvas) 50 0 50 Caruana, Joseph 10/12-12/03 8"
111b2870-e381-45fd-b422-768ddcdbd309,1387,https://schedule.vcccd.edu/,2026-04-13T19:51:05.288828+00:00,"OPEN 70672 3.0 Distance Education Class: Click CRN for requirements. Moorpark Online (Canvas) 50 0 50 Sumal, Navreet 08/10-10/02 8"
d4635546-1a38-4abb-9d4b-ed9e7ef32805,1388,https://schedule.vcccd.edu/,2026-04-13T19:51:05.288828+00:00,"OPEN 71783 3.0 M W 11:30am - 12:45pm Academic Center 205 49 0 49 Martin, Perry 08/10-12/10 18"
47da0749-50b2-42a2-ae78-ae11863e07cb,1389,https://schedule.vcccd.edu/,2026-04-13T19:51:05.288828+00:00,M W 11:30am - 12:45pm
19c5d053-8a5f-4e5e-b766-c1338e2a399f,1390,https://schedule.vcccd.edu/,2026-04-13T19:51:05.288828+00:00,"OPEN 71866 3.0 Distance Education Class: Click CRN for requirements. Moorpark Online (Canvas) 50 1 49 Karamian, Martin 08/31-12/03 14"
ad9969df-3310-4616-9edd-5f43393b3e2c,1391,https://schedule.vcccd.edu/,2026-04-13T19:51:05.288828+00:00,"OPEN 73108 3.0 Distance Education Class: Click CRN for requirements. Moorpark Online (Canvas) 50 1 49 Robinson, Anafe 08/31-12/03 14"
c8a6fb8c-76b6-4df9-9ac8-952759c58b5a,1392,https://schedule.vcccd.edu/,2026-04-13T19:51:05.288828+00:00,"OPEN 71805 3.0 T 10:00am - 11:15am Academic Center 205 49 0 49 Sumal, Navreet 09/01-12/03 14"
ab10e3b5-061c-4afd-8d2c-5913c1982815,1393,https://schedule.vcccd.edu/,2026-04-13T19:51:05.288828+00:00,T 10:00am - 11:15am
c37c085a-e57b-4886-ab75-c14dd16c25d7,1394,https://schedule.vcccd.edu/,2026-04-13T19:51:05.288828+00:00,& Distance Education Class: Click CRN for requirements. Moorpark Online (Canvas) 09/01-12/03
645dd524-d16e-40a6-ac96-484c868c1465,1395,https://schedule.vcccd.edu/,2026-04-13T19:51:05.288828+00:00,"OPEN 73239 3.0 R 10:00am - 11:15am Academic Center 205 49 0 49 Sumal, Navreet 09/03-12/03 14"
401d3e99-9915-4e64-86d4-62c436e4b4e3,1396,https://schedule.vcccd.edu/,2026-04-13T19:51:05.288828+00:00,R 10:00am - 11:15am
742deb26-3da1-4862-a3e6-195f4398ccb5,1397,https://schedule.vcccd.edu/,2026-04-13T19:51:05.288828+00:00,& Distance Education Class: Click CRN for requirements. Moorpark Online (Canvas) 09/03-12/03
5376a495-390e-4fd4-b533-4ee91b3a4fe7,1398,https://schedule.vcccd.edu/,2026-04-13T19:51:05.288828+00:00,"OPEN 70959 3.0 M W 08:30am - 09:45am Academic Center 205 49 1 48 Martin, Perry 08/10-12/10 18"
cebea145-8991-413f-87a2-a6f5f5b40fa5,1399,https://schedule.vcccd.edu/,2026-04-13T19:51:05.288828+00:00,M W 08:30am - 09:45am
124bc718-d944-4e32-8b8d-fdab5287b5b0,1400,https://schedule.vcccd.edu/,2026-04-13T19:51:05.288828+00:00,"OPEN 71779 3.0 M W 10:00am - 11:15am Academic Center 205 49 1 48 Martin, Perry 08/10-12/10 18"
8ac8fbfb-237d-4147-b2a0-f51dfbb2a31e,1401,https://schedule.vcccd.edu/,2026-04-13T19:51:05.288828+00:00,M W 10:00am - 11:15am
b14aa8ef-4e46-4e0b-b463-6e5bdfd89054,1402,https://schedule.vcccd.edu/,2026-04-13T19:51:05.288828+00:00,"OPEN 73530 3.0 Distance Education Class: Click CRN for requirements. Moorpark Online (Canvas) 35 0 35 Caruana, Joseph 09/02-12/10 14"
7faa8d9b-6018-4099-be8c-5b00f7969470,1403,https://schedule.vcccd.edu/,2026-04-13T19:51:05.288828+00:00,"OPEN 70037 3.0 Distance Education Class: Click CRN for requirements. Moorpark Online (Canvas) 30 0 30 Sumal, Navreet 08/10-10/02 8"
f67b030b-3d07-43d6-a8cc-1657978854df,1404,https://schedule.vcccd.edu/,2026-04-13T19:51:05.288828+00:00,"OPEN 70346 3.0 Distance Education Class: Click CRN for requirements. Moorpark Online (Canvas) 20 0 20 Sumal, Navreet 08/10-10/02 8"
a6d5ff83-8e5f-4072-9396-8b33cf6bb107,1405,https://schedule.vcccd.edu/,2026-04-13T19:51:05.288828+00:00,"OPEN 73668 3.0 Distance Education Class: Click CRN for requirements. Moorpark Online (Canvas) 50 0 50 Martin, Perry 08/10-10/02 8"
83773011-4345-4d16-b6fb-11eea12aa90a,1406,https://schedule.vcccd.edu/,2026-04-13T19:51:05.288828+00:00,"OPEN 72764 3.0 Distance Education Class: Click CRN for requirements. Moorpark Online (Canvas) 50 0 50 Martin, Perry 10/12-12/03 8"
bcfb7c1c-ff62-4bb9-9dde-6006fd14ad62,1407,https://schedule.vcccd.edu/,2026-04-13T19:51:05.288828+00:00,"OPEN 70588 3.0 Distance Education Class: Click CRN for requirements. Moorpark Online (Canvas) 50 1 49 Martin, Perry 10/12-12/03 8"
59be2575-d9ff-4282-a65c-9a5ff284d29a,1408,https://schedule.vcccd.edu/,2026-04-13T19:51:05.288828+00:00,"OPEN 71019 3.0 Distance Education Class: Click CRN for requirements. Moorpark Online (Canvas) 50 0 50 Shediak, Kimberly 10/12-12/03 8"
c5787a79-023f-4751-95cb-aebca45ecdf9,1409,https://schedule.vcccd.edu/,2026-04-13T19:51:05.288828+00:00,"OPEN 72816 3.0 Distance Education Class: Click CRN for requirements. Moorpark Online (Canvas) 50 1 49 Shediak, Kimberly 08/10-10/02 8"
399bec3b-d85a-4b87-a218-7fc97530d4dd,1410,https://schedule.vcccd.edu/,2026-04-13T19:51:05.288828+00:00,"OPEN 73110 3.0 Distance Education Class: Click CRN for requirements. Moorpark Online (Canvas) 52 0 52 Weaver, Timothy 10/12-12/03 8"
78151b12-c287-4703-8837-373e3e9794a7,1411,https://schedule.vcccd.edu/,2026-04-13T19:51:05.288828+00:00,"OPEN 73632 3.0 Distance Education Class: Click CRN for requirements. Moorpark Online (Canvas) 50 0 50 Mikolajczak, Melissa 10/12-12/03 8"
cd7ab30f-fa58-4af8-ba13-4346d44fb463,1412,https://schedule.vcccd.edu/,2026-04-13T19:51:05.288828+00:00,"OPEN 71880 3.0 M W 08:30am - 09:45am Academic Center 204 49 0 49 Weaver, Timothy 08/10-12/10 18"
71e48215-635a-4a9f-a9de-5d5cfc69e638,1413,https://schedule.vcccd.edu/,2026-04-13T19:51:05.288828+00:00,M W 08:30am - 09:45am
f85b2fb4-26db-4cdc-ad2b-4fa70ca91089,1414,https://schedule.vcccd.edu/,2026-04-13T19:51:05.288828+00:00,"OPEN 72255 3.0 Distance Education Class: Click CRN for requirements. Moorpark Online (Canvas) 50 1 49 Douglass, Christy 08/10-10/02 8"
db50ed50-fc8b-43b5-8cc1-c2ea23a389e6,1415,https://schedule.vcccd.edu/,2026-04-13T19:51:05.288828+00:00,"OPEN 73092 3.0 T R 10:00am - 11:50am Academic Center 204 49 0 49 Douglass, Christy 09/01-12/02 14"
ec6aba24-5405-4935-bb60-8434d0ca0dfe,1416,https://schedule.vcccd.edu/,2026-04-13T19:51:05.288828+00:00,T R 10:00am - 11:50am
15e1d548-26fb-4ff3-9bac-758d4e8fc9a8,1417,https://schedule.vcccd.edu/,2026-04-13T19:51:05.288828+00:00,"OPEN 73630 3.0 Distance Education Class: Click CRN for requirements. Moorpark Online (Canvas) 49 0 49 Mikolajczak, Melissa 10/12-12/03 8"
b0d95786-8578-4a03-a41d-2240726e3932,1418,https://schedule.vcccd.edu/,2026-04-13T19:51:05.288828+00:00,"OPEN 73631 3.0 Distance Education Class: Click CRN for requirements. Moorpark Online (Canvas) 50 1 49 Mikolajczak, Melissa 10/12-12/03 8"
367f3385-2831-4402-b4c7-694b34382447,1419,https://schedule.vcccd.edu/,2026-04-13T19:51:05.288828+00:00,"OPEN 72233 3.0 M W 10:00am - 11:15am Academic Center 204 49 2 47 Weaver, Timothy 08/10-12/10 18"
9100bed9-2d9b-4a74-9727-bfda64246a8c,1420,https://schedule.vcccd.edu/,2026-04-13T19:51:05.288828+00:00,M W 10:00am - 11:15am
6258c964-60c9-4ef7-bab6-1f27d777eb23,1421,https://schedule.vcccd.edu/,2026-04-13T19:51:05.288828+00:00,"OPEN 71593 3.0 Distance Education Class: Click CRN for requirements. Moorpark Online (Canvas) 30 0 30 Douglass, Christy 08/10-10/02 8"
513cb982-e31f-4b11-b336-3e315d908962,1422,https://schedule.vcccd.edu/,2026-04-13T19:51:05.288828+00:00,"OPEN 71529 3.0 Distance Education Class: Click CRN for requirements. Moorpark Online (Canvas) 20 0 20 Douglass, Christy 08/10-10/02 8"
429c4a15-4afc-46dc-bcd1-1678b51e432f,1423,https://schedule.vcccd.edu/,2026-04-13T19:51:05.288828+00:00,"OPEN 72222 3.0 Distance Education Class: Click CRN for requirements. Moorpark Online (Canvas) 50 0 50 Caruana, Joseph 10/12-12/03 8"
212ecadd-c6b4-41ec-8d83-47c2b575ab3e,1424,https://schedule.vcccd.edu/,2026-04-13T19:51:05.288828+00:00,"OPEN 70649 3.0 Distance Education Class: Click CRN for requirements. Moorpark Online (Canvas) 50 0 50 Richardson, Bern 10/12-12/03 8"
b9589766-3931-4a8a-82a0-80eb6047abce,1425,https://schedule.vcccd.edu/,2026-04-13T19:51:05.288828+00:00,"OPEN 71093 3.0 Distance Education Class: Click CRN for requirements. Moorpark Online (Canvas) 50 1 49 Feramisco, Celia 08/31-12/03 14"
4693ea64-0387-495f-9bee-e591321e8a71,1426,https://schedule.vcccd.edu/,2026-04-13T19:51:05.288828+00:00,"OPEN 72919 3.0 M W 10:00am - 11:50am Academic Center 202 48 0 48 Mikolajczak, Melissa 08/31-12/02 14"
176525db-1a26-4a47-b410-6f21370a57d4,1427,https://schedule.vcccd.edu/,2026-04-13T19:51:05.288828+00:00,M W 10:00am - 11:50am
4485edbe-71f5-4d41-8a86-a4573926693f,1428,https://schedule.vcccd.edu/,2026-04-13T19:51:05.288828+00:00,"OPEN 72160 3.0 Distance Education Class: Click CRN for requirements. Moorpark Online (Canvas) 35 0 35 Mikolajczak, Melissa 08/31-12/10 14"
4c66d86f-6375-4c7d-83d6-dd63264aedfe,1429,https://schedule.vcccd.edu/,2026-04-13T19:51:05.288828+00:00,"OPEN 79855 Pre/Coreq 3.0 Distance Education Class: Click CRN for requirements. Moorpark Online (Canvas) 50 0 50 Feramisco, Celia 08/10-10/02 8"
bc4e01e6-c86a-4495-8c6d-a06b99e93a7f,1430,https://schedule.vcccd.edu/,2026-04-13T19:51:05.288828+00:00,"OPEN 72267 Pre/Coreq 3.0 Distance Education Class: Click CRN for requirements. Moorpark Online (Canvas) 50 4 46 Walker, Andress 08/31-12/03 14"
34810bf4-d1d5-4c5e-b26c-6de761d97ce6,1431,https://schedule.vcccd.edu/,2026-04-13T19:51:05.288828+00:00,"OPEN 70965 Pre/Coreq 3.0 Distance Education Class: Click CRN for requirements. Moorpark Online (Canvas) 30 2 28 Feramisco, Celia 10/12-12/03 8"
90438a45-fa3f-4699-80cb-3d5cb7db1039,1432,https://schedule.vcccd.edu/,2026-04-13T19:51:05.288828+00:00,"OPEN 72930 Pre/Coreq 3.0 Distance Education Class: Click CRN for requirements. Moorpark Online (Canvas) 20 0 20 Feramisco, Celia 10/12-12/03 8"
7f68fefd-0a23-48ac-a914-b9a4de0af92b,1433,https://schedule.vcccd.edu/,2026-04-13T19:51:05.288828+00:00,"OPEN 72936 3.0 Distance Education Class: Click CRN for requirements. Moorpark Online (Canvas) 50 0 50 Robinson, Anafe 10/12-12/03 8"
d94489d2-2a54-401e-b42c-0d5833dbadf8,1434,https://schedule.vcccd.edu/,2026-04-13T19:51:05.288828+00:00,"OPEN 72660 3.0 Distance Education Class: Click CRN for requirements. Moorpark Online (Canvas) 50 0 50 Sumal, Navreet 10/12-12/03 8"
6c2e01dc-50ad-45fa-8a6c-214aa3a49434,1435,https://schedule.vcccd.edu/,2026-04-13T19:51:05.288828+00:00,"OPEN 70677 3.0 Distance Education Class: Click CRN for requirements. Moorpark Online (Canvas) 50 0 50 Sumal, Navreet 10/12-12/03 8"
43521dfa-9b12-4278-a546-aac7b842d58c,1436,https://schedule.vcccd.edu/,2026-04-13T19:51:05.288828+00:00,"OPEN 72096 3.0 Distance Education Class: Click CRN for requirements. Moorpark Online (Canvas) 50 0 50 Bowman Jr, Ray 10/12-12/03 8"
91b79ffe-6b6f-4354-ae54-7b45201c83a1,1437,https://schedule.vcccd.edu/,2026-04-13T19:51:05.288828+00:00,"OPEN 71658 3.0 Distance Education Class: Click CRN for requirements. Moorpark Online (Canvas) 50 0 50 Bowman Jr, Ray 10/12-12/03 8"
f74d4481-5069-4e96-b276-8a09c5b325d7,1438,https://schedule.vcccd.edu/,2026-04-13T19:51:05.288828+00:00,"OPEN 72635 3.0 Distance Education Class: Click CRN for requirements. Moorpark Online (Canvas) 50 0 50 Tovar, Salpy 10/12-12/03 8"
568f9f53-7064-4bd2-8ca4-ab56b934b7ae,1439,https://schedule.vcccd.edu/,2026-04-13T19:51:05.288828+00:00,"OPEN 71600 3.0 M 10:00am - 11:50am Technology Business 205 36 2 34 Masci, Felix 08/31-12/02 14"
30de2b7c-e631-442b-b92d-553eb82aa2d3,1440,https://schedule.vcccd.edu/,2026-04-13T19:51:05.288828+00:00,M 10:00am - 11:50am
f30ae3bb-eec2-498d-a7f8-bacb0b7cfa6a,1441,https://schedule.vcccd.edu/,2026-04-13T19:51:05.288828+00:00,& Distance Education Class: Click CRN for requirements. Moorpark Online (Canvas) 08/31-12/02
e1260a31-0887-47a4-a37a-63a80f8b8aca,1442,https://schedule.vcccd.edu/,2026-04-13T19:51:05.288828+00:00,"OPEN 72152 3.0 Distance Education Class: Click CRN for requirements. Moorpark Online (Canvas) 30 0 30 Tovar, Salpy 08/10-10/02 8"
f5669ba5-f769-46ea-bb20-2059b7338a70,1443,https://schedule.vcccd.edu/,2026-04-13T19:51:05.288828+00:00,"OPEN 72729 3.0 Distance Education Class: Click CRN for requirements. Moorpark Online (Canvas) 20 0 20 Tovar, Salpy 08/10-10/02 8"
718afd82-11bd-41af-bde2-1ff026e38d33,1444,https://schedule.vcccd.edu/,2026-04-13T19:51:05.288828+00:00,"OPEN 72987 1.0 T 11:00am - 11:50am TBA 40 1 39 Schnopp, Sylvia 08/10-12/10 18"
06e48cff-3a2a-48b6-894f-5256adaddee4,1445,https://schedule.vcccd.edu/,2026-04-13T19:51:05.288828+00:00,T 11:00am - 11:50am
99587211-a05d-4f78-a3e9-420100783e8d,1446,https://schedule.vcccd.edu/,2026-04-13T19:51:05.288828+00:00,OPEN 71344 3.0 Distance Education Class: Click CRN for requirements. Oxnard Online (Canvas) 55 2 53 Staff 08/24-12/10 16
2fdb6ff1-d341-4338-bcce-07f00ef8c0d7,1447,https://schedule.vcccd.edu/,2026-04-13T19:51:05.288828+00:00,"OPEN 71063 3.0 Distance Education Class: Click CRN for requirements. Oxnard Online (Canvas) 90 1 89 Schnopp, Sylvia 08/10-12/10 18"
663f5edd-c117-4817-8d5c-a0e3d63ec932,1448,https://schedule.vcccd.edu/,2026-04-13T19:51:05.288828+00:00,"OPEN 71321 3.0 W 04:00pm - 05:15pm Oxnard Zoom Live Meeting 32 0 32 Schnopp, Sylvia 10/19-12/10 8"
ed539182-628a-401c-9a07-831f3058fb31,1449,https://schedule.vcccd.edu/,2026-04-13T19:51:05.288828+00:00,W 04:00pm - 05:15pm
6e60232d-2293-4c99-ae82-6d2dbc77f8bc,1450,https://schedule.vcccd.edu/,2026-04-13T19:51:05.288828+00:00,& Distance Education Class: Click CRN for requirements. Oxnard Online (Canvas) 10/19-12/10
a59e09fa-582c-4edd-9ed9-a2914ef38a60,1451,https://schedule.vcccd.edu/,2026-04-13T19:51:05.288828+00:00,"OPEN 76070 3.0 Distance Education Class: Click CRN for requirements. Oxnard Online (Canvas) 80 1 79 Schnopp, Sylvia 08/10-12/10 18"
5aabd2a5-7fe6-4cf0-9219-ae0b8d76efdf,1452,https://schedule.vcccd.edu/,2026-04-13T19:51:05.288828+00:00,"OPEN 70792 3.0 T R 09:00am - 10:15am Oxnard Condor Hall 301A/B 60 1 59 Schnopp, Sylvia 08/25-12/10 16"
ec32dd56-6849-4eac-bd99-ba67e6f2c4cd,1453,https://schedule.vcccd.edu/,2026-04-13T19:51:05.288828+00:00,T R 09:00am - 10:15am
1b2c6fdf-2f64-4d73-ac79-73e64b40c935,1454,https://schedule.vcccd.edu/,2026-04-13T19:51:05.288828+00:00,& Distance Education Class: Click CRN for requirements. Oxnard Online (Canvas) 08/25-12/10
373c9144-a7c8-42ed-9292-09b1f3a65c79,1455,https://schedule.vcccd.edu/,2026-04-13T19:51:05.288828+00:00,"OPEN 72643 3.0 M 10:30am - 12:20pm Oxnard Condor Hall 309 40 0 40 Frohnauer, Mark 10/12-12/10 9"
aafc487d-74fc-4750-944b-631378dd60a7,1456,https://schedule.vcccd.edu/,2026-04-13T19:51:05.288828+00:00,M 10:30am - 12:20pm
40ca2178-8806-4616-b883-6be940206b3f,1457,https://schedule.vcccd.edu/,2026-04-13T19:51:05.288828+00:00,& Distance Education Class: Click CRN for requirements. Oxnard Online (Canvas) 10/12-12/10
a0d05c66-0591-4cdd-8f20-7280480b1a58,1458,https://schedule.vcccd.edu/,2026-04-13T19:51:05.288828+00:00,"OPEN 72576 3.0 Distance Education Class: Click CRN for requirements. Oxnard Online (Canvas) 50 0 50 Karamian, Martin 08/24-12/10 16"
664be73f-0aae-4a82-838b-f867c889360c,1459,https://schedule.vcccd.edu/,2026-04-13T19:51:05.288828+00:00,"OPEN 70759 3.0 Distance Education Class: Click CRN for requirements. Oxnard Online (Canvas) 45 1 44 Schnopp, Sylvia 08/24-12/10 16"
dad3724f-9590-4ba7-8f65-146771eba30e,1460,https://schedule.vcccd.edu/,2026-04-13T19:51:05.288828+00:00,"OPEN 72874 Pre/Coreq 3.0 Distance Education Class: Click CRN for requirements. Oxnard Online (Canvas) 40 2 38 Frohnauer, Mark 08/24-10/23 9"
7c24e9d2-19b1-4eb6-abb1-3ddc7417c7a8,1461,https://schedule.vcccd.edu/,2026-04-13T19:51:05.288828+00:00,"OPEN 73455 0.0 R 05:00pm - 06:50pm Oxnard Zoom Live Meeting 30 0 30 Ostrove, Geoff 08/10-09/18 6"
519624a9-5b2d-45a6-b089-64190f8cbff6,1462,https://schedule.vcccd.edu/,2026-04-13T19:51:05.288828+00:00,R 05:00pm - 06:50pm
fd7f3acb-4b84-4252-9d03-2ab46ec2a13f,1463,https://schedule.vcccd.edu/,2026-04-13T19:51:05.288828+00:00,"OPEN 70571 0.0 W 05:00pm - 06:50pm Oxnard Zoom Live Meeting 30 0 30 Clobes, Tom 08/10-09/18 6"
216ee529-14f8-4b3a-83b5-cf49a594303e,1464,https://schedule.vcccd.edu/,2026-04-13T19:51:05.288828+00:00,W 05:00pm - 06:50pm
35666dcb-b224-4f0d-9f5d-6ecb49e6d855,1465,https://schedule.vcccd.edu/,2026-04-13T19:51:05.288828+00:00,"OPEN 70199 0.0 R 05:00pm - 06:50pm Oxnard Zoom Live Meeting 30 0 30 Ostrove, Geoff 09/21-10/30 6"
f2251902-5934-447d-8a13-033600f0c93f,1466,https://schedule.vcccd.edu/,2026-04-13T19:51:05.288828+00:00,R 05:00pm - 06:50pm
747f63de-3a69-4efe-9b35-4917a4771d74,1467,https://schedule.vcccd.edu/,2026-04-13T19:51:05.288828+00:00,"OPEN 73182 0.0 W 05:00pm - 06:50pm Oxnard Zoom Live Meeting 30 0 30 Clobes, Tom 09/21-10/30 6"
25ef6d11-6a99-4986-bfef-180076e65ee2,1468,https://schedule.vcccd.edu/,2026-04-13T19:51:05.288828+00:00,W 05:00pm - 06:50pm
87ef111e-0f3a-408b-816c-0b2e67cae658,1469,https://schedule.vcccd.edu/,2026-04-13T19:51:05.288828+00:00,"OPEN 73431 0.0 R 05:00pm - 07:10pm Oxnard Zoom Live Meeting 30 0 30 Ostrove, Geoff 11/02-12/10 6"
8150b6d2-132f-40b5-a753-2091f8919ce0,1470,https://schedule.vcccd.edu/,2026-04-13T19:51:05.288828+00:00,R 05:00pm - 07:10pm
091488a5-fdc4-4a18-a01a-3551e9e98834,1471,https://schedule.vcccd.edu/,2026-04-13T19:51:05.288828+00:00,"OPEN 73432 0.0 W 05:00pm - 07:10pm Oxnard Zoom Live Meeting 30 0 30 Clobes, Tom 11/02-12/10 6"
c65001dd-8f75-4b70-90ef-25f98603e120,1472,https://schedule.vcccd.edu/,2026-04-13T19:51:05.288828+00:00,W 05:00pm - 07:10pm
e387b439-f6a5-4da7-a3d6-e9d21506f8b8,1473,https://schedule.vcccd.edu/,2026-04-13T19:51:05.288828+00:00,"OPEN 73113 3.0 Distance Education Class: Click CRN for requirements. Ventura Online (Canvas) 46 0 46 Alman, Helen 09/08-11/25 12"
0c846e4f-8b55-4a63-ad0e-2f4b9206119b,1474,https://schedule.vcccd.edu/,2026-04-13T19:51:05.288828+00:00,"OPEN 73698 3.0 Distance Education Class: Click CRN for requirements. Ventura Online (Canvas) 46 0 46 Banyai, Daniel 09/08-11/25 12"
97ca84b6-c550-41b5-a5f7-28bfd778c39e,1475,https://schedule.vcccd.edu/,2026-04-13T19:51:05.288828+00:00,"OPEN 73152 3.0 Distance Education Class: Click CRN for requirements. Ventura Online (Canvas) 46 0 46 Banyai, Daniel 10/05-11/25 8"
0a42357b-69e7-484d-a0f2-72a78acbcd49,1476,https://schedule.vcccd.edu/,2026-04-13T19:51:05.288828+00:00,"OPEN 70848 3.0 Distance Education Class: Click CRN for requirements. Ventura Online (Canvas) 34 0 34 Alman, Helen 09/28-10/30 5"
588c0e56-bbb6-408f-9c6a-e4ec6fa1f827,1477,https://schedule.vcccd.edu/,2026-04-13T19:51:05.288828+00:00,"OPEN 72411 3.0 T 05:30pm - 06:20pm Ventura MultidisciplinaryCtrE 341 35 3 32 Falco, Nicole 09/08-11/25 12"
c3802247-96dc-4a16-82ae-05e172fc68b1,1478,https://schedule.vcccd.edu/,2026-04-13T19:51:05.288828+00:00,T 05:30pm - 06:20pm
c92cd1ab-e9cc-402e-af0a-af902f619491,1479,https://schedule.vcccd.edu/,2026-04-13T19:51:05.288828+00:00,& Distance Education Class: Click CRN for requirements. Ventura Online (Canvas) 09/08-11/25
2d3cdd88-bf8e-4863-99cf-766aa2481d55,1480,https://schedule.vcccd.edu/,2026-04-13T19:51:05.288828+00:00,"OPEN 71281 3.0 Distance Education Class: Click CRN for requirements. Ventura Online (Canvas) 46 3 43 Madrazo, Catinca 09/08-11/25 12"
38fe189b-e7d2-42bd-8f29-9f824e90fe7d,1481,https://schedule.vcccd.edu/,2026-04-13T19:51:05.288828+00:00,"OPEN 70393 3.0 Distance Education Class: Click CRN for requirements. Ventura Online (Canvas) 46 0 46 Madrazo, Catinca 08/10-10/02 8"
d9db4f82-7ef6-4dda-a155-82e1022272bd,1482,https://schedule.vcccd.edu/,2026-04-13T19:51:05.288828+00:00,"OPEN 73664 3.0 Distance Education Class: Click CRN for requirements. Ventura Online (Canvas) 46 0 46 Baron-Donnelly, Lucy 08/17-12/03 16"
279606b3-c5df-42d9-887e-2d1c828520bd,1483,https://schedule.vcccd.edu/,2026-04-13T19:51:05.288828+00:00,"OPEN 70328 3.0 Distance Education Class: Click CRN for requirements. Ventura Online (Canvas) 46 0 46 Madrazo, Catinca 08/17-12/03 16"
a953db86-9040-45ad-a4df-002be24e5066,1484,https://schedule.vcccd.edu/,2026-04-13T19:51:05.288828+00:00,OPEN 70491 3.0 Distance Education Class: Click CRN for requirements. Ventura Online (Canvas) 46 0 46 Staff 10/05-11/25 8
8b7a4d98-4785-456a-afa6-e58e6d83626f,1485,https://schedule.vcccd.edu/,2026-04-13T19:51:05.288828+00:00,"OPEN 79233 3.0 Distance Education Class: Click CRN for requirements. Ventura Online (Canvas) 46 1 45 Baron-Donnelly, Lucy 08/10-12/10 18"
931ba05d-93eb-4459-8335-713a8304662a,1486,https://schedule.vcccd.edu/,2026-04-13T19:51:05.288828+00:00,"OPEN 72757 3.0 Distance Education Class: Click CRN for requirements. Ventura Online (Canvas) 46 2 44 Baron-Donnelly, Lucy 09/08-11/25 12"
7cf13be9-c7e7-4222-bc2f-7571d50c9a99,1487,https://schedule.vcccd.edu/,2026-04-13T19:51:05.288828+00:00,"OPEN 72755 3.0 W 05:30pm - 06:20pm Ventura MultidisciplinaryCtrE 341 35 5 30 Falco, Nicole 08/17-12/03 16"
49d30d38-2ec6-4ad6-8c55-e96d146910bd,1488,https://schedule.vcccd.edu/,2026-04-13T19:51:05.288828+00:00,W 05:30pm - 06:20pm
eb6cc5ec-41f1-4eb4-bb36-9212a19c2d72,1489,https://schedule.vcccd.edu/,2026-04-13T19:51:05.288828+00:00,& Distance Education Class: Click CRN for requirements. Ventura Online (Canvas) 08/17-12/03
c66a604e-4065-4382-a313-ec33ead5a30f,1490,https://schedule.vcccd.edu/,2026-04-13T19:51:05.288828+00:00,"OPEN 71112 Pre/Coreq 3.0 T R 09:00am - 10:15am Ventura MultidisciplinaryCtrE 341 21 1 20 Madrazo, Catinca 08/10-12/10 18"
a5dc567e-cc7d-4bf7-9933-589841311c1c,1491,https://schedule.vcccd.edu/,2026-04-13T19:51:05.288828+00:00,T R 09:00am - 10:15am
8e119a98-251b-46af-9271-bb6a985606a2,1492,https://schedule.vcccd.edu/,2026-04-13T19:51:05.288828+00:00,& Requires co-enrollment in BUS V28BL
8a4d2313-5316-4777-a3c2-baf27285e3df,1493,https://schedule.vcccd.edu/,2026-04-13T19:51:05.288828+00:00,"OPEN 70285 Pre/Coreq 3.0 M W 09:00am - 10:15am Ventura MultidisciplinaryCtrE 341 21 2 19 Madrazo, Catinca 08/10-12/10 18"
c535f4ee-aac8-4b8b-9503-25ed97d2947b,1494,https://schedule.vcccd.edu/,2026-04-13T19:51:05.288828+00:00,M W 09:00am - 10:15am
89fd0adc-8131-4359-b0c2-45d66696e6e3,1495,https://schedule.vcccd.edu/,2026-04-13T19:51:05.288828+00:00,& Requires co-enrollment in BUS V28BL
2129c3bb-2bd5-4736-b95f-a37575d6841b,1496,https://schedule.vcccd.edu/,2026-04-13T19:51:05.288828+00:00,"OPEN 71132 Pre/Coreq 1.0 T R 10:30am - 11:45am Ventura MultidisciplinaryCtrE 341 21 1 20 Madrazo, Catinca 08/10-12/10 18"
ad13fd86-2345-4e5b-a333-bc6e10a2d795,1497,https://schedule.vcccd.edu/,2026-04-13T19:51:05.288828+00:00,T R 10:30am - 11:45am
6840d017-f05c-414b-bae3-0af1759d1409,1498,https://schedule.vcccd.edu/,2026-04-13T19:51:05.288828+00:00,"OPEN 71318 Pre/Coreq 1.0 M W 10:30am - 11:45am Ventura MultidisciplinaryCtrE 341 21 2 19 Madrazo, Catinca 08/10-12/10 18"
a802b32c-119a-4aba-82e7-2e76bfc8c3e1,1499,https://schedule.vcccd.edu/,2026-04-13T19:51:05.288828+00:00,M W 10:30am - 11:45am
4e7f8432-73cf-4675-ab14-e4a396c76cb0,1500,https://schedule.vcccd.edu/,2026-04-13T19:51:05.288828+00:00,"OPEN 72691 3.0 T 02:00pm - 03:50pm Ventura MultidisciplinaryCtrE 341 35 3 32 Madrazo, Catinca 09/08-12/03 12"
56bc1fc0-49c2-4944-a7e6-b8dc6bcc4e26,1501,https://schedule.vcccd.edu/,2026-04-13T19:51:05.288828+00:00,T 02:00pm - 03:50pm
cc15f08d-a726-4b26-808f-cc96ff1e10ef,1502,https://schedule.vcccd.edu/,2026-04-13T19:51:05.288828+00:00,& Distance Education Class: Click CRN for requirements. Ventura Online (Canvas) 09/08-12/03
673cd573-5bac-4a9e-8583-2bafdbd66c1d,1503,https://schedule.vcccd.edu/,2026-04-13T19:51:05.288828+00:00,"OPEN 70072 3.0 Distance Education Class: Click CRN for requirements. Ventura Online (Canvas) 46 0 46 Kallik, Crystal 08/10-10/02 8"
1bd76183-3dbb-4cc0-81b2-ec719c3be6a6,1504,https://schedule.vcccd.edu/,2026-04-13T19:51:05.288828+00:00,"OPEN 73538 3.0 Distance Education Class: Click CRN for requirements. Ventura Online (Canvas) 46 0 46 Kallik, Crystal 09/08-11/25 12"
9c656223-95ba-4154-aa3c-3ee1cdc54cbc,1505,https://schedule.vcccd.edu/,2026-04-13T19:51:05.288828+00:00,"OPEN 73713 3.0 Distance Education Class: Click CRN for requirements. Ventura Online (Canvas) 46 0 46 Norris, Nick 10/05-11/25 8"
ac8d283a-6cea-4a61-bc1a-f1eca46a116c,1506,https://schedule.vcccd.edu/,2026-04-13T19:51:05.288828+00:00,"OPEN 73042 3.0 Distance Education Class: Click CRN for requirements. Ventura Online (Canvas) 46 0 46 Kallik, Crystal 10/05-11/25 8"
24247251-dd48-43f5-9a70-961c3f500980,1507,https://schedule.vcccd.edu/,2026-04-13T19:51:05.288828+00:00,"OPEN 70116 3.0 M W 11:30am - 12:45pm Ventura MultidisciplinaryCtrE 335 35 0 35 Branca, Stephanie 08/10-12/10 18"
f3b6128e-87c0-441f-865d-0c1b3f06b0b2,1508,https://schedule.vcccd.edu/,2026-04-13T19:51:05.288828+00:00,M W 11:30am - 12:45pm
aa92b850-5ea2-4ef9-ac47-e5eadb6e2cb3,1509,https://schedule.vcccd.edu/,2026-04-13T19:51:05.288828+00:00,"OPEN 73111 3.0 T 11:30am - 12:45pm Ventura MultidisciplinaryCtrE 342 35 0 35 Norris, Nick 08/10-12/10 18"
4c482b0a-11db-4322-8e57-ccf34857ee00,1510,https://schedule.vcccd.edu/,2026-04-13T19:51:05.288828+00:00,T 11:30am - 12:45pm
593083d8-93f4-4f13-8a59-5fad3455b9e5,1511,https://schedule.vcccd.edu/,2026-04-13T19:51:05.288828+00:00,& Distance Education Class: Click CRN for requirements. Ventura Online (Canvas) 08/10-12/10
785bf338-6611-4a93-b805-9ad7bf4bcad6,1512,https://schedule.vcccd.edu/,2026-04-13T19:51:05.288828+00:00,"OPEN 70399 3.0 R 10:00am - 11:15am Ventura MultidisciplinaryCtrE 335 35 0 35 Kallik, Crystal 08/17-12/03 16"
afd93e1b-deff-4a73-8f7f-99fd556425b6,1513,https://schedule.vcccd.edu/,2026-04-13T19:51:05.288828+00:00,R 10:00am - 11:15am
6e09f8f5-f066-4691-aab1-664b533a6ef2,1514,https://schedule.vcccd.edu/,2026-04-13T19:51:05.288828+00:00,& Distance Education Class: Click CRN for requirements. Ventura Online (Canvas) 08/17-12/03
6e9a2213-8dd0-4e34-adcb-00b9e90ed499,1515,https://schedule.vcccd.edu/,2026-04-13T19:51:05.288828+00:00,"OPEN 70662 3.0 T 10:00am - 11:15am Ventura MultidisciplinaryCtrE 335 35 0 35 Branca, Stephanie 09/08-11/25 12"
a5dc7ad0-3c75-4001-97d0-6d772fe2043e,1516,https://schedule.vcccd.edu/,2026-04-13T19:51:05.288828+00:00,T 10:00am - 11:15am
25b2666c-9832-4fb7-a180-000f4d728a4b,1517,https://schedule.vcccd.edu/,2026-04-13T19:51:05.288828+00:00,& Distance Education Class: Click CRN for requirements. Ventura Online (Canvas) 09/08-11/25
ec31c4a8-3cc8-4276-9033-c116f00b7e84,1518,https://schedule.vcccd.edu/,2026-04-13T19:51:05.288828+00:00,"OPEN 73051 3.0 W 11:30am - 12:45pm Ventura MultidisciplinaryCtrE 344 35 0 35 Norris, Nick 09/08-11/25 12"
14554b67-a981-4a5f-be7a-8965b019712a,1519,https://schedule.vcccd.edu/,2026-04-13T19:51:05.288828+00:00,W 11:30am - 12:45pm
0408acdf-de6d-4aea-a486-a66250a280dd,1520,https://schedule.vcccd.edu/,2026-04-13T19:51:05.288828+00:00,& Distance Education Class: Click CRN for requirements. Ventura Online (Canvas) 09/08-11/25
d21a6099-4a87-4df4-8172-1437a70f685b,1521,https://schedule.vcccd.edu/,2026-04-13T19:51:05.288828+00:00,"OPEN 70415 3.0 Distance Education Class: Click CRN for requirements. Ventura Online (Canvas) 19 0 19 Kallik, Crystal 08/17-10/09 8"
71abcf0f-84c4-4daf-858e-87c894375d73,1522,https://schedule.vcccd.edu/,2026-04-13T19:51:05.288828+00:00,"OPEN 73528 3.0 Distance Education Class: Click CRN for requirements. Ventura Online (Canvas) 19 0 19 Branca, Stephanie 11/02-12/04 5"
a739fc2b-4b75-4bd1-a613-117abf868078,1523,https://schedule.vcccd.edu/,2026-04-13T19:51:05.288828+00:00,"OPEN 70682 3.0 Distance Education Class: Click CRN for requirements. Ventura Online (Canvas) 46 0 46 Falco, Nicole 08/10-10/02 8"
600268bd-e98d-43f2-8e2e-1b34b969daea,1524,https://schedule.vcccd.edu/,2026-04-13T19:51:05.288828+00:00,"OPEN 73469 3.0 Distance Education Class: Click CRN for requirements. Ventura Online (Canvas) 46 0 46 Kallik, Crystal 10/05-11/25 8"
93d33c9d-ec7e-4966-b043-f3bcc618d649,1525,https://schedule.vcccd.edu/,2026-04-13T19:51:05.288828+00:00,"OPEN 70564 3.0 Distance Education Class: Click CRN for requirements. Ventura Online (Canvas) 46 3 43 Kallik, Crystal 09/08-11/25 12"
f5c09583-d2e1-4770-b037-35d0235377ca,1526,https://schedule.vcccd.edu/,2026-04-13T19:51:05.288828+00:00,"OPEN 73552 3.0 Distance Education Class: Click CRN for requirements. Ventura Online (Canvas) 46 0 46 Falco, Nicole 10/05-11/25 8"
b5fa8b4c-a0a6-4f11-bb7c-c2c7afa76b20,1527,https://schedule.vcccd.edu/,2026-04-13T19:51:05.288828+00:00,"OPEN 70597 3.0 Distance Education Class: Click CRN for requirements. Ventura Online (Canvas) 46 1 45 Falco, Nicole 09/08-11/25 12"
20c6da38-9d7e-400d-ae2f-03d3a07a0a5a,1528,https://schedule.vcccd.edu/,2026-04-13T19:51:05.288828+00:00,"OPEN 73130 3.0 Distance Education Class: Click CRN for requirements. Ventura Online (Canvas) 46 2 44 Falco, Nicole 08/10-10/02 8"
0c41996e-17a0-439d-a02e-f4bb24175df4,1529,https://schedule.vcccd.edu/,2026-04-13T19:51:05.288828+00:00,"OPEN 73353 3.0 Distance Education Class: Click CRN for requirements. Ventura Online (Canvas) 34 0 34 Falco, Nicole 11/02-12/04 5"
40caf805-fc15-4253-917d-586a993e1870,1530,https://schedule.vcccd.edu/,2026-04-13T19:51:05.288828+00:00,"OPEN 73470 3.0 R 11:30am - 12:45pm Ventura MultidisciplinaryCtrE 342 39 0 39 Norris, Nick 10/05-11/25 8"
8d5603c7-ebb2-4208-bd9e-95cf386576f0,1531,https://schedule.vcccd.edu/,2026-04-13T19:51:05.288828+00:00,R 11:30am - 12:45pm
5eef7fe8-993f-40a1-8149-579cdbbe1e17,1532,https://schedule.vcccd.edu/,2026-04-13T19:51:05.288828+00:00,& Distance Education Class: Click CRN for requirements. Ventura Online (Canvas) 10/05-11/25
7c2321a9-4d3c-48c6-bd13-a13321549504,1533,https://schedule.vcccd.edu/,2026-04-13T19:51:05.288828+00:00,"OPEN 73700 Pre/Coreq 3.0 Distance Education Class: Click CRN for requirements. Ventura Online (Canvas) 46 1 45 Stewart, Valerie 10/05-11/25 8"
528cb9e7-9e8a-4c83-ad87-17e566d89a38,1534,https://schedule.vcccd.edu/,2026-04-13T19:51:05.288828+00:00,"OPEN 70314 Pre/Coreq 3.0 W 10:00am - 11:15am Ventura MultidisciplinaryCtrE 335 35 1 34 Branca, Stephanie 09/08-11/25 12"
e579d47a-210e-4f8d-a9c2-fd0b8fdf50d3,1535,https://schedule.vcccd.edu/,2026-04-13T19:51:05.288828+00:00,W 10:00am - 11:15am
4d270644-38c1-413f-92f8-3c035d893cbf,1536,https://schedule.vcccd.edu/,2026-04-13T19:51:05.288828+00:00,& Distance Education Class: Click CRN for requirements. Ventura Online (Canvas) 09/08-11/25
84c0d895-8efc-416b-8aa8-dd54d02bcdde,1537,https://schedule.vcccd.edu/,2026-04-13T19:51:05.288828+00:00,"OPEN 73352 Pre/Coreq 3.0 Distance Education Class: Click CRN for requirements. Ventura Online (Canvas) 28 0 28 Stewart, Valerie 09/21-10/23 5"
89332324-9cc6-46f4-9dc4-ddcb648f57f8,1538,https://schedule.vcccd.edu/,2026-04-13T19:51:05.288828+00:00,"OPEN 73575 3.0 Distance Education Class: Click CRN for requirements. Ventura Online (Canvas) 46 1 45 Branca, Stephanie 08/10-10/02 8"
f5ee228b-a23d-428d-8367-aeb3978f30cf,1539,https://schedule.vcccd.edu/,2026-04-13T19:51:05.288828+00:00,"OPEN 70840 3.0 T 11:30am - 12:45pm Ventura MultidisciplinaryCtrE 335 35 0 35 Branca, Stephanie 09/08-11/25 12"
b78d470c-26f6-4da7-a4ed-d53c8e187853,1540,https://schedule.vcccd.edu/,2026-04-13T19:51:05.288828+00:00,T 11:30am - 12:45pm
83eef4a1-c973-45e9-ae6d-146165be0475,1541,https://schedule.vcccd.edu/,2026-04-13T19:51:05.288828+00:00,& Distance Education Class: Click CRN for requirements. Ventura Online (Canvas) 09/08-11/25
27db35b4-3f1f-4665-9e6c-c6af4b96671f,1542,https://schedule.vcccd.edu/,2026-04-13T19:51:05.288828+00:00,"OPEN 70135 3.0 Distance Education Class: Click CRN for requirements. Ventura Online (Canvas) 46 0 46 Miketta, James 10/05-11/25 8"
1eaf04f5-8615-4543-9964-bb8be791b698,1543,https://schedule.vcccd.edu/,2026-04-13T19:51:05.288828+00:00,"OPEN 70820 3.0 Distance Education Class: Click CRN for requirements. Ventura Online (Canvas) 46 0 46 Norris, Nick 08/10-10/02 8"
25ce18b4-cdf3-4c37-bc8c-dc80f678f528,1544,https://schedule.vcccd.edu/,2026-04-13T19:51:05.288828+00:00,"OPEN 72459 3.0 T 10:00am - 11:15am Ventura MultidisciplinaryCtrE 342 37 0 37 Norris, Nick 08/10-12/10 18"
2ad330d5-53a6-4c23-af72-2e2fb8c3c79c,1545,https://schedule.vcccd.edu/,2026-04-13T19:51:05.288828+00:00,T 10:00am - 11:15am
b4b4803f-ada6-4e77-a718-397c39748e1e,1546,https://schedule.vcccd.edu/,2026-04-13T19:51:05.288828+00:00,& Distance Education Class: Click CRN for requirements. Ventura Online (Canvas) 08/10-12/10
b82b391e-06a0-4fef-a9ea-1e566b49fb61,1547,https://schedule.vcccd.edu/,2026-04-13T19:51:05.288828+00:00,"OPEN 73539 3.0 W 10:00am - 11:20am Ventura MultidisciplinaryCtrE 342 37 0 37 Norris, Nick 09/08-11/25 12"
e0945674-e8e1-4e23-b2ec-542b01da8496,1548,https://schedule.vcccd.edu/,2026-04-13T19:51:05.288828+00:00,W 10:00am - 11:20am
f88615bb-ab38-49f9-9103-f177924fcf28,1549,https://schedule.vcccd.edu/,2026-04-13T19:51:05.288828+00:00,& Distance Education Class: Click CRN for requirements. Ventura Online (Canvas) 09/08-11/25
fb3e1ad1-3b2b-4fd7-9733-6a919865773f,1550,https://schedule.vcccd.edu/,2026-04-13T19:51:05.288828+00:00,"OPEN 71398 3.0 Distance Education Class: Click CRN for requirements. Ventura Online (Canvas) 46 1 45 Griffith, Pat 10/05-11/25 8"
e0116d75-f2e2-4618-b04c-64861a256155,1551,https://schedule.vcccd.edu/,2026-04-13T19:51:05.288828+00:00,"OPEN 73044 3.0 Distance Education Class: Click CRN for requirements. Ventura Online (Canvas) 46 0 46 Branca, Stephanie 08/10-10/02 8"
d8e16675-382c-4422-9e15-b6b3c2bc49c3,1552,https://schedule.vcccd.edu/,2026-04-13T19:51:05.288828+00:00,"OPEN 72541 3.0 W 11:30am - 12:45pm Ventura MultidisciplinaryCtrE 342 37 0 37 Stewart, Valerie 09/08-11/25 12"
c8a4415f-6f07-46bb-9267-11a15945f0b7,1553,https://schedule.vcccd.edu/,2026-04-13T19:51:05.288828+00:00,W 11:30am - 12:45pm
0241be7c-8a2b-4c75-94da-6b73d3593dae,1554,https://schedule.vcccd.edu/,2026-04-13T19:51:05.288828+00:00,& Distance Education Class: Click CRN for requirements. Ventura Online (Canvas) 09/08-11/25
a2ea2162-051a-4d32-9242-2f98ca685230,1555,https://schedule.vcccd.edu/,2026-04-13T19:51:05.288828+00:00,"OPEN 70406 3.0 Distance Education Class: Click CRN for requirements. Ventura Online (Canvas) 46 0 46 Stewart, Valerie 09/08-11/25 12"
0328ae77-ea5b-4c2f-9ce6-dab23c622296,1556,https://schedule.vcccd.edu/,2026-04-13T19:51:05.288828+00:00,"OPEN 71123 0.0 S 10:00am - 12:50pm Oxnard Occupational Education 3 25 0 25 Cardenas, Jose Angel 09/12-10/17 6"
43d5c87a-9dce-48ce-b91d-a031d7ac442c,1557,https://schedule.vcccd.edu/,2026-04-13T19:51:05.288828+00:00,S 10:00am - 12:50pm
16f85216-55e4-47fa-89dc-cc7184bf3e5f,1558,https://schedule.vcccd.edu/,2026-04-13T19:51:05.288828+00:00,& Distance Education Class: Click CRN for requirements. Oxnard Online (Canvas) 09/12-10/17
4642dc7b-3447-4322-94b8-c5d5c847e38d,1559,https://schedule.vcccd.edu/,2026-04-13T19:51:05.288828+00:00,"OPEN 71007 0.0 W 06:30pm - 07:20pm Oxnard Occupational Education 2 30 0 30 Cardenas, Jose Angel 10/07-12/02 8"
2fc2bbaa-dbec-4809-9645-9cb81aacd7b5,1560,https://schedule.vcccd.edu/,2026-04-13T19:51:05.288828+00:00,W 06:30pm - 07:20pm
58b01e89-6395-4d30-82bd-d61d062541bf,1561,https://schedule.vcccd.edu/,2026-04-13T19:51:05.288828+00:00,& Distance Education Class: Click CRN for requirements. Oxnard Online (Canvas) 10/07-12/02
12c1a420-65a1-4fc8-ae80-8b21249932aa,1562,https://schedule.vcccd.edu/,2026-04-13T19:51:05.288828+00:00,"OPEN 71036 0.0 W 07:30pm - 08:20pm Oxnard Occupational Education 2 30 0 30 Cardenas, Jose Angel 10/07-12/02 8"
5ec01965-1689-4bff-ab60-4ae400e8a382,1563,https://schedule.vcccd.edu/,2026-04-13T19:51:05.288828+00:00,W 07:30pm - 08:20pm
6a1a22f2-5a3b-4e90-9949-7a793c22c5b0,1564,https://schedule.vcccd.edu/,2026-04-13T19:51:05.288828+00:00,& Distance Education Class: Click CRN for requirements. Oxnard Online (Canvas) 10/07-12/02
18310b6e-fc53-4ee9-9131-a0795e120b5d,1565,https://schedule.vcccd.edu/,2026-04-13T19:51:05.288828+00:00,"OPEN 70064 3.0 Distance Education Class: Click CRN for requirements. Moorpark Online (Canvas) 50 0 50 Coulter, Shannon 10/12-12/03 8"
a151972e-59c2-48ae-8283-24dab68ab0f3,1566,https://schedule.vcccd.edu/,2026-04-13T19:51:05.288828+00:00,"OPEN 70729 3.0 Distance Education Class: Click CRN for requirements. Moorpark Online (Canvas) 50 0 50 Coulter, Shannon 08/31-12/03 14"
18f61c7c-3def-4aec-a454-a3179a764b23,1567,https://schedule.vcccd.edu/,2026-04-13T19:51:05.288828+00:00,"OPEN 72746 3.0 Distance Education Class: Click CRN for requirements. Moorpark Online (Canvas) 50 1 48 Christiansen, Heather 08/10-12/10 18"
3a7db40e-c25f-4e19-b8cf-be8127b28b31,1568,https://schedule.vcccd.edu/,2026-04-13T19:51:05.288828+00:00,"OPEN 72125 3.0 Distance Education Class: Click CRN for requirements. Moorpark Online (Canvas) 40 0 40 Dean, Kathryn 08/10-10/02 8"
20c426fe-f692-403f-998d-b4fdf49221ba,1569,https://schedule.vcccd.edu/,2026-04-13T19:51:05.288828+00:00,"OPEN 77996 3.0 M W 09:00am - 10:50am Child Development Center 132 34 0 34 Christiansen, Heather 08/31-12/02 14"
21b5e9e1-a6f6-4caa-8507-19287c1a2adb,1570,https://schedule.vcccd.edu/,2026-04-13T19:51:05.288828+00:00,M W 09:00am - 10:50am
700f183a-bfbc-4427-9445-7a9331aff1b2,1571,https://schedule.vcccd.edu/,2026-04-13T19:51:05.288828+00:00,"OPEN 75139 3.0 T 09:00am - 11:50am Child Development Center 132 34 1 33 Vega, Amy 08/10-12/10 18"
1f6ac1b4-fa9f-4f49-99da-9ecbe4a1b7b3,1572,https://schedule.vcccd.edu/,2026-04-13T19:51:05.288828+00:00,T 09:00am - 11:50am
2b88718e-67d8-4dac-b7ce-a38017b7368e,1573,https://schedule.vcccd.edu/,2026-04-13T19:51:05.288828+00:00,"OPEN 72220 3.0 W 09:00am - 11:50am Child Development Center 114 28 0 28 Rodriguez, Anna M. 08/10-12/10 18"
59c9a17f-38ad-422d-96a1-a07163d18546,1574,https://schedule.vcccd.edu/,2026-04-13T19:51:05.288828+00:00,W 09:00am - 11:50am
2ba0b322-0171-4d23-b42a-ddfdb648387b,1575,https://schedule.vcccd.edu/,2026-04-13T19:51:05.288828+00:00,OPEN 73591 3.0 Distance Education Class: Click CRN for requirements. Moorpark Online (Canvas) 25 0 25 Staff 08/24-12/03 15
572a86d2-054e-460e-bcb6-387fd7736b71,1576,https://schedule.vcccd.edu/,2026-04-13T19:51:05.288828+00:00,"OPEN 71171 3.0 Distance Education Class: Click CRN for requirements. Moorpark Online (Canvas) 20 0 20 Christiansen, Heather 08/24-12/10 15"
d5f62904-a13a-4711-9635-8fa0d2f986e1,1577,https://schedule.vcccd.edu/,2026-04-13T19:51:05.288828+00:00,"OPEN 73589 3.0 Distance Education Class: Click CRN for requirements. Moorpark Online (Canvas) 20 0 20 Lopez, Jeanette 09/08-12/10 14"
b7f87ee1-5581-452d-95a4-2c608a3e41ce,1578,https://schedule.vcccd.edu/,2026-04-13T19:51:05.288828+00:00,"OPEN 70880 3.0 Distance Education Class: Click CRN for requirements. Moorpark Online (Canvas) 10 0 10 Dean, Kathryn 08/10-10/02 8"
ea05211d-73bb-4a2c-85af-460e980a04d2,1579,https://schedule.vcccd.edu/,2026-04-13T19:51:05.288828+00:00,"OPEN 71588 3.0 Distance Education Class: Click CRN for requirements. Moorpark Online (Canvas) 50 0 50 Sobieski, Nasha 10/12-12/03 8"
e3e297fd-b18f-4d55-ab82-066ef59a796b,1580,https://schedule.vcccd.edu/,2026-04-13T19:51:05.288828+00:00,"OPEN 73120 3.0 R 09:00am - 11:50am Child Development Center 132 34 0 33 Rodriguez, Anna M. 08/10-12/10 18"
23acbc07-2ad8-4c9c-9d1a-93c0321ef731,1581,https://schedule.vcccd.edu/,2026-04-13T19:51:05.288828+00:00,R 09:00am - 11:50am
9b153dca-7b00-4dff-9782-7871160491a5,1582,https://schedule.vcccd.edu/,2026-04-13T19:51:05.288828+00:00,"OPEN 70379 3.0 Distance Education Class: Click CRN for requirements. Moorpark Online (Canvas) 50 0 50 Rodriguez, Anna M. 08/10-10/02 8"
62e2d063-0807-4c02-b1aa-891207f4f036,1583,https://schedule.vcccd.edu/,2026-04-13T19:51:05.288828+00:00,"OPEN 71069 3.0 Distance Education Class: Click CRN for requirements. Moorpark Online (Canvas) 50 0 50 Rodriguez, Anna M. 08/24-12/03 15"
e62ad1f7-b2b1-4ee0-aa8f-22968fe606e1,1584,https://schedule.vcccd.edu/,2026-04-13T19:51:05.288828+00:00,"OPEN 70412 3.0 Distance Education Class: Click CRN for requirements. Moorpark Online (Canvas) 50 0 50 Pimentel, Johanna 10/12-12/03 8"
45eaaf17-d59a-4c74-b863-e47ffb773b1c,1585,https://schedule.vcccd.edu/,2026-04-13T19:51:05.288828+00:00,"OPEN 75143 3.0 Distance Education Class: Click CRN for requirements. Moorpark Online (Canvas) 50 0 50 Conrad, Renee 08/31-12/03 14"
8cc60e29-05fb-42fd-bb0a-6ba28daa0c89,1586,https://schedule.vcccd.edu/,2026-04-13T19:51:05.288828+00:00,"OPEN 70381 3.0 R 09:00am - 11:50am Child Development Center 132 34 1 33 Rodriguez, Anna M. 08/10-12/10 18"
9fde1f9b-cdf8-435d-8f36-76cbf79de256,1587,https://schedule.vcccd.edu/,2026-04-13T19:51:05.288828+00:00,R 09:00am - 11:50am
5bcb325b-ec50-4bac-93a2-48196ed3bdc5,1588,https://schedule.vcccd.edu/,2026-04-13T19:51:05.288828+00:00,"OPEN 72365 Pre/Coreq 1.0 Distance Education Class: Click CRN for requirements. Child Development Center 27 3 24 Coulter, Shannon 08/10-12/10 18"
0c36f2ec-bce4-4afe-afb9-894a58aa7450,1589,https://schedule.vcccd.edu/,2026-04-13T19:51:05.288828+00:00,& 1.50 HRS/WK ONLINE Moorpark Online (Canvas) 08/10-12/10
c781841d-72de-4e89-86fe-b3f336a92833,1590,https://schedule.vcccd.edu/,2026-04-13T19:51:05.288828+00:00,& Requires co-enrollment in CD M04
1f41084b-978d-4bc8-89bf-52c2c9fadbd1,1591,https://schedule.vcccd.edu/,2026-04-13T19:51:05.288828+00:00,"OPEN 71342 Pre/Coreq 2.0 Distance Education Class: Click CRN for requirements. Moorpark Online (Canvas) 27 3 24 Coulter, Shannon 08/10-12/10 18"
e6682375-2eb7-4c50-b757-dcf30e054678,1592,https://schedule.vcccd.edu/,2026-04-13T19:51:05.288828+00:00,& F 10:00am - 11:50am Child Development Center 132 08/14-08/14
830a95f3-ee20-4515-a2b7-4feb48fe79b2,1593,https://schedule.vcccd.edu/,2026-04-13T19:51:05.288828+00:00,F 10:00am - 11:50am
32e3bfe0-9462-4d8a-ba54-cda6042e56b0,1594,https://schedule.vcccd.edu/,2026-04-13T19:51:05.288828+00:00,& F 10:00am - 11:50am Child Development Center 132 08/21-08/21
ee25a195-cae2-42bd-9257-30c5bd761e11,1595,https://schedule.vcccd.edu/,2026-04-13T19:51:05.288828+00:00,F 10:00am - 11:50am
5bc082c2-a9d1-445c-8abe-6ca06ab0af3d,1596,https://schedule.vcccd.edu/,2026-04-13T19:51:05.288828+00:00,& F 10:00am - 11:50am Child Development Center 132 09/25-09/25
d2deb040-0956-46ff-9be2-8526fb11270c,1597,https://schedule.vcccd.edu/,2026-04-13T19:51:05.288828+00:00,F 10:00am - 11:50am
76cc6d7f-627c-4fe2-8996-f1d0246f0102,1598,https://schedule.vcccd.edu/,2026-04-13T19:51:05.288828+00:00,& F 10:00am - 11:50am Child Development Center 132 12/04-12/04
a4fd743b-0683-402a-9485-7152a9d8c0f0,1599,https://schedule.vcccd.edu/,2026-04-13T19:51:05.288828+00:00,F 10:00am - 11:50am
7d1800e6-7835-482b-ba7f-699e0eba82b2,1600,https://schedule.vcccd.edu/,2026-04-13T19:51:05.288828+00:00,& Requires co-enrollment in CD M04L
ee726581-5875-43cc-8a32-d4a8cd88463e,1601,https://schedule.vcccd.edu/,2026-04-13T19:51:05.288828+00:00,"OPEN 72037 3.0 Distance Education Class: Click CRN for requirements. Moorpark Online (Canvas) 50 0 50 Dean, Kathryn 10/12-12/03 8"
28a5cd25-b9cd-4710-908e-f4a15e7d7b8d,1602,https://schedule.vcccd.edu/,2026-04-13T19:51:05.288828+00:00,"OPEN 71474 3.0 Distance Education Class: Click CRN for requirements. Moorpark Online (Canvas) 40 3 37 Dean, Kathryn 08/10-10/02 8"
ce5e424c-9d54-4795-8f78-5039f503a065,1603,https://schedule.vcccd.edu/,2026-04-13T19:51:05.288828+00:00,"OPEN 72231 3.0 Distance Education Class: Click CRN for requirements. Moorpark Online (Canvas) 10 0 10 Dean, Kathryn 08/10-10/02 8"
9d0e1c72-d9e8-4ee5-9092-1a53022ccacc,1604,https://schedule.vcccd.edu/,2026-04-13T19:51:05.288828+00:00,"OPEN 72422 3.0 Distance Education Class: Click CRN for requirements. Moorpark Online (Canvas) 50 1 49 Ochoa, Deanna 08/10-10/02 8"
60baefe8-a345-45ca-87aa-fdc268b8c2df,1605,https://schedule.vcccd.edu/,2026-04-13T19:51:05.288828+00:00,"OPEN 71752 3.0 Distance Education Class: Click CRN for requirements. Moorpark Online (Canvas) 40 2 38 Pimentel, Johanna 10/12-12/03 8"
bcf30452-24a2-43d9-bb3f-edd05268c26a,1606,https://schedule.vcccd.edu/,2026-04-13T19:51:05.288828+00:00,"OPEN 70008 3.0 Distance Education Class: Click CRN for requirements. Moorpark Online (Canvas) 10 1 9 Pimentel, Johanna 10/12-12/03 8"
59d2964c-78d9-4728-8e95-96262b2dccd3,1607,https://schedule.vcccd.edu/,2026-04-13T19:51:05.288828+00:00,"OPEN 76787 Pre/Coreq 1.5 Distance Education Class: Click CRN for requirements. Child Development Center 20 0 19 Sheaks, Cynthia 08/24-12/03 15"
2d9ace24-f8cc-4d68-a6f3-4a1dc3190d5e,1608,https://schedule.vcccd.edu/,2026-04-13T19:51:05.288828+00:00,& 2.00 HRS/WK ONLINE Moorpark Online (Canvas) 08/24-12/03
65e43d0c-3fa9-4a1c-9839-4807c5d9c60e,1609,https://schedule.vcccd.edu/,2026-04-13T19:51:05.288828+00:00,& Requires co-enrollment in CD M12
cd587b71-da38-45f4-b775-45b99b74dca3,1610,https://schedule.vcccd.edu/,2026-04-13T19:51:05.288828+00:00,"OPEN 72099 Pre/Coreq 1.5 Distance Education Class: Click CRN for requirements. Child Development Center 15 1 14 Sheaks, Cynthia 08/24-12/03 15"
ab5020d9-e4c4-4ef5-9edf-6890504c91b1,1611,https://schedule.vcccd.edu/,2026-04-13T19:51:05.288828+00:00,& 2.00 HRS/WK ONLINE Moorpark Online (Canvas) 08/24-12/03
7d75c192-415e-43fb-857d-f82a11df16db,1612,https://schedule.vcccd.edu/,2026-04-13T19:51:05.288828+00:00,& Requires co-enrollment in CD M12
ffd8171e-5673-479f-ad60-d4746222f0c4,1613,https://schedule.vcccd.edu/,2026-04-13T19:51:05.288828+00:00,"OPEN 71870 Pre/Coreq 2.0 M 04:00pm - 05:50pm Child Development Center 114 15 1 14 Sheaks, Cynthia 08/24-08/24 15"
06a260af-c18f-40b7-9171-2ee4afc3fcac,1614,https://schedule.vcccd.edu/,2026-04-13T19:51:05.288828+00:00,M 04:00pm - 05:50pm
6aaa10b6-a540-445a-9887-aab0db59c561,1615,https://schedule.vcccd.edu/,2026-04-13T19:51:05.288828+00:00,& Distance Education Class: Click CRN for requirements. Moorpark Online (Canvas) 08/24-12/03
cbfb61f8-b9b4-40f1-83e4-d4ce69214141,1616,https://schedule.vcccd.edu/,2026-04-13T19:51:05.288828+00:00,& M 04:00pm - 05:50pm Child Development Center 114 08/31-08/31
cf4f23e2-bd82-4e59-962b-5ae6d2cddbee,1617,https://schedule.vcccd.edu/,2026-04-13T19:51:05.288828+00:00,M 04:00pm - 05:50pm
6a8773ea-d166-4dfc-a1b7-0dc00952beb5,1618,https://schedule.vcccd.edu/,2026-04-13T19:51:05.288828+00:00,& M 04:00pm - 05:50pm Child Development Center 114 09/14-09/14
64d63b8e-6484-4c74-963d-1c59f32117c3,1619,https://schedule.vcccd.edu/,2026-04-13T19:51:05.288828+00:00,M 04:00pm - 05:50pm
1bc9655f-9415-417a-a73f-6c885b43738e,1620,https://schedule.vcccd.edu/,2026-04-13T19:51:05.288828+00:00,& M 04:00pm - 05:50pm Child Development Center 114 09/28-09/28
330fab96-8ff0-4ed3-97a4-7ccc5092d552,1621,https://schedule.vcccd.edu/,2026-04-13T19:51:05.288828+00:00,M 04:00pm - 05:50pm
daa25d22-0c87-4bdf-999d-de10ad79177a,1622,https://schedule.vcccd.edu/,2026-04-13T19:51:05.288828+00:00,& M 04:00pm - 05:50pm Child Development Center 114 10/12-10/12
cb2a56a4-8f48-4555-8163-39501b19be9a,1623,https://schedule.vcccd.edu/,2026-04-13T19:51:05.288828+00:00,M 04:00pm - 05:50pm
a04dbfd4-6fa4-4819-a741-f8260e8431b8,1624,https://schedule.vcccd.edu/,2026-04-13T19:51:05.288828+00:00,& M 04:00pm - 05:50pm Child Development Center 114 11/02-11/02
b94cb607-bdeb-431a-855d-d43a61d9fff1,1625,https://schedule.vcccd.edu/,2026-04-13T19:51:05.288828+00:00,M 04:00pm - 05:50pm
5dbf5ed4-b343-4b64-b908-cc832ceeacd1,1626,https://schedule.vcccd.edu/,2026-04-13T19:51:05.288828+00:00,& M 04:00pm - 05:50pm Child Development Center 114 11/16-11/16
92d573e6-ac65-4ff3-85bd-42b16750c9e3,1627,https://schedule.vcccd.edu/,2026-04-13T19:51:05.288828+00:00,M 04:00pm - 05:50pm
eedf8c2a-9eb6-43d4-b38e-d818911dfdfc,1628,https://schedule.vcccd.edu/,2026-04-13T19:51:05.288828+00:00,& M 04:00pm - 05:50pm Child Development Center 114 11/30-11/30
863c97ce-1612-41ea-88e0-6c399e35d01c,1629,https://schedule.vcccd.edu/,2026-04-13T19:51:05.288828+00:00,M 04:00pm - 05:50pm
2703851b-94a2-4df9-ac09-9040f477eea1,1630,https://schedule.vcccd.edu/,2026-04-13T19:51:05.288828+00:00,& Requires co-enrollment in CD M12L
d8fd3286-bc1f-4e6a-93dd-23c8da9dfa69,1631,https://schedule.vcccd.edu/,2026-04-13T19:51:05.288828+00:00,"OPEN 72348 Pre/Coreq 2.0 M 04:00pm - 05:50pm Child Development Center 114 5 0 5 Sheaks, Cynthia 08/24-08/24 15"
1c5c95f1-b82c-4995-acdb-5e8844b7e240,1632,https://schedule.vcccd.edu/,2026-04-13T19:51:05.288828+00:00,M 04:00pm - 05:50pm
85a40e7c-58f2-47b9-8a7f-f1a05c12bf4b,1633,https://schedule.vcccd.edu/,2026-04-13T19:51:05.288828+00:00,& Distance Education Class: Click CRN for requirements. Moorpark Online (Canvas) 08/24-12/03
71ee026e-c7c9-431b-a427-b2747e739e31,1634,https://schedule.vcccd.edu/,2026-04-13T19:51:05.288828+00:00,& M 04:00pm - 05:50pm Child Development Center 114 08/31-08/31
369d9bc7-9573-4509-992c-2db708015f4b,1635,https://schedule.vcccd.edu/,2026-04-13T19:51:05.288828+00:00,M 04:00pm - 05:50pm
8a9159c6-c7f7-4ded-af4b-5eb54c3af3cc,1636,https://schedule.vcccd.edu/,2026-04-13T19:51:05.288828+00:00,& M 04:00pm - 05:50pm Child Development Center 114 09/14-09/14
5591db06-2f18-411b-a00e-82e372660f2e,1637,https://schedule.vcccd.edu/,2026-04-13T19:51:05.288828+00:00,M 04:00pm - 05:50pm
075829e4-5f7c-4676-832b-9914e13b6f03,1638,https://schedule.vcccd.edu/,2026-04-13T19:51:05.288828+00:00,& M 04:00pm - 05:50pm Child Development Center 114 09/28-09/28
228a10dd-02eb-4468-8ba7-d10f8b461ec9,1639,https://schedule.vcccd.edu/,2026-04-13T19:51:05.288828+00:00,M 04:00pm - 05:50pm
63a243ef-e354-4690-9bdf-d0dff14e960d,1640,https://schedule.vcccd.edu/,2026-04-13T19:51:05.288828+00:00,& M 04:00pm - 05:50pm Child Development Center 114 10/12-10/12
b8e6bc3c-7493-4ef5-a0ce-179627a72b15,1641,https://schedule.vcccd.edu/,2026-04-13T19:51:05.288828+00:00,M 04:00pm - 05:50pm
6dbb0cb3-a1d9-4be5-b6ee-8fcb375213f6,1642,https://schedule.vcccd.edu/,2026-04-13T19:51:05.288828+00:00,& M 04:00pm - 05:50pm Child Development Center 114 11/02-11/02
20740454-7d5e-431a-aa9f-4020f8c5f620,1643,https://schedule.vcccd.edu/,2026-04-13T19:51:05.288828+00:00,M 04:00pm - 05:50pm
9e7d84c5-586b-4944-a45c-dbffd1be6028,1644,https://schedule.vcccd.edu/,2026-04-13T19:51:05.288828+00:00,& M 04:00pm - 05:50pm Child Development Center 114 11/16-11/16
22a17831-0f36-4813-97d6-e44dc91722e4,1645,https://schedule.vcccd.edu/,2026-04-13T19:51:05.288828+00:00,M 04:00pm - 05:50pm
f32cac9d-c0a9-4ce8-b832-bb4e77c9c5c7,1646,https://schedule.vcccd.edu/,2026-04-13T19:51:05.288828+00:00,& M 04:00pm - 05:50pm Child Development Center 114 11/30-11/30
d29dc718-5b28-4ede-9139-71a4dfc5a36a,1647,https://schedule.vcccd.edu/,2026-04-13T19:51:05.288828+00:00,M 04:00pm - 05:50pm
fd1fedb1-852b-4efe-8547-80633b8c1dfe,1648,https://schedule.vcccd.edu/,2026-04-13T19:51:05.288828+00:00,& Requires co-enrollment in CD M12L
eefbb3d8-127a-4f6f-9f65-efc966a63943,1649,https://schedule.vcccd.edu/,2026-04-13T19:51:05.288828+00:00,"OPEN 72616 3.0 W 05:00pm - 06:50pm Moorpark Zoom Web Live Meeting 50 0 50 Sheaks, Cynthia 10/12-12/03 8"
48ebed1e-4dec-4c95-b648-70d0a5fd34d1,1650,https://schedule.vcccd.edu/,2026-04-13T19:51:05.288828+00:00,W 05:00pm - 06:50pm
7de38de4-3c9c-45b6-bd18-73031afbac81,1651,https://schedule.vcccd.edu/,2026-04-13T19:51:05.288828+00:00,& Distance Education Class: Click CRN for requirements. Moorpark Online (Canvas) 10/12-12/03
cf9ed1cc-9ab1-4592-823b-3168032f3435,1652,https://schedule.vcccd.edu/,2026-04-13T19:51:05.288828+00:00,OPEN 72234 3.0 Distance Education Class: Click CRN for requirements. Moorpark Online (Canvas) 40 0 40 Staff 08/10-10/02 8
8b245435-898a-4619-afbf-007e74aadc3d,1653,https://schedule.vcccd.edu/,2026-04-13T19:51:05.288828+00:00,OPEN 70167 3.0 Distance Education Class: Click CRN for requirements. Moorpark Online (Canvas) 10 0 10 Staff 08/10-10/02 8
5b99db39-a662-4a2f-97d5-209457506c89,1654,https://schedule.vcccd.edu/,2026-04-13T19:51:05.288828+00:00,"OPEN 72187 3.0 Distance Education Class: Click CRN for requirements. Moorpark Online (Canvas) 50 1 49 Taintor, Amanda 08/31-12/03 14"
d42aaacd-b250-464f-adf5-05e4e982b8b7,1655,https://schedule.vcccd.edu/,2026-04-13T19:51:05.288828+00:00,"OPEN 73131 3.0 Distance Education Class: Click CRN for requirements. Moorpark Online (Canvas) 50 1 49 Isaacs, Toni 10/12-12/03 8"
dde697ec-f110-47a5-ab99-2ad8382420a8,1656,https://schedule.vcccd.edu/,2026-04-13T19:51:05.288828+00:00,"OPEN 70575 3.0 Distance Education Class: Click CRN for requirements. Moorpark Online (Canvas) 50 0 50 Conrad, Renee 08/10-12/10 18"
fd67bf73-88c3-44d6-b8a1-38b22fe852b3,1657,https://schedule.vcccd.edu/,2026-04-13T19:51:05.288828+00:00,"OPEN 72340 3.0 Distance Education Class: Click CRN for requirements. Moorpark Online (Canvas) 50 0 50 Vega, Amy 08/10-10/02 8"
9a41be7b-89a0-45bd-a936-d49fedea4fe1,1658,https://schedule.vcccd.edu/,2026-04-13T19:51:05.288828+00:00,"OPEN 72520 3.0 Distance Education Class: Click CRN for requirements. Moorpark Online (Canvas) 50 0 50 Conrad, Renee 10/12-12/03 8"
6762dbde-8615-4e73-8cc4-9f5ccc076163,1659,https://schedule.vcccd.edu/,2026-04-13T19:51:05.288828+00:00,"OPEN 72273 3.0 Distance Education Class: Click CRN for requirements. Moorpark Online (Canvas) 40 0 40 Blount, Gia 10/12-12/03 8"
4a68c7da-47af-4771-9708-a1e10ab3872b,1660,https://schedule.vcccd.edu/,2026-04-13T19:51:05.288828+00:00,"OPEN 71222 3.0 Distance Education Class: Click CRN for requirements. Moorpark Online (Canvas) 10 0 10 Blount, Gia 10/12-12/03 8"
ffce04a7-6133-4c63-b510-f9649baeb130,1661,https://schedule.vcccd.edu/,2026-04-13T19:51:05.288828+00:00,"OPEN 70898 3.0 Distance Education Class: Click CRN for requirements. Moorpark Online (Canvas) 50 1 49 Rodriguez, Anna M. 10/12-12/03 8"
53a8e6b6-88cc-40b2-b08e-3e6d370aad89,1662,https://schedule.vcccd.edu/,2026-04-13T19:51:05.288828+00:00,"OPEN 71356 1.0 Distance Education Class: Click CRN for requirements. Moorpark Online (Canvas) 50 0 50 Dean, Kathryn 11/02-12/03 5"
4e25ba5a-67fb-4a70-8452-744e9a9f40fc,1663,https://schedule.vcccd.edu/,2026-04-13T19:51:05.288828+00:00,"OPEN 71527 1.0 Distance Education Class: Click CRN for requirements. Moorpark Online (Canvas) 50 0 50 Ochoa, Deanna 09/28-10/30 5"
52d1ec20-c2ba-498f-9dd9-7e2d0d36a911,1664,https://schedule.vcccd.edu/,2026-04-13T19:51:05.288828+00:00,"OPEN 71921 3.0 Distance Education Class: Click CRN for requirements. Ventura Online (Canvas) 46 1 45 Flores Foss, Jenny 08/10-12/10 18"
1eaf2476-83fd-4567-aca1-500f74fd36bf,1665,https://schedule.vcccd.edu/,2026-04-13T19:51:05.288828+00:00,"OPEN 72161 3.0 W 09:00am - 10:50am Ventura Children's Center 38 35 1 34 Flores Foss, Jenny 08/17-12/03 16"
c5a552e5-9d94-4348-8691-15c2a892f535,1666,https://schedule.vcccd.edu/,2026-04-13T19:51:05.288828+00:00,W 09:00am - 10:50am
a8a6d063-eff9-47a7-b48e-0504b0e1c4e5,1667,https://schedule.vcccd.edu/,2026-04-13T19:51:05.288828+00:00,& Distance Education Class: Click CRN for requirements. Ventura Online (Canvas) 08/17-12/03
f9bbac6b-42a1-4481-8df1-a40dc3608156,1668,https://schedule.vcccd.edu/,2026-04-13T19:51:05.288828+00:00,"OPEN 71221 Pre/Coreq 0.5 1.50 HRS/WK TO BE ARRANGED Ventura Children's Center 18 2 16 Johnson, Rachel 08/17-12/03 16"
af8056ea-e977-4c5d-86ac-2b1276627d5f,1669,https://schedule.vcccd.edu/,2026-04-13T19:51:05.288828+00:00,& Requires co-enrollment in CD V04
3f0e8517-9079-403e-bee7-854e139d176e,1670,https://schedule.vcccd.edu/,2026-04-13T19:51:05.288828+00:00,"OPEN 70261 Pre/Coreq 0.5 1.50 HRS/WK TO BE ARRANGED Ventura Children's Center 17 1 16 Johnson, Rachel 08/17-12/03 16"
1068f3f3-50dc-4c58-9df1-f0705ee10ded,1671,https://schedule.vcccd.edu/,2026-04-13T19:51:05.288828+00:00,& Requires co-enrollment in CD V04
cedf9a08-51fb-480b-96a9-f27cdd929974,1672,https://schedule.vcccd.edu/,2026-04-13T19:51:05.288828+00:00,"OPEN 70604 Pre/Coreq 2.5 M 04:00pm - 05:20pm Ventura Children's Center 38 35 3 32 Johnson, Rachel 08/17-12/03 16"
32e7d0a6-2670-4c35-af81-dbd986506e49,1673,https://schedule.vcccd.edu/,2026-04-13T19:51:05.288828+00:00,M 04:00pm - 05:20pm
86545078-9700-4082-ba66-d5bc02ffd57a,1674,https://schedule.vcccd.edu/,2026-04-13T19:51:05.288828+00:00,& Distance Education Class: Click CRN for requirements. Ventura Online (Canvas) 08/17-12/03
d44179fb-b354-4213-a178-943693a66b22,1675,https://schedule.vcccd.edu/,2026-04-13T19:51:05.288828+00:00,& Requires co-enrollment in CD V04L
161843ec-05ac-41a9-b831-ca4fddf42e80,1676,https://schedule.vcccd.edu/,2026-04-13T19:51:05.288828+00:00,"OPEN 73052 3.0 Distance Education Class: Click CRN for requirements. Ventura Online (Canvas) 46 2 44 Wilson, Lisa 09/08-11/25 12"
7dbbd297-53bd-4bad-b04f-0ef69f95189f,1677,https://schedule.vcccd.edu/,2026-04-13T19:51:05.288828+00:00,"OPEN 70439 3.0 Distance Education Class: Click CRN for requirements. Ventura Online (Canvas) 46 2 44 Wilson, Lisa 08/10-10/30 12"
d943ea11-1ac3-4daf-bbdb-0d3ef5ec8abc,1678,https://schedule.vcccd.edu/,2026-04-13T19:51:05.288828+00:00,"OPEN 70711 3.0 Distance Education Class: Click CRN for requirements. Ventura Online (Canvas) 46 2 44 Fields, Stephanie 09/08-11/25 12"
c7126a95-c249-4bab-976b-82277abd97d5,1679,https://schedule.vcccd.edu/,2026-04-13T19:51:05.288828+00:00,"OPEN 73026 3.0 Distance Education Class: Click CRN for requirements. Ventura Online (Canvas) 46 0 46 Hernandez, Taylor 08/17-12/03 16"
763d76f4-6836-4874-9f08-2c2697503431,1680,https://schedule.vcccd.edu/,2026-04-13T19:51:05.288828+00:00,"OPEN 73070 3.0 Distance Education Class: Click CRN for requirements. Ventura Online (Canvas) 46 4 42 Flores Foss, Jenny 08/17-12/03 16"
a2621aae-93c9-4eb4-ba2e-fb80c6205736,1681,https://schedule.vcccd.edu/,2026-04-13T19:51:05.288828+00:00,"OPEN 71962 3.0 M 11:00am - 12:50pm Ventura Children's Center 38 35 0 35 Fascenda, Lauren 09/08-11/25 12"
e13fc7db-c092-4f92-a3d2-c76f9b31e3b9,1682,https://schedule.vcccd.edu/,2026-04-13T19:51:05.288828+00:00,M 11:00am - 12:50pm
896cf50b-2362-45a0-a5be-65f3479c4a48,1683,https://schedule.vcccd.edu/,2026-04-13T19:51:05.288828+00:00,& Distance Education Class: Click CRN for requirements. Ventura Online (Canvas) 09/08-11/25
5c5396d1-af13-4b50-8560-ac57d1a52ee8,1684,https://schedule.vcccd.edu/,2026-04-13T19:51:05.288828+00:00,"OPEN 70623 3.0 R 11:00am - 12:50pm Ventura Children's Center 38 35 2 33 Fascenda, Lauren 09/08-11/25 12"
4c3e33e6-5efd-425f-845f-a087bf609dc3,1685,https://schedule.vcccd.edu/,2026-04-13T19:51:05.288828+00:00,R 11:00am - 12:50pm
361c2afd-fc51-4e19-8ad9-de0c40f95921,1686,https://schedule.vcccd.edu/,2026-04-13T19:51:05.288828+00:00,& Distance Education Class: Click CRN for requirements. Ventura Online (Canvas) 09/08-11/25
6cc2f92f-5996-4a33-97f0-4480ea11c59d,1687,https://schedule.vcccd.edu/,2026-04-13T19:51:05.288828+00:00,"OPEN 73474 3.0 R 11:30am - 12:45pm Ventura MultidisciplinaryCtrE 342 39 0 39 Norris, Nick 10/05-11/25 8"
18bf95a7-7a52-4a09-a53f-29e7b667f7e1,1688,https://schedule.vcccd.edu/,2026-04-13T19:51:05.288828+00:00,R 11:30am - 12:45pm
e0e94d2c-b9d8-4e98-827c-8c5872677a75,1689,https://schedule.vcccd.edu/,2026-04-13T19:51:05.288828+00:00,& Distance Education Class: Click CRN for requirements. Ventura Online (Canvas) 10/05-11/25
1256dd8e-c74a-4361-b528-8220029b48d3,1690,https://schedule.vcccd.edu/,2026-04-13T19:51:05.288828+00:00,"OPEN 79155 3.0 Distance Education Class: Click CRN for requirements. Ventura Online (Canvas) 46 0 46 Pritchard, Lauren 09/08-11/25 12"
17096411-2aee-45b1-9ba5-55bd5620f0dd,1691,https://schedule.vcccd.edu/,2026-04-13T19:51:05.288828+00:00,"OPEN 70844 3.0 T 09:00am - 10:50am Ventura Children's Center 38 35 2 33 Patthoff, Adria 10/05-11/25 8"
de9e194a-fbaa-40d0-b5fb-98cdfecf42cb,1692,https://schedule.vcccd.edu/,2026-04-13T19:51:05.288828+00:00,T 09:00am - 10:50am
949bbfef-1d88-46ea-9940-b0fca5e6f1c2,1693,https://schedule.vcccd.edu/,2026-04-13T19:51:05.288828+00:00,& Distance Education Class: Click CRN for requirements. Ventura Online (Canvas) 10/05-11/25
014b4288-ec88-40a2-9104-904c29a0e01d,1694,https://schedule.vcccd.edu/,2026-04-13T19:51:05.288828+00:00,"OPEN 70853 3.0 Distance Education Class: Click CRN for requirements. Ventura Online (Canvas) 46 3 43 Fascenda, Lauren 09/08-11/25 12"
570fad73-1783-4870-9c42-84cf349bc72c,1695,https://schedule.vcccd.edu/,2026-04-13T19:51:05.288828+00:00,"OPEN 71401 3.0 T 01:00pm - 02:50pm Ventura Children's Center 38 35 3 32 Patthoff, Adria 08/17-12/03 16"
4ea3c43c-4524-4def-b8a5-e03a325af401,1696,https://schedule.vcccd.edu/,2026-04-13T19:51:05.288828+00:00,T 01:00pm - 02:50pm
401b68e3-3b59-4061-83b2-4e73ba2a4a51,1697,https://schedule.vcccd.edu/,2026-04-13T19:51:05.288828+00:00,& Distance Education Class: Click CRN for requirements. Ventura Online (Canvas) 08/17-12/03
75c320e5-344e-4847-9b0a-aa895615bc02,1698,https://schedule.vcccd.edu/,2026-04-13T19:51:05.288828+00:00,"OPEN 71305 Pre/Coreq 1.0 3.25 HRS/WK TO BE ARRANGED Ventura Children's Center 15 0 15 Johnson, Rachel 08/17-12/03 16"
a1e3c3e4-bf58-4a77-af27-7b10942c49ee,1699,https://schedule.vcccd.edu/,2026-04-13T19:51:05.288828+00:00,& Requires co-enrollment in CD V66
c34dfd9f-95d9-47dd-a9b8-13ff2ce23097,1700,https://schedule.vcccd.edu/,2026-04-13T19:51:05.288828+00:00,"OPEN 73025 Pre/Coreq 1.0 3.25 HRS/WK TO BE ARRANGED Ventura Children's Center 15 0 15 Johnson, Rachel 08/17-12/03 16"
63e534b6-acd6-4c16-8f1a-bfa222476ad8,1701,https://schedule.vcccd.edu/,2026-04-13T19:51:05.288828+00:00,& Requires co-enrollment in CD V66
e782a2ce-f2e4-485f-ad3b-1ac467009dae,1702,https://schedule.vcccd.edu/,2026-04-13T19:51:05.288828+00:00,"OPEN 70600 Pre/Coreq 2.0 W 04:00pm - 05:20pm Ventura Children's Center 38 30 0 30 Johnson, Rachel 08/17-12/03 16"
3e955cbe-52e9-4b1f-b8a1-96c77a0f61a0,1703,https://schedule.vcccd.edu/,2026-04-13T19:51:05.288828+00:00,W 04:00pm - 05:20pm
352486c6-a85e-4480-ac06-e2bae967bea1,1704,https://schedule.vcccd.edu/,2026-04-13T19:51:05.288828+00:00,& Distance Education Class: Click CRN for requirements. Ventura Online (Canvas) 08/17-12/03
670df7d3-5f94-466d-a119-414299420c88,1705,https://schedule.vcccd.edu/,2026-04-13T19:51:05.288828+00:00,& Requires co-enrollment in CD V66L
20455f66-ec50-42a1-82f7-6c9c7bf9b592,1706,https://schedule.vcccd.edu/,2026-04-13T19:51:05.288828+00:00,"OPEN 72518 3.0 Distance Education Class: Click CRN for requirements. Ventura Online (Canvas) 46 1 45 Serota, Sara 08/10-12/10 18"
9b9ea539-fe73-40a8-9f49-1ab97b1dfdf2,1707,https://schedule.vcccd.edu/,2026-04-13T19:51:05.288828+00:00,"OPEN 72666 3.0 W 04:00pm - 05:50pm East Campus, Santa Paula 5 35 0 35 Serota, Sara 08/10-12/10 18"
f4e26f42-58e4-49e5-8d7b-f186d03faa63,1708,https://schedule.vcccd.edu/,2026-04-13T19:51:05.288828+00:00,W 04:00pm - 05:50pm
c060087f-7796-48fa-b671-2477e80380c7,1709,https://schedule.vcccd.edu/,2026-04-13T19:51:05.288828+00:00,& Distance Education Class: Click CRN for requirements. Ventura Online (Canvas) 08/10-12/10
ffb7a610-ecc5-4eee-975b-7544a8b744fc,1710,https://schedule.vcccd.edu/,2026-04-13T19:51:05.288828+00:00,"OPEN 72727 Pre/Coreq 3.0 T 04:00pm - 05:50pm East Campus, Santa Paula 5 35 0 35 Serota, Sara 08/10-12/10 18"
99656a4f-3099-4507-9248-e7bf38bd60a8,1711,https://schedule.vcccd.edu/,2026-04-13T19:51:05.288828+00:00,T 04:00pm - 05:50pm
a02e7ced-3207-4a1f-a92d-cbdc2094f6bd,1712,https://schedule.vcccd.edu/,2026-04-13T19:51:05.288828+00:00,& Distance Education Class: Click CRN for requirements. Ventura Online (Canvas) 08/10-12/10
c0b59ad3-7139-4b0a-890c-810d597f6b49,1713,https://schedule.vcccd.edu/,2026-04-13T19:51:05.288828+00:00,& Requires co-enrollment in CD V77
cb15931e-42f9-4126-a8dc-31468a5a6b0a,1714,https://schedule.vcccd.edu/,2026-04-13T19:51:05.288828+00:00,"OPEN 73020 Pre/Coreq 3.0 T 06:30pm - 07:45pm East Campus, Santa Paula 5 35 0 35 Serota, Sara 08/10-12/10 18"
34a78974-e6c7-4b7f-af8a-96723be1c219,1715,https://schedule.vcccd.edu/,2026-04-13T19:51:05.288828+00:00,T 06:30pm - 07:45pm
63ac161b-d89f-45e6-87d9-e5c20d1cbda3,1716,https://schedule.vcccd.edu/,2026-04-13T19:51:05.288828+00:00,& Distance Education Class: Click CRN for requirements. Ventura Online (Canvas) 08/10-12/10
038a9a0b-1fa1-4b9d-abb0-b99343fa732f,1717,https://schedule.vcccd.edu/,2026-04-13T19:51:05.288828+00:00,& Requires co-enrollment in CD V75
bf2619a9-67fe-45a3-ba00-4325227cf5a8,1718,https://schedule.vcccd.edu/,2026-04-13T19:51:05.288828+00:00,"OPEN 73019 Pre/Coreq 2.0 R 04:00pm - 05:15pm East Campus, Santa Paula 5 15 3 12 Staff 08/10-12/10 18"
a5937b65-6008-4d7f-886f-e03c986f15e7,1719,https://schedule.vcccd.edu/,2026-04-13T19:51:05.288828+00:00,R 04:00pm - 05:15pm
dd65ab97-3d83-473a-88b7-92e862a8a1e1,1720,https://schedule.vcccd.edu/,2026-04-13T19:51:05.288828+00:00,& Distance Education Class: Click CRN for requirements. Ventura Online (Canvas) 08/10-12/10
9b411785-c061-43d1-80fe-c2fb0e7bb18c,1721,https://schedule.vcccd.edu/,2026-04-13T19:51:05.288828+00:00,& Requires co-enrollment in CD V79 and CD V80L
1f381b98-3b17-40dd-a30c-854500544bd3,1722,https://schedule.vcccd.edu/,2026-04-13T19:51:05.288828+00:00,"OPEN 73017 Pre/Coreq 2.0 R 06:30pm - 07:45pm East Campus, Santa Paula 5 15 3 12 Staff 08/10-12/10 18"
43a8d66d-bc3a-4149-834f-52801afbc68e,1723,https://schedule.vcccd.edu/,2026-04-13T19:51:05.288828+00:00,R 06:30pm - 07:45pm
4d70cbe7-c993-4d8f-b338-ff9e9390da6d,1724,https://schedule.vcccd.edu/,2026-04-13T19:51:05.288828+00:00,& Distance Education Class: Click CRN for requirements. Ventura Online (Canvas) 08/10-12/10
8d42c5e3-144c-46ed-b84b-289faaf1aceb,1725,https://schedule.vcccd.edu/,2026-04-13T19:51:05.288828+00:00,& Requires co-enrollment in CD V78 and CD V80L
0c7d757b-4400-4f43-bb2d-8e696290a447,1726,https://schedule.vcccd.edu/,2026-04-13T19:51:05.288828+00:00,"OPEN 72991 Pre/Coreq 2.0 Distance Education Class: Click CRN for requirements. Ventura Online (Canvas) 15 3 12 Serota, Sara 08/10-12/10 18"
1b5ef787-2a17-4b92-a71e-88b47225c3da,1727,https://schedule.vcccd.edu/,2026-04-13T19:51:05.288828+00:00,& Requires co-enrollment in CD V78 and CD V79
5b0e9cd6-b4ae-4c97-8342-e4886af2ad60,1728,https://schedule.vcccd.edu/,2026-04-13T19:51:05.288828+00:00,"OPEN 73731 1. 3.50 HRS/WK TO BE ARRANGED TBA 5 0 5 Johnson, Rachel 08/17-12/03 16"
042814ca-7e2f-4bd1-a80a-6b25f344c5d5,1729,https://schedule.vcccd.edu/,2026-04-13T19:51:05.288828+00:00,"OPEN 73398 3.0 Distance Education Class: Click CRN for requirements. Oxnard Online (Canvas) 35 0 35 Picard, Amanda 08/10-10/09 9"
b6eb519b-f7aa-4dec-aca7-aeac44756b93,1730,https://schedule.vcccd.edu/,2026-04-13T19:51:05.288828+00:00,"OPEN 72995 3.0 T 11:00am - 01:50pm Oxnard Liberal Arts 15 30 0 30 Rodriguez, Celia 08/10-12/10 18"
192564ca-d49e-466c-bc3c-5c5814b9215d,1731,https://schedule.vcccd.edu/,2026-04-13T19:51:05.288828+00:00,T 11:00am - 01:50pm
9830a77d-fd7a-4043-8075-568dfe7ba04c,1732,https://schedule.vcccd.edu/,2026-04-13T19:51:05.288828+00:00,"OPEN 73249 3.0 Distance Education Class: Click CRN for requirements. Oxnard Online (Canvas) 30 0 30 Salem, Simon 08/10-10/09 9"
718a2b33-62ff-4b01-a4d3-e18c54130ba3,1733,https://schedule.vcccd.edu/,2026-04-13T19:51:05.288828+00:00,"OPEN 70849 3.0 T 05:00pm - 07:50pm Oxnard Zoom Live Meeting 30 0 30 Rodriguez, Celia 10/13-12/10 9"
aae7c370-5c15-4825-83f4-3b6d4c3d1463,1734,https://schedule.vcccd.edu/,2026-04-13T19:51:05.288828+00:00,T 05:00pm - 07:50pm
40e7f906-b11c-47b0-9aa1-f3c0ae15f19e,1735,https://schedule.vcccd.edu/,2026-04-13T19:51:05.288828+00:00,& Distance Education Class: Click CRN for requirements. Oxnard Online (Canvas) 10/13-12/10
32e55e20-113e-4145-a7f7-06c9d928e3e8,1736,https://schedule.vcccd.edu/,2026-04-13T19:51:05.288828+00:00,"OPEN 72849 3.0 Distance Education Class: Click CRN for requirements. Ventura Online (Canvas) 46 0 46 Andrade, Miranda 08/10-12/10 18"
fa89582e-5b1d-4590-8135-9819e8ab38a7,1737,https://schedule.vcccd.edu/,2026-04-13T19:51:05.288828+00:00,"OPEN 72868 3.0 Distance Education Class: Click CRN for requirements. Ventura Online (Canvas) 46 0 46 Lopez, Jeanette 08/17-12/03 16"
7dea8d18-f5fe-46cd-b8aa-3dc65d8bd86b,1738,https://schedule.vcccd.edu/,2026-04-13T19:51:05.288828+00:00,"OPEN 70375 3.0 Distance Education Class: Click CRN for requirements. Ventura Online (Canvas) 46 0 46 Lopez, Jeanette 09/08-11/25 12"
6c461b43-bbc3-4547-8f2a-3597c5335d35,1739,https://schedule.vcccd.edu/,2026-04-13T19:51:05.288828+00:00,"OPEN 72961 3.0 R 01:00pm - 02:50pm East Campus, Santa Paula 5 35 0 35 Patthoff, Adria 09/08-11/25 12"
0df09b6c-750c-407a-a418-16dc075b54dd,1740,https://schedule.vcccd.edu/,2026-04-13T19:51:05.288828+00:00,R 01:00pm - 02:50pm
bc49d909-b731-42b6-b3aa-d73a9345f11a,1741,https://schedule.vcccd.edu/,2026-04-13T19:51:05.288828+00:00,& Distance Education Class: Click CRN for requirements. Ventura Online (Canvas) 09/08-11/25
ac4084ac-bc01-4d56-84d3-e24cb21692fd,1742,https://schedule.vcccd.edu/,2026-04-13T19:51:05.288828+00:00,"OPEN 72568 3.0 T 09:00am - 10:50am Ventura Children's Center 38 35 1 34 Patthoff, Adria 08/10-10/02 8"
45b7ca4b-c74d-46af-8e3e-436ece0638f2,1743,https://schedule.vcccd.edu/,2026-04-13T19:51:05.288828+00:00,T 09:00am - 10:50am
40970606-b896-48a7-94ac-2b3f476d2279,1744,https://schedule.vcccd.edu/,2026-04-13T19:51:05.288828+00:00,& Distance Education Class: Click CRN for requirements. Ventura Online (Canvas) 08/10-10/02
35e625c5-41fc-4095-8fb5-f9ee926b45bb,1745,https://schedule.vcccd.edu/,2026-04-13T19:51:05.288828+00:00,"OPEN 73329 0.0 M W 10:00am - 11:50am Ventura Math/Science Bldg. 116 15 0 15 Evashkovsky, Maya 08/10-12/10 18"
a41b1ab0-0fa7-47ae-9bf5-6b0fa7140463,1746,https://schedule.vcccd.edu/,2026-04-13T19:51:05.288828+00:00,M W 10:00am - 11:50am
1f410396-168d-4707-84eb-cc09cfc942c0,1747,https://schedule.vcccd.edu/,2026-04-13T19:51:05.288828+00:00,"OPEN 70111 3.0 M W 10:00am - 11:50am Ventura Math/Science Bldg. 116 15 1 14 Evashkovsky, Maya 08/10-12/10 18"
3047b458-0e78-4fdd-9f5b-4da0e7d30051,1748,https://schedule.vcccd.edu/,2026-04-13T19:51:05.288828+00:00,M W 10:00am - 11:50am
3a42dbb6-298f-4533-8da9-1cc5a56f2176,1749,https://schedule.vcccd.edu/,2026-04-13T19:51:05.288828+00:00,"OPEN 70304 Pre/Coreq 5.0 M W 10:00am - 11:50am Physical Sciences 110 25 0 25 Arasasingham, Premilla 08/10-12/10 18"
b8f4bfaf-2e19-413f-8147-e32722498233,1750,https://schedule.vcccd.edu/,2026-04-13T19:51:05.288828+00:00,M W 10:00am - 11:50am
a279956c-4242-4d1a-8fd5-bdba1d14d9ee,1751,https://schedule.vcccd.edu/,2026-04-13T19:51:05.288828+00:00,& M 12:00pm - 02:50pm Physical Sciences 104 08/10-12/10
01e459c8-dddc-4a45-a23a-f45fead2f938,1752,https://schedule.vcccd.edu/,2026-04-13T19:51:05.288828+00:00,M 12:00pm - 02:50pm
82de8b60-c6dc-46b3-8fb4-388eab2d31d7,1753,https://schedule.vcccd.edu/,2026-04-13T19:51:05.288828+00:00,"OPEN 70471 Pre/Coreq 5.0 T 09:00am - 11:50am Physical Sciences 102 25 0 25 Crisostomo, Vincent Mark 08/10-12/10 18"
d2641735-e76e-4f71-8021-2fb852e69afd,1754,https://schedule.vcccd.edu/,2026-04-13T19:51:05.288828+00:00,T 09:00am - 11:50am
0eadd76d-f0bd-4e78-9409-229134fb740a,1755,https://schedule.vcccd.edu/,2026-04-13T19:51:05.288828+00:00,& Distance Education Class: Click CRN for requirements. Moorpark Online (Canvas) 08/10-12/10
b3a2b6a5-1158-45ba-83a0-abb47f6c0f76,1756,https://schedule.vcccd.edu/,2026-04-13T19:51:05.288828+00:00,"OPEN 70517 Pre/Coreq 5.0 M W 10:00am - 11:50am Physical Sciences 110 25 0 25 Arasasingham, Premilla 08/10-12/10 18"
cf60b492-d5df-43ee-9e12-5abb54055c74,1757,https://schedule.vcccd.edu/,2026-04-13T19:51:05.288828+00:00,M W 10:00am - 11:50am
1c395e56-18a6-49bf-8b59-a492489ca399,1758,https://schedule.vcccd.edu/,2026-04-13T19:51:05.288828+00:00,& W 12:00pm - 02:50pm Physical Sciences 102 08/10-12/10
aa1b7408-a124-4927-a582-399b6c4819c4,1759,https://schedule.vcccd.edu/,2026-04-13T19:51:05.288828+00:00,W 12:00pm - 02:50pm
bca730b2-57fa-4e8b-882e-1523758c6cb7,1760,https://schedule.vcccd.edu/,2026-04-13T19:51:05.288828+00:00,"OPEN 70850 Pre/Coreq 5.0 T 12:00pm - 02:50pm Physical Sciences 102 25 0 25 Crisostomo, Vincent Mark 08/10-12/10 18"
a72c258c-2321-4b2c-880b-e581b9bacb96,1761,https://schedule.vcccd.edu/,2026-04-13T19:51:05.288828+00:00,T 12:00pm - 02:50pm
4026000a-17fb-4fb6-9465-5df7df22cc9e,1762,https://schedule.vcccd.edu/,2026-04-13T19:51:05.288828+00:00,& T R 03:00pm - 04:50pm Moorpark Zoom Web Live Meeting 08/10-12/10
60b3899d-182b-4897-bdaa-6667f204c20c,1763,https://schedule.vcccd.edu/,2026-04-13T19:51:05.288828+00:00,T R 03:00pm - 04:50pm
a76c2fdc-c671-494e-8e15-4842ca22c8d0,1764,https://schedule.vcccd.edu/,2026-04-13T19:51:05.288828+00:00,"OPEN 70886 Pre/Coreq 5.0 M 12:30pm - 03:20pm Physical Sciences 102 25 0 25 Crisostomo, Vincent Mark 08/10-12/10 18"
15b26d94-a0d9-4409-8a4e-b4913c09972e,1765,https://schedule.vcccd.edu/,2026-04-13T19:51:05.288828+00:00,M 12:30pm - 03:20pm
d718aa61-3bca-4037-9c9d-91fad3973d77,1766,https://schedule.vcccd.edu/,2026-04-13T19:51:05.288828+00:00,& Distance Education Class: Click CRN for requirements. Moorpark Online (Canvas) 08/10-12/10
57625f20-c003-4d0d-9a6b-d24c8eb9b057,1767,https://schedule.vcccd.edu/,2026-04-13T19:51:05.288828+00:00,"OPEN 70948 Pre/Coreq 5.0 R 09:00am - 11:50am Physical Sciences 102 25 0 25 Crisostomo, Vincent Mark 08/10-12/10 18"
630a6b6e-6f1e-4ee6-aac0-70aa6ec565ca,1768,https://schedule.vcccd.edu/,2026-04-13T19:51:05.288828+00:00,R 09:00am - 11:50am
7b097b8b-3801-45af-97dc-d654893c3431,1769,https://schedule.vcccd.edu/,2026-04-13T19:51:05.288828+00:00,& T R 03:00pm - 04:50pm Moorpark Zoom Web Live Meeting 08/10-12/10
c2f184d1-d13a-4149-bda9-b62a6969a935,1770,https://schedule.vcccd.edu/,2026-04-13T19:51:05.288828+00:00,T R 03:00pm - 04:50pm
dadc54e2-b28f-4b7e-9bb7-bce63cc15fc8,1771,https://schedule.vcccd.edu/,2026-04-13T19:51:05.288828+00:00,"OPEN 71647 Pre/Coreq 5.0 T R 02:00pm - 03:50pm Physical Sciences 115 25 0 25 Sullivan, Brian 08/10-12/10 18"
b522ee5b-1d99-47aa-854e-9ed1b0e7df96,1772,https://schedule.vcccd.edu/,2026-04-13T19:51:05.288828+00:00,T R 02:00pm - 03:50pm
7d2f3b73-fa36-4c27-9aa8-d620b476f06a,1773,https://schedule.vcccd.edu/,2026-04-13T19:51:05.288828+00:00,& T 04:00pm - 06:50pm Physical Sciences 102 08/10-12/10
8cbeb6ac-16a0-4377-ba60-7af2448975f3,1774,https://schedule.vcccd.edu/,2026-04-13T19:51:05.288828+00:00,T 04:00pm - 06:50pm
f837a7ff-27ab-486e-bce5-c57bba2b9f2e,1775,https://schedule.vcccd.edu/,2026-04-13T19:51:05.288828+00:00,"OPEN 71791 Pre/Coreq 5.0 W 09:00am - 11:50am Physical Sciences 102 25 0 25 Keil, Robert 08/10-12/10 18"
a92620da-cb5f-420c-855c-0f4765a4ff39,1776,https://schedule.vcccd.edu/,2026-04-13T19:51:05.288828+00:00,W 09:00am - 11:50am
3cad10e3-91bf-4e62-8b87-e7ebb61ecfe3,1777,https://schedule.vcccd.edu/,2026-04-13T19:51:05.288828+00:00,& M W 12:00pm - 01:50pm Physical Sciences 110 08/10-12/10
496caf01-4809-4b11-8c3c-d103ef4fc953,1778,https://schedule.vcccd.edu/,2026-04-13T19:51:05.288828+00:00,M W 12:00pm - 01:50pm
371fbb0e-2879-4ac6-ba5d-eed0e943bfde,1779,https://schedule.vcccd.edu/,2026-04-13T19:51:05.288828+00:00,"OPEN 72038 Pre/Coreq 5.0 M 03:30pm - 06:20pm Physical Sciences 102 25 0 25 Crisostomo, Vincent Mark 08/10-12/10 18"
dc3329e9-f96c-4ef2-8b2f-d7e427c3169e,1780,https://schedule.vcccd.edu/,2026-04-13T19:51:05.288828+00:00,M 03:30pm - 06:20pm
47d09f91-af58-42b0-8ec5-cfd68c096ed4,1781,https://schedule.vcccd.edu/,2026-04-13T19:51:05.288828+00:00,& Distance Education Class: Click CRN for requirements. Moorpark Online (Canvas) 08/10-12/10
34b37aa9-9fa3-4d66-b177-8ef63c3b0d61,1782,https://schedule.vcccd.edu/,2026-04-13T19:51:05.288828+00:00,"OPEN 71643 Pre/Coreq 5.0 T R 02:00pm - 03:50pm Physical Sciences 115 25 1 24 Sullivan, Brian 08/10-12/10 18"
fa194cc0-b10c-4d79-b008-51cf2a4eb046,1783,https://schedule.vcccd.edu/,2026-04-13T19:51:05.288828+00:00,T R 02:00pm - 03:50pm
1fd6d942-ab52-4a0f-9dec-72056760ad15,1784,https://schedule.vcccd.edu/,2026-04-13T19:51:05.288828+00:00,& R 04:00pm - 06:50pm Physical Sciences 102 08/10-12/10
1a5cb314-2174-4fe8-9179-637fcf84ca8c,1785,https://schedule.vcccd.edu/,2026-04-13T19:51:05.288828+00:00,R 04:00pm - 06:50pm
0f25bd70-7c6e-4fae-8de9-c34e535af90a,1786,https://schedule.vcccd.edu/,2026-04-13T19:51:05.288828+00:00,"OPEN 72299 Pre/Coreq 5.0 R 12:00pm - 02:50pm Physical Sciences 102 25 1 24 Crisostomo, Vincent Mark 08/10-12/10 18"
5e6e7c76-3e38-4b2a-beaa-8a87609ae097,1787,https://schedule.vcccd.edu/,2026-04-13T19:51:05.288828+00:00,R 12:00pm - 02:50pm
a6fea857-3d9a-4f41-a663-2a56f1c01bad,1788,https://schedule.vcccd.edu/,2026-04-13T19:51:05.288828+00:00,& T R 03:00pm - 04:50pm Moorpark Zoom Web Live Meeting 08/10-12/10
b1533c34-5b66-47d8-a2f2-207daad2ee6f,1789,https://schedule.vcccd.edu/,2026-04-13T19:51:05.288828+00:00,T R 03:00pm - 04:50pm
fb71c914-1731-4446-8b02-5d3fd9e891de,1790,https://schedule.vcccd.edu/,2026-04-13T19:51:05.288828+00:00,"OPEN 74970 Pre/Coreq 5.0 M W 12:00pm - 01:50pm Physical Sciences 110 25 1 24 Keil, Robert 08/10-12/10 18"
3f9f4b75-17b8-4a5e-b6f3-4646562e9c49,1791,https://schedule.vcccd.edu/,2026-04-13T19:51:05.288828+00:00,M W 12:00pm - 01:50pm
79454be5-c17f-48f9-b4e1-d3b5fb2f8fb6,1792,https://schedule.vcccd.edu/,2026-04-13T19:51:05.288828+00:00,& W 03:00pm - 05:50pm Physical Sciences 102 08/10-12/10
50d345e2-52e2-4a4b-9dba-cbf64e6a2f3a,1793,https://schedule.vcccd.edu/,2026-04-13T19:51:05.288828+00:00,W 03:00pm - 05:50pm
472e8b82-2826-4391-bc23-a51f75599499,1794,https://schedule.vcccd.edu/,2026-04-13T19:51:05.288828+00:00,"OPEN 72025 Pre/Coreq 5.0 T R 02:00pm - 03:50pm Moorpark Zoom Web Live Meeting 25 2 23 Berg, Eugene 08/10-12/10 18"
cf2244da-3098-4341-bf4f-52589252b4c9,1795,https://schedule.vcccd.edu/,2026-04-13T19:51:05.288828+00:00,T R 02:00pm - 03:50pm
1f64651f-0e0d-4e37-a228-95f3ec08bb01,1796,https://schedule.vcccd.edu/,2026-04-13T19:51:05.288828+00:00,& R 07:00pm - 09:50pm Physical Sciences 102 08/10-12/10
17c48020-e441-46da-a94d-c08275739cfb,1797,https://schedule.vcccd.edu/,2026-04-13T19:51:05.288828+00:00,R 07:00pm - 09:50pm
3de5624f-7261-4f14-82a9-d5cd54393cd3,1798,https://schedule.vcccd.edu/,2026-04-13T19:51:05.288828+00:00,"OPEN 71775 Pre/Coreq 5.0 M 09:00am - 11:50am Physical Sciences 102 25 3 22 Keil, Robert 08/10-12/10 18"
15b9db0e-85fe-4bae-a197-608a8d2fb1c8,1799,https://schedule.vcccd.edu/,2026-04-13T19:51:05.288828+00:00,M 09:00am - 11:50am
b9c20b6f-5c96-4f35-884e-f0e99e1577e8,1800,https://schedule.vcccd.edu/,2026-04-13T19:51:05.288828+00:00,& M W 12:00pm - 01:50pm Physical Sciences 110 08/10-12/10
7afdb6e3-abb4-4742-bf78-83656e3a0459,1801,https://schedule.vcccd.edu/,2026-04-13T19:51:05.288828+00:00,M W 12:00pm - 01:50pm
3deb36fd-ef01-4b49-a541-a583e4d8ee6d,1802,https://schedule.vcccd.edu/,2026-04-13T19:51:05.288828+00:00,"OPEN 70760 Pre/Coreq 5.0 T 11:00am - 01:50pm Physical Sciences 104 25 0 25 Franke, Deanna 08/10-12/10 18"
d3d25a8d-f225-49c9-baa9-83f32c92e6cd,1803,https://schedule.vcccd.edu/,2026-04-13T19:51:05.288828+00:00,T 11:00am - 01:50pm
e3aebca6-07fd-4c65-a446-374ae749b0bb,1804,https://schedule.vcccd.edu/,2026-04-13T19:51:05.288828+00:00,& R 12:30pm - 02:20pm Physical Sciences 110 08/10-12/10
1a4d7387-f26a-40a1-b7cf-deaa759da4b2,1805,https://schedule.vcccd.edu/,2026-04-13T19:51:05.288828+00:00,R 12:30pm - 02:20pm
396bd4e4-9a2a-4aa0-a7ef-b833d1fa5171,1806,https://schedule.vcccd.edu/,2026-04-13T19:51:05.288828+00:00,& Distance Education Class: Click CRN for requirements. Moorpark Online (Canvas) 08/10-12/10
8e9e9ab0-f33a-4b19-9cf1-f8677a7f58de,1807,https://schedule.vcccd.edu/,2026-04-13T19:51:05.288828+00:00,"OPEN 71169 Pre/Coreq 5.0 W 09:00am - 11:50am Physical Sciences 104 25 0 25 Franke, Deanna 08/10-12/10 18"
edf82d61-b60d-43c8-a922-5b0548e73a5d,1808,https://schedule.vcccd.edu/,2026-04-13T19:51:05.288828+00:00,W 09:00am - 11:50am
aab73318-1114-42cb-8266-9cd13990c1f4,1809,https://schedule.vcccd.edu/,2026-04-13T19:51:05.288828+00:00,& W 12:30pm - 02:20pm Physical Sciences 115 08/10-12/10
3c356e4b-3282-4880-a1c1-6980b2422dbf,1810,https://schedule.vcccd.edu/,2026-04-13T19:51:05.288828+00:00,W 12:30pm - 02:20pm
f7e07764-ef13-4078-8907-9ac8ddb89541,1811,https://schedule.vcccd.edu/,2026-04-13T19:51:05.288828+00:00,& Distance Education Class: Click CRN for requirements. Moorpark Online (Canvas) 08/10-12/10
49e3a5f1-2350-4612-b4bf-143d4e42c558,1812,https://schedule.vcccd.edu/,2026-04-13T19:51:05.288828+00:00,"OPEN 72394 Pre/Coreq 5.0 R 09:00am - 11:50am Physical Sciences 104 25 3 22 Franke, Deanna 08/10-12/10 18"
bc105275-83ac-4967-a4a9-f249656e647b,1813,https://schedule.vcccd.edu/,2026-04-13T19:51:05.288828+00:00,R 09:00am - 11:50am
964be64f-aba3-44bb-b44f-0663fcc71a53,1814,https://schedule.vcccd.edu/,2026-04-13T19:51:05.288828+00:00,& R 12:30pm - 02:20pm Physical Sciences 110 08/10-12/10
e7e11c55-ee3d-47af-86e5-dbf0240e29e9,1815,https://schedule.vcccd.edu/,2026-04-13T19:51:05.288828+00:00,R 12:30pm - 02:20pm
7b663ced-6cd9-43c2-a89c-513a444b31e7,1816,https://schedule.vcccd.edu/,2026-04-13T19:51:05.288828+00:00,& Distance Education Class: Click CRN for requirements. Moorpark Online (Canvas) 08/10-12/10
cc5e5085-3861-4082-9d1c-92a5d3f31b34,1817,https://schedule.vcccd.edu/,2026-04-13T19:51:05.288828+00:00,"OPEN 70612 Pre/Coreq 5.0 T R 08:30am - 09:45am Physical Sciences 110 22 0 22 Joiner, Steve 08/10-12/10 18"
eb16f030-6eef-4f39-8636-901ba7e21ddf,1818,https://schedule.vcccd.edu/,2026-04-13T19:51:05.288828+00:00,T R 08:30am - 09:45am
cdeb578d-2c7e-4e3c-8362-04437392a821,1819,https://schedule.vcccd.edu/,2026-04-13T19:51:05.288828+00:00,& R 12:00pm - 05:50pm Physical Sciences 103 08/10-12/10
1e3046ea-090a-48cb-b559-dfea55a077ea,1820,https://schedule.vcccd.edu/,2026-04-13T19:51:05.288828+00:00,R 12:00pm - 05:50pm
c1561df2-c259-4634-9b3e-aa72c7219177,1821,https://schedule.vcccd.edu/,2026-04-13T19:51:05.288828+00:00,"OPEN 72386 Pre/Coreq 5.0 T R 08:30am - 09:45am Physical Sciences 110 22 1 21 Joiner, Steve 08/10-12/10 18"
4b464e17-887e-4411-8a83-7eabe875df90,1822,https://schedule.vcccd.edu/,2026-04-13T19:51:05.288828+00:00,T R 08:30am - 09:45am
25b63adf-2670-45fe-83a8-3b12fe211039,1823,https://schedule.vcccd.edu/,2026-04-13T19:51:05.288828+00:00,& F 10:00am - 03:50pm Physical Sciences 103 08/10-12/10
dfe24ef5-8600-4594-a95d-39dd8f4f66ce,1824,https://schedule.vcccd.edu/,2026-04-13T19:51:05.288828+00:00,F 10:00am - 03:50pm
67ff0513-3791-402a-bdfc-667fd70b7549,1825,https://schedule.vcccd.edu/,2026-04-13T19:51:05.288828+00:00,"OPEN 70020 Pre/Coreq 5.0 T R 08:30am - 09:45am Physical Sciences 110 22 2 20 Joiner, Steve 08/10-12/10 18"
0728e09b-27e2-46c2-a96f-a96fd638d997,1826,https://schedule.vcccd.edu/,2026-04-13T19:51:05.288828+00:00,T R 08:30am - 09:45am
536e19ab-7ec0-4ffd-8e62-3993884e645e,1827,https://schedule.vcccd.edu/,2026-04-13T19:51:05.288828+00:00,& T 12:00pm - 05:50pm Physical Sciences 103 08/10-12/10
04ff29bd-67eb-4af3-8b4a-addc0c34274b,1828,https://schedule.vcccd.edu/,2026-04-13T19:51:05.288828+00:00,T 12:00pm - 05:50pm
88c9d7d1-659a-4e18-8f09-6a3587d626cd,1829,https://schedule.vcccd.edu/,2026-04-13T19:51:05.288828+00:00,"OPEN 70783 Pre/Coreq 5.0 M W 08:30am - 09:45am Physical Sciences 115 22 1 21 Mallory, Jennifer 08/10-12/10 18"
cc7f3e86-8b0e-4a20-919c-41d9e3a880ef,1830,https://schedule.vcccd.edu/,2026-04-13T19:51:05.288828+00:00,M W 08:30am - 09:45am
2d858775-1585-4ff7-91d3-0a35d70afd39,1831,https://schedule.vcccd.edu/,2026-04-13T19:51:05.288828+00:00,& M 10:00am - 03:50pm Physical Sciences 103 08/10-12/10
45e4f2ab-4cdd-4b57-bb7b-35143d297073,1832,https://schedule.vcccd.edu/,2026-04-13T19:51:05.288828+00:00,M 10:00am - 03:50pm
76a5c061-3c57-4e3b-926f-f819b8aa89f2,1833,https://schedule.vcccd.edu/,2026-04-13T19:51:05.288828+00:00,"OPEN 70494 Pre/Coreq 5.0 R 09:00am - 11:50am Physical Sciences 107 25 0 25 Pawluk, Tiffany 08/10-12/10 18"
82ed63f7-741a-4545-8cdb-470f456474ea,1834,https://schedule.vcccd.edu/,2026-04-13T19:51:05.288828+00:00,R 09:00am - 11:50am
ce36c770-db57-4991-bd6b-9854ee0e2a04,1835,https://schedule.vcccd.edu/,2026-04-13T19:51:05.288828+00:00,& Distance Education Class: Click CRN for requirements. Moorpark Online (Canvas) 08/10-12/10
f0c909a4-1410-4063-aa0b-b0687b3271a9,1836,https://schedule.vcccd.edu/,2026-04-13T19:51:05.288828+00:00,"OPEN 72376 Pre/Coreq 5.0 R 12:00pm - 02:50pm Physical Sciences 107 25 0 25 Pawluk, Tiffany 08/10-12/10 18"
5b2a8574-464c-4b5d-840d-bbb286270e96,1837,https://schedule.vcccd.edu/,2026-04-13T19:51:05.288828+00:00,R 12:00pm - 02:50pm
2d906f04-0d85-495c-be2b-c44f6d16082c,1838,https://schedule.vcccd.edu/,2026-04-13T19:51:05.288828+00:00,& Distance Education Class: Click CRN for requirements. Moorpark Online (Canvas) 08/10-12/10
3566075b-4bf3-46ee-8acc-1c1a053b1956,1839,https://schedule.vcccd.edu/,2026-04-13T19:51:05.288828+00:00,"OPEN 73369 Pre/Coreq 5.0 T 09:00am - 11:50am Physical Sciences 103 25 1 24 Pawluk, Tiffany 08/10-12/10 18"
bb4a7a4f-9280-416b-a73b-aa1d637141f3,1840,https://schedule.vcccd.edu/,2026-04-13T19:51:05.288828+00:00,T 09:00am - 11:50am
ef2438b3-7661-44a9-b264-f8ca964fe7e7,1841,https://schedule.vcccd.edu/,2026-04-13T19:51:05.288828+00:00,& Distance Education Class: Click CRN for requirements. Moorpark Online (Canvas) 08/10-12/10
f0004626-a3eb-4b99-8702-ac4df20992cf,1842,https://schedule.vcccd.edu/,2026-04-13T19:51:05.288828+00:00,OPEN 70007 Pre/Coreq 4.0 M 08:00am - 10:50am Physical Sciences 107 25 0 25 Staff 08/10-12/10 18
54a7e52a-9d43-4430-9e52-f48ebddd80da,1843,https://schedule.vcccd.edu/,2026-04-13T19:51:05.288828+00:00,M 08:00am - 10:50am
7f0f47f9-2e75-4e60-aa07-fe1e2356a172,1844,https://schedule.vcccd.edu/,2026-04-13T19:51:05.288828+00:00,& Distance Education Class: Click CRN for requirements. Moorpark Online (Canvas) 08/10-12/10
86a4ba7e-6a93-468f-8972-f8cdea1a8c08,1845,https://schedule.vcccd.edu/,2026-04-13T19:51:05.288828+00:00,"OPEN 71578 Pre/Coreq 4.0 T W 11:00am - 12:15pm Physical Sciences 115 25 0 25 Mallory, Jennifer 08/10-12/10 18"
1e65c541-1c97-4f72-8d0b-0e3e4ff802b0,1846,https://schedule.vcccd.edu/,2026-04-13T19:51:05.288828+00:00,T W 11:00am - 12:15pm
715da9a2-1b15-400b-bb9e-0ba8afa6d3e2,1847,https://schedule.vcccd.edu/,2026-04-13T19:51:05.288828+00:00,& T 12:30pm - 03:20pm Physical Sciences 107 08/10-12/10
4d94a30f-e2e5-4e88-b9e2-3b7092df1e23,1848,https://schedule.vcccd.edu/,2026-04-13T19:51:05.288828+00:00,T 12:30pm - 03:20pm
c1f5883e-e544-4620-bde9-260ff627fdd7,1849,https://schedule.vcccd.edu/,2026-04-13T19:51:05.288828+00:00,"OPEN 72668 Pre/Coreq 4.0 M W 02:30pm - 03:45pm Physical Sciences 115 25 0 25 D'Angelo, Noel 08/10-12/10 18"
b8ab97de-0f25-4bc8-97ed-66e1e6230c79,1850,https://schedule.vcccd.edu/,2026-04-13T19:51:05.288828+00:00,M W 02:30pm - 03:45pm
05fd405a-3c4a-4e94-8b92-9238e5e4353c,1851,https://schedule.vcccd.edu/,2026-04-13T19:51:05.288828+00:00,& W 04:00pm - 06:50pm Physical Sciences 107 08/10-12/10
f4be33a6-88d0-4e30-8c50-d5808491916b,1852,https://schedule.vcccd.edu/,2026-04-13T19:51:05.288828+00:00,W 04:00pm - 06:50pm
5b4f7cd1-d81a-444b-ab8f-649435270bb2,1853,https://schedule.vcccd.edu/,2026-04-13T19:51:05.288828+00:00,"OPEN 73477 Pre/Coreq 4.0 T W 11:00am - 12:15pm Physical Sciences 115 25 0 25 Mallory, Jennifer 08/10-12/10 18"
0110c25b-c4e7-4078-a5ac-7dc8fc64153a,1854,https://schedule.vcccd.edu/,2026-04-13T19:51:05.288828+00:00,T W 11:00am - 12:15pm
2bf5069c-17e6-463c-8608-6503aec31910,1855,https://schedule.vcccd.edu/,2026-04-13T19:51:05.288828+00:00,& W 12:30pm - 03:20pm Physical Sciences 104 08/10-12/10
c6a44e52-80ff-4803-b8a3-a9d30d866a22,1856,https://schedule.vcccd.edu/,2026-04-13T19:51:05.288828+00:00,W 12:30pm - 03:20pm
06b75f4f-25a6-4196-be3c-e0f17e613397,1857,https://schedule.vcccd.edu/,2026-04-13T19:51:05.288828+00:00,"OPEN 72804 Pre/Coreq 4.0 T 08:00am - 10:50am Physical Sciences 107 25 1 24 Mallory, Jennifer 08/10-12/10 18"
d122130b-c67e-4a88-94a0-e296af2d083b,1858,https://schedule.vcccd.edu/,2026-04-13T19:51:05.288828+00:00,T 08:00am - 10:50am
9d8df7ac-f099-4726-bc4f-7997e2d10e27,1859,https://schedule.vcccd.edu/,2026-04-13T19:51:05.288828+00:00,& Distance Education Class: Click CRN for requirements. Moorpark Online (Canvas) 08/10-12/10
a2ef457a-0955-4df6-a4ef-370b6f922a69,1860,https://schedule.vcccd.edu/,2026-04-13T19:51:05.288828+00:00,OPEN 70055 Pre/Coreq 4.0 W 08:00am - 10:50am Physical Sciences 107 25 2 23 Staff 08/10-12/10 18
4d94a7a2-c755-4cd8-9cf8-427b6c645b9a,1861,https://schedule.vcccd.edu/,2026-04-13T19:51:05.288828+00:00,W 08:00am - 10:50am
92a539f6-ec34-46b3-85c4-6be5dcc5948d,1862,https://schedule.vcccd.edu/,2026-04-13T19:51:05.288828+00:00,& Distance Education Class: Click CRN for requirements. Moorpark Online (Canvas) 08/10-12/10
72eb308c-ae0b-436e-a5c2-ec3cf573f492,1863,https://schedule.vcccd.edu/,2026-04-13T19:51:05.288828+00:00,"OPEN 71099 Pre/Coreq 4.0 M W 02:30pm - 03:45pm Physical Sciences 115 25 3 22 D'Angelo, Noel 08/10-12/10 18"
9b0cfca6-472d-4bc3-b799-cc89fd8353c9,1864,https://schedule.vcccd.edu/,2026-04-13T19:51:05.288828+00:00,M W 02:30pm - 03:45pm
ef4bb906-a735-4df2-9c6e-f01d2cdc3c3c,1865,https://schedule.vcccd.edu/,2026-04-13T19:51:05.288828+00:00,& M 04:00pm - 06:50pm Physical Sciences 107 08/10-12/10
de09c1ee-3749-448a-9f65-cb2231aa1c81,1866,https://schedule.vcccd.edu/,2026-04-13T19:51:05.288828+00:00,M 04:00pm - 06:50pm
49f13591-f3e6-49fb-b026-ccd2adc2b2fd,1867,https://schedule.vcccd.edu/,2026-04-13T19:51:05.288828+00:00,"OPEN 72391 Pre/Coreq 5.0 M 08:30am - 10:20am Oxnard Zoom Live Meeting 24 0 24 Ma, Yong 08/10-12/10 18"
0ff914dd-8e3d-41ec-8ecd-bea9340533b4,1868,https://schedule.vcccd.edu/,2026-04-13T19:51:05.288828+00:00,M 08:30am - 10:20am
8dd49858-9712-47e9-83d1-927723735844,1869,https://schedule.vcccd.edu/,2026-04-13T19:51:05.288828+00:00,& W 08:30am - 11:20am Oxnard Liberal Arts 2 08/10-12/10
27477e9f-4147-4ce4-9c62-cf5bdacf4b98,1870,https://schedule.vcccd.edu/,2026-04-13T19:51:05.288828+00:00,W 08:30am - 11:20am
a675dfb2-7355-4b7d-93d4-8752b44f50b0,1871,https://schedule.vcccd.edu/,2026-04-13T19:51:05.288828+00:00,& Distance Education Class: Click CRN for requirements. Oxnard Online (Canvas) 08/10-12/10
adf9f7df-5ae2-41cb-bece-1dd2d01df32d,1872,https://schedule.vcccd.edu/,2026-04-13T19:51:05.288828+00:00,"OPEN 70168 Pre/Coreq 5.0 M W 10:00am - 11:50am Oxnard Liberal Arts 6 24 0 24 Victoria Montoya, Jose Carlos 08/10-12/10 18"
b904dadb-2e51-4a6f-9b2e-bb253191b45b,1873,https://schedule.vcccd.edu/,2026-04-13T19:51:05.288828+00:00,M W 10:00am - 11:50am
2824796c-21b3-40a5-8d9e-1244c3118099,1874,https://schedule.vcccd.edu/,2026-04-13T19:51:05.288828+00:00,& M 12:30pm - 03:20pm Oxnard Liberal Arts 2 08/10-12/10
c29344e7-f5cd-4092-bc76-3da7e9314670,1875,https://schedule.vcccd.edu/,2026-04-13T19:51:05.288828+00:00,M 12:30pm - 03:20pm
a1a1cb07-e463-4f38-843a-1f0b6f7a2b21,1876,https://schedule.vcccd.edu/,2026-04-13T19:51:05.288828+00:00,"OPEN 70647 Pre/Coreq 5.0 M W 10:00am - 11:50am Oxnard Liberal Arts 6 24 0 24 Victoria Montoya, Jose Carlos 08/10-12/10 18"
73cf8de7-1557-4acb-b113-a7dbb44d45cc,1877,https://schedule.vcccd.edu/,2026-04-13T19:51:05.288828+00:00,M W 10:00am - 11:50am
9d059b16-9e95-4b35-9186-f8d0c655e708,1878,https://schedule.vcccd.edu/,2026-04-13T19:51:05.288828+00:00,& W 12:30pm - 03:20pm Oxnard Liberal Arts 2 08/10-12/10
7d6e7eb6-6015-4b52-ad17-96826031d78d,1879,https://schedule.vcccd.edu/,2026-04-13T19:51:05.288828+00:00,W 12:30pm - 03:20pm
af9cc9ba-d1ee-44a6-90f5-e014c315c07d,1880,https://schedule.vcccd.edu/,2026-04-13T19:51:05.288828+00:00,"OPEN 72194 Pre/Coreq 5.0 T R 08:30am - 10:20am Oxnard Condor Hall 312 24 0 24 Mashhoon, Neda 08/10-12/10 18"
1e95030c-11da-4ca4-8eb6-cd14f8a85123,1881,https://schedule.vcccd.edu/,2026-04-13T19:51:05.288828+00:00,T R 08:30am - 10:20am
c4238d25-5f58-47ff-9068-6da9a63ce9ed,1882,https://schedule.vcccd.edu/,2026-04-13T19:51:05.288828+00:00,& M 09:00am - 11:50am Oxnard Liberal Arts 1 08/10-12/10
8ffe0579-a0a9-4e54-969c-efa273cba912,1883,https://schedule.vcccd.edu/,2026-04-13T19:51:05.288828+00:00,M 09:00am - 11:50am
d25ec2f8-722e-4c5e-bef9-97662c45cdfb,1884,https://schedule.vcccd.edu/,2026-04-13T19:51:05.288828+00:00,"OPEN 73144 Pre/Coreq 5.0 T R 08:30am - 10:20am Oxnard Condor Hall 312 24 0 24 Mashhoon, Neda 08/10-12/10 18"
cf6555c5-8f72-47fe-9ff8-075378272c78,1885,https://schedule.vcccd.edu/,2026-04-13T19:51:05.288828+00:00,T R 08:30am - 10:20am
628cbd62-398b-401b-aed2-cc5f8551cb74,1886,https://schedule.vcccd.edu/,2026-04-13T19:51:05.288828+00:00,& W 09:00am - 11:50am Oxnard Liberal Arts 1 08/10-12/10
7daafe93-8937-4097-829a-0ac68fe0394c,1887,https://schedule.vcccd.edu/,2026-04-13T19:51:05.288828+00:00,W 09:00am - 11:50am
9a89657f-93c0-4817-bdf6-e42f5bba7982,1888,https://schedule.vcccd.edu/,2026-04-13T19:51:05.288828+00:00,"OPEN 72637 Pre/Coreq 5.0 T R 10:30am - 12:20pm Oxnard Condor Hall 311 24 0 24 Mashhoon, Neda 08/10-12/10 18"
29031bf1-abb6-475c-addc-4b3e56f8a562,1889,https://schedule.vcccd.edu/,2026-04-13T19:51:05.288828+00:00,T R 10:30am - 12:20pm
c3c90939-523e-4d9c-af20-fef78a8122bb,1890,https://schedule.vcccd.edu/,2026-04-13T19:51:05.288828+00:00,& T 01:00pm - 03:50pm Oxnard Liberal Arts 1 08/10-12/10
61c827a8-8966-4dcd-8025-2eee3024e4e0,1891,https://schedule.vcccd.edu/,2026-04-13T19:51:05.288828+00:00,T 01:00pm - 03:50pm
baf0f2e1-12f8-4a06-a1a0-1759d12b8bda,1892,https://schedule.vcccd.edu/,2026-04-13T19:51:05.288828+00:00,"OPEN 74014 Pre/Coreq 5.0 T R 10:30am - 12:20pm Oxnard Condor Hall 311 24 0 24 Mashhoon, Neda 08/10-12/10 18"
9a069498-37f1-4f35-b7b6-bd6412859f53,1893,https://schedule.vcccd.edu/,2026-04-13T19:51:05.288828+00:00,T R 10:30am - 12:20pm
8b933f9c-ea67-48fe-b1d6-55e792b3f181,1894,https://schedule.vcccd.edu/,2026-04-13T19:51:05.288828+00:00,& R 01:00pm - 03:50pm Oxnard Liberal Arts 1 08/10-12/10
f49a0ede-5237-4b94-8484-ef0cca460c8e,1895,https://schedule.vcccd.edu/,2026-04-13T19:51:05.288828+00:00,R 01:00pm - 03:50pm
8a719a49-ddee-42b7-b35a-47d4e8fe6e0f,1896,https://schedule.vcccd.edu/,2026-04-13T19:51:05.288828+00:00,"OPEN 72305 Pre/Coreq 5.0 T R 05:00pm - 06:50pm Oxnard Condor Hall 311 24 0 24 Davis, Nicholas 08/10-12/10 18"
3a10184d-9c80-43c9-81cc-9a676e00f09c,1897,https://schedule.vcccd.edu/,2026-04-13T19:51:05.288828+00:00,T R 05:00pm - 06:50pm
fa79aec8-f731-4141-8920-3f1c3187a0f0,1898,https://schedule.vcccd.edu/,2026-04-13T19:51:05.288828+00:00,& T 07:00pm - 09:50pm Oxnard Liberal Arts 1 08/10-12/10
1c21f8d9-573e-4a68-a69b-ee8f7106100d,1899,https://schedule.vcccd.edu/,2026-04-13T19:51:05.288828+00:00,T 07:00pm - 09:50pm
9b8438fa-d998-43f1-9dc0-fc49074684e7,1900,https://schedule.vcccd.edu/,2026-04-13T19:51:05.288828+00:00,"OPEN 74018 Pre/Coreq 5.0 T R 05:00pm - 06:50pm Oxnard Condor Hall 311 24 2 22 Davis, Nicholas 08/10-12/10 18"
86a4cc33-ad68-45c1-9bad-0096e6ebd97c,1901,https://schedule.vcccd.edu/,2026-04-13T19:51:05.288828+00:00,T R 05:00pm - 06:50pm
11986a93-a8d2-4c86-91bd-b3fe9ffbb2e3,1902,https://schedule.vcccd.edu/,2026-04-13T19:51:05.288828+00:00,& R 07:00pm - 09:50pm Oxnard Liberal Arts 1 08/10-12/10
88aa7246-96ae-4901-a699-c02516f921fc,1903,https://schedule.vcccd.edu/,2026-04-13T19:51:05.288828+00:00,R 07:00pm - 09:50pm
7d1e39b3-129b-4f03-a43b-53f1d68ec347,1904,https://schedule.vcccd.edu/,2026-04-13T19:51:05.288828+00:00,"OPEN 72163 Pre/Coreq 5.0 W 05:30pm - 08:20pm Oxnard Liberal Arts 2 24 6 18 Ma, Yong 08/10-12/10 18"
002c028b-fe09-4805-b214-3f6e2f1f1f1f,1905,https://schedule.vcccd.edu/,2026-04-13T19:51:05.288828+00:00,W 05:30pm - 08:20pm
9d706f2a-ec15-42cc-8764-e10d6da3817b,1906,https://schedule.vcccd.edu/,2026-04-13T19:51:05.288828+00:00,& M 06:00pm - 07:50pm Oxnard Liberal Arts 2 08/10-12/10
7c1f38dc-777a-4307-81a5-4b2f03ba9832,1907,https://schedule.vcccd.edu/,2026-04-13T19:51:05.288828+00:00,M 06:00pm - 07:50pm
f21b0ddb-f2b1-46ec-a322-80a886ee10c4,1908,https://schedule.vcccd.edu/,2026-04-13T19:51:05.288828+00:00,& Distance Education Class: Click CRN for requirements. Oxnard Online (Canvas) 08/10-12/10
9dee1f8b-f32e-4221-b09b-b993af300e9b,1909,https://schedule.vcccd.edu/,2026-04-13T19:51:05.288828+00:00,"OPEN 70097 Pre/Coreq 5.0 T R 01:00pm - 02:15pm Oxnard Liberal Arts 2 24 0 24 Taxon, Esther 08/10-12/10 18"
92694327-aa64-4065-b094-08da233212f7,1910,https://schedule.vcccd.edu/,2026-04-13T19:51:05.288828+00:00,T R 01:00pm - 02:15pm
bc9268ee-784b-42fb-ab60-6192a1a45d40,1911,https://schedule.vcccd.edu/,2026-04-13T19:51:05.288828+00:00,& T R 02:30pm - 05:20pm Oxnard Liberal Arts 2 08/10-12/10
dd6cc355-9136-4ea1-a5be-a919c6383c71,1912,https://schedule.vcccd.edu/,2026-04-13T19:51:05.288828+00:00,T R 02:30pm - 05:20pm
8b332c5a-8ebb-4f2b-9278-44d2fca63b09,1913,https://schedule.vcccd.edu/,2026-04-13T19:51:05.288828+00:00,"OPEN 77096 Pre/Coreq 5.0 M W 01:00pm - 02:15pm Oxnard Liberal Arts 1 24 1 23 Toy-Palmer, Anna 08/10-12/10 18"
940bbd5d-4338-4630-a4d0-6a7f17db946c,1914,https://schedule.vcccd.edu/,2026-04-13T19:51:05.288828+00:00,M W 01:00pm - 02:15pm
45f8760b-ddfd-4153-8e7c-f04b7956138d,1915,https://schedule.vcccd.edu/,2026-04-13T19:51:05.288828+00:00,& M W 02:30pm - 05:20pm Oxnard Liberal Arts 1 08/10-12/10
a448c26e-cdaf-4eb0-a1ed-4e2af3a76f93,1916,https://schedule.vcccd.edu/,2026-04-13T19:51:05.288828+00:00,M W 02:30pm - 05:20pm
c85f2024-d796-4566-8ce6-13b621c085e0,1917,https://schedule.vcccd.edu/,2026-04-13T19:51:05.288828+00:00,"OPEN 75814 Pre/Coreq 5.0 T R 05:30pm - 06:45pm Oxnard Liberal Arts 2 24 1 23 Victoria Montoya, Jose Carlos 08/10-12/10 18"
4616e6b9-1454-4cef-b30e-6015b38028ba,1918,https://schedule.vcccd.edu/,2026-04-13T19:51:05.288828+00:00,T R 05:30pm - 06:45pm
370e829d-de75-44e3-8131-794024343dcf,1919,https://schedule.vcccd.edu/,2026-04-13T19:51:05.288828+00:00,& T R 07:00pm - 09:50pm Oxnard Liberal Arts 2 08/10-12/10
da7a78af-81a6-490d-a0e6-ff4c3fd07666,1920,https://schedule.vcccd.edu/,2026-04-13T19:51:05.288828+00:00,T R 07:00pm - 09:50pm
e402594e-e946-4034-bb60-401acd62d208,1921,https://schedule.vcccd.edu/,2026-04-13T19:51:05.288828+00:00,"OPEN 72207 Pre/Coreq 5.0 T R 08:30am - 09:45am Oxnard Liberal Arts 1 24 1 23 Toy-Palmer, Anna 08/10-12/10 18"
cad9c505-007a-4fb8-b82d-77574687b378,1922,https://schedule.vcccd.edu/,2026-04-13T19:51:05.288828+00:00,T R 08:30am - 09:45am
e1c6de3a-7117-4cdb-af96-5c9a4d23f855,1923,https://schedule.vcccd.edu/,2026-04-13T19:51:05.288828+00:00,& T R 10:00am - 12:50pm Oxnard Liberal Arts 1 08/10-12/10
c54356ee-1324-4415-a129-256e0e487792,1924,https://schedule.vcccd.edu/,2026-04-13T19:51:05.288828+00:00,T R 10:00am - 12:50pm
01bd2fba-229f-4430-a2e3-436e8fbba424,1925,https://schedule.vcccd.edu/,2026-04-13T19:51:05.288828+00:00,OPEN 72638 Pre/Coreq 5.0 T R 08:00am - 09:20am Oxnard Liberal Arts 2 24 3 21 Staff 08/24-12/10 16
74b4db1b-230f-4072-a0db-0ddd9aaceae5,1926,https://schedule.vcccd.edu/,2026-04-13T19:51:05.288828+00:00,T R 08:00am - 09:20am
c7c17e56-a293-423d-8ad1-ad14d2713fa0,1927,https://schedule.vcccd.edu/,2026-04-13T19:51:05.288828+00:00,& T R 09:30am - 12:45pm Oxnard Liberal Arts 2 08/24-12/10
2d6d1eae-e4d9-4733-b39d-e1eec1b412de,1928,https://schedule.vcccd.edu/,2026-04-13T19:51:05.288828+00:00,T R 09:30am - 12:45pm
7f8600be-a075-4c8c-8707-588bc83fea0d,1929,https://schedule.vcccd.edu/,2026-04-13T19:51:05.288828+00:00,"OPEN 70259 Pre/Coreq 5.0 M W 08:00am - 09:50am Ventura Math/Science Bldg. 222 24 0 24 Selzler, Joe 08/10-12/10 18"
b2128cdb-d036-4b55-a97d-06918ab640e0,1930,https://schedule.vcccd.edu/,2026-04-13T19:51:05.288828+00:00,M W 08:00am - 09:50am
51812a85-e47d-4529-9a05-3929d8d99ab9,1931,https://schedule.vcccd.edu/,2026-04-13T19:51:05.288828+00:00,& M 10:00am - 12:50pm Ventura Math/Science Bldg. 213 08/10-12/10
27d382de-67d8-4402-a6bc-ee368453a8e1,1932,https://schedule.vcccd.edu/,2026-04-13T19:51:05.288828+00:00,M 10:00am - 12:50pm
585b51cf-87c8-4b88-a0df-df71cee50ffa,1933,https://schedule.vcccd.edu/,2026-04-13T19:51:05.288828+00:00,"OPEN 70939 Pre/Coreq 5.0 M 01:00pm - 03:50pm Ventura Math/Science Bldg. 213 24 0 24 Brocker, Erin 08/10-12/10 18"
774d0b33-0aa8-43e7-9e21-1cc2f04e9171,1934,https://schedule.vcccd.edu/,2026-04-13T19:51:05.288828+00:00,M 01:00pm - 03:50pm
0e2a358c-9a18-4658-9c39-28dd580b139b,1935,https://schedule.vcccd.edu/,2026-04-13T19:51:05.288828+00:00,& M W 05:00pm - 06:50pm Ventura MultidisciplinaryCtrE 123 08/10-12/10
0577748f-33e5-42f5-a5c5-3f616135dc17,1936,https://schedule.vcccd.edu/,2026-04-13T19:51:05.288828+00:00,M W 05:00pm - 06:50pm
72bc096f-1d77-4ead-8831-3ed29a68a6ff,1937,https://schedule.vcccd.edu/,2026-04-13T19:51:05.288828+00:00,"OPEN 70775 Pre/Coreq 5.0 M W 08:00am - 09:50am Ventura Math/Science Bldg. 222 24 0 24 Selzler, Joe 08/10-12/10 18"
3314f04f-36dd-4ec4-b7bf-31e7dca21476,1938,https://schedule.vcccd.edu/,2026-04-13T19:51:05.288828+00:00,M W 08:00am - 09:50am
951f0af4-4d21-44f0-96bd-3d573118e312,1939,https://schedule.vcccd.edu/,2026-04-13T19:51:05.288828+00:00,& W 10:00am - 12:50pm Ventura Math/Science Bldg. 213 08/10-12/10
cda750d3-99a2-42b1-b1d2-040b0eb20825,1940,https://schedule.vcccd.edu/,2026-04-13T19:51:05.288828+00:00,W 10:00am - 12:50pm
96975df2-f0f3-463b-a35f-fea74dfaa797,1941,https://schedule.vcccd.edu/,2026-04-13T19:51:05.288828+00:00,"OPEN 70962 Pre/Coreq 5.0 W 01:00pm - 03:50pm Ventura Math/Science Bldg. 213 24 0 24 Brocker, Erin 08/10-12/10 18"
3961fd49-1c67-40a7-ae5a-6eafd2f152db,1942,https://schedule.vcccd.edu/,2026-04-13T19:51:05.288828+00:00,W 01:00pm - 03:50pm
cd96c8f8-9569-40b0-b88e-a5ca06ba9163,1943,https://schedule.vcccd.edu/,2026-04-13T19:51:05.288828+00:00,& M W 05:00pm - 06:50pm Ventura MultidisciplinaryCtrE 123 08/10-12/10
39a2d688-7f3d-45ca-9d00-66ccdac9de91,1944,https://schedule.vcccd.edu/,2026-04-13T19:51:05.288828+00:00,M W 05:00pm - 06:50pm
ef92d9e2-5f37-4a61-99da-1b4e616d7e12,1945,https://schedule.vcccd.edu/,2026-04-13T19:51:05.288828+00:00,"OPEN 71108 Pre/Coreq 5.0 T R 01:00pm - 02:50pm Ventura MultidisciplinaryCtrW 113 24 0 24 Brocker, Erin 08/10-12/10 18"
12c19b01-d767-4745-b6ee-6b934d6f6218,1946,https://schedule.vcccd.edu/,2026-04-13T19:51:05.288828+00:00,T R 01:00pm - 02:50pm
6759f77e-511c-4ad4-a979-1663b32e3062,1947,https://schedule.vcccd.edu/,2026-04-13T19:51:05.288828+00:00,& R 04:00pm - 06:50pm Ventura Math/Science Bldg. 213 08/10-12/10
62151290-d93d-4eb9-96b3-cb1fa3f4d17f,1948,https://schedule.vcccd.edu/,2026-04-13T19:51:05.288828+00:00,R 04:00pm - 06:50pm
a431371f-826f-437e-8c2f-5ebd5cd62bec,1949,https://schedule.vcccd.edu/,2026-04-13T19:51:05.288828+00:00,"OPEN 70963 Pre/Coreq 5.0 M W 01:00pm - 03:10pm Ventura Math/Science Bldg. 222 24 0 24 Han, Howard 09/08-11/25 12"
573b3348-b822-4c25-a7e9-c6c77b9f2670,1950,https://schedule.vcccd.edu/,2026-04-13T19:51:05.288828+00:00,M W 01:00pm - 03:10pm
42817822-9b3d-4e9f-adb1-323a5e496060,1951,https://schedule.vcccd.edu/,2026-04-13T19:51:05.288828+00:00,& W 04:00pm - 08:15pm Ventura Math/Science Bldg. 213 09/08-11/25
01e3b3cf-5156-428d-b4f2-428c1c8b8204,1952,https://schedule.vcccd.edu/,2026-04-13T19:51:05.288828+00:00,W 04:00pm - 08:15pm
310f3d5b-3a89-434b-b432-8bf8e96aabf7,1953,https://schedule.vcccd.edu/,2026-04-13T19:51:05.288828+00:00,& Distance Education Class: Click CRN for requirements. Ventura Online (Canvas) 09/08-11/25
94aabe13-b29a-4a1e-9cb8-313e03a69e85,1954,https://schedule.vcccd.edu/,2026-04-13T19:51:05.288828+00:00,"OPEN 70968 Pre/Coreq 5.0 T 10:00am - 12:50pm Ventura Math/Science Bldg. 213 24 1 23 Brocker, Erin 08/10-12/10 18"
48da09d8-8c6c-4001-a785-3d00d983ce57,1955,https://schedule.vcccd.edu/,2026-04-13T19:51:05.288828+00:00,T 10:00am - 12:50pm
3de5f477-3a19-486e-944c-673b019d5034,1956,https://schedule.vcccd.edu/,2026-04-13T19:51:05.288828+00:00,& T R 01:00pm - 02:50pm Ventura MultidisciplinaryCtrW 113 08/10-12/10
11dd5151-1859-4a4a-acb2-01324971cb3d,1957,https://schedule.vcccd.edu/,2026-04-13T19:51:05.288828+00:00,T R 01:00pm - 02:50pm
de9db556-90f2-4586-9a45-cbba8cd68803,1958,https://schedule.vcccd.edu/,2026-04-13T19:51:05.288828+00:00,"OPEN 70961 Pre/Coreq 5.0 T R 05:00pm - 06:50pm Ventura Math/Science Bldg. 221 24 1 23 Han, Howard 08/10-12/10 18"
676f9b33-0847-40bd-a5de-d3eb95bc0565,1959,https://schedule.vcccd.edu/,2026-04-13T19:51:05.288828+00:00,T R 05:00pm - 06:50pm
74379ba7-2cfe-4e03-8992-9738671a09cb,1960,https://schedule.vcccd.edu/,2026-04-13T19:51:05.288828+00:00,& R 07:00pm - 09:50pm Ventura Math/Science Bldg. 213 08/10-12/10
95b38597-267a-44d0-83a2-c153618c7549,1961,https://schedule.vcccd.edu/,2026-04-13T19:51:05.288828+00:00,R 07:00pm - 09:50pm
951315a5-2fdb-4f18-b55c-ac68b49fb69c,1962,https://schedule.vcccd.edu/,2026-04-13T19:51:05.288828+00:00,"OPEN 70714 Pre/Coreq 5.0 M W 01:00pm - 03:10pm Ventura Math/Science Bldg. 222 24 1 23 Han, Howard 09/08-11/25 12"
5a02a30b-f538-4c86-b763-abb233cbbb5a,1963,https://schedule.vcccd.edu/,2026-04-13T19:51:05.288828+00:00,M W 01:00pm - 03:10pm
d2e62d06-5b42-4f8e-ac67-efe922c33947,1964,https://schedule.vcccd.edu/,2026-04-13T19:51:05.288828+00:00,& M 04:00pm - 08:15pm Ventura Math/Science Bldg. 213 09/08-11/25
e685aff5-53ca-448a-83ef-1add10c4f6d6,1965,https://schedule.vcccd.edu/,2026-04-13T19:51:05.288828+00:00,M 04:00pm - 08:15pm
520ade6b-d113-4388-bb98-8a25373b100e,1966,https://schedule.vcccd.edu/,2026-04-13T19:51:05.288828+00:00,& Distance Education Class: Click CRN for requirements. Ventura Online (Canvas) 09/08-11/25
cc73a78c-613b-4e27-bcc3-2146d7e03666,1967,https://schedule.vcccd.edu/,2026-04-13T19:51:05.288828+00:00,"OPEN 70674 Pre/Coreq 5.0 T 01:00pm - 03:50pm Ventura Math/Science Bldg. 213 24 4 20 Han, Howard 08/10-12/10 18"
c2ae421c-5ed7-4221-8aa3-ed824f0733d0,1968,https://schedule.vcccd.edu/,2026-04-13T19:51:05.288828+00:00,T 01:00pm - 03:50pm
dabdbef8-32e7-4f2c-920f-435f5c931d3a,1969,https://schedule.vcccd.edu/,2026-04-13T19:51:05.288828+00:00,& T R 05:00pm - 06:50pm Ventura Math/Science Bldg. 221 08/10-12/10
d4f28ec3-406b-4fcb-8c10-622863513ee4,1970,https://schedule.vcccd.edu/,2026-04-13T19:51:05.288828+00:00,T R 05:00pm - 06:50pm
c97b1148-693c-4f34-9e0d-8f5c4ac8375d,1971,https://schedule.vcccd.edu/,2026-04-13T19:51:05.288828+00:00,"OPEN 70216 Pre/Coreq 5.0 W 11:30am - 02:20pm Ventura Math/Science Bldg. 216 24 1 23 Clark, Kristin 08/10-12/10 18"
7fb3b560-17a5-49cd-8941-7d3af95c04fd,1972,https://schedule.vcccd.edu/,2026-04-13T19:51:05.288828+00:00,W 11:30am - 02:20pm
e98b7e6f-da47-41ac-a9d0-0e86457ed0e7,1973,https://schedule.vcccd.edu/,2026-04-13T19:51:05.288828+00:00,& W 02:30pm - 03:45pm Ventura Math/Science Bldg. 313 08/10-12/10
f738f04e-b484-4b54-95d7-994fe148f5b2,1974,https://schedule.vcccd.edu/,2026-04-13T19:51:05.288828+00:00,W 02:30pm - 03:45pm
fcd06f55-6f3d-4de9-a492-bd57234454a9,1975,https://schedule.vcccd.edu/,2026-04-13T19:51:05.288828+00:00,& Distance Education Class: Click CRN for requirements. Ventura Online (Canvas) 08/10-12/10
9cedc915-2308-4f89-83cd-9a6515ab5be6,1976,https://schedule.vcccd.edu/,2026-04-13T19:51:05.288828+00:00,"OPEN 70996 Pre/Coreq 5.0 M 08:00am - 09:50am Ventura Applied Science Center 140 24 0 24 Clark, Kristin 08/10-12/10 18"
eadfb6f8-8ebb-4296-a906-26e609c6a517,1977,https://schedule.vcccd.edu/,2026-04-13T19:51:05.288828+00:00,M 08:00am - 09:50am
f814c02d-0ce3-464c-a0d0-b01147d487a6,1978,https://schedule.vcccd.edu/,2026-04-13T19:51:05.288828+00:00,& M 10:00am - 12:50pm Ventura Math/Science Bldg. 216 08/10-12/10
db52dcfa-2f3e-47ee-a20e-931b472e2e15,1979,https://schedule.vcccd.edu/,2026-04-13T19:51:05.288828+00:00,M 10:00am - 12:50pm
fc8708e4-afc5-4c05-ac25-53c66cf5490a,1980,https://schedule.vcccd.edu/,2026-04-13T19:51:05.288828+00:00,& Distance Education Class: Click CRN for requirements. Ventura Online (Canvas) 08/10-12/10
b7600bb9-02c9-48f1-a997-b9787a4c0987,1981,https://schedule.vcccd.edu/,2026-04-13T19:51:05.288828+00:00,"OPEN 71293 Pre/Coreq 5.0 T R 08:00am - 09:50am Ventura Math/Science Bldg. 221 24 0 24 Serrano, Crystal 08/10-12/10 18"
c0bf8877-3b69-4b60-92fc-5df91b81d231,1982,https://schedule.vcccd.edu/,2026-04-13T19:51:05.288828+00:00,T R 08:00am - 09:50am
2602616d-c167-4e2b-b7db-95821015d2bf,1983,https://schedule.vcccd.edu/,2026-04-13T19:51:05.288828+00:00,& R 11:30am - 02:20pm Ventura Math/Science Bldg. 218 08/10-12/10
de7dd617-4762-4668-af82-f81164e5010d,1984,https://schedule.vcccd.edu/,2026-04-13T19:51:05.288828+00:00,R 11:30am - 02:20pm
82b30f19-0706-43d7-90ae-f931e3bc930e,1985,https://schedule.vcccd.edu/,2026-04-13T19:51:05.288828+00:00,"OPEN 71111 Pre/Coreq 5.0 R 08:30am - 11:20am Ventura Math/Science Bldg. 216 24 0 24 Clark, Kristin 08/10-12/10 18"
8e1192f3-4c13-44dd-a4d2-9bc134dcfd10,1986,https://schedule.vcccd.edu/,2026-04-13T19:51:05.288828+00:00,R 08:30am - 11:20am
9baabd71-c1f0-4c04-be49-758d29c0f465,1987,https://schedule.vcccd.edu/,2026-04-13T19:51:05.288828+00:00,& R 03:00pm - 04:50pm Ventura Math/Science Bldg. 313 08/10-12/10
e694a61c-3d92-4c99-ae6d-b438152a0ca7,1988,https://schedule.vcccd.edu/,2026-04-13T19:51:05.288828+00:00,R 03:00pm - 04:50pm
4fb681ed-5969-438d-9e22-b1b09de8c3a9,1989,https://schedule.vcccd.edu/,2026-04-13T19:51:05.288828+00:00,& Distance Education Class: Click CRN for requirements. Ventura Online (Canvas) 08/10-12/10
743a8286-3384-4f44-a06b-a3a68d40e564,1990,https://schedule.vcccd.edu/,2026-04-13T19:51:05.288828+00:00,"OPEN 71263 Pre/Coreq 5.0 R 11:30am - 02:20pm Ventura Math/Science Bldg. 213 24 0 24 Clark, Kristin 08/10-12/10 18"
51762ccf-418e-4659-b327-677da47d2ae5,1991,https://schedule.vcccd.edu/,2026-04-13T19:51:05.288828+00:00,R 11:30am - 02:20pm
453c6276-7903-4098-87a6-0031744489da,1992,https://schedule.vcccd.edu/,2026-04-13T19:51:05.288828+00:00,& R 03:00pm - 04:50pm Ventura Math/Science Bldg. 313 08/10-12/10
7c85242a-ee1b-4386-ad5e-f00d3bf76bb0,1993,https://schedule.vcccd.edu/,2026-04-13T19:51:05.288828+00:00,R 03:00pm - 04:50pm
87ab878a-f2ba-49e4-bcff-0e49b6f14631,1994,https://schedule.vcccd.edu/,2026-04-13T19:51:05.288828+00:00,& Distance Education Class: Click CRN for requirements. Ventura Online (Canvas) 08/10-12/10
a52e3ce3-f2f0-4690-a42b-fe4ea5a755a1,1995,https://schedule.vcccd.edu/,2026-04-13T19:51:05.288828+00:00,"OPEN 70219 Pre/Coreq 5.0 M W 05:00pm - 06:50pm Ventura Math/Science Bldg. 221 24 0 24 Serrano, Crystal 08/10-12/10 18"
b70654a3-3d44-495f-86ef-76fa1db0040c,1996,https://schedule.vcccd.edu/,2026-04-13T19:51:05.288828+00:00,M W 05:00pm - 06:50pm
b4969bd8-023a-46ac-a391-fff7d841fd2d,1997,https://schedule.vcccd.edu/,2026-04-13T19:51:05.288828+00:00,& W 07:00pm - 09:50pm Ventura Math/Science Bldg. 218 08/10-12/10
50f891f9-9472-423a-ad78-5bcb1c35383b,1998,https://schedule.vcccd.edu/,2026-04-13T19:51:05.288828+00:00,W 07:00pm - 09:50pm
7ba63fca-c3a4-429e-9f39-cefc1554f959,1999,https://schedule.vcccd.edu/,2026-04-13T19:51:05.288828+00:00,"OPEN 71077 Pre/Coreq 5.0 M 08:00am - 09:50am Ventura Applied Science Center 140 24 1 23 Clark, Kristin 08/10-12/10 18"
a924cc3c-8a85-4b15-a9ad-b174f5251401,2000,https://schedule.vcccd.edu/,2026-04-13T19:51:05.288828+00:00,M 08:00am - 09:50am
87605c32-56f1-4b4c-8d0d-6a607ad3dbcb,2001,https://schedule.vcccd.edu/,2026-04-13T19:51:05.288828+00:00,& M 01:00pm - 03:50pm Ventura Math/Science Bldg. 216 08/10-12/10
f0ea597b-e091-474d-b7cb-3c5350990561,2002,https://schedule.vcccd.edu/,2026-04-13T19:51:05.288828+00:00,M 01:00pm - 03:50pm
e4601ae7-ddf2-407e-9815-d0773f7f3fd3,2003,https://schedule.vcccd.edu/,2026-04-13T19:51:05.288828+00:00,& Distance Education Class: Click CRN for requirements. Ventura Online (Canvas) 08/10-12/10
d9e002fc-1fe4-4ef6-9665-b0f3ea085dae,2004,https://schedule.vcccd.edu/,2026-04-13T19:51:05.288828+00:00,"OPEN 71290 Pre/Coreq 5.0 T R 08:00am - 09:50am Ventura Math/Science Bldg. 221 24 1 23 Serrano, Crystal 08/10-12/10 18"
822fc321-c736-4ea2-9bde-5525126d78e5,2005,https://schedule.vcccd.edu/,2026-04-13T19:51:05.288828+00:00,T R 08:00am - 09:50am
2179baa0-63dd-44f8-8fd6-fa66a39b5f9e,2006,https://schedule.vcccd.edu/,2026-04-13T19:51:05.288828+00:00,& T 11:30am - 02:20pm Ventura Math/Science Bldg. 218 08/10-12/10
846183cf-4d9d-42ac-8388-25bfd4c266cb,2007,https://schedule.vcccd.edu/,2026-04-13T19:51:05.288828+00:00,T 11:30am - 02:20pm
245beac9-0da8-40c5-86a8-d7f14b81e147,2008,https://schedule.vcccd.edu/,2026-04-13T19:51:05.288828+00:00,"OPEN 70641 Pre/Coreq 5.0 M W 05:00pm - 06:50pm Ventura Math/Science Bldg. 221 24 1 23 Serrano, Crystal 08/10-12/10 18"
08f4bc08-1ffa-43bb-9357-48c9027a3554,2009,https://schedule.vcccd.edu/,2026-04-13T19:51:05.288828+00:00,M W 05:00pm - 06:50pm
ba49739e-2efc-4451-9a37-46396acc4992,2010,https://schedule.vcccd.edu/,2026-04-13T19:51:05.288828+00:00,& M 07:00pm - 09:50pm Ventura Math/Science Bldg. 216 08/10-12/10
51556461-2024-41ee-9b0b-d43afc0ab79f,2011,https://schedule.vcccd.edu/,2026-04-13T19:51:05.288828+00:00,M 07:00pm - 09:50pm
ccf4296d-a1c6-4225-b02e-f88e014412ff,2012,https://schedule.vcccd.edu/,2026-04-13T19:51:05.288828+00:00,"OPEN 72920 Pre/Coreq 5.0 M 08:30am - 11:20am Ventura Math/Science Bldg. 218 24 0 24 Kasel, Thomas 08/10-12/10 18"
05f18b5f-5271-4bb6-a45d-f0ffb61b0d83,2013,https://schedule.vcccd.edu/,2026-04-13T19:51:05.288828+00:00,M 08:30am - 11:20am
3c1db88e-2b7f-4a21-9d9b-e520ec891757,2014,https://schedule.vcccd.edu/,2026-04-13T19:51:05.288828+00:00,& W 10:00am - 10:50am Ventura Math/Science Bldg. 218 08/10-12/10
aec0e297-5fd9-4ed4-bce0-b6a5d2def5f8,2015,https://schedule.vcccd.edu/,2026-04-13T19:51:05.288828+00:00,W 10:00am - 10:50am
c4c106f8-e15e-4f50-a1ae-9f19dd06fa21,2016,https://schedule.vcccd.edu/,2026-04-13T19:51:05.288828+00:00,& M W 11:30am - 12:45pm Ventura Math/Science Bldg. 222 08/10-12/10
ad88fa6f-bdf0-41b1-8d3e-8d32098180f8,2017,https://schedule.vcccd.edu/,2026-04-13T19:51:05.288828+00:00,M W 11:30am - 12:45pm
689c857c-b45c-499d-a53c-827837979206,2018,https://schedule.vcccd.edu/,2026-04-13T19:51:05.288828+00:00,"OPEN 70956 Pre/Coreq 5.0 M W 08:30am - 09:45am Ventura Math/Science Bldg. 221 24 0 24 Davidson, Michelle 08/10-12/10 18"
418d00a1-2dab-4eff-bc3c-8b8b3c7ebe1c,2019,https://schedule.vcccd.edu/,2026-04-13T19:51:05.288828+00:00,M W 08:30am - 09:45am
9348dfb2-74ea-4405-9220-cefe4355a107,2020,https://schedule.vcccd.edu/,2026-04-13T19:51:05.288828+00:00,& M 10:00am - 12:50pm Ventura Math/Science Bldg. 211 08/10-12/10
d770566c-0130-458c-adba-6d4376aa59a3,2021,https://schedule.vcccd.edu/,2026-04-13T19:51:05.288828+00:00,M 10:00am - 12:50pm
57b11f41-128c-467e-bf53-4c6a93a40c84,2022,https://schedule.vcccd.edu/,2026-04-13T19:51:05.288828+00:00,& W 10:00am - 10:50am Ventura Math/Science Bldg. 211 08/10-12/10
e30a5cf3-9984-492d-939d-9b43572704d6,2023,https://schedule.vcccd.edu/,2026-04-13T19:51:05.288828+00:00,W 10:00am - 10:50am
568b56d1-f71f-410a-8789-72854ef97de4,2024,https://schedule.vcccd.edu/,2026-04-13T19:51:05.288828+00:00,"OPEN 73375 Pre/Coreq 5.0 M W 08:30am - 09:45am Ventura Math/Science Bldg. 221 24 0 24 Davidson, Michelle 08/10-12/10 18"
8dc044c9-18f9-424a-a87e-e07096614bc7,2025,https://schedule.vcccd.edu/,2026-04-13T19:51:05.288828+00:00,M W 08:30am - 09:45am
d98f5171-f376-4565-960e-fa6c867d0c83,2026,https://schedule.vcccd.edu/,2026-04-13T19:51:05.288828+00:00,& W 11:30am - 02:20pm Ventura Math/Science Bldg. 211 08/10-12/10
77501ea7-c6f6-403c-ad83-39aa8b9144be,2027,https://schedule.vcccd.edu/,2026-04-13T19:51:05.288828+00:00,W 11:30am - 02:20pm
f2bfabb8-9239-4f35-860f-2cbaa0c0a957,2028,https://schedule.vcccd.edu/,2026-04-13T19:51:05.288828+00:00,& M 01:00pm - 01:50pm Ventura Math/Science Bldg. 211 08/10-12/10
7bb4edc7-cd39-4fe8-92d7-d5d908cf3af1,2029,https://schedule.vcccd.edu/,2026-04-13T19:51:05.288828+00:00,M 01:00pm - 01:50pm
39c7f45f-0b5c-430f-ae69-8f2d6f63899b,2030,https://schedule.vcccd.edu/,2026-04-13T19:51:05.288828+00:00,OPEN 73400 Pre/Coreq 5.0 M W 11:30am - 12:45pm Ventura Math/Science Bldg. 222 24 0 24 Staff 08/10-12/10 18
d4e4a8db-1811-4863-8bf4-5afe5db078ce,2031,https://schedule.vcccd.edu/,2026-04-13T19:51:05.288828+00:00,M W 11:30am - 12:45pm
e727efe6-b410-44d1-8961-b84f4caad14c,2032,https://schedule.vcccd.edu/,2026-04-13T19:51:05.288828+00:00,& M 02:30pm - 03:20pm Ventura Math/Science Bldg. 211 08/10-12/10
b54b7d8f-8561-4a36-80f2-2585d4797434,2033,https://schedule.vcccd.edu/,2026-04-13T19:51:05.288828+00:00,M 02:30pm - 03:20pm
108dfd9e-d735-446e-b33f-bfbe6398c018,2034,https://schedule.vcccd.edu/,2026-04-13T19:51:05.288828+00:00,& W 02:30pm - 05:20pm Ventura Math/Science Bldg. 211 08/10-12/10
a7b793ba-7a1d-435b-a040-4debd2438c85,2035,https://schedule.vcccd.edu/,2026-04-13T19:51:05.288828+00:00,W 02:30pm - 05:20pm
5a3d9963-9d07-43da-b5d7-95f2bc81752e,2036,https://schedule.vcccd.edu/,2026-04-13T19:51:05.288828+00:00,"OPEN 73371 Pre/Coreq 5.0 T R 11:30am - 12:45pm Ventura Math/Science Bldg. 221 24 0 24 Davidson, Michelle 08/10-12/10 18"
d3f89070-9d51-4069-9829-8598934d1858,2037,https://schedule.vcccd.edu/,2026-04-13T19:51:05.288828+00:00,T R 11:30am - 12:45pm
286fb3ee-d0f5-462d-9c5a-88eda4f0bcbb,2038,https://schedule.vcccd.edu/,2026-04-13T19:51:05.288828+00:00,& T 01:00pm - 01:50pm Ventura Math/Science Bldg. 211 08/10-12/10
18cd0978-2efa-4a00-9209-b85cbbf44e34,2039,https://schedule.vcccd.edu/,2026-04-13T19:51:05.288828+00:00,T 01:00pm - 01:50pm
a291f3a7-ee85-4e1b-add4-1b7a2c798298,2040,https://schedule.vcccd.edu/,2026-04-13T19:51:05.288828+00:00,& R 01:00pm - 03:50pm Ventura Math/Science Bldg. 211 08/10-12/10
d9be3c61-461c-4af2-97b5-226626a4e156,2041,https://schedule.vcccd.edu/,2026-04-13T19:51:05.288828+00:00,R 01:00pm - 03:50pm
be61142e-e9b8-494d-9f00-bc66ca55a497,2042,https://schedule.vcccd.edu/,2026-04-13T19:51:05.288828+00:00,"OPEN 70186 Pre/Coreq 5.0 T 02:30pm - 05:20pm Ventura Math/Science Bldg. 211 24 0 24 Flesher, Bob 08/10-12/10 18"
0d3413ea-6695-4ef8-ab8b-1d9d7f803d19,2043,https://schedule.vcccd.edu/,2026-04-13T19:51:05.288828+00:00,T 02:30pm - 05:20pm
d6bc9595-40c8-432c-8fe9-f6e95593cb7d,2044,https://schedule.vcccd.edu/,2026-04-13T19:51:05.288828+00:00,& R 04:00pm - 04:50pm Ventura Math/Science Bldg. 211 08/10-12/10
6d47b5b7-c0da-4837-9ab9-6476ff19a151,2045,https://schedule.vcccd.edu/,2026-04-13T19:51:05.288828+00:00,R 04:00pm - 04:50pm
02cf1315-0f81-4f78-90af-6b3ee465b44b,2046,https://schedule.vcccd.edu/,2026-04-13T19:51:05.288828+00:00,& T R 05:30pm - 06:45pm Ventura Math/Science Bldg. 222 08/10-12/10
10937298-7919-4917-9e01-688ae0ee7ca7,2047,https://schedule.vcccd.edu/,2026-04-13T19:51:05.288828+00:00,T R 05:30pm - 06:45pm
61eea716-4546-4450-a7d4-eeaab4982180,2048,https://schedule.vcccd.edu/,2026-04-13T19:51:05.288828+00:00,"OPEN 70182 Pre/Coreq 5.0 T R 05:30pm - 06:45pm Ventura Math/Science Bldg. 222 24 0 24 Flesher, Bob 08/10-12/10 18"
eb7cd4f1-0f1b-4a02-bda0-8208025c7eef,2049,https://schedule.vcccd.edu/,2026-04-13T19:51:05.288828+00:00,T R 05:30pm - 06:45pm
b3ade9f4-6d6a-4626-bde4-5817ba6ab378,2050,https://schedule.vcccd.edu/,2026-04-13T19:51:05.288828+00:00,& T 07:00pm - 07:50pm Ventura Math/Science Bldg. 211 08/10-12/10
ed9e34a4-9c9c-40b0-b292-45af4115e83b,2051,https://schedule.vcccd.edu/,2026-04-13T19:51:05.288828+00:00,T 07:00pm - 07:50pm
661c46fe-bbfd-43a5-ad05-1d773cc105d3,2052,https://schedule.vcccd.edu/,2026-04-13T19:51:05.288828+00:00,& R 07:00pm - 09:50pm Ventura Math/Science Bldg. 211 08/10-12/10
37bcdea5-7892-40f9-a88a-ebb7251ccf00,2053,https://schedule.vcccd.edu/,2026-04-13T19:51:05.288828+00:00,R 07:00pm - 09:50pm
d5f9f2fd-8a9c-43e7-8d21-8c508ebfb158,2054,https://schedule.vcccd.edu/,2026-04-13T19:51:05.288828+00:00,"OPEN 73368 Pre/Coreq 5.0 T 08:30am - 11:20am Ventura Math/Science Bldg. 211 24 4 20 Davidson, Michelle 08/10-12/10 18"
0832aeed-a60c-4c26-a173-3443963689d8,2055,https://schedule.vcccd.edu/,2026-04-13T19:51:05.288828+00:00,T 08:30am - 11:20am
7c92f0b8-1c78-453e-b1e2-84100dca5a33,2056,https://schedule.vcccd.edu/,2026-04-13T19:51:05.288828+00:00,& R 10:00am - 10:50am Ventura Math/Science Bldg. 211 08/10-12/10
0a6ef41c-7768-4187-8ce3-dfe98c14506b,2057,https://schedule.vcccd.edu/,2026-04-13T19:51:05.288828+00:00,R 10:00am - 10:50am
4a4245cf-1997-4615-8c00-3caedb9b4109,2058,https://schedule.vcccd.edu/,2026-04-13T19:51:05.288828+00:00,& T R 11:30am - 12:45pm Ventura Math/Science Bldg. 221 08/10-12/10
2abeb249-84cc-4bf2-bef0-45fcb59667d0,2059,https://schedule.vcccd.edu/,2026-04-13T19:51:05.288828+00:00,T R 11:30am - 12:45pm
53f0dc36-bf8e-4fd1-94ac-19f01071f4af,2060,https://schedule.vcccd.edu/,2026-04-13T19:51:05.288828+00:00,"OPEN 70448 Pre/Coreq 5.0 M 11:30am - 02:20pm Ventura Math/Science Bldg. 218 24 0 24 Selzler, Joe 08/10-12/10 18"
9340503a-73e1-49f1-8969-bfbb1837b6e7,2061,https://schedule.vcccd.edu/,2026-04-13T19:51:05.288828+00:00,M 11:30am - 02:20pm
3de67b66-047b-4319-81de-d194d648e6c9,2062,https://schedule.vcccd.edu/,2026-04-13T19:51:05.288828+00:00,& W 01:00pm - 01:50pm Ventura Math/Science Bldg. 352 08/10-12/10
cc8f75ce-6adb-465c-8d13-bbd98c250ee5,2063,https://schedule.vcccd.edu/,2026-04-13T19:51:05.288828+00:00,W 01:00pm - 01:50pm
572e8967-9038-45ff-8ddf-3cd61a9928b6,2064,https://schedule.vcccd.edu/,2026-04-13T19:51:05.288828+00:00,& T R 01:00pm - 02:15pm Ventura Math/Science Bldg. 222 08/10-12/10
7eea9a32-1faa-4dac-b1a5-0670bef94de3,2065,https://schedule.vcccd.edu/,2026-04-13T19:51:05.288828+00:00,T R 01:00pm - 02:15pm
0b266da5-08ac-4023-8ea2-c8571f9769c3,2066,https://schedule.vcccd.edu/,2026-04-13T19:51:05.288828+00:00,"OPEN 70236 Pre/Coreq 5.0 T R 01:00pm - 02:15pm Ventura Math/Science Bldg. 222 24 1 23 Selzler, Joe 08/10-12/10 18"
39446cb2-c2d5-43ae-9e72-f55b4dc49be2,2067,https://schedule.vcccd.edu/,2026-04-13T19:51:05.288828+00:00,T R 01:00pm - 02:15pm
d41143c7-3914-4e52-b0b8-e81f9c22ea87,2068,https://schedule.vcccd.edu/,2026-04-13T19:51:05.288828+00:00,& T 02:30pm - 03:20pm Ventura Math/Science Bldg. 229 08/10-12/10
edaec2b3-9f41-4b31-8c71-e157207a084b,2069,https://schedule.vcccd.edu/,2026-04-13T19:51:05.288828+00:00,T 02:30pm - 03:20pm
f87f598a-67a8-4c66-8b56-84453dec10cf,2070,https://schedule.vcccd.edu/,2026-04-13T19:51:05.288828+00:00,& R 02:30pm - 05:20pm Ventura Math/Science Bldg. 218 08/10-12/10
3e792fa5-e1d8-4e53-9de4-a4001f0150e4,2071,https://schedule.vcccd.edu/,2026-04-13T19:51:05.288828+00:00,R 02:30pm - 05:20pm
ebe37974-f03d-4929-878e-da3933eb2c27,2072,https://schedule.vcccd.edu/,2026-04-13T19:51:05.288828+00:00,"OPEN 70230 Pre/Coreq 5.0 T 08:30am - 11:20am Ventura Math/Science Bldg. 218 24 3 21 Selzler, Joe 08/10-12/10 18"
49527720-6309-4835-ba90-3b0d9ec77c3a,2073,https://schedule.vcccd.edu/,2026-04-13T19:51:05.288828+00:00,T 08:30am - 11:20am
7f2a64ea-2a4c-4db3-9424-009aefc63daa,2074,https://schedule.vcccd.edu/,2026-04-13T19:51:05.288828+00:00,& R 10:00am - 10:50am Ventura Math/Science Bldg. 350 08/10-12/10
826a5ef8-ebe5-4839-85e4-7c87ff2c6d0f,2075,https://schedule.vcccd.edu/,2026-04-13T19:51:05.288828+00:00,R 10:00am - 10:50am
501e283a-1bc1-4dfe-b9fd-635235ad3e75,2076,https://schedule.vcccd.edu/,2026-04-13T19:51:05.288828+00:00,& T R 01:00pm - 02:15pm Ventura Math/Science Bldg. 222 08/10-12/10
17072d03-a316-4246-9ee7-d8ea16c229bb,2077,https://schedule.vcccd.edu/,2026-04-13T19:51:05.288828+00:00,T R 01:00pm - 02:15pm
e5d41e68-d804-4076-b9cc-5b072eadddae,2078,https://schedule.vcccd.edu/,2026-04-13T19:51:05.288828+00:00,"OPEN 70633 Pre/Coreq 5.0 T R 08:30am - 09:45am Ventura Math/Science Bldg. 222 18 1 17 Rose-Seisa, Malia 08/10-12/10 18"
0d4f9ff4-0df6-4b4e-a84b-715f23879131,2079,https://schedule.vcccd.edu/,2026-04-13T19:51:05.288828+00:00,T R 08:30am - 09:45am
da5fa2be-106b-4193-8b4b-99704124cb69,2080,https://schedule.vcccd.edu/,2026-04-13T19:51:05.288828+00:00,& T 11:30am - 05:20pm Ventura Math/Science Bldg. 216 08/10-12/10
79d30a3c-5570-45cc-87ce-f816e31d81b1,2081,https://schedule.vcccd.edu/,2026-04-13T19:51:05.288828+00:00,T 11:30am - 05:20pm
850de46a-d1d6-4409-88dc-066a4eb79383,2082,https://schedule.vcccd.edu/,2026-04-13T19:51:05.288828+00:00,"OPEN 70913 Pre/Coreq 5.0 T R 08:30am - 09:45am Ventura Math/Science Bldg. 222 18 1 17 Rose-Seisa, Malia 08/10-12/10 18"
505942ed-5113-4347-806f-b0cbc9b5dbfa,2083,https://schedule.vcccd.edu/,2026-04-13T19:51:05.288828+00:00,T R 08:30am - 09:45am
30ed0751-a0f1-42e7-9837-4cd46872ad7a,2084,https://schedule.vcccd.edu/,2026-04-13T19:51:05.288828+00:00,& F 08:30am - 02:20pm Ventura Math/Science Bldg. 216 08/10-12/10
d0b878a0-fa45-42f0-84af-3fa28dd157cd,2085,https://schedule.vcccd.edu/,2026-04-13T19:51:05.288828+00:00,F 08:30am - 02:20pm
01bc75a7-6f09-4f02-b30a-9bd6b08f6429,2086,https://schedule.vcccd.edu/,2026-04-13T19:51:05.288828+00:00,"OPEN 70749 Pre/Coreq 5.0 T R 08:30am - 09:45am Ventura Math/Science Bldg. 222 18 2 16 Rose-Seisa, Malia 08/10-12/10 18"
b2507a5e-a270-45f6-9cac-ae446502dc86,2087,https://schedule.vcccd.edu/,2026-04-13T19:51:05.288828+00:00,T R 08:30am - 09:45am
b1ef2cba-41cc-4a89-8d1a-d3e0bf671c0b,2088,https://schedule.vcccd.edu/,2026-04-13T19:51:05.288828+00:00,& R 11:30am - 05:20pm Ventura Math/Science Bldg. 216 08/10-12/10
7efad9b9-a851-4773-8bad-55741c4d636f,2089,https://schedule.vcccd.edu/,2026-04-13T19:51:05.288828+00:00,R 11:30am - 05:20pm
d303c0b2-b910-4411-b326-7a1a7e1f1324,2090,https://schedule.vcccd.edu/,2026-04-13T19:51:05.288828+00:00,"OPEN 70952 4.0 Distance Education Class: Click CRN for requirements. Moorpark Online (Canvas) 40 1 39 Zhou, Hui 08/10-10/02 8"
fa49405e-aade-49a8-8c34-00c6a89c4b2c,2091,https://schedule.vcccd.edu/,2026-04-13T19:51:05.288828+00:00,"OPEN 70608 Pre/Coreq 4.0 Distance Education Class: Click CRN for requirements. Moorpark Online (Canvas) 40 0 40 Zhou, Hui 10/12-12/03 8"
cfe2ffb9-f832-49ba-b418-49c77776827c,2092,https://schedule.vcccd.edu/,2026-04-13T19:51:05.288828+00:00,"OPEN 71320 3.0 T 10:30am - 11:45am Oxnard Administration & Annex 101 45 0 45 Villa Rosales, Elizabeth 08/10-12/10 18"
eecda8ca-cc79-4cc2-9a76-4f85af980106,2093,https://schedule.vcccd.edu/,2026-04-13T19:51:05.288828+00:00,T 10:30am - 11:45am
8cf10913-c717-433f-afae-129444b016ad,2094,https://schedule.vcccd.edu/,2026-04-13T19:51:05.288828+00:00,& Distance Education Class: Click CRN for requirements. Oxnard Online (Canvas) 08/10-12/10
0d9f4b86-10ff-4e0f-a00e-e1dd74829292,2095,https://schedule.vcccd.edu/,2026-04-13T19:51:05.288828+00:00,"OPEN 71378 3.0 Distance Education Class: Click CRN for requirements. Oxnard Online (Canvas) 45 0 45 Villa Rosales, Elizabeth 10/12-12/10 9"
15876833-c9d6-4700-b995-60eef1680f70,2096,https://schedule.vcccd.edu/,2026-04-13T19:51:05.288828+00:00,"OPEN 70360 3.0 M W 10:30am - 11:45am Oxnard Letters & Science 8 45 1 44 Villa Rosales, Elizabeth 08/10-12/10 18"
173bbe06-d7c2-405a-ba67-5338e74bde5e,2097,https://schedule.vcccd.edu/,2026-04-13T19:51:05.288828+00:00,M W 10:30am - 11:45am
cd545e74-b57a-482e-ba34-cd12a4e719ad,2098,https://schedule.vcccd.edu/,2026-04-13T19:51:05.288828+00:00,"OPEN 70735 3.0 Distance Education Class: Click CRN for requirements. Oxnard Online (Canvas) 45 1 44 Villa Rosales, Elizabeth 08/10-12/10 18"
f45d3246-47da-4c7e-ba61-3a1a3137dc4b,2099,https://schedule.vcccd.edu/,2026-04-13T19:51:05.288828+00:00,"OPEN 71467 3.0 Distance Education Class: Click CRN for requirements. Oxnard Online (Canvas) 45 1 44 Villa Rosales, Elizabeth 10/12-12/10 9"
792084e9-8b85-4a72-8cac-07ec5ca6d3b3,2100,https://schedule.vcccd.edu/,2026-04-13T19:51:05.288828+00:00,"OPEN 71407 3.0 M 01:00pm - 02:15pm Oxnard Condor Hall 309 45 0 45 Villa Rosales, Elizabeth 09/21-12/10 12"
b56e703d-2900-4c98-887e-70a4485f7b5b,2101,https://schedule.vcccd.edu/,2026-04-13T19:51:05.288828+00:00,M 01:00pm - 02:15pm
1b654a0d-2410-4a6a-94d7-f70ceacbff7d,2102,https://schedule.vcccd.edu/,2026-04-13T19:51:05.288828+00:00,& Distance Education Class: Click CRN for requirements. Oxnard Online (Canvas) 09/21-12/10
b62cdfdc-bc29-4027-943a-a2c0e942497f,2103,https://schedule.vcccd.edu/,2026-04-13T19:51:05.288828+00:00,"OPEN 70609 3.0 Distance Education Class: Click CRN for requirements. Oxnard Online (Canvas) 85 0 85 Wilson, Jenn 08/24-12/10 16"
cbbdfd67-032b-43ef-bfc3-6dce1be2415e,2104,https://schedule.vcccd.edu/,2026-04-13T19:51:05.288828+00:00,"OPEN 71946 3.0 M W 09:00am - 10:15am Oxnard Condor Hall 301A/B 60 1 58 Wilson, Jenn 08/10-12/10 18"
6ef12021-9743-488c-bccf-88c44582ff7d,2105,https://schedule.vcccd.edu/,2026-04-13T19:51:05.288828+00:00,M W 09:00am - 10:15am
343b9fb7-2e8d-43d3-a6bb-893b3a330ac0,2106,https://schedule.vcccd.edu/,2026-04-13T19:51:05.288828+00:00,"OPEN 71800 3.0 Distance Education Class: Click CRN for requirements. Ventura Online (Canvas) 55 4 51 Serna, Elias 09/08-11/25 12"
7d4c3280-e295-477b-a4a9-a04a965f00ca,2107,https://schedule.vcccd.edu/,2026-04-13T19:51:05.288828+00:00,OPEN 71619 3.0 R 05:30pm - 07:45pm Ventura Media Arts Center 201 50 0 50 Staff 09/08-11/25 12
0139b892-8af4-4f84-8508-735782993914,2108,https://schedule.vcccd.edu/,2026-04-13T19:51:05.288828+00:00,R 05:30pm - 07:45pm
69f41bd7-6ef0-4626-a391-713cabf64a30,2109,https://schedule.vcccd.edu/,2026-04-13T19:51:05.288828+00:00,& Distance Education Class: Click CRN for requirements. Ventura Online (Canvas) 09/08-11/25
6430fa62-cc70-4e18-bc49-6a5e1ae8321b,2110,https://schedule.vcccd.edu/,2026-04-13T19:51:05.288828+00:00,"OPEN 70639 3.0 W 10:00am - 11:20am Ventura MultidisciplinaryCtrW 201 50 1 49 Gamboa, Rubisela 08/17-12/03 16"
a74310d3-a19c-45c1-b3a4-6e83e8c4acfe,2111,https://schedule.vcccd.edu/,2026-04-13T19:51:05.288828+00:00,W 10:00am - 11:20am
b71e1b44-dfce-42fe-a0f1-913d91cfe7b6,2112,https://schedule.vcccd.edu/,2026-04-13T19:51:05.288828+00:00,& Distance Education Class: Click CRN for requirements. Ventura Online (Canvas) 08/17-12/03
c0e50181-f132-4ad8-a6d1-d2af2e1b54b9,2113,https://schedule.vcccd.edu/,2026-04-13T19:51:05.288828+00:00,"OPEN 72413 3.0 T 05:30pm - 06:45pm Ventura MultidisciplinaryCtrW 110 50 1 49 Carrasco Nungaray, Marian 09/08-11/25 12"
f117a219-8000-4810-9866-e6e8cc5f0acc,2114,https://schedule.vcccd.edu/,2026-04-13T19:51:05.288828+00:00,T 05:30pm - 06:45pm
4e5cc577-1df4-4e03-b631-ca693d36c100,2115,https://schedule.vcccd.edu/,2026-04-13T19:51:05.288828+00:00,& Distance Education Class: Click CRN for requirements. Ventura Online (Canvas) 09/08-11/25
281b20be-7573-4407-95f8-14c5ad86d885,2116,https://schedule.vcccd.edu/,2026-04-13T19:51:05.288828+00:00,"OPEN 72321 3.0 Distance Education Class: Click CRN for requirements. Ventura Online (Canvas) 46 0 46 De La Garza, Antonio 09/08-11/25 12"
6d8aa254-1b06-43c2-89d9-d3c1e0f24483,2117,https://schedule.vcccd.edu/,2026-04-13T19:51:05.288828+00:00,"OPEN 73465 3.0 Distance Education Class: Click CRN for requirements. Ventura Online (Canvas) 43 0 43 Lopez, Nathan 08/24-09/25 5"
3999daa0-0d18-4257-b407-d52c3e52ead9,2118,https://schedule.vcccd.edu/,2026-04-13T19:51:05.288828+00:00,"OPEN 72861 3.0 T R 10:00am - 11:15am Ventura Media Arts Center 201 38 1 37 Serna, Elias 08/10-12/10 18"
dc035fa0-2f73-4bbd-9366-cd1462c84118,2119,https://schedule.vcccd.edu/,2026-04-13T19:51:05.288828+00:00,T R 10:00am - 11:15am
686b784c-2431-4c1e-bc90-f89d4a70bf67,2120,https://schedule.vcccd.edu/,2026-04-13T19:51:05.288828+00:00,"OPEN 71947 3.0 M W 08:30am - 09:45am Ventura Media Arts Center 200 35 0 35 Serna, Elias 08/10-12/10 18"
73566736-abb8-4e18-9103-f557880c5c36,2121,https://schedule.vcccd.edu/,2026-04-13T19:51:05.288828+00:00,M W 08:30am - 09:45am
44a60979-113d-4fc3-8c26-6cbd0a2e0e2b,2122,https://schedule.vcccd.edu/,2026-04-13T19:51:05.288828+00:00,"OPEN 73068 Pre/Coreq 3.0 T R 10:00am - 11:20am East Campus, Santa Paula 5 27 0 27 Gamboa, Rubisela 08/17-12/03 16"
3a165407-c004-4515-8243-bd15cb60515d,2123,https://schedule.vcccd.edu/,2026-04-13T19:51:05.288828+00:00,T R 10:00am - 11:20am
ca53c625-f808-48b4-b45c-bdf2e6520cfd,2124,https://schedule.vcccd.edu/,2026-04-13T19:51:05.288828+00:00,& Requires co-enrollment in ENGL C1000 CRN 70666
52d8927f-e94a-44a0-b282-89b6250206ce,2125,https://schedule.vcccd.edu/,2026-04-13T19:51:05.288828+00:00,"OPEN 73295 3.0 Distance Education Class: Click CRN for requirements. Ventura Online (Canvas) 21 1 20 Gamboa, Rubisela 09/28-10/30 5"
7ac22c6c-dea3-47a4-b039-2107bfffdb85,2126,https://schedule.vcccd.edu/,2026-04-13T19:51:05.288828+00:00,"OPEN 71711 3.0 Distance Education Class: Click CRN for requirements. Ventura Online (Canvas) 46 0 46 De La Garza, Antonio 09/08-11/25 12"
57a63c93-22b0-4a6e-a70d-97a6e48186ef,2127,https://schedule.vcccd.edu/,2026-04-13T19:51:05.288828+00:00,"OPEN 72684 3.0 Distance Education Class: Click CRN for requirements. Ventura Online (Canvas) 46 1 45 Serna, Elias 10/05-11/25 8"
410d31a7-7598-49c5-9f95-9b9dae4b11cc,2128,https://schedule.vcccd.edu/,2026-04-13T19:51:05.288828+00:00,"OPEN 71874 3.0 M W 10:00am - 11:15am Ventura MultidisciplinaryCtrE 123 40 0 40 Serna, Elias 08/10-12/10 18"
0c079ca2-1e65-4772-9521-fed5ac957499,2129,https://schedule.vcccd.edu/,2026-04-13T19:51:05.288828+00:00,M W 10:00am - 11:15am
273fab89-8040-46fa-a589-faa25766b598,2130,https://schedule.vcccd.edu/,2026-04-13T19:51:05.288828+00:00,"OPEN 72360 3.0 M 08:30am - 09:45am Ventura MultidisciplinaryCtrW 110 50 1 49 Carrasco Nungaray, Marian 09/08-11/25 12"
f32998b4-56d1-4c83-8c26-698fda6d2b6c,2131,https://schedule.vcccd.edu/,2026-04-13T19:51:05.288828+00:00,M 08:30am - 09:45am
20555420-23df-4bd6-b1fc-f8bf0ff7c258,2132,https://schedule.vcccd.edu/,2026-04-13T19:51:05.288828+00:00,& Distance Education Class: Click CRN for requirements. Ventura Online (Canvas) 09/08-11/25
a8b90131-52b2-4c53-ba4e-4e38fef22671,2133,https://schedule.vcccd.edu/,2026-04-13T19:51:05.288828+00:00,"OPEN 71995 3.0 Distance Education Class: Click CRN for requirements. Ventura Online (Canvas) 46 0 46 Gamboa, Rubisela 09/08-11/25 12"
e4363909-409d-4d2b-a195-80d45e7049d8,2134,https://schedule.vcccd.edu/,2026-04-13T19:51:05.288828+00:00,"OPEN 71681 3.0 Distance Education Class: Click CRN for requirements. Oxnard Online (Canvas) 45 2 43 Cardenas, Jose Angel 09/14-12/10 13"
21c22902-d76e-4f70-a0b9-bdf9a7d50535,2135,https://schedule.vcccd.edu/,2026-04-13T19:51:05.288828+00:00,"OPEN 72167 3.0 M W 10:00am - 11:15am Humanities/Social Sciences 204 37 0 37 Camarillo, Bob 08/10-12/10 18"
9addf8a3-2d86-4132-801c-28d14d277061,2136,https://schedule.vcccd.edu/,2026-04-13T19:51:05.288828+00:00,M W 10:00am - 11:15am
9e2b2fcb-ad73-484c-baa8-69a8e09eb103,2137,https://schedule.vcccd.edu/,2026-04-13T19:51:05.288828+00:00,"OPEN 70731 3.0 Distance Education Class: Click CRN for requirements. Moorpark Online (Canvas) 50 0 50 Mulville, Leeann 08/31-12/03 14"
dffde4c3-342e-480a-a7fa-78fc3f750883,2138,https://schedule.vcccd.edu/,2026-04-13T19:51:05.288828+00:00,"OPEN 70054 3.0 R 08:30am - 09:45am Academic Center 207 48 0 48 Kevanian, George 08/31-12/03 14"
ae338eb3-0245-4bf3-b562-037a7119df59,2139,https://schedule.vcccd.edu/,2026-04-13T19:51:05.288828+00:00,R 08:30am - 09:45am
031e2dd0-b628-4244-b863-f85040991f85,2140,https://schedule.vcccd.edu/,2026-04-13T19:51:05.288828+00:00,& Distance Education Class: Click CRN for requirements. Moorpark Online (Canvas) 08/31-12/03
64eede80-4ac8-40f8-a10a-2ca668052095,2141,https://schedule.vcccd.edu/,2026-04-13T19:51:05.288828+00:00,"OPEN 70762 3.0 W 01:00pm - 02:15pm Humanities/Social Sciences 204 37 0 37 Basile, Chad 08/31-12/03 14"
83e27b36-6bab-4308-8e88-3313722a5a3e,2142,https://schedule.vcccd.edu/,2026-04-13T19:51:05.288828+00:00,W 01:00pm - 02:15pm
41118ca4-776a-47d6-acaf-799fc5c63a0b,2143,https://schedule.vcccd.edu/,2026-04-13T19:51:05.288828+00:00,& Distance Education Class: Click CRN for requirements. Moorpark Online (Canvas) 08/31-12/03
5a1f2980-f214-42e0-b632-05fb483e7b48,2144,https://schedule.vcccd.edu/,2026-04-13T19:51:05.288828+00:00,"OPEN 75104 3.0 M W 10:00am - 11:15am Humanities/Social Sciences 204 37 0 37 Camarillo, Bob 08/10-12/10 18"
587fd68f-736a-4c71-883e-d54c618d6884,2145,https://schedule.vcccd.edu/,2026-04-13T19:51:05.288828+00:00,M W 10:00am - 11:15am
781fedbf-fe7f-413d-b5d6-acda924468ca,2146,https://schedule.vcccd.edu/,2026-04-13T19:51:05.288828+00:00,"OPEN 73357 3.0 Distance Education Class: Click CRN for requirements. Moorpark Online (Canvas) 35 0 34 Kevanian, George 09/02-12/10 14"
d84d1150-880d-4581-8563-eb54e2d34f85,2147,https://schedule.vcccd.edu/,2026-04-13T19:51:05.288828+00:00,"OPEN 71737 3.0 Distance Education Class: Click CRN for requirements. Moorpark Online (Canvas) 30 0 30 Basile, Chad 08/10-10/02 8"
b7d6705d-d3e7-4b9c-8659-24fc3fff873c,2148,https://schedule.vcccd.edu/,2026-04-13T19:51:05.288828+00:00,"OPEN 71003 3.0 Distance Education Class: Click CRN for requirements. Moorpark Online (Canvas) 20 0 20 Basile, Chad 08/10-10/02 8"
4c613b8e-28c5-445c-ae2a-0aa10fe3ec62,2149,https://schedule.vcccd.edu/,2026-04-13T19:51:05.288828+00:00,"OPEN 73592 3.0 Distance Education Class: Click CRN for requirements. Moorpark Online (Canvas) 20 0 20 Kevanian, George 08/24-12/10 15"
017eb7ad-49c0-46d7-a232-41a5ffadf4ea,2150,https://schedule.vcccd.edu/,2026-04-13T19:51:05.288828+00:00,"OPEN 70383 3.0 Distance Education Class: Click CRN for requirements. Moorpark Online (Canvas) 30 0 30 Basile, Chad 08/10-10/02 8"
c2462173-d74d-48c4-b9c6-76070623500e,2151,https://schedule.vcccd.edu/,2026-04-13T19:51:05.288828+00:00,"OPEN 70083 3.0 Distance Education Class: Click CRN for requirements. Moorpark Online (Canvas) 20 0 20 Basile, Chad 08/10-10/02 8"
0914383e-14db-4b6a-b366-71774d15498b,2152,https://schedule.vcccd.edu/,2026-04-13T19:51:05.288828+00:00,"OPEN 70380 3.0 M W 08:30am - 09:45am Humanities/Social Sciences 204 37 0 37 Camarillo, Bob 08/10-12/10 18"
31ae5550-95d1-4f20-a438-698c45e09e85,2153,https://schedule.vcccd.edu/,2026-04-13T19:51:05.288828+00:00,M W 08:30am - 09:45am
1e4a3c2a-1e43-4db7-b615-f788a191ab50,2154,https://schedule.vcccd.edu/,2026-04-13T19:51:05.288828+00:00,"OPEN 71745 3.0 Distance Education Class: Click CRN for requirements. Moorpark Online (Canvas) 30 1 29 Kevanian, George 10/12-12/03 8"
720fbbb8-fef0-4a50-af64-09625781ecdd,2155,https://schedule.vcccd.edu/,2026-04-13T19:51:05.288828+00:00,"OPEN 73290 3.0 Distance Education Class: Click CRN for requirements. Moorpark Online (Canvas) 20 0 20 Kevanian, George 10/12-12/03 8"
28f33448-57ac-4553-b8fb-59297f8ba427,2156,https://schedule.vcccd.edu/,2026-04-13T19:51:05.288828+00:00,"OPEN 71757 3.0 Distance Education Class: Click CRN for requirements. Moorpark Online (Canvas) 30 1 29 Basile, Chad 10/12-12/03 8"
9e091886-7d63-4760-9673-f557a4a12d22,2157,https://schedule.vcccd.edu/,2026-04-13T19:51:05.288828+00:00,"OPEN 70105 3.0 Distance Education Class: Click CRN for requirements. Moorpark Online (Canvas) 20 0 20 Basile, Chad 10/12-12/03 8"
5e19e8c9-ba5c-4d29-8cea-561542c34986,2158,https://schedule.vcccd.edu/,2026-04-13T19:51:05.288828+00:00,"OPEN 73291 3.0 W 10:00am - 11:15am Academic Center 207 37 1 36 Kevanian, George 08/31-12/03 14"
74d00fca-e7a7-440d-a2dd-e4252c7848c0,2159,https://schedule.vcccd.edu/,2026-04-13T19:51:05.288828+00:00,W 10:00am - 11:15am
03f29073-91f1-4044-b29e-1301499861e8,2160,https://schedule.vcccd.edu/,2026-04-13T19:51:05.288828+00:00,& Distance Education Class: Click CRN for requirements. Moorpark Online (Canvas) 08/31-12/03
110eab66-9666-4735-af85-ef4ef6e8a407,2161,https://schedule.vcccd.edu/,2026-04-13T19:51:05.288828+00:00,"OPEN 71797 3.0 Distance Education Class: Click CRN for requirements. Moorpark Online (Canvas) 30 0 30 Kevanian, George 10/12-12/03 8"
c1d986fd-91d6-4628-a89b-7ac31eddedc8,2162,https://schedule.vcccd.edu/,2026-04-13T19:51:05.288828+00:00,"OPEN 72316 3.0 Distance Education Class: Click CRN for requirements. Moorpark Online (Canvas) 20 0 20 Kevanian, George 10/12-12/03 8"
58072969-cd47-4d1e-9d6b-7eae7a74ba48,2163,https://schedule.vcccd.edu/,2026-04-13T19:51:05.288828+00:00,"OPEN 73292 3.0 Distance Education Class: Click CRN for requirements. Moorpark Online (Canvas) 50 0 50 Gasior, Robert 08/31-12/03 14"
5ec747ef-5af8-496f-9131-9726ecc155a9,2164,https://schedule.vcccd.edu/,2026-04-13T19:51:05.288828+00:00,"OPEN 70885 3.0 W 11:30am - 12:45pm Humanities/Social Sciences 204 37 0 37 Basile, Chad 08/31-12/03 14"
3becf6df-c126-4499-94c3-fb5d3da633ec,2165,https://schedule.vcccd.edu/,2026-04-13T19:51:05.288828+00:00,W 11:30am - 12:45pm
80d22839-104d-4341-80ee-ac40aaba61bf,2166,https://schedule.vcccd.edu/,2026-04-13T19:51:05.288828+00:00,& Distance Education Class: Click CRN for requirements. Moorpark Online (Canvas) 08/31-12/03
901797af-3441-424a-b46d-78c5931106fb,2167,https://schedule.vcccd.edu/,2026-04-13T19:51:05.288828+00:00,"OPEN 70838 2.0 T R 10:00am - 12:15pm Humanities/Social Sciences 202 28 0 28 Basile, Chad 09/01-12/03 14"
5c9e5dda-031d-421f-aa89-ff527386d4df,2168,https://schedule.vcccd.edu/,2026-04-13T19:51:05.288828+00:00,T R 10:00am - 12:15pm
54f5d5d9-5bc2-44ed-b7d4-6cafe0c5cc4b,2169,https://schedule.vcccd.edu/,2026-04-13T19:51:05.288828+00:00,"OPEN 70901 3.0 Distance Education Class: Click CRN for requirements. Moorpark Online (Canvas) 50 0 50 Mulville, Leeann 08/31-12/03 14"
07df44b1-18b9-4393-bd7c-4980eb79b19e,2170,https://schedule.vcccd.edu/,2026-04-13T19:51:05.288828+00:00,"OPEN 70953 3.0 Distance Education Class: Click CRN for requirements. Moorpark Online (Canvas) 50 0 50 Mulville, Leeann 08/31-12/03 14"
e377ba81-10d6-4a36-9770-d71f129e2cad,2171,https://schedule.vcccd.edu/,2026-04-13T19:51:05.288828+00:00,"OPEN 73616 3.0 Distance Education Class: Click CRN for requirements. Moorpark Online (Canvas) 50 1 49 Kevanian, George 08/10-10/02 8"
a35f63fe-32b2-4a3c-8b64-12a688b9d650,2172,https://schedule.vcccd.edu/,2026-04-13T19:51:05.288828+00:00,OPEN 73617 3.0 Distance Education Class: Click CRN for requirements. Moorpark Online (Canvas) 50 0 50 Staff 10/12-12/03 8
a1240656-f192-4ba2-8fb6-dbdf34093375,2173,https://schedule.vcccd.edu/,2026-04-13T19:51:05.288828+00:00,"OPEN 71052 3.0 Distance Education Class: Click CRN for requirements. Moorpark Online (Canvas) 50 1 49 Basile, Chad 10/12-12/03 8"
143b0971-9ce7-48dd-bb00-8264a3a8ef85,2174,https://schedule.vcccd.edu/,2026-04-13T19:51:05.288828+00:00,"OPEN 71761 3.0 Distance Education Class: Click CRN for requirements. Ventura Online (Canvas) 46 0 46 Prell, Ted 08/10-12/10 18"
6fe9ae59-dc9e-4a3d-a352-21be90cd6b66,2175,https://schedule.vcccd.edu/,2026-04-13T19:51:05.288828+00:00,"OPEN 71766 3.0 Distance Education Class: Click CRN for requirements. Ventura Online (Canvas) 46 1 45 Salinas, Lazaro 08/10-12/10 18"
3323da0f-614d-4bbc-9cbf-fd90e62cec1a,2176,https://schedule.vcccd.edu/,2026-04-13T19:51:05.288828+00:00,"OPEN 70127 3.0 T R 10:00am - 11:15am Ventura Creative Resources Ctr 101 33 1 32 Lazarus, Michael 08/10-12/10 18"
d6a854fb-914a-4278-ab3a-33852a6c3724,2177,https://schedule.vcccd.edu/,2026-04-13T19:51:05.288828+00:00,T R 10:00am - 11:15am
f0a1d6e0-7966-4718-baf1-4a78a058c690,2178,https://schedule.vcccd.edu/,2026-04-13T19:51:05.288828+00:00,"OPEN 73321 3.0 Distance Education Class: Click CRN for requirements. Ventura Online (Canvas) 19 0 19 Goff, Richard 11/02-12/04 5"
3df40e13-4990-4bc7-961e-c75a6d7ad801,2179,https://schedule.vcccd.edu/,2026-04-13T19:51:05.288828+00:00,"OPEN 72713 Pre/Coreq 3.0 Distance Education Class: Click CRN for requirements. Ventura Online (Canvas) 39 0 39 Prell, Ted 09/28-10/30 5"
63e5ba39-9dc2-4ba4-bf44-183c504f9782,2180,https://schedule.vcccd.edu/,2026-04-13T19:51:05.288828+00:00,"OPEN 70957 Pre/Coreq 3.0 M W 10:00am - 11:15am Ventura Creative Resources Ctr 102 33 1 32 Salinas, Lazaro 09/08-11/25 12"
0dabf76e-3b16-4b63-8277-23c1309f382e,2181,https://schedule.vcccd.edu/,2026-04-13T19:51:05.288828+00:00,M W 10:00am - 11:15am
ba8571bd-0ef3-41ef-8ff8-656814a0b2ae,2182,https://schedule.vcccd.edu/,2026-04-13T19:51:05.288828+00:00,& Distance Education Class: Click CRN for requirements. Ventura Online (Canvas) 09/08-11/25
e48a1ba8-c7bb-4d6f-9525-e5c9f31b2ef1,2183,https://schedule.vcccd.edu/,2026-04-13T19:51:05.288828+00:00,"OPEN 72726 3.0 Distance Education Class: Click CRN for requirements. Ventura Online (Canvas) 46 2 44 Camarillo, Bob 09/08-11/25 12"
b00d98ed-e268-4b50-92bb-30be80f13a7e,2184,https://schedule.vcccd.edu/,2026-04-13T19:51:05.288828+00:00,"OPEN 71603 3.0 Distance Education Class: Click CRN for requirements. Ventura Online (Canvas) 39 0 39 Salinas, Lazaro 11/02-12/04 5"
89278c1a-86d8-4583-96e2-279983c31e8a,2185,https://schedule.vcccd.edu/,2026-04-13T19:51:05.288828+00:00,"OPEN 70434 3.0 Distance Education Class: Click CRN for requirements. Ventura Online (Canvas) 46 2 44 Lazarus, Michael 08/10-12/10 18"
c91bbf96-b066-4d17-8c84-b70681bda1a2,2186,https://schedule.vcccd.edu/,2026-04-13T19:51:05.288828+00:00,"OPEN 71778 3.0 Distance Education Class: Click CRN for requirements. Ventura Online (Canvas) 46 0 46 Goff, Richard 08/10-12/10 18"
26aaf23d-fd63-40e5-a6e8-08d0d9330890,2187,https://schedule.vcccd.edu/,2026-04-13T19:51:05.288828+00:00,"OPEN 72759 3.0 Distance Education Class: Click CRN for requirements. Ventura Online (Canvas) 46 0 46 Morris, Brent 09/08-11/25 12"
352d2786-b4a8-4605-bfc5-19c7ad2d8cac,2188,https://schedule.vcccd.edu/,2026-04-13T19:51:05.288828+00:00,"OPEN 70170 3.0 Distance Education Class: Click CRN for requirements. Ventura Online (Canvas) 46 1 45 Lazarus, Michael 09/08-11/25 12"
1ddcb901-5ef4-4f8f-a674-0eec40fde682,2189,https://schedule.vcccd.edu/,2026-04-13T19:51:05.288828+00:00,"OPEN 71788 3.0 T R 01:00pm - 02:15pm Ventura Creative Resources Ctr 101 33 0 33 Lazarus, Michael 08/10-12/10 18"
8c105b2b-9dbc-4752-8719-743f9a1a31f8,2190,https://schedule.vcccd.edu/,2026-04-13T19:51:05.288828+00:00,T R 01:00pm - 02:15pm
de2bd1ac-50df-4c98-a9a5-d6d81fa46322,2191,https://schedule.vcccd.edu/,2026-04-13T19:51:05.288828+00:00,"OPEN 71447 3.0 Distance Education Class: Click CRN for requirements. Ventura Online (Canvas) 43 0 43 Salinas, Lazaro 11/02-12/04 5"
8ee9b493-26df-4112-bf32-f3010deca8e8,2192,https://schedule.vcccd.edu/,2026-04-13T19:51:05.288828+00:00,"OPEN 70374 3.0 Distance Education Class: Click CRN for requirements. Ventura Online (Canvas) 46 1 45 Welch, Brad 08/10-12/10 18"
8a40964b-1c09-4d64-93c9-ea2de1aec4a3,2193,https://schedule.vcccd.edu/,2026-04-13T19:51:05.288828+00:00,"OPEN 70141 3.0 Distance Education Class: Click CRN for requirements. Ventura Online (Canvas) 46 1 45 Salinas, Lazaro 08/10-12/10 18"
0d97a92b-59df-4869-9cb8-6d2490c1193f,2194,https://schedule.vcccd.edu/,2026-04-13T19:51:05.288828+00:00,"OPEN 71059 3.0 Distance Education Class: Click CRN for requirements. Ventura Online (Canvas) 46 0 46 Morris, Brent 09/08-11/25 12"
1514e89e-3160-4694-8f3a-e23fe8d1ba45,2195,https://schedule.vcccd.edu/,2026-04-13T19:51:05.288828+00:00,"OPEN 71567 1.0 R 11:30am - 02:15pm Ventura MultidisciplinaryCtrE 225 24 1 23 Lange, Cari 08/17-12/03 16"
062e4e97-8eef-466f-bd6e-406ecd1cdbb7,2196,https://schedule.vcccd.edu/,2026-04-13T19:51:05.288828+00:00,R 11:30am - 02:15pm
8376c7c3-3f53-4afa-8122-0d711c5ed9f1,2197,https://schedule.vcccd.edu/,2026-04-13T19:51:05.288828+00:00,& Distance Education Class: Click CRN for requirements. Ventura Online (Canvas) 08/17-12/03
fe008457-6b8d-4ac1-974d-14c1e41d755c,2198,https://schedule.vcccd.edu/,2026-04-13T19:51:05.288828+00:00,OPEN 71102 Pre/Coreq 3.0 T 11:30am - 02:15pm Ventura MultidisciplinaryCtrE 223 24 1 23 Staff 08/17-12/04 16
dd20d474-48f3-4f10-a86b-e78216d82080,2199,https://schedule.vcccd.edu/,2026-04-13T19:51:05.288828+00:00,T 11:30am - 02:15pm
7483493a-feeb-4ec5-b9a7-f4ed2b2081f2,2200,https://schedule.vcccd.edu/,2026-04-13T19:51:05.288828+00:00,& Distance Education Class: Click CRN for requirements. Ventura Online (Canvas) 08/17-12/04
5222e5ff-36af-4f02-b2f5-d4880f1ccd9f,2201,https://schedule.vcccd.edu/,2026-04-13T19:51:05.288828+00:00,& Requires co-enrollment in CJ V35L
18670ec4-7a2a-4296-afeb-04044c4f7fb2,2202,https://schedule.vcccd.edu/,2026-04-13T19:51:05.288828+00:00,"OPEN 73620 1.0 M 06:00pm - 07:20pm Ventura MultidisciplinaryCtrE 343 32 0 32 Arroyo, Marylinda 10/05-10/05 8"
0ec940dd-8136-4a13-b50f-e4fac6ceaa94,2203,https://schedule.vcccd.edu/,2026-04-13T19:51:05.288828+00:00,M 06:00pm - 07:20pm
f4fce854-654a-4df5-bbb8-84df11084514,2204,https://schedule.vcccd.edu/,2026-04-13T19:51:05.288828+00:00,& Distance Education Class: Click CRN for requirements. Ventura Online (Canvas) 10/05-11/25
55112a27-c54d-4a64-a8dc-791b348201ef,2205,https://schedule.vcccd.edu/,2026-04-13T19:51:05.288828+00:00,& M 06:00pm - 07:20pm Ventura MultidisciplinaryCtrE 343 11/02-11/02
54fb135c-9263-4333-bc0b-a3afb7e35cff,2206,https://schedule.vcccd.edu/,2026-04-13T19:51:05.288828+00:00,M 06:00pm - 07:20pm
a629155f-3e0f-4ac1-ac3f-51682652d21a,2207,https://schedule.vcccd.edu/,2026-04-13T19:51:05.288828+00:00,"OPEN 73800 1.0 Distance Education Class: Click CRN for requirements. TBA 1 0 1 Arroyo, Marylinda 10/05-11/25 8"
66306880-c7f5-49ca-812f-47f42ba03cb7,2208,https://schedule.vcccd.edu/,2026-04-13T19:51:05.288828+00:00,"OPEN 71740 4.0 W 04:00pm - 06:50pm Ventura MultidisciplinaryCtrE 225 26 0 26 Hernandez, Dennise 09/08-11/25 12"
7342fe59-297b-41a8-9d3c-f5f07d39f79f,2209,https://schedule.vcccd.edu/,2026-04-13T19:51:05.288828+00:00,W 04:00pm - 06:50pm
6e9e82e3-cb46-41e3-90a4-20fd583e673d,2210,https://schedule.vcccd.edu/,2026-04-13T19:51:05.288828+00:00,& Distance Education Class: Click CRN for requirements. Ventura Online (Canvas) 09/08-11/25
f0f0b9fc-5c27-4522-ace7-5e375ed49081,2211,https://schedule.vcccd.edu/,2026-04-13T19:51:05.288828+00:00,"OPEN 73778 Pre/Coreq 1. 3.75 HRS/WK TO BE ARRANGED TBA 5 0 5 Lazarus, Michael 09/08-12/10 14"
dd537379-0476-4c0c-bdd6-4347719a51d4,2212,https://schedule.vcccd.edu/,2026-04-13T19:51:05.288828+00:00,"OPEN 71494 3.0 T 07:30pm - 09:20pm Oxnard Zoom Live Meeting 60 0 60 Lynch, Alex 08/10-12/10 18"
87c035dc-a750-4576-b5e1-d80c0482e8cb,2213,https://schedule.vcccd.edu/,2026-04-13T19:51:05.288828+00:00,T 07:30pm - 09:20pm
c3b328a9-cb83-4502-8d32-72506176281f,2214,https://schedule.vcccd.edu/,2026-04-13T19:51:05.288828+00:00,& Distance Education Class: Click CRN for requirements. Oxnard Online (Canvas) 08/10-12/10
944134d6-70eb-4588-87fc-597a5e094e96,2215,https://schedule.vcccd.edu/,2026-04-13T19:51:05.288828+00:00,"OPEN 71741 4.0 T 05:30pm - 07:20pm Oxnard Zoom Live Meeting 50 1 49 Lynch, Alex 08/10-12/10 18"
600dcbf4-91fa-4237-8e28-833d5b9558ea,2216,https://schedule.vcccd.edu/,2026-04-13T19:51:05.288828+00:00,T 05:30pm - 07:20pm
6c57e246-4459-46ff-a2ba-d74d3dd4a7f0,2217,https://schedule.vcccd.edu/,2026-04-13T19:51:05.288828+00:00,& Distance Education Class: Click CRN for requirements. Oxnard Online (Canvas) 08/10-12/10
5ba3671e-5955-4e6c-8554-22cf1abcc4dc,2218,https://schedule.vcccd.edu/,2026-04-13T19:51:05.288828+00:00,"OPEN 71122 Pre/Coreq 4.0 M 05:30pm - 07:20pm Oxnard Zoom Live Meeting 35 0 35 Lynch, Alex 08/10-12/10 18"
4d7a4ed1-591a-4e91-97ac-595438823495,2219,https://schedule.vcccd.edu/,2026-04-13T19:51:05.288828+00:00,M 05:30pm - 07:20pm
9b12919c-549e-4e0f-b0a1-cc39a3d3fc52,2220,https://schedule.vcccd.edu/,2026-04-13T19:51:05.288828+00:00,& Distance Education Class: Click CRN for requirements. Oxnard Online (Canvas) 08/10-12/10
06b5e1c7-888e-4a44-959a-eec2a08d8956,2221,https://schedule.vcccd.edu/,2026-04-13T19:51:05.288828+00:00,"OPEN 71479 3.0 Distance Education Class: Click CRN for requirements. Oxnard Online (Canvas) 45 0 45 Lynch, Alex 08/10-12/10 18"
ef084ea9-9e0a-4a0a-9320-a0cceb7369c2,2222,https://schedule.vcccd.edu/,2026-04-13T19:51:05.288828+00:00,"OPEN 71747 4.0 R 07:00pm - 08:50pm Oxnard Occupational Education 4 35 0 35 Corlew, Mark 08/10-12/10 18"
35bd79b5-63e4-4c22-87df-8d245cb28c16,2223,https://schedule.vcccd.edu/,2026-04-13T19:51:05.288828+00:00,R 07:00pm - 08:50pm
63bd7767-cd68-468b-b6e5-2ef8f8c53e01,2224,https://schedule.vcccd.edu/,2026-04-13T19:51:05.288828+00:00,& Distance Education Class: Click CRN for requirements. Oxnard Online (Canvas) 08/10-12/10
2ab2bdd8-98b8-4200-893e-ac999981ddca,2225,https://schedule.vcccd.edu/,2026-04-13T19:51:05.288828+00:00,"OPEN 70549 3.0 S 10:00am - 11:50am Oxnard Zoom Live Meeting 35 0 35 Corlew, Mark 08/15-12/05 16"
dded5fd7-48a9-4bff-ba16-03b3df6876ee,2226,https://schedule.vcccd.edu/,2026-04-13T19:51:05.288828+00:00,S 10:00am - 11:50am
61c81396-4abe-4e0a-9245-42ab30f0f791,2227,https://schedule.vcccd.edu/,2026-04-13T19:51:05.288828+00:00,& Distance Education Class: Click CRN for requirements. Oxnard Online (Canvas) 08/15-12/05
d5ca78ed-9720-490b-a05b-3c2833c2ec30,2228,https://schedule.vcccd.edu/,2026-04-13T19:51:05.288828+00:00,"OPEN 71823 Pre/Coreq 3.0 W 05:30pm - 07:20pm Oxnard Zoom Live Meeting 40 0 40 May, Kenneth 08/10-12/10 18"
e99e805d-fc71-4903-8a95-7c075805d8c1,2229,https://schedule.vcccd.edu/,2026-04-13T19:51:05.288828+00:00,W 05:30pm - 07:20pm
77dc39f6-fc56-4ba5-858e-45aa40ce6045,2230,https://schedule.vcccd.edu/,2026-04-13T19:51:05.288828+00:00,& Distance Education Class: Click CRN for requirements. Oxnard Online (Canvas) 08/10-12/10
956911b8-8847-4072-8ae5-cc16beb8c445,2231,https://schedule.vcccd.edu/,2026-04-13T19:51:05.288828+00:00,"OPEN 71698 Pre/Coreq 3.0 W 07:30pm - 09:20pm Oxnard Zoom Live Meeting 40 0 40 May, Kenneth 08/10-12/10 18"
7d0948c3-8bdb-4964-bc37-d8ff4c843b9b,2232,https://schedule.vcccd.edu/,2026-04-13T19:51:05.288828+00:00,W 07:30pm - 09:20pm
2ca8b4b8-1ffe-444b-94b8-fc4b30da232a,2233,https://schedule.vcccd.edu/,2026-04-13T19:51:05.288828+00:00,& Distance Education Class: Click CRN for requirements. Oxnard Online (Canvas) 08/10-12/10
dd6d53b1-2cd4-4a97-baa3-f3004b6653ae,2234,https://schedule.vcccd.edu/,2026-04-13T19:51:05.288828+00:00,"OPEN 71533 4.0 M 07:30pm - 09:20pm Oxnard Zoom Live Meeting 45 0 45 Snyder, Wayne 08/17-12/04 15"
bc49c9ca-d2d5-4d83-b1eb-179f89431f1e,2235,https://schedule.vcccd.edu/,2026-04-13T19:51:05.288828+00:00,M 07:30pm - 09:20pm
127a96b7-3009-4f28-910c-63bce1ce0967,2236,https://schedule.vcccd.edu/,2026-04-13T19:51:05.288828+00:00,& Distance Education Class: Click CRN for requirements. Oxnard Online (Canvas) 08/17-12/04
a8031d60-b5fc-422d-8bae-42473622b718,2237,https://schedule.vcccd.edu/,2026-04-13T19:51:05.288828+00:00,"OPEN 70812 3.0 S 01:00pm - 02:50pm Oxnard Zoom Live Meeting 35 1 34 Cardenas, Jose Angel 08/15-12/05 16"
55d288a0-7857-4dc4-9ab3-92e9d8025dc6,2238,https://schedule.vcccd.edu/,2026-04-13T19:51:05.288828+00:00,S 01:00pm - 02:50pm
4b5970fb-27ea-46a8-9d69-3e7bd50bd7be,2239,https://schedule.vcccd.edu/,2026-04-13T19:51:05.288828+00:00,& Distance Education Class: Click CRN for requirements. Oxnard Online (Canvas) 08/15-12/05
a90b6b2d-2447-4c6d-bacc-f1fd18f2ddcc,2240,https://schedule.vcccd.edu/,2026-04-13T19:51:05.288828+00:00,"OPEN 73176 3.0 R 05:30pm - 07:20pm Oxnard Zoom Live Meeting 30 0 30 May, Kenneth 08/20-12/10 17"
a67d8577-91c4-4eee-a5eb-801d56bb532e,2241,https://schedule.vcccd.edu/,2026-04-13T19:51:05.288828+00:00,R 05:30pm - 07:20pm
6f36db2d-bd06-479c-9787-7df5dc6db2a4,2242,https://schedule.vcccd.edu/,2026-04-13T19:51:05.288828+00:00,& Distance Education Class: Click CRN for requirements. Oxnard Online (Canvas) 08/20-12/10
4cdced22-ccfa-4d1e-b1ab-bd650efc50c5,2243,https://schedule.vcccd.edu/,2026-04-13T19:51:05.288828+00:00,"OPEN 71878 1.0 Distance Education Class: Click CRN for requirements. Oxnard Online (Canvas) 30 0 30 Lynch, Alex 08/24-12/10 16"
41fd815b-d31b-4be5-8983-ec75e874eb74,2244,https://schedule.vcccd.edu/,2026-04-13T19:51:05.288828+00:00,"OPEN 73288 1. 3.09 HRS/WK TO BE ARRANGED Oxnard To Be Announced 10 0 10 Lynch, Alex 08/10-12/10 18"
60e22b13-a3fb-4f46-aefe-72cd6cd070c5,2245,https://schedule.vcccd.edu/,2026-04-13T19:51:05.288828+00:00,"OPEN 73289 2. 6.17 HRS/WK TO BE ARRANGED Oxnard To Be Announced 10 0 10 Lynch, Alex 08/10-12/10 18"
9c8a400e-f6bb-49a3-9e68-b22119c3e0a9,2246,https://schedule.vcccd.edu/,2026-04-13T19:51:05.288828+00:00,"OPEN 72141 4.0 Distance Education Class: Click CRN for requirements. Moorpark Online (Canvas) 45 0 45 Garcia, Edmond 08/24-12/03 15"
c18394b7-a0b9-4c62-8785-2775f877942a,2247,https://schedule.vcccd.edu/,2026-04-13T19:51:05.288828+00:00,"OPEN 72470 4.0 Distance Education Class: Click CRN for requirements. Moorpark Online (Canvas) 40 3 37 Garcia, Edmond 08/10-12/10 18"
8d37189a-d2f5-4617-922a-f9eb897154ea,2248,https://schedule.vcccd.edu/,2026-04-13T19:51:05.288828+00:00,"OPEN 70184 4.0 Distance Education Class: Click CRN for requirements. Moorpark Online (Canvas) 32 1 31 Garcia, Edmond 08/17-12/03 16"
f4dc4ff8-84e9-41ed-8283-b416676e722b,2249,https://schedule.vcccd.edu/,2026-04-13T19:51:05.288828+00:00,"OPEN 71348 4.0 T 06:00pm - 07:15pm Moorpark Zoom Web Live Meeting 32 0 32 Rickard, Kevin 08/10-12/10 18"
4c58ab90-6bc8-4fd4-ba65-da309b8c0e91,2250,https://schedule.vcccd.edu/,2026-04-13T19:51:05.288828+00:00,T 06:00pm - 07:15pm
7fe553ed-1dee-4b61-a884-a24610eced1f,2251,https://schedule.vcccd.edu/,2026-04-13T19:51:05.288828+00:00,& Distance Education Class: Click CRN for requirements. Moorpark Online (Canvas) 08/10-12/10
2217c455-1928-4432-b6e1-8c331bbb629f,2252,https://schedule.vcccd.edu/,2026-04-13T19:51:05.288828+00:00,"OPEN 73461 4.0 Distance Education Class: Click CRN for requirements. Moorpark Online (Canvas) 40 2 38 Rickard, Kevin 08/10-12/10 18"
4dd31451-592f-4407-ad91-36800c6b3da0,2253,https://schedule.vcccd.edu/,2026-04-13T19:51:05.288828+00:00,"OPEN 71581 4.0 Distance Education Class: Click CRN for requirements. Moorpark Online (Canvas) 32 0 32 Rickard, Kevin 08/27-12/03 15"
7731fa85-b818-47d4-a776-dc8622447556,2254,https://schedule.vcccd.edu/,2026-04-13T19:51:05.288828+00:00,& HRS/WK TO BE ARRANGED TBA 08/27-12/03
9c27eec1-1457-41ac-af46-8c2e9df9a27b,2255,https://schedule.vcccd.edu/,2026-04-13T19:51:05.288828+00:00,"OPEN 76840 4.0 M 06:00pm - 07:15pm Moorpark Zoom Web Live Meeting 32 4 28 Orlina, Nathan 08/24-12/03 15"
0bdc8c90-d570-4b1d-8a8b-c523476eba65,2256,https://schedule.vcccd.edu/,2026-04-13T19:51:05.288828+00:00,M 06:00pm - 07:15pm
bdeb6494-fbb6-4844-b88a-bc5010ae31b6,2257,https://schedule.vcccd.edu/,2026-04-13T19:51:05.288828+00:00,& Distance Education Class: Click CRN for requirements. Moorpark Online (Canvas) 08/24-12/03
20828adf-e259-4822-9bb1-02ff470d1911,2258,https://schedule.vcccd.edu/,2026-04-13T19:51:05.288828+00:00,"OPEN 70896 4.0 T 06:00pm - 08:50pm Technology Business 212 32 6 26 Guffee, Curtis 08/10-12/10 18"
8cca7d19-2f41-4f22-a9eb-f5b04c305a97,2259,https://schedule.vcccd.edu/,2026-04-13T19:51:05.288828+00:00,T 06:00pm - 08:50pm
766d153e-9442-47cd-97a7-bf0ee79e8c6d,2260,https://schedule.vcccd.edu/,2026-04-13T19:51:05.288828+00:00,& Distance Education Class: Click CRN for requirements. Moorpark Online (Canvas) 08/10-12/10
d219e944-de27-4a9d-90d6-22c526a4274a,2261,https://schedule.vcccd.edu/,2026-04-13T19:51:05.288828+00:00,"OPEN 72912 3.0 R 06:00pm - 07:50pm Technology Business 211 32 4 28 Guggenheimer, Paul 08/20-12/03 16"
5951a0dc-82e3-42a3-b886-7d3b37a26e9a,2262,https://schedule.vcccd.edu/,2026-04-13T19:51:05.288828+00:00,R 06:00pm - 07:50pm
d40d2611-1c46-4a52-924d-783994f21a8c,2263,https://schedule.vcccd.edu/,2026-04-13T19:51:05.288828+00:00,& Distance Education Class: Click CRN for requirements. Moorpark Online (Canvas) 08/20-12/03
90b8d06d-286c-4ae9-b6b7-7bb8c3096fd4,2264,https://schedule.vcccd.edu/,2026-04-13T19:51:05.288828+00:00,"OPEN 72464 3.0 Distance Education Class: Click CRN for requirements. Moorpark Online (Canvas) 40 1 39 Rickard, Kevin 08/19-12/03 16"
d25efc7c-6ff9-44dc-8627-8afc887af38b,2265,https://schedule.vcccd.edu/,2026-04-13T19:51:05.288828+00:00,"OPEN 71341 3.0 Distance Education Class: Click CRN for requirements. Moorpark Online (Canvas) 32 0 32 Snyder, Wayne 08/19-12/03 16"
0176faeb-f244-4b02-928b-a4671e23a404,2266,https://schedule.vcccd.edu/,2026-04-13T19:51:05.288828+00:00,"OPEN 71327 3.0 Distance Education Class: Click CRN for requirements. Moorpark Online (Canvas) 40 10 30 Garcia, Edmond 08/10-12/10 18"
c6daff9d-f817-4771-abf5-d12b3011a55e,2267,https://schedule.vcccd.edu/,2026-04-13T19:51:05.288828+00:00,"OPEN 72838 3.0 Distance Education Class: Click CRN for requirements. Moorpark Online (Canvas) 45 0 45 Rickard, Kevin 08/19-12/03 16"
207ff6d6-84a8-484d-9eb3-42ad53077e98,2268,https://schedule.vcccd.edu/,2026-04-13T19:51:05.288828+00:00,"OPEN 70795 3.0 Distance Education Class: Click CRN for requirements. Moorpark Online (Canvas) 32 3 29 Wylie, Michael 08/19-12/03 16"
e9336314-5690-4035-99f7-aba696417cee,2269,https://schedule.vcccd.edu/,2026-04-13T19:51:05.288828+00:00,"OPEN 71336 3.0 Distance Education Class: Click CRN for requirements. Moorpark Online (Canvas) 35 3 32 Garcia, Edmond 08/26-12/03 15"
ab9abf29-cf25-4982-bf4e-049c84c322af,2270,https://schedule.vcccd.edu/,2026-04-13T19:51:05.288828+00:00,"OPEN 72420 3.0 W 09:00am - 09:50am Humanities/Social Sciences 239 33 0 33 Gillis, Beth 08/10-12/10 18"
a2ebe398-668d-4465-8647-b2ff95e7c3aa,2271,https://schedule.vcccd.edu/,2026-04-13T19:51:05.288828+00:00,W 09:00am - 09:50am
031f607b-1b7f-4677-ab71-b71016a9078b,2272,https://schedule.vcccd.edu/,2026-04-13T19:51:05.288828+00:00,& M T W R F TBA Moorpark Online (Canvas) 08/10-12/10
dc06deb5-c385-4ba5-9089-1bd34cb2b3ef,2273,https://schedule.vcccd.edu/,2026-04-13T19:51:05.288828+00:00,M T W R F TBA
96bd0581-5798-463b-917b-e380fab6a4a6,2274,https://schedule.vcccd.edu/,2026-04-13T19:51:05.288828+00:00,"OPEN 71373 0.0 Distance Education Class: Click CRN for requirements. Moorpark Online (Canvas) 1000 0 1000 Tennenhouse, Tracy 08/10-12/10 18"
1e8d074f-9363-43de-ab2e-0b548c935ac2,2275,https://schedule.vcccd.edu/,2026-04-13T19:51:05.288828+00:00,"OPEN 72232 0.0 Distance Education Class: Click CRN for requirements. Moorpark Online (Canvas) 30 0 30 Tennenhouse, Tracy 08/10-12/10 18"
a0789eee-bb2f-4880-8b12-d99f9a091e4b,2276,https://schedule.vcccd.edu/,2026-04-13T19:51:05.288828+00:00,"OPEN 72681 3.0 T R 11:30am - 12:45pm Life Science/Math/Comp Studies 124 32 0 32 Stewart, Neal 08/10-12/10 18"
592709e6-3ee2-4e58-84a4-608be7fff21a,2277,https://schedule.vcccd.edu/,2026-04-13T19:51:05.288828+00:00,T R 11:30am - 12:45pm
a23d92ed-c478-425c-9c64-4d7a6cae145f,2278,https://schedule.vcccd.edu/,2026-04-13T19:51:05.288828+00:00,"OPEN 71561 3.0 M W 10:00am - 11:15am Performing Arts 119 32 1 31 Stewart, Neal 08/10-12/10 18"
b34ed6cc-25ef-4d43-b3c7-3fbc55e8933a,2279,https://schedule.vcccd.edu/,2026-04-13T19:51:05.288828+00:00,M W 10:00am - 11:15am
722b991c-452c-4003-8b39-56d871a84a35,2280,https://schedule.vcccd.edu/,2026-04-13T19:51:05.288828+00:00,OPEN 70009 3.0 M W 08:30am - 09:45am Life Science/Math/Comp Studies 124 32 0 32 Staff 08/10-12/10 18
288d3208-ad3a-4774-abd2-34c7c9dc05de,2281,https://schedule.vcccd.edu/,2026-04-13T19:51:05.288828+00:00,M W 08:30am - 09:45am
efae5042-944a-43f1-b0c7-4aa01f9970d0,2282,https://schedule.vcccd.edu/,2026-04-13T19:51:05.288828+00:00,"OPEN 70038 3.0 M W 11:30am - 12:45pm Life Science/Math/Comp Studies 124 32 0 32 Benassi III, August 08/10-12/10 18"
8d0a08af-6aff-4e0f-b253-9e3edf238f8f,2283,https://schedule.vcccd.edu/,2026-04-13T19:51:05.288828+00:00,M W 11:30am - 12:45pm
7e0a1c22-2dba-4e50-9953-755a25b270cb,2284,https://schedule.vcccd.edu/,2026-04-13T19:51:05.288828+00:00,"OPEN 70088 3.0 T R 08:30am - 09:45am Technology Business 119 32 0 32 Whittington-Studer, Jamie 08/10-12/10 18"
6906d30a-00a8-4c2b-b290-a52c7e52c281,2285,https://schedule.vcccd.edu/,2026-04-13T19:51:05.288828+00:00,T R 08:30am - 09:45am
94007de6-7e46-4f4d-be85-5dc3de4a5c3c,2286,https://schedule.vcccd.edu/,2026-04-13T19:51:05.288828+00:00,"OPEN 70157 3.0 T R 08:30am - 09:45am Life Science/Math/Comp Studies 124 32 0 32 Stewart, Neal 08/10-12/10 18"
6b665b5e-cbfc-4703-ad60-c9b56f610a3a,2287,https://schedule.vcccd.edu/,2026-04-13T19:51:05.288828+00:00,T R 08:30am - 09:45am
89c5dc5b-e78f-4008-aef0-2b15a66e4f7d,2288,https://schedule.vcccd.edu/,2026-04-13T19:51:05.288828+00:00,OPEN 70333 3.0 T R 10:00am - 11:15am Performing Arts 32 0 32 Staff 08/10-12/10 18
337229a3-86c5-41a0-b94f-d3a8410e9310,2289,https://schedule.vcccd.edu/,2026-04-13T19:51:05.288828+00:00,T R 10:00am - 11:15am
6968e66a-dafe-4295-b86d-3f70548b15df,2290,https://schedule.vcccd.edu/,2026-04-13T19:51:05.288828+00:00,"OPEN 70363 3.0 T R 11:30am - 12:45pm Life Science/Math/Comp Studies 122 32 0 32 McCall, Jill 08/10-12/10 18"
afa0b016-6076-4401-a8f0-41d06860c979,2291,https://schedule.vcccd.edu/,2026-04-13T19:51:05.288828+00:00,T R 11:30am - 12:45pm
dc22f28b-54ff-4752-bf3d-42669ff9931e,2292,https://schedule.vcccd.edu/,2026-04-13T19:51:05.288828+00:00,"OPEN 70367 3.0 T R 11:30am - 12:45pm Technology Business 119 32 0 32 Benassi III, August 08/10-12/10 18"
06b30b69-4e52-4289-abdb-8c3489782b4c,2293,https://schedule.vcccd.edu/,2026-04-13T19:51:05.288828+00:00,T R 11:30am - 12:45pm
3900d796-e77d-4cf9-bb59-5aa8c2224d40,2294,https://schedule.vcccd.edu/,2026-04-13T19:51:05.288828+00:00,"OPEN 70400 3.0 T R 01:00pm - 02:15pm Technology Business 119 32 0 32 Benassi III, August 08/10-12/10 18"
caca254a-6096-444f-84b9-32cb309b6a82,2295,https://schedule.vcccd.edu/,2026-04-13T19:51:05.288828+00:00,T R 01:00pm - 02:15pm
a40d9115-92cc-4e71-afc1-a36abafe448d,2296,https://schedule.vcccd.edu/,2026-04-13T19:51:05.288828+00:00,"OPEN 70516 3.0 Distance Education Class: Click CRN for requirements. Moorpark Online (Canvas) 32 0 32 Benassi III, August 08/10-12/10 18"
6382fd77-2408-4467-9047-c2beaa300845,2297,https://schedule.vcccd.edu/,2026-04-13T19:51:05.288828+00:00,"OPEN 70603 3.0 Distance Education Class: Click CRN for requirements. Moorpark Online (Canvas) 32 0 32 Horn, Jenna 08/10-12/10 18"
6ea513f6-f850-407a-a3e9-154ba3fb4f65,2298,https://schedule.vcccd.edu/,2026-04-13T19:51:05.288828+00:00,"OPEN 70631 3.0 Distance Education Class: Click CRN for requirements. Moorpark Online (Canvas) 32 0 32 Whittington-Studer, Jamie 08/10-12/10 18"
95a28739-6408-4540-b847-3426e05047fc,2299,https://schedule.vcccd.edu/,2026-04-13T19:51:05.288828+00:00,"OPEN 70858 3.0 Distance Education Class: Click CRN for requirements. Moorpark Online (Canvas) 32 0 32 Del Bagno, Katie 08/10-12/10 18"
23166146-c5ac-488b-9237-5249de066cb3,2300,https://schedule.vcccd.edu/,2026-04-13T19:51:05.288828+00:00,"OPEN 70949 3.0 Distance Education Class: Click CRN for requirements. Moorpark Online (Canvas) 32 0 32 Suarez, Steven 08/10-12/10 18"
1fe41242-1e99-4aa4-9dc3-07f5b9a5ecdf,2301,https://schedule.vcccd.edu/,2026-04-13T19:51:05.288828+00:00,"OPEN 70978 3.0 Distance Education Class: Click CRN for requirements. Moorpark Online (Canvas) 32 0 32 Kern, Simon 08/10-12/10 18"
0d039fb6-c5f5-43fc-8a25-c14c5be9e036,2302,https://schedule.vcccd.edu/,2026-04-13T19:51:05.288828+00:00,"OPEN 70980 3.0 Distance Education Class: Click CRN for requirements. Moorpark Online (Canvas) 32 0 32 Avakian, Regina 08/10-12/10 18"
a24ec54e-0ac9-47e7-be44-b4598181a8fe,2303,https://schedule.vcccd.edu/,2026-04-13T19:51:05.288828+00:00,OPEN 71000 3.0 Distance Education Class: Click CRN for requirements. Moorpark Online (Canvas) 32 0 32 Staff 08/10-12/10 18
9424ee83-99fb-4910-93e1-cec10e6d8e57,2304,https://schedule.vcccd.edu/,2026-04-13T19:51:05.288828+00:00,OPEN 71062 3.0 Distance Education Class: Click CRN for requirements. Moorpark Online (Canvas) 32 0 32 Staff 08/10-12/10 18
5c91709a-c508-4689-b533-1fcf0c2b29c6,2305,https://schedule.vcccd.edu/,2026-04-13T19:51:05.288828+00:00,"OPEN 71073 3.0 Distance Education Class: Click CRN for requirements. Moorpark Online (Canvas) 32 0 32 McCall, Jill 08/10-12/10 18"
4b511fa3-333a-4f4a-b900-007e2c5e865d,2306,https://schedule.vcccd.edu/,2026-04-13T19:51:05.288828+00:00,"OPEN 71096 3.0 Distance Education Class: Click CRN for requirements. Moorpark Online (Canvas) 32 0 32 Benassi III, August 08/10-10/02 8"
280aae4f-fe89-4419-9894-e213879c7592,2307,https://schedule.vcccd.edu/,2026-04-13T19:51:05.288828+00:00,"OPEN 71368 3.0 Distance Education Class: Click CRN for requirements. Moorpark Online (Canvas) 32 0 32 Bowman, Allison 08/10-10/02 8"
d501fd78-be52-4dad-a8f9-c533d18b8a70,2308,https://schedule.vcccd.edu/,2026-04-13T19:51:05.288828+00:00,"OPEN 71503 3.0 Distance Education Class: Click CRN for requirements. Moorpark Online (Canvas) 32 0 32 Bates, Benjamin 08/10-10/02 8"
57ca25c8-a2b1-4649-b5b6-11aec1a46907,2309,https://schedule.vcccd.edu/,2026-04-13T19:51:05.288828+00:00,"OPEN 71709 3.0 Distance Education Class: Click CRN for requirements. Moorpark Online (Canvas) 32 0 32 Anderson, Noelle 08/10-10/02 8"
18f1ad76-5338-4af7-b2bf-d357a93409b2,2310,https://schedule.vcccd.edu/,2026-04-13T19:51:05.288828+00:00,"OPEN 71724 3.0 Distance Education Class: Click CRN for requirements. Moorpark Online (Canvas) 32 0 32 Suarez, Steven 08/10-10/02 8"
3887fddd-3890-44c2-a86d-9cddda3e078b,2311,https://schedule.vcccd.edu/,2026-04-13T19:51:05.288828+00:00,"OPEN 71727 3.0 Distance Education Class: Click CRN for requirements. Moorpark Online (Canvas) 32 0 32 Avakian, Regina 08/10-10/02 8"
12443815-69fc-4c8a-8117-7e8d882b170c,2312,https://schedule.vcccd.edu/,2026-04-13T19:51:05.288828+00:00,"OPEN 71739 3.0 Distance Education Class: Click CRN for requirements. Moorpark Online (Canvas) 32 0 32 Menjivar, Michelle 08/10-10/02 8"
611e61d8-9e31-46ff-bc77-d196e684e374,2313,https://schedule.vcccd.edu/,2026-04-13T19:51:05.288828+00:00,"OPEN 71943 3.0 Distance Education Class: Click CRN for requirements. Moorpark Online (Canvas) 32 0 32 Benassi III, August 08/10-10/02 8"
182bd50e-273b-4755-a986-4396e37991f2,2314,https://schedule.vcccd.edu/,2026-04-13T19:51:05.288828+00:00,"OPEN 71975 3.0 Distance Education Class: Click CRN for requirements. Moorpark Online (Canvas) 32 0 32 Bowman, Allison 10/12-12/03 8"
25f86c1a-8a4c-430b-92f9-f890abe85529,2315,https://schedule.vcccd.edu/,2026-04-13T19:51:05.288828+00:00,"OPEN 72184 3.0 Distance Education Class: Click CRN for requirements. Moorpark Online (Canvas) 32 0 32 Horn, Jenna 10/12-12/03 8"
af81fabe-11d6-4f31-bfda-fbd19dfd311a,2316,https://schedule.vcccd.edu/,2026-04-13T19:51:05.288828+00:00,"OPEN 72489 3.0 Distance Education Class: Click CRN for requirements. Moorpark Online (Canvas) 32 0 32 Bates, Benjamin 10/12-12/03 8"
5afc4893-d5f0-4b9b-b346-c442f568bfa9,2317,https://schedule.vcccd.edu/,2026-04-13T19:51:05.288828+00:00,"OPEN 72586 3.0 Distance Education Class: Click CRN for requirements. Moorpark Online (Canvas) 32 0 32 Knight, Laura 10/12-12/03 8"
7bf078e2-5318-447b-8e5f-bd9ff2c977cb,2318,https://schedule.vcccd.edu/,2026-04-13T19:51:05.288828+00:00,"OPEN 72872 3.0 Distance Education Class: Click CRN for requirements. Moorpark Online (Canvas) 32 0 32 Anderson, Noelle 10/12-12/03 8"
db6de44b-2a96-4fc6-a11f-4f80be73259f,2319,https://schedule.vcccd.edu/,2026-04-13T19:51:05.288828+00:00,"OPEN 72873 3.0 Distance Education Class: Click CRN for requirements. Moorpark Online (Canvas) 32 0 32 Suarez, Steven 10/12-12/03 8"
6c7bb0fb-db37-4992-8c7c-ea7fb051e0ca,2320,https://schedule.vcccd.edu/,2026-04-13T19:51:05.288828+00:00,"OPEN 72902 3.0 Distance Education Class: Click CRN for requirements. Moorpark Online (Canvas) 32 0 32 Avakian, Regina 10/12-12/03 8"
ddfd4252-a643-4644-80e2-7c6dfff976ae,2321,https://schedule.vcccd.edu/,2026-04-13T19:51:05.288828+00:00,"OPEN 72905 3.0 Distance Education Class: Click CRN for requirements. Moorpark Online (Canvas) 32 0 32 Menjivar, Michelle 10/12-12/03 8"
e4076d5a-2847-4892-a554-3b39f92c80e7,2322,https://schedule.vcccd.edu/,2026-04-13T19:51:05.288828+00:00,"OPEN 73086 3.0 Distance Education Class: Click CRN for requirements. Moorpark Online (Canvas) 32 0 32 Menjivar, Michelle 10/12-12/03 8"
0eb4e2c6-1a87-49d3-95ad-8e12f485d5b7,2323,https://schedule.vcccd.edu/,2026-04-13T19:51:05.288828+00:00,"OPEN 73585 3.0 Distance Education Class: Click CRN for requirements. Moorpark Online (Canvas) 32 0 32 Suarez, Steven 10/12-12/03 8"
511d1558-73d8-40a9-8fa4-72e812dd9fa9,2324,https://schedule.vcccd.edu/,2026-04-13T19:51:05.288828+00:00,OPEN 73586 3.0 Distance Education Class: Click CRN for requirements. Moorpark Online (Canvas) 32 0 32 Staff 10/12-12/03 8
42b13dd6-44a5-4890-aba7-d8515f417c99,2325,https://schedule.vcccd.edu/,2026-04-13T19:51:05.288828+00:00,OPEN 73588 3.0 Distance Education Class: Click CRN for requirements. Moorpark Online (Canvas) 32 0 32 Staff 10/12-12/03 8
bf5a01f9-33f8-46a3-a040-8c7dfbf818ea,2326,https://schedule.vcccd.edu/,2026-04-13T19:51:05.288828+00:00,OPEN 73685 3.0 Distance Education Class: Click CRN for requirements. Moorpark Online (Canvas) 32 0 32 Staff 10/12-12/03 8
033e909f-e3d2-44ab-9a07-10f63ef1b1ed,2327,https://schedule.vcccd.edu/,2026-04-13T19:51:05.288828+00:00,"OPEN 70011 3.0 M W 08:30am - 09:45am Performing Arts 119 32 1 31 Stewart, Neal 08/10-12/10 18"
88203385-b783-4cc1-8270-a014e8e9f475,2328,https://schedule.vcccd.edu/,2026-04-13T19:51:05.288828+00:00,M W 08:30am - 09:45am
a9942dba-4d33-4deb-8aa6-caeb65e5b638,2329,https://schedule.vcccd.edu/,2026-04-13T19:51:05.288828+00:00,OPEN 70013 3.0 M W 10:00am - 11:15am Life Science/Math/Comp Studies 124 32 1 31 Staff 08/10-12/10 18
01403773-eeaf-46ef-b3e7-54021a1d6704,2330,https://schedule.vcccd.edu/,2026-04-13T19:51:05.288828+00:00,M W 10:00am - 11:15am
91b1187a-7c73-4d3b-814d-2a353e718d26,2331,https://schedule.vcccd.edu/,2026-04-13T19:51:05.288828+00:00,"OPEN 70016 3.0 M W 11:30am - 12:45pm Technology Business 119 32 1 31 Oliven, Anasheh 08/10-12/10 18"
4027939e-2d32-4b6a-9545-7b64dbde5f72,2332,https://schedule.vcccd.edu/,2026-04-13T19:51:05.288828+00:00,M W 11:30am - 12:45pm
694447dc-0409-45e6-b824-59571c82fc77,2333,https://schedule.vcccd.edu/,2026-04-13T19:51:05.288828+00:00,"OPEN 70042 3.0 M W 01:00pm - 02:15pm Technology Business 119 32 1 31 Benassi III, August 08/10-12/10 18"
4bf1f3f7-2614-4336-a293-dbe4af41cd94,2334,https://schedule.vcccd.edu/,2026-04-13T19:51:05.288828+00:00,M W 01:00pm - 02:15pm
0e624202-e8c0-4d6e-bd3e-3c01ead1cd74,2335,https://schedule.vcccd.edu/,2026-04-13T19:51:05.288828+00:00,"OPEN 70179 3.0 M W 10:00am - 11:15am Life Science/Math/Comp Studies 32 1 31 Whittington-Studer, Jamie 08/10-12/10 18"
4e461185-e4ec-427d-9162-26d77d70105d,2336,https://schedule.vcccd.edu/,2026-04-13T19:51:05.288828+00:00,M W 10:00am - 11:15am
3274b75e-ba73-4ae4-aeeb-ab3dab7aa57f,2337,https://schedule.vcccd.edu/,2026-04-13T19:51:05.288828+00:00,"OPEN 70410 3.0 Distance Education Class: Click CRN for requirements. Moorpark Online (Canvas) 32 1 31 Benassi III, August 08/10-12/10 18"
e3eac58b-f5c7-4ed0-95b3-52ab4ed5e5ac,2338,https://schedule.vcccd.edu/,2026-04-13T19:51:05.288828+00:00,"OPEN 70788 3.0 Distance Education Class: Click CRN for requirements. Moorpark Online (Canvas) 32 1 31 Del Bagno, Katie 08/10-12/10 18"
d0d75627-55b7-4dba-a52f-c85913d339b1,2339,https://schedule.vcccd.edu/,2026-04-13T19:51:05.288828+00:00,"OPEN 71091 3.0 Distance Education Class: Click CRN for requirements. Moorpark Online (Canvas) 32 1 31 Oliven, Anasheh 08/10-12/10 18"
aec33527-bb8b-47de-93c8-969cf74f40a2,2340,https://schedule.vcccd.edu/,2026-04-13T19:51:05.288828+00:00,"OPEN 71107 3.0 Distance Education Class: Click CRN for requirements. Moorpark Online (Canvas) 32 1 31 Petrello, Rolland 08/10-10/02 8"
9348be04-c74b-446f-9101-5c843db700e1,2341,https://schedule.vcccd.edu/,2026-04-13T19:51:05.288828+00:00,"OPEN 70740 3.0 Distance Education Class: Click CRN for requirements. Moorpark Online (Canvas) 32 2 30 Del Bagno, Katie 08/10-12/10 18"
c2fc6787-1e20-414a-a9f0-9eb0c66e27cb,2342,https://schedule.vcccd.edu/,2026-04-13T19:51:05.288828+00:00,"OPEN 71914 3.0 Distance Education Class: Click CRN for requirements. Moorpark Online (Canvas) 32 2 30 Oliven, Anasheh 08/10-10/02 8"
b9d21775-39c9-4341-bf66-137e74136d2b,2343,https://schedule.vcccd.edu/,2026-04-13T19:51:05.288828+00:00,"OPEN 70012 3.0 M W 10:00am - 11:15am Technology Business 119 32 3 29 Oliven, Anasheh 08/10-12/10 18"
8695ece7-01b7-4817-a8c9-ec84df790b0c,2344,https://schedule.vcccd.edu/,2026-04-13T19:51:05.288828+00:00,M W 10:00am - 11:15am
70b2265a-3342-4703-b84e-5ad345931f5a,2345,https://schedule.vcccd.edu/,2026-04-13T19:51:05.288828+00:00,"OPEN 70541 3.0 Distance Education Class: Click CRN for requirements. Moorpark Online (Canvas) 32 3 29 Horn, Jenna 08/10-12/10 18"
83527a61-970e-45e3-ac89-44ebd4538415,2346,https://schedule.vcccd.edu/,2026-04-13T19:51:05.288828+00:00,OPEN 70970 3.0 Distance Education Class: Click CRN for requirements. Moorpark Online (Canvas) 17 0 17 Staff 08/10-10/02 8
0e2427d7-3e35-4d5f-b8ad-9f846346aa41,2347,https://schedule.vcccd.edu/,2026-04-13T19:51:05.288828+00:00,OPEN 70327 3.0 Distance Education Class: Click CRN for requirements. Moorpark Online (Canvas) 12 0 12 Staff 08/10-10/02 8
78fa5caf-075e-43f1-a53d-86c4afd602b7,2348,https://schedule.vcccd.edu/,2026-04-13T19:51:05.288828+00:00,OPEN 70653 3.0 Distance Education Class: Click CRN for requirements. Moorpark Online (Canvas) 12 0 12 Staff 10/12-12/03 8
ff7973a3-b0f8-410e-bdad-591da64e40cf,2349,https://schedule.vcccd.edu/,2026-04-13T19:51:05.288828+00:00,OPEN 70712 3.0 Distance Education Class: Click CRN for requirements. Moorpark Online (Canvas) 2 0 2 Staff 08/24-12/10 16
b577790e-7190-4df4-829c-50af0b61cd03,2350,https://schedule.vcccd.edu/,2026-04-13T19:51:05.288828+00:00,"OPEN 70738 3.0 Distance Education Class: Click CRN for requirements. Oxnard Online (Canvas) 32 0 32 Newman, Donte 08/10-12/10 18"
e5a74372-5658-4905-bc3b-529753c1aa21,2351,https://schedule.vcccd.edu/,2026-04-13T19:51:05.288828+00:00,"OPEN 70799 3.0 Distance Education Class: Click CRN for requirements. Oxnard Online (Canvas) 32 0 32 Melamed, Niloufar 08/10-12/10 18"
4ca1f10f-15ea-4039-89db-a56aea1778f9,2352,https://schedule.vcccd.edu/,2026-04-13T19:51:05.288828+00:00,"OPEN 70873 3.0 M W 02:30pm - 03:45pm Oxnard Liberal Arts 16 32 0 32 Fulkerson, Marcia 08/10-12/10 18"
9584dc1a-f092-4706-a5a3-fa36ee8319d1,2353,https://schedule.vcccd.edu/,2026-04-13T19:51:05.288828+00:00,M W 02:30pm - 03:45pm
4f7b5954-a593-4e8a-8c60-0f55d9c255f4,2354,https://schedule.vcccd.edu/,2026-04-13T19:51:05.288828+00:00,"OPEN 70974 3.0 Distance Education Class: Click CRN for requirements. Oxnard Online (Canvas) 32 0 32 Melamed, Niloufar 08/10-12/10 18"
8a4cd283-fbed-4304-8073-c9993ae98509,2355,https://schedule.vcccd.edu/,2026-04-13T19:51:05.288828+00:00,"OPEN 70981 3.0 W 09:00am - 10:15am Oxnard Liberal Arts 13 32 0 32 Morones, Dennise 08/10-12/10 18"
e62d5cf6-a3be-49bd-97c0-b26477ebd4a8,2356,https://schedule.vcccd.edu/,2026-04-13T19:51:05.288828+00:00,W 09:00am - 10:15am
5836c058-1ccb-4960-8eaa-162270e5b8cb,2357,https://schedule.vcccd.edu/,2026-04-13T19:51:05.288828+00:00,& Distance Education Class: Click CRN for requirements. Oxnard Online (Canvas) 08/10-12/10
7f2300d0-5e1d-418f-bd01-0f56ded35dd5,2358,https://schedule.vcccd.edu/,2026-04-13T19:51:05.288828+00:00,"OPEN 71976 3.0 W 04:00pm - 06:50pm Oxnard Liberal Arts 17 32 0 32 Anderson, Darla 08/10-12/10 18"
8f497efd-1772-48b2-ad96-1f5b1bb7251d,2359,https://schedule.vcccd.edu/,2026-04-13T19:51:05.288828+00:00,W 04:00pm - 06:50pm
e70ef8fd-23e6-4d84-802a-aaece2978f96,2360,https://schedule.vcccd.edu/,2026-04-13T19:51:05.288828+00:00,"OPEN 71999 3.0 W 07:00pm - 08:15pm Oxnard Liberal Arts 17 32 0 32 Anderson, Darla 08/10-12/10 18"
dea23b9b-1b84-4c24-bc32-055d6adc83c8,2361,https://schedule.vcccd.edu/,2026-04-13T19:51:05.288828+00:00,W 07:00pm - 08:15pm
38115218-fc23-44ea-9b29-e8128163364a,2362,https://schedule.vcccd.edu/,2026-04-13T19:51:05.288828+00:00,& Distance Education Class: Click CRN for requirements. Oxnard Online (Canvas) 08/10-12/10
7b29b68e-3075-4c02-8121-6ecdeb76f1ab,2363,https://schedule.vcccd.edu/,2026-04-13T19:51:05.288828+00:00,"OPEN 71728 3.0 Distance Education Class: Click CRN for requirements. Oxnard Online (Canvas) 32 0 32 Daugherty, Devin 09/08-12/10 14"
d184b700-cf89-497d-a107-a28de8efd331,2364,https://schedule.vcccd.edu/,2026-04-13T19:51:05.288828+00:00,"OPEN 71664 3.0 Distance Education Class: Click CRN for requirements. Oxnard Online (Canvas) 32 1 31 Newman, Donte 08/10-10/02 8"
0449132d-450f-4b54-bcdb-901caab3cfcb,2365,https://schedule.vcccd.edu/,2026-04-13T19:51:05.288828+00:00,OPEN 71901 3.0 T R 10:30am - 11:45am Oxnard Letters & Science 14 32 1 31 Staff 08/10-12/10 18
d80fa82b-41d5-4320-b3b5-478cf39ef23c,2366,https://schedule.vcccd.edu/,2026-04-13T19:51:05.288828+00:00,T R 10:30am - 11:45am
3c18ff67-3ab2-4ac0-a855-8abb006574c7,2367,https://schedule.vcccd.edu/,2026-04-13T19:51:05.288828+00:00,"OPEN 72503 3.0 Distance Education Class: Click CRN for requirements. Oxnard Online (Canvas) 32 1 31 Newman, Donte 08/10-10/02 8"
b40dc512-fcb9-4d45-9225-37be4f42db95,2368,https://schedule.vcccd.edu/,2026-04-13T19:51:05.288828+00:00,"OPEN 73328 3.0 M W 01:00pm - 02:15pm Oxnard Liberal Arts 16 32 1 31 Fulkerson, Marcia 08/10-12/10 18"
f24a8175-8245-400c-beeb-b2aed6a7f5ac,2369,https://schedule.vcccd.edu/,2026-04-13T19:51:05.288828+00:00,M W 01:00pm - 02:15pm
52e620d4-7abb-42a0-97a6-ae2585ec84ea,2370,https://schedule.vcccd.edu/,2026-04-13T19:51:05.288828+00:00,"OPEN 70026 3.0 M W 10:30am - 11:45am Oxnard Liberal Arts 18 32 1 31 Morones, Dennise 09/08-12/10 14"
f0d8b2be-63f4-4154-9823-094811e9d7ac,2371,https://schedule.vcccd.edu/,2026-04-13T19:51:05.288828+00:00,M W 10:30am - 11:45am
515e05ac-a7fb-4068-89ca-18fcb2d9a31f,2372,https://schedule.vcccd.edu/,2026-04-13T19:51:05.288828+00:00,& Distance Education Class: Click CRN for requirements. Oxnard Online (Canvas) 09/08-12/10
d7d165a5-9961-4ae6-b3d1-1d46415ad7d9,2373,https://schedule.vcccd.edu/,2026-04-13T19:51:05.288828+00:00,"OPEN 70941 3.0 T 07:00pm - 09:50pm Oxnard Liberal Arts 13 32 1 31 Zumbro, Bradley 09/08-12/10 14"
6f72b96b-874c-4629-9db8-2a4440bdc81d,2374,https://schedule.vcccd.edu/,2026-04-13T19:51:05.288828+00:00,T 07:00pm - 09:50pm
321c65e5-3040-40bd-bfc9-86d7d7accc8d,2375,https://schedule.vcccd.edu/,2026-04-13T19:51:05.288828+00:00,& Distance Education Class: Click CRN for requirements. Oxnard Online (Canvas) 09/08-12/10
80359c5a-0ed6-4d22-9bf7-371dc900feff,2376,https://schedule.vcccd.edu/,2026-04-13T19:51:05.288828+00:00,"OPEN 70870 3.0 Distance Education Class: Click CRN for requirements. Oxnard Online (Canvas) 32 2 30 Anderson, Darla 08/10-12/10 18"
dce08ccf-2b67-4fce-8a3d-9cd5c2b6117b,2377,https://schedule.vcccd.edu/,2026-04-13T19:51:05.288828+00:00,"OPEN 70846 3.0 M 09:00am - 10:15am Oxnard Liberal Arts 11 32 4 28 Morones, Dennise 08/10-12/10 18"
e10c5711-5e5d-47d4-aba2-59b40b8aa7be,2378,https://schedule.vcccd.edu/,2026-04-13T19:51:05.288828+00:00,M 09:00am - 10:15am
9471f84d-62cf-45a6-9ca7-39d0c53d9fc6,2379,https://schedule.vcccd.edu/,2026-04-13T19:51:05.288828+00:00,& Distance Education Class: Click CRN for requirements. Oxnard Online (Canvas) 08/10-12/10
e74dbe36-c241-407c-ae2d-cb2a3a3035ed,2380,https://schedule.vcccd.edu/,2026-04-13T19:51:05.288828+00:00,"OPEN 71936 3.0 T R 10:00am - 11:15am Ventura MultidisciplinaryCtrW 216 32 0 32 Maritato, Jim 08/10-12/10 18"
2fec38fb-0412-4e73-92ba-4c5dfb822875,2381,https://schedule.vcccd.edu/,2026-04-13T19:51:05.288828+00:00,T R 10:00am - 11:15am
a3615ed9-08ea-4ebf-9efc-f62bf5a36097,2382,https://schedule.vcccd.edu/,2026-04-13T19:51:05.288828+00:00,"OPEN 71278 3.0 T R 11:30am - 12:45pm Ventura MultidisciplinaryCtrW 216 32 0 32 Maritato, Jim 08/10-12/10 18"
193af410-265d-47fd-9cf3-c56bb7236974,2383,https://schedule.vcccd.edu/,2026-04-13T19:51:05.288828+00:00,T R 11:30am - 12:45pm
426dab87-d24f-4a29-9de3-29e8ca8eeb24,2384,https://schedule.vcccd.edu/,2026-04-13T19:51:05.288828+00:00,"OPEN 72540 3.0 W 10:00am - 11:50am Ventura Gen Classrms (Trailer) 14 32 0 32 Maritato, Jim 08/10-10/02 8"
45ecbbad-5c51-4877-8497-1e895769bebf,2385,https://schedule.vcccd.edu/,2026-04-13T19:51:05.288828+00:00,W 10:00am - 11:50am
19a82d4e-88ea-4813-94f5-d958a3ba2157,2386,https://schedule.vcccd.edu/,2026-04-13T19:51:05.288828+00:00,& Distance Education Class: Click CRN for requirements. Ventura Online (Canvas) 08/10-10/02
d1ff8a1d-3737-47d0-b60b-1e530e512598,2387,https://schedule.vcccd.edu/,2026-04-13T19:51:05.288828+00:00,OPEN 71573 3.0 Distance Education Class: Click CRN for requirements. Ventura Online (Canvas) 32 0 32 Staff 08/10-12/10 18
8b94185a-3784-4a10-9744-ce50efe720f5,2388,https://schedule.vcccd.edu/,2026-04-13T19:51:05.288828+00:00,"OPEN 70701 3.0 Distance Education Class: Click CRN for requirements. Ventura Online (Canvas) 32 0 32 Kern, Simon 08/10-12/10 18"
5a6d61b9-d779-4918-8334-7089828cacc9,2389,https://schedule.vcccd.edu/,2026-04-13T19:51:05.288828+00:00,OPEN 71125 3.0 Distance Education Class: Click CRN for requirements. Ventura Online (Canvas) 32 0 32 Staff 08/10-10/02 8
724a45cc-16a0-481f-a829-2efa8412b84c,2390,https://schedule.vcccd.edu/,2026-04-13T19:51:05.288828+00:00,"OPEN 70772 3.0 Distance Education Class: Click CRN for requirements. Ventura Online (Canvas) 32 0 32 Cano, Ariana 08/10-12/10 18"
03b3334c-21e0-4a6e-89c7-abf2d791b523,2391,https://schedule.vcccd.edu/,2026-04-13T19:51:05.288828+00:00,OPEN 73213 3.0 Distance Education Class: Click CRN for requirements. Ventura Online (Canvas) 32 0 32 Staff 08/10-10/02 8
0eec3dc5-3a69-44ad-bda6-f47e51b3bb51,2392,https://schedule.vcccd.edu/,2026-04-13T19:51:05.288828+00:00,"OPEN 73661 3.0 Distance Education Class: Click CRN for requirements. Ventura Online (Canvas) 32 0 32 Koleno, Sophia 08/10-10/02 8"
62a7e03e-8fb7-450b-8532-b0944a337276,2393,https://schedule.vcccd.edu/,2026-04-13T19:51:05.288828+00:00,"OPEN 71131 3.0 Distance Education Class: Click CRN for requirements. Ventura Online (Canvas) 32 0 32 Kern, Simon 08/10-12/10 18"
c79d8261-4047-491e-b77a-ce538a9a48ab,2394,https://schedule.vcccd.edu/,2026-04-13T19:51:05.288828+00:00,"OPEN 71133 3.0 T R 08:30am - 09:50am Ventura MultidisciplinaryCtrE 229 32 0 32 Burke, Christine 08/17-12/03 16"
face4721-0fab-4837-bb30-13ec1b80c277,2395,https://schedule.vcccd.edu/,2026-04-13T19:51:05.288828+00:00,T R 08:30am - 09:50am
b48f8b29-5b88-4173-8c80-3013e4a6ae66,2396,https://schedule.vcccd.edu/,2026-04-13T19:51:05.288828+00:00,"OPEN 71136 3.0 T R 10:00am - 11:20am Ventura MultidisciplinaryCtrE 229 32 0 32 Burke, Christine 08/17-12/03 16"
67c6fd89-090b-4b07-ae91-9d93b845380a,2397,https://schedule.vcccd.edu/,2026-04-13T19:51:05.288828+00:00,T R 10:00am - 11:20am
4156945d-602f-478c-a402-298a0dca7452,2398,https://schedule.vcccd.edu/,2026-04-13T19:51:05.288828+00:00,"OPEN 72033 3.0 Distance Education Class: Click CRN for requirements. Ventura Online (Canvas) 32 0 32 Gamble, Malcolm 08/17-12/03 16"
9ebe3a70-0686-4902-8141-64c4ea254230,2399,https://schedule.vcccd.edu/,2026-04-13T19:51:05.288828+00:00,"OPEN 71928 3.0 Distance Education Class: Click CRN for requirements. Ventura Online (Canvas) 32 0 32 Gamble, Malcolm 08/17-12/03 16"
7f0d9c8b-747e-4578-984c-f7ad2fea0e14,2400,https://schedule.vcccd.edu/,2026-04-13T19:51:05.288828+00:00,"OPEN 70697 3.0 Distance Education Class: Click CRN for requirements. Ventura Online (Canvas) 32 0 32 Harmon, Jamie 08/17-12/03 16"
2562f774-e308-4061-bcd7-156955c6fb98,2401,https://schedule.vcccd.edu/,2026-04-13T19:51:05.288828+00:00,OPEN 73385 3.0 T 04:00pm - 06:20pm Fillmore High School FHS 32 0 32 Staff 08/31-12/01 14
e1e93a29-068e-41d7-a90f-51eeb00acce0,2402,https://schedule.vcccd.edu/,2026-04-13T19:51:05.288828+00:00,T 04:00pm - 06:20pm
abf8c945-f07d-482f-998e-0edec7b3da96,2403,https://schedule.vcccd.edu/,2026-04-13T19:51:05.288828+00:00,& Distance Education Class: Click CRN for requirements. Ventura Online (Canvas) 08/31-12/01
ac0ac7d0-d6d6-419f-b056-75f57d7fb6d4,2404,https://schedule.vcccd.edu/,2026-04-13T19:51:05.288828+00:00,OPEN 72922 3.0 Distance Education Class: Click CRN for requirements. Ventura Online (Canvas) 32 0 32 Staff 09/08-11/25 12
065aabd9-8fb0-41ee-9bc1-aab4837d3697,2405,https://schedule.vcccd.edu/,2026-04-13T19:51:05.288828+00:00,"OPEN 71966 3.0 Distance Education Class: Click CRN for requirements. Ventura Online (Canvas) 32 0 32 Koleno, Sophia 09/08-11/25 12"
4a01ffb2-5d07-4803-849a-b15e18e5f5d0,2406,https://schedule.vcccd.edu/,2026-04-13T19:51:05.288828+00:00,"OPEN 71174 3.0 Distance Education Class: Click CRN for requirements. Ventura Online (Canvas) 32 0 32 Lohse, Jenna 09/08-11/25 12"
3c4f7fc0-d56e-462f-b05e-8090dd67638b,2407,https://schedule.vcccd.edu/,2026-04-13T19:51:05.288828+00:00,"OPEN 70316 3.0 Distance Education Class: Click CRN for requirements. Ventura Online (Canvas) 32 0 32 Lohse, Jenna 09/08-11/25 12"
be2d7b8e-aefb-4ed0-8829-3a1c46281572,2408,https://schedule.vcccd.edu/,2026-04-13T19:51:05.288828+00:00,"OPEN 70857 3.0 Distance Education Class: Click CRN for requirements. Ventura Online (Canvas) 32 0 32 Lohse, Jenna 09/08-11/25 12"
ecafe5aa-3f8b-4b58-9412-405314ce6fea,2409,https://schedule.vcccd.edu/,2026-04-13T19:51:05.288828+00:00,"OPEN 72532 3.0 W 10:00am - 11:50am Ventura Gen Classrms (Trailer) 14 32 0 32 Maritato, Jim 10/05-11/25 8"
6e976091-b8a5-478b-a4b6-11cae596afa4,2410,https://schedule.vcccd.edu/,2026-04-13T19:51:05.288828+00:00,W 10:00am - 11:50am
cb3ea20f-ff54-4ad6-8bc6-bf253950d877,2411,https://schedule.vcccd.edu/,2026-04-13T19:51:05.288828+00:00,& Distance Education Class: Click CRN for requirements. Ventura Online (Canvas) 10/05-11/25
ab1d9677-ec82-4d13-8c29-2a00738edc09,2412,https://schedule.vcccd.edu/,2026-04-13T19:51:05.288828+00:00,"OPEN 72552 3.0 Distance Education Class: Click CRN for requirements. Ventura Online (Canvas) 32 0 32 Koleno, Sophia 10/05-11/25 8"
78f654e0-caaf-42db-b358-554a7084783c,2413,https://schedule.vcccd.edu/,2026-04-13T19:51:05.288828+00:00,OPEN 73214 3.0 Distance Education Class: Click CRN for requirements. Ventura Online (Canvas) 32 0 32 Staff 10/05-11/25 8
43c6829a-25dc-4e36-b790-06053c1777d5,2414,https://schedule.vcccd.edu/,2026-04-13T19:51:05.288828+00:00,OPEN 73662 3.0 Distance Education Class: Click CRN for requirements. Ventura Online (Canvas) 32 0 32 Staff 10/05-11/25 8
887b09d3-0c47-4cd5-9550-775aabbb5a0b,2415,https://schedule.vcccd.edu/,2026-04-13T19:51:05.288828+00:00,"OPEN 71213 3.0 M W 02:30pm - 03:45pm Ventura MultidisciplinaryCtrW 205 32 1 31 Gamble, Malcolm 08/10-12/10 18"
a2ebb76c-31b9-428f-94f8-9c8df4d4beb4,2416,https://schedule.vcccd.edu/,2026-04-13T19:51:05.288828+00:00,M W 02:30pm - 03:45pm
83d223ce-df21-4201-8cd5-7c9990d0c11b,2417,https://schedule.vcccd.edu/,2026-04-13T19:51:05.288828+00:00,"OPEN 70576 3.0 M W 10:00am - 11:20am Ventura MultidisciplinaryCtrW 210 31 0 31 McKaig, Matthew 08/17-12/03 16"
aca62aa4-e204-46dc-b579-ee53caf4f0b0,2418,https://schedule.vcccd.edu/,2026-04-13T19:51:05.288828+00:00,M W 10:00am - 11:20am
9183c461-6f7d-450f-acea-ef4c10c607c6,2419,https://schedule.vcccd.edu/,2026-04-13T19:51:05.288828+00:00,"OPEN 70942 3.0 M W 11:30am - 12:50pm Ventura MultidisciplinaryCtrW 210 31 0 31 McKaig, Matthew 08/17-12/03 16"
4522aca6-7f61-4a8d-a4cd-127bb1b494e7,2420,https://schedule.vcccd.edu/,2026-04-13T19:51:05.288828+00:00,M W 11:30am - 12:50pm
68968757-e640-4d6d-926e-10a3b7892405,2421,https://schedule.vcccd.edu/,2026-04-13T19:51:05.288828+00:00,"OPEN 71638 3.0 Distance Education Class: Click CRN for requirements. Ventura Online (Canvas) 32 1 31 Gamble, Malcolm 08/17-12/03 16"
6e0c3b71-b689-41ea-b6a3-4391827d77e4,2422,https://schedule.vcccd.edu/,2026-04-13T19:51:05.288828+00:00,"OPEN 71218 3.0 T R 04:00pm - 05:15pm Ventura MultidisciplinaryCtrE 123 32 2 30 Peterson, Gary 08/10-12/10 18"
4c011839-e67a-461b-b01f-a896cc2d269d,2423,https://schedule.vcccd.edu/,2026-04-13T19:51:05.288828+00:00,T R 04:00pm - 05:15pm
4ff9d162-dc2b-456b-ac7b-cb7f44d9831e,2424,https://schedule.vcccd.edu/,2026-04-13T19:51:05.288828+00:00,"OPEN 70562 3.0 M W 08:30am - 09:50am Ventura MultidisciplinaryCtrW 210 31 1 30 McKaig, Matthew 08/17-12/03 16"
e0fb394a-4f2a-4839-98b7-fa35ee223017,2425,https://schedule.vcccd.edu/,2026-04-13T19:51:05.288828+00:00,M W 08:30am - 09:50am
d822f196-1d0f-4076-afbe-168f91215d39,2426,https://schedule.vcccd.edu/,2026-04-13T19:51:05.288828+00:00,"OPEN 72140 3.0 Distance Education Class: Click CRN for requirements. Ventura Online (Canvas) 32 2 30 Harmon, Jamie 08/17-12/03 16"
058d053c-3766-45f0-bbb2-b713774b6531,2427,https://schedule.vcccd.edu/,2026-04-13T19:51:05.288828+00:00,"OPEN 71163 3.0 Distance Education Class: Click CRN for requirements. Ventura Online (Canvas) 32 3 29 Bates, Benjamin 08/10-12/10 18"
c9238714-00a7-4a14-aec2-cca62b64d2e1,2428,https://schedule.vcccd.edu/,2026-04-13T19:51:05.288828+00:00,"OPEN 70626 3.0 M W 01:00pm - 02:15pm Ventura MultidisciplinaryCtrW 205 32 4 28 Gamble, Malcolm 08/10-12/10 18"
5e4546b0-51d0-41c7-a140-3808f5d04037,2429,https://schedule.vcccd.edu/,2026-04-13T19:51:05.288828+00:00,M W 01:00pm - 02:15pm
3a83d7db-3d5b-4a56-901c-d5d950d0bb2e,2430,https://schedule.vcccd.edu/,2026-04-13T19:51:05.288828+00:00,"OPEN 71967 3.0 T R 10:00am - 11:20am East Campus, Santa Paula 6 28 0 28 Gamble, Malcolm 08/17-12/03 16"
6f3e9f59-a368-42dd-9095-587582e456da,2431,https://schedule.vcccd.edu/,2026-04-13T19:51:05.288828+00:00,T R 10:00am - 11:20am
f12067e7-18c1-41be-bbd3-21b9bea67ac1,2432,https://schedule.vcccd.edu/,2026-04-13T19:51:05.288828+00:00,"OPEN 71198 3.0 M W 10:00am - 11:50am Ventura MultidisciplinaryCtrE 124 28 0 28 Sloan Graham, Stacy 09/08-11/25 12"
8f5483b0-3df1-4d89-9475-31fd490f88dd,2433,https://schedule.vcccd.edu/,2026-04-13T19:51:05.288828+00:00,M W 10:00am - 11:50am
71e3b959-2560-4793-b8d7-f1e3ade023d4,2434,https://schedule.vcccd.edu/,2026-04-13T19:51:05.288828+00:00,& Distance Education Class: Click CRN for requirements. Ventura Online (Canvas) 09/08-11/25
8594e7c0-ad9e-4afa-a9de-aab6b03456c1,2435,https://schedule.vcccd.edu/,2026-04-13T19:51:05.288828+00:00,"OPEN 71713 3.0 Distance Education Class: Click CRN for requirements. Ventura Online (Canvas) 5 0 5 Sloan Graham, Stacy 08/24-09/25 5"
36d5fad5-1eae-4c7c-879a-77c49afbadbd,2436,https://schedule.vcccd.edu/,2026-04-13T19:51:05.288828+00:00,OPEN 72923 3.0 Distance Education Class: Click CRN for requirements. Ventura Online (Canvas) 5 0 5 Staff 08/24-09/25 5
b52ec26f-8374-48c6-9c51-cbc4436c99e4,2437,https://schedule.vcccd.edu/,2026-04-13T19:51:05.288828+00:00,"OPEN 70563 3.0 T R 10:00am - 11:15am Life Science/Math/Comp Studies 122 32 1 31 McCall, Jill 08/10-12/10 18"
5470b1d6-2fcf-4bef-8193-9956e1b22472,2438,https://schedule.vcccd.edu/,2026-04-13T19:51:05.288828+00:00,T R 10:00am - 11:15am
7c48e0ea-a797-4303-a719-da1553f67bf7,2439,https://schedule.vcccd.edu/,2026-04-13T19:51:05.288828+00:00,"OPEN 70975 3.0 Distance Education Class: Click CRN for requirements. Moorpark Online (Canvas) 32 1 31 McCall, Jill 08/10-12/10 18"
fe7220f1-d5bf-4db4-92fe-c4a2e737fcbf,2440,https://schedule.vcccd.edu/,2026-04-13T19:51:05.288828+00:00,"OPEN 71906 3.0 Distance Education Class: Click CRN for requirements. Moorpark Online (Canvas) 12 3 9 Oliven, Anasheh 08/10-10/02 8"
00d4e4d5-9467-43c1-a6fe-3370d805a9c6,2441,https://schedule.vcccd.edu/,2026-04-13T19:51:05.288828+00:00,"OPEN 73035 3.0 M W 10:30am - 11:45am Oxnard Letters & Science 15 32 2 30 Fulkerson, Marcia 08/10-12/10 18"
a8fa8630-a919-43e0-bb65-cc0ddd31b5d6,2442,https://schedule.vcccd.edu/,2026-04-13T19:51:05.288828+00:00,M W 10:30am - 11:45am
f6f184b9-871e-4625-8187-e98719364245,2443,https://schedule.vcccd.edu/,2026-04-13T19:51:05.288828+00:00,"OPEN 70816 3.0 T R 11:30am - 12:50pm Ventura MultidisciplinaryCtrE 229 35 0 35 Burke, Christine 08/17-12/03 16"
a305acc7-4a77-4328-8723-543c37576c12,2444,https://schedule.vcccd.edu/,2026-04-13T19:51:05.288828+00:00,T R 11:30am - 12:50pm
033afe9d-e1d7-4f97-ae95-9bc02baccae7,2445,https://schedule.vcccd.edu/,2026-04-13T19:51:05.288828+00:00,"OPEN 73236 3.0 Distance Education Class: Click CRN for requirements. Ventura Online (Canvas) 35 0 35 Harmon, Jamie 08/17-12/03 16"
29d06888-d1c6-4bc9-9be7-e46e25100c02,2446,https://schedule.vcccd.edu/,2026-04-13T19:51:05.288828+00:00,"OPEN 71118 3.0 Distance Education Class: Click CRN for requirements. Ventura Online (Canvas) 35 0 35 Sloan Graham, Stacy 10/05-11/25 8"
50d8dd65-a1b4-4478-8390-af43f7dea26e,2447,https://schedule.vcccd.edu/,2026-04-13T19:51:05.288828+00:00,"OPEN 72835 3.0 M W 10:00am - 11:20am Ventura MultidisciplinaryCtrE 229 35 1 34 Harmon, Jamie 08/17-12/03 16"
ab241650-e198-45d6-8067-4e3a108bda83,2448,https://schedule.vcccd.edu/,2026-04-13T19:51:05.288828+00:00,M W 10:00am - 11:20am
bef5687c-3bc5-4aa2-9ba2-59143409b1a4,2449,https://schedule.vcccd.edu/,2026-04-13T19:51:05.288828+00:00,"OPEN 72554 3.0 M 08:00am - 09:50am Ventura MultidisciplinaryCtrE 124 28 0 28 Sloan Graham, Stacy 09/08-11/25 12"
3d7fa09e-efbd-4446-a0b3-28dc51f28371,2450,https://schedule.vcccd.edu/,2026-04-13T19:51:05.288828+00:00,M 08:00am - 09:50am
21a70fac-d6e8-487a-b16e-ad6e9f8735a7,2451,https://schedule.vcccd.edu/,2026-04-13T19:51:05.288828+00:00,& Distance Education Class: Click CRN for requirements. Ventura Online (Canvas) 09/08-11/25
9397084a-72af-4c4b-a2b2-dd38510eee4a,2452,https://schedule.vcccd.edu/,2026-04-13T19:51:05.288828+00:00,"OPEN 71258 Pre/Coreq 3.0 T R 10:00am - 11:15am Technology Business 119 32 3 29 Whittington-Studer, Jamie 08/10-12/10 18"
21f7a5b8-1563-4f40-bdd1-075187acfc3c,2453,https://schedule.vcccd.edu/,2026-04-13T19:51:05.288828+00:00,T R 10:00am - 11:15am
d847d7b1-8286-42d3-9369-eb401b8acdce,2454,https://schedule.vcccd.edu/,2026-04-13T19:51:05.288828+00:00,"OPEN 73188 3.0 Distance Education Class: Click CRN for requirements. Moorpark Online (Canvas) 32 4 28 Oliven, Anasheh 08/10-12/10 18"
6eb33a9b-4d3b-4374-adeb-c86ff42bab17,2455,https://schedule.vcccd.edu/,2026-04-13T19:51:05.288828+00:00,"OPEN 70282 3.0 T R 10:00am - 11:15am Performing Arts 119 32 0 32 Bowman, Allison 08/10-12/10 18"
5cc04ba5-c3fd-49ec-871c-6a24d0869ed4,2456,https://schedule.vcccd.edu/,2026-04-13T19:51:05.288828+00:00,T R 10:00am - 11:15am
41776e16-9e3f-4aae-a2ca-6fdf1e9b6e1e,2457,https://schedule.vcccd.edu/,2026-04-13T19:51:05.288828+00:00,"OPEN 70592 3.0 T R 11:30am - 12:45pm Performing Arts 119 32 1 31 Bowman, Allison 08/10-12/10 18"
f449961d-17d2-43b2-bf77-9a1176b4d745,2458,https://schedule.vcccd.edu/,2026-04-13T19:51:05.288828+00:00,T R 11:30am - 12:45pm
e5afda51-4e34-4ef6-b0ea-4174bcbee062,2459,https://schedule.vcccd.edu/,2026-04-13T19:51:05.288828+00:00,"OPEN 73191 3.0 Distance Education Class: Click CRN for requirements. Moorpark Online (Canvas) 12 1 11 Bowman, Allison 10/12-12/03 8"
a828646c-b8ad-4db4-9243-e6bec4243d55,2460,https://schedule.vcccd.edu/,2026-04-13T19:51:05.288828+00:00,"OPEN 71543 2.0 4.00 HRS/WK TO BE ARRANGED TBA 32 1 31 Bowman, Allison 08/10-12/10 18"
50fc99c4-584b-43f7-a275-33c96f28f957,2461,https://schedule.vcccd.edu/,2026-04-13T19:51:05.288828+00:00,"FULL 73198 2.0 6.00 HRS/WK TO BE ARRANGED TBA 0 0 0 Petrello, Rolland 09/14-12/03 12"
e6ae286e-16dc-421e-8287-69028a612aac,2462,https://schedule.vcccd.edu/,2026-04-13T19:51:05.288828+00:00,"OPEN 71607 Pre/Coreq 2.0 4.00 HRS/WK TO BE ARRANGED TBA 32 0 32 Petrello, Rolland 08/10-12/10 18"
8c1780bb-b0eb-458e-984e-2216fa98facd,2463,https://schedule.vcccd.edu/,2026-04-13T19:51:05.288828+00:00,"OPEN 71612 Pre/Coreq 2.0 4.00 HRS/WK TO BE ARRANGED TBA 32 0 32 Petrello, Rolland 08/10-12/10 18"
f408fd1a-5a9d-4e76-9ff8-89b228ae762f,2464,https://schedule.vcccd.edu/,2026-04-13T19:51:05.288828+00:00,"OPEN 71630 Pre/Coreq 2.0 4.00 HRS/WK TO BE ARRANGED TBA 32 0 32 Petrello, Rolland 08/10-12/10 18"
ff3200f0-daa5-4ced-8ee7-7d2644295222,2465,https://schedule.vcccd.edu/,2026-04-13T19:51:05.288828+00:00,"OPEN 71411 3.0 M W 10:00am - 11:15am Life Science/Math/Comp Studies 122 32 2 30 Horn, Jenna 08/10-12/10 18"
31b6ebb2-908c-4dca-a09b-e609abf2b93f,2466,https://schedule.vcccd.edu/,2026-04-13T19:51:05.288828+00:00,M W 10:00am - 11:15am
4a2bbe08-0703-41d5-bf5a-7cca6b8e1d40,2467,https://schedule.vcccd.edu/,2026-04-13T19:51:05.288828+00:00,"OPEN 73202 3.0 Distance Education Class: Click CRN for requirements. Moorpark Online (Canvas) 12 2 10 Horn, Jenna 10/12-12/03 8"
9c505e1f-3d71-4865-97c7-4d1a10277207,2468,https://schedule.vcccd.edu/,2026-04-13T19:51:05.288828+00:00,"OPEN 70915 3.0 Distance Education Class: Click CRN for requirements. Moorpark Online (Canvas) 32 1 31 Whittington-Studer, Jamie 08/10-12/10 18"
4d17f125-fe06-4833-9773-f7a47cd14f0f,2469,https://schedule.vcccd.edu/,2026-04-13T19:51:05.288828+00:00,"OPEN 70926 3.0 Distance Education Class: Click CRN for requirements. Moorpark Online (Canvas) 32 0 32 McCall, Jill 08/10-12/10 18"
3db6468a-99cb-498b-b292-859ef7e1b903,2470,https://schedule.vcccd.edu/,2026-04-13T19:51:05.288828+00:00,"OPEN 72023 Pre/Coreq 3.0 T R 10:00am - 11:15am Life Science/Math/Comp Studies 124 27 0 27 Stewart, Neal 08/10-12/10 18"
869fec5b-43d8-47fe-b1a4-6a6010caaac6,2471,https://schedule.vcccd.edu/,2026-04-13T19:51:05.288828+00:00,T R 10:00am - 11:15am
881975c6-3f3d-42cc-a1b7-23336bcc8b91,2472,https://schedule.vcccd.edu/,2026-04-13T19:51:05.288828+00:00,"OPEN 71256 3.0 T R 08:30am - 09:45am EATM 208 100 2 98 Petrello, Rolland 08/10-12/10 18"
2d82866f-5d4d-4a6e-ac52-065776ced942,2473,https://schedule.vcccd.edu/,2026-04-13T19:51:05.288828+00:00,T R 08:30am - 09:45am
1f59257c-ec6d-4750-b33c-a7c46fb21051,2474,https://schedule.vcccd.edu/,2026-04-13T19:51:05.288828+00:00,"OPEN 72462 3.0 Distance Education Class: Click CRN for requirements. Moorpark Online (Canvas) 100 3 97 Petrello, Rolland 09/08-12/03 13"
2cddfe0b-a2ae-4bfc-b0ca-7666f7cd7285,2475,https://schedule.vcccd.edu/,2026-04-13T19:51:05.288828+00:00,"OPEN 72461 3.0 Distance Education Class: Click CRN for requirements. Moorpark Online (Canvas) 100 4 96 Petrello, Rolland 08/10-12/10 18"
7fb8f39a-9f3d-4503-b88f-ab8d76ca0e15,2476,https://schedule.vcccd.edu/,2026-04-13T19:51:05.288828+00:00,"OPEN 72129 3.0 T 04:00pm - 05:50pm Oxnard Condor Hall 310 30 0 30 Temple, Tami 08/26-12/10 16"
859d16c7-fd76-4707-9351-a36f293389f7,2477,https://schedule.vcccd.edu/,2026-04-13T19:51:05.288828+00:00,T 04:00pm - 05:50pm
c1203fcb-a325-4552-ae1d-ee33afae7d62,2478,https://schedule.vcccd.edu/,2026-04-13T19:51:05.288828+00:00,& Distance Education Class: Click CRN for requirements. Oxnard Online (Canvas) 08/26-12/10
4c4cc0a9-47db-449c-bbb1-144f5ed5c3db,2479,https://schedule.vcccd.edu/,2026-04-13T19:51:05.288828+00:00,"OPEN 71226 3.0 M W 09:00am - 10:15am Oxnard Condor Hall 312 32 0 32 Fulkerson, Marcia 08/10-12/10 18"
07e4b99b-dd7d-4835-acd1-d957635654bc,2480,https://schedule.vcccd.edu/,2026-04-13T19:51:05.288828+00:00,M W 09:00am - 10:15am
efaf5481-6c00-4f70-9417-b0edd6b37e3e,2481,https://schedule.vcccd.edu/,2026-04-13T19:51:05.288828+00:00,"OPEN 71904 3.0 Distance Education Class: Click CRN for requirements. Oxnard Online (Canvas) 32 0 32 Daugherty, Devin 08/10-10/02 8"
d0e12b83-4dae-40a7-b4a8-c0b93ed5f611,2482,https://schedule.vcccd.edu/,2026-04-13T19:51:05.288828+00:00,"OPEN 73643 3.0 Distance Education Class: Click CRN for requirements. Oxnard Online (Canvas) 32 0 32 Morones, Dennise 08/10-12/10 18"
505d772f-5df2-4ef7-9d2c-efbddfe722a7,2483,https://schedule.vcccd.edu/,2026-04-13T19:51:05.288828+00:00,"OPEN 72043 3.0 Distance Education Class: Click CRN for requirements. Oxnard Online (Canvas) 32 1 31 Morones, Dennise 08/10-12/10 18"
bf691b59-4a37-46c0-acca-b66afc0ae389,2484,https://schedule.vcccd.edu/,2026-04-13T19:51:05.288828+00:00,"OPEN 70615 3.0 Distance Education Class: Click CRN for requirements. Oxnard Online (Canvas) 32 0 32 Melamed, Niloufar 08/10-12/10 18"
76193cdb-6f37-44fc-8551-efba006901d7,2485,https://schedule.vcccd.edu/,2026-04-13T19:51:05.288828+00:00,"OPEN 70150 3.0 T 09:00am - 10:15am Oxnard Letters & Science 15 32 1 31 Morones, Dennise 08/10-12/10 18"
6f9870ce-a6f9-4337-abca-bf0d2bc57b2d,2486,https://schedule.vcccd.edu/,2026-04-13T19:51:05.288828+00:00,T 09:00am - 10:15am
049ca001-f55e-44a1-9196-f0ac886ebe70,2487,https://schedule.vcccd.edu/,2026-04-13T19:51:05.288828+00:00,& Distance Education Class: Click CRN for requirements. Oxnard Online (Canvas) 08/10-12/10
7b19bb1f-e755-40ba-b47d-8d57d6e49fa7,2488,https://schedule.vcccd.edu/,2026-04-13T19:51:05.288828+00:00,"OPEN 72059 Pre/Coreq 3.0 Distance Education Class: Click CRN for requirements. Oxnard Online (Canvas) 32 0 32 Morones, Dennise 08/10-12/10 18"
7bcffedf-d333-4194-8ba0-41df9588bb34,2489,https://schedule.vcccd.edu/,2026-04-13T19:51:05.288828+00:00,"OPEN 70986 3.0 W 08:00am - 09:50am Ventura MultidisciplinaryCtrE 124 25 0 25 Sloan Graham, Stacy 09/08-11/25 12"
3faaeca0-41ba-456f-9a33-66bec64943aa,2490,https://schedule.vcccd.edu/,2026-04-13T19:51:05.288828+00:00,W 08:00am - 09:50am
2b9da088-d5f1-4261-8c8a-2605fc08f62f,2491,https://schedule.vcccd.edu/,2026-04-13T19:51:05.288828+00:00,& Distance Education Class: Click CRN for requirements. Ventura Online (Canvas) 09/08-11/25
719432ce-3d3b-43e9-9827-483f6a2c31a0,2492,https://schedule.vcccd.edu/,2026-04-13T19:51:05.288828+00:00,"OPEN 73253 3.0 Distance Education Class: Click CRN for requirements. Ventura Online (Canvas) 22 0 22 Sloan Graham, Stacy 08/17-10/09 8"
94e0f835-ace5-4aed-864c-fefa0e97ceb9,2493,https://schedule.vcccd.edu/,2026-04-13T19:51:05.288828+00:00,"OPEN 71343 3.0 T R 05:30pm - 06:45pm Ventura MultidisciplinaryCtrE 123 35 0 35 Peterson, Gary 08/10-12/10 18"
534b23c4-362c-475e-89b3-58cf6e4b8701,2494,https://schedule.vcccd.edu/,2026-04-13T19:51:05.288828+00:00,T R 05:30pm - 06:45pm
c45a3940-f0bc-4a29-a19f-91ad5efb5826,2495,https://schedule.vcccd.edu/,2026-04-13T19:51:05.288828+00:00,"OPEN 70109 3.0 M W 10:00am - 11:15am Ventura MultidisciplinaryCtrW 205 35 1 34 Gamble, Malcolm 08/10-12/10 18"
ff2462fc-5c1f-43b6-968c-23da1e347170,2496,https://schedule.vcccd.edu/,2026-04-13T19:51:05.288828+00:00,M W 10:00am - 11:15am
d70271dd-307d-4541-bfc3-8f823ef74e45,2497,https://schedule.vcccd.edu/,2026-04-13T19:51:05.288828+00:00,"OPEN 72034 3.0 M 11:30am - 12:50pm Ventura MultidisciplinaryCtrE 229 35 1 34 Harmon, Jamie 09/08-11/25 12"
4e0f9642-4290-498c-ac04-c93116c063a5,2498,https://schedule.vcccd.edu/,2026-04-13T19:51:05.288828+00:00,M 11:30am - 12:50pm
7e87f6f1-e283-4f25-9f06-b0de7797ce13,2499,https://schedule.vcccd.edu/,2026-04-13T19:51:05.288828+00:00,& Distance Education Class: Click CRN for requirements. Ventura Online (Canvas) 09/08-11/25
e85ccdc2-6f29-4e26-b509-bcd36d6a61e0,2500,https://schedule.vcccd.edu/,2026-04-13T19:51:05.288828+00:00,"OPEN 70424 3.0 Distance Education Class: Click CRN for requirements. Ventura Online (Canvas) 40 0 40 Maritato, Jim 08/10-12/10 18"
01bc0bed-e120-476c-958a-9d154454fdc6,2501,https://schedule.vcccd.edu/,2026-04-13T19:51:05.288828+00:00,"OPEN 71453 1.0 Distance Education Class: Click CRN for requirements. Moorpark Online (Canvas) 40 1 39 Aguilar, Daniel 09/21-11/13 8"
9cd2a8db-2ac2-4e8a-a74e-c7f920a35a65,2502,https://schedule.vcccd.edu/,2026-04-13T19:51:05.288828+00:00,"OPEN 70258 1.0 Distance Education Class: Click CRN for requirements. Moorpark Online (Canvas) 40 0 40 Diaz, Pablo 10/12-12/03 8"
33cee651-b904-4079-9372-aec574edde86,2503,https://schedule.vcccd.edu/,2026-04-13T19:51:05.288828+00:00,"OPEN 72931 3.0 Distance Education Class: Click CRN for requirements. Moorpark Online (Canvas) 40 0 40 Hernandez, Ingris 08/10-10/02 8"
de5c2211-b131-4efc-9b5a-64a46788c704,2504,https://schedule.vcccd.edu/,2026-04-13T19:51:05.288828+00:00,"OPEN 71236 3.0 Distance Education Class: Click CRN for requirements. Moorpark Online (Canvas) 40 0 40 Zaldivar, Samantha 09/14-12/03 12"
e3ad634f-ed3e-40c0-95b4-3b0ccfa896e8,2505,https://schedule.vcccd.edu/,2026-04-13T19:51:05.288828+00:00,"OPEN 73283 3.0 Distance Education Class: Click CRN for requirements. Moorpark Online (Canvas) 40 1 39 Thompson, Trulie 08/10-10/02 8"
0b67af17-9790-4044-be4a-696f82925fe1,2506,https://schedule.vcccd.edu/,2026-04-13T19:51:05.288828+00:00,"OPEN 73471 3.0 Distance Education Class: Click CRN for requirements. Moorpark Online (Canvas) 40 1 39 Thompson, Trulie 10/12-12/03 8"
43ca52af-d454-44fc-8169-50e26684c583,2507,https://schedule.vcccd.edu/,2026-04-13T19:51:05.288828+00:00,"OPEN 70656 3.0 T R 02:15pm - 03:30pm Academic Center 103 50 0 50 Porto-Garcia, Kellie 08/10-12/10 18"
19676e2c-0b48-48eb-a5c5-e4f93b1ca362,2508,https://schedule.vcccd.edu/,2026-04-13T19:51:05.288828+00:00,T R 02:15pm - 03:30pm
6a9523ff-644a-4fae-8d17-18d140e3dfc6,2509,https://schedule.vcccd.edu/,2026-04-13T19:51:05.288828+00:00,"OPEN 71279 3.0 Distance Education Class: Click CRN for requirements. Moorpark Online (Canvas) 40 0 40 Lajoie, Ashley 09/08-12/03 13"
068146db-2acf-4898-8f32-0547e7478e46,2510,https://schedule.vcccd.edu/,2026-04-13T19:51:05.288828+00:00,"OPEN 73638 3.0 Distance Education Class: Click CRN for requirements. Moorpark Online (Canvas) 40 0 40 Beltran, Eddie 10/12-12/03 8"
fd87b7c3-8fc6-412b-9624-b5c97bae1b5e,2511,https://schedule.vcccd.edu/,2026-04-13T19:51:05.288828+00:00,"OPEN 70568 3.0 Distance Education Class: Click CRN for requirements. Moorpark Online (Canvas) 40 1 39 Diaz, Pablo 10/12-12/03 8"
96213146-ba2b-4e25-94d6-004d24bdc8a1,2512,https://schedule.vcccd.edu/,2026-04-13T19:51:05.288828+00:00,"OPEN 70070 3.0 Distance Education Class: Click CRN for requirements. Moorpark Online (Canvas) 25 1 24 Ramirez, Giselle 08/31-12/10 15"
59f8260d-829f-4096-b72c-2f0a1fbcad7c,2513,https://schedule.vcccd.edu/,2026-04-13T19:51:05.288828+00:00,OPEN 73582 3.0 Distance Education Class: Click CRN for requirements. Moorpark Online (Canvas) 5 0 5 Staff 09/08-12/10 14
200c7c18-9251-4977-876a-291f85856ba7,2514,https://schedule.vcccd.edu/,2026-04-13T19:51:05.288828+00:00,"OPEN 71355 1.0 Distance Education Class: Click CRN for requirements. Moorpark Online (Canvas) 52 0 52 Balam, Gregory 10/05-11/20 7"
9364cc28-c615-461c-b063-f5e98dc0abe7,2515,https://schedule.vcccd.edu/,2026-04-13T19:51:05.288828+00:00,"OPEN 72705 1.0 Distance Education Class: Click CRN for requirements. Moorpark Online (Canvas) 40 0 40 Balam, Gregory 10/05-11/20 7"
d8e0f8be-85c9-4e1b-a4d0-9a03f05325bb,2516,https://schedule.vcccd.edu/,2026-04-13T19:51:05.288828+00:00,"OPEN 73250 1.0 Distance Education Class: Click CRN for requirements. Moorpark Online (Canvas) 40 0 40 Ramirez, Veronica 10/05-11/20 7"
3141cf6b-acbe-496f-ba66-259f4c7c0c4e,2517,https://schedule.vcccd.edu/,2026-04-13T19:51:05.288828+00:00,"OPEN 73605 1.0 Distance Education Class: Click CRN for requirements. Moorpark Online (Canvas) 40 0 40 Gonzalez, Jocelyne 10/05-11/20 7"
ec2ac1c1-4c8f-49ec-bcff-df6f447db73b,2518,https://schedule.vcccd.edu/,2026-04-13T19:51:05.288828+00:00,"OPEN 70725 0.5 Distance Education Class: Click CRN for requirements. Moorpark Online (Canvas) 40 0 40 Garcia, Cristina 10/05-10/23 3"
467cb831-35a3-452c-84df-9c13fa4f8470,2519,https://schedule.vcccd.edu/,2026-04-13T19:51:05.288828+00:00,"OPEN 72700 0.5 Distance Education Class: Click CRN for requirements. Moorpark Online (Canvas) 40 0 40 Garcia, Cristina 11/10-12/03 4"
cb9d8310-7cae-4779-a86b-e7ddd7ffd14b,2520,https://schedule.vcccd.edu/,2026-04-13T19:51:05.288828+00:00,"OPEN 70734 1.0 Distance Education Class: Click CRN for requirements. Oxnard Online (Canvas) 30 0 30 Mulligan, Holly 09/11-10/30 8"
139c74ea-e05e-4611-a80e-e31d2bf5b4b3,2521,https://schedule.vcccd.edu/,2026-04-13T19:51:05.288828+00:00,"OPEN 71471 1.0 W 03:00pm - 04:50pm Oxnard Condor Hall 304 30 1 29 Camarena, Esmeralda 08/12-10/09 9"
4a6ac831-c4e4-47c3-948f-b8bda9d36ee8,2522,https://schedule.vcccd.edu/,2026-04-13T19:51:05.288828+00:00,W 03:00pm - 04:50pm
7c7af139-5110-4ea0-84f4-239a6d561368,2523,https://schedule.vcccd.edu/,2026-04-13T19:51:05.288828+00:00,OPEN 71849 1.0 Distance Education Class: Click CRN for requirements. Oxnard Online (Canvas) 35 0 35 Staff 08/24-10/16 8
e2b7d153-a5d1-4d34-860d-0d0696e23859,2524,https://schedule.vcccd.edu/,2026-04-13T19:51:05.288828+00:00,OPEN 72200 1.0 Distance Education Class: Click CRN for requirements. Oxnard Online (Canvas) 35 0 35 Staff 09/08-10/30 8
e244bce8-7d40-4b98-847c-6c599717636a,2525,https://schedule.vcccd.edu/,2026-04-13T19:51:05.288828+00:00,OPEN 72210 1.0 Distance Education Class: Click CRN for requirements. Oxnard Online (Canvas) 35 0 35 Staff 10/19-12/10 8
bb80edda-b37c-47fe-aa2e-7a9678ed107c,2526,https://schedule.vcccd.edu/,2026-04-13T19:51:05.288828+00:00,OPEN 71587 1.0 W 01:00pm - 02:50pm Oxnard Liberal Arts 12 35 1 34 Staff 08/26-10/14 8
8b7c697e-c120-4fcf-ac9b-348c3e67eda5,2527,https://schedule.vcccd.edu/,2026-04-13T19:51:05.288828+00:00,W 01:00pm - 02:50pm
8d1b3620-7e46-4e84-98f3-b458012da81c,2528,https://schedule.vcccd.edu/,2026-04-13T19:51:05.288828+00:00,OPEN 72042 3.0 Distance Education Class: Click CRN for requirements. Oxnard Online (Canvas) 35 0 35 Staff 08/10-10/02 8
08a6fea1-a20e-4e67-b4fe-d1c482753fec,2529,https://schedule.vcccd.edu/,2026-04-13T19:51:05.288828+00:00,OPEN 72079 3.0 Distance Education Class: Click CRN for requirements. Oxnard Online (Canvas) 35 0 35 Staff 10/05-11/25 8
c928870e-3cf6-4b8f-b5e8-4bad75c88498,2530,https://schedule.vcccd.edu/,2026-04-13T19:51:05.288828+00:00,OPEN 70758 3.0 W 05:30pm - 06:50pm Oxnard Liberal Arts 13 35 1 34 Staff 08/26-12/10 16
2e3001ea-0446-48cd-b6ee-23099029490f,2531,https://schedule.vcccd.edu/,2026-04-13T19:51:05.288828+00:00,W 05:30pm - 06:50pm
707c8865-38df-429d-b69b-34e8de146d42,2532,https://schedule.vcccd.edu/,2026-04-13T19:51:05.288828+00:00,& Distance Education Class: Click CRN for requirements. Oxnard Online (Canvas) 08/26-12/10
2fb0904e-685e-44a5-a53b-14cc756320bb,2533,https://schedule.vcccd.edu/,2026-04-13T19:51:05.288828+00:00,OPEN 72218 3.0 Distance Education Class: Click CRN for requirements. Oxnard Online (Canvas) 35 0 35 Staff 10/05-11/25 8
bb9fba33-5ed5-4355-ae3e-798853e2c55f,2534,https://schedule.vcccd.edu/,2026-04-13T19:51:05.288828+00:00,OPEN 71172 3.0 Distance Education Class: Click CRN for requirements. Oxnard Online (Canvas) 35 1 34 Staff 08/10-10/02 8
eaa355e5-a7a0-437e-a899-e24be69b033e,2535,https://schedule.vcccd.edu/,2026-04-13T19:51:05.288828+00:00,OPEN 71595 0.0 R 07:00pm - 09:50pm Oxnard Zoom Live Meeting 35 0 35 Staff 08/13-08/13 1
0962c528-bc48-4f9d-8a43-50c37b050891,2536,https://schedule.vcccd.edu/,2026-04-13T19:51:05.288828+00:00,R 07:00pm - 09:50pm
75c7c38f-ac0c-4476-9889-115ae0d4525b,2537,https://schedule.vcccd.edu/,2026-04-13T19:51:05.288828+00:00,OPEN 72094 0.0 F 09:00am - 11:50am Oxnard Zoom Live Meeting 35 0 35 Staff 09/04-09/04 1
b6c1df59-dada-4dff-a14a-05a1f5e38808,2538,https://schedule.vcccd.edu/,2026-04-13T19:51:05.288828+00:00,F 09:00am - 11:50am
792720bc-297c-4398-83f8-48e4bf3af02a,2539,https://schedule.vcccd.edu/,2026-04-13T19:51:05.288828+00:00,OPEN 72111 0.0 W 07:00pm - 09:50pm Oxnard Zoom Live Meeting 35 0 35 Staff 09/23-09/23 1
875c0339-dcc0-4702-897c-7a348509b60f,2540,https://schedule.vcccd.edu/,2026-04-13T19:51:05.288828+00:00,W 07:00pm - 09:50pm
4fa3b5e7-39d6-4c70-b5e7-628d3834cc3d,2541,https://schedule.vcccd.edu/,2026-04-13T19:51:05.288828+00:00,OPEN 73797 0.0 R 07:00pm - 09:50pm Oxnard Zoom Live Meeting 35 0 35 Staff 10/22-10/22 1
66694dc9-2a15-4607-9621-89d361dbab06,2542,https://schedule.vcccd.edu/,2026-04-13T19:51:05.288828+00:00,R 07:00pm - 09:50pm
7847da93-57cf-4a15-ba3d-b83ee5954ab4,2543,https://schedule.vcccd.edu/,2026-04-13T19:51:05.288828+00:00,OPEN 72119 0.0 T 07:00pm - 09:50pm Oxnard Zoom Live Meeting 35 0 35 Staff 11/17-11/17 1
52efbf3d-84f5-4cca-b84d-236521328a20,2544,https://schedule.vcccd.edu/,2026-04-13T19:51:05.288828+00:00,T 07:00pm - 09:50pm
12a0d984-bb9a-4405-8d59-780ef251d832,2545,https://schedule.vcccd.edu/,2026-04-13T19:51:05.288828+00:00,OPEN 72151 0.0 T 07:00pm - 09:50pm Oxnard Zoom Live Meeting 35 0 35 Staff 12/08-12/08 1
639b644e-6456-458b-b865-7f70b87a5be4,2546,https://schedule.vcccd.edu/,2026-04-13T19:51:05.288828+00:00,T 07:00pm - 09:50pm
3719b4c1-016a-4d4d-8807-df785e07b4f8,2547,https://schedule.vcccd.edu/,2026-04-13T19:51:05.288828+00:00,"OPEN 70348 3.0 Distance Education Class: Click CRN for requirements. Ventura Online (Canvas) 46 0 46 Rodriguez-Henriquez, Karent 08/10-12/10 18"
6fa725a3-d013-42b3-8bca-9b8011f5faf3,2548,https://schedule.vcccd.edu/,2026-04-13T19:51:05.288828+00:00,"OPEN 73082 3.0 Distance Education Class: Click CRN for requirements. Ventura Online (Canvas) 46 0 46 Wendt, Corey 09/08-11/25 12"
fee133b5-7961-4ee7-a6cb-0efb47fedd61,2549,https://schedule.vcccd.edu/,2026-04-13T19:51:05.288828+00:00,"OPEN 72433 3.0 Distance Education Class: Click CRN for requirements. Ventura Online (Canvas) 46 0 46 Espinoza Sanchez, Gema 09/08-11/25 12"
02cae936-7620-473e-9437-57271d907428,2550,https://schedule.vcccd.edu/,2026-04-13T19:51:05.288828+00:00,"OPEN 72938 3.0 Distance Education Class: Click CRN for requirements. Ventura Online (Canvas) 46 0 46 Wendt, Corey 09/08-11/25 12"
6618ea83-a31d-48f5-881f-caa253bbb5c1,2551,https://schedule.vcccd.edu/,2026-04-13T19:51:05.288828+00:00,"OPEN 72603 3.0 M W 11:30am - 12:45pm Ventura Media Arts Center 201 40 0 40 Brewer, Scott 08/10-12/10 18"
005fb30c-a90b-4be9-8144-0650da4c0364,2552,https://schedule.vcccd.edu/,2026-04-13T19:51:05.288828+00:00,M W 11:30am - 12:45pm
3dd5956f-2491-4c01-bd98-7465c8092a21,2553,https://schedule.vcccd.edu/,2026-04-13T19:51:05.288828+00:00,"OPEN 71861 3.0 T R 10:00am - 11:15am Ventura Media Arts Center 202 40 0 40 Brewer, Scott 08/10-12/10 18"
8ff0af03-d531-4b96-a775-2422dab86649,2554,https://schedule.vcccd.edu/,2026-04-13T19:51:05.288828+00:00,T R 10:00am - 11:15am
1a139edd-28db-4851-b28d-25bda9ec91cd,2555,https://schedule.vcccd.edu/,2026-04-13T19:51:05.288828+00:00,"OPEN 70479 3.0 Distance Education Class: Click CRN for requirements. Ventura Online (Canvas) 46 0 46 Casey, Sheehan 09/08-11/25 12"
be34942a-1cb0-4178-9a43-491ec8ca0dd6,2556,https://schedule.vcccd.edu/,2026-04-13T19:51:05.288828+00:00,"OPEN 72947 3.0 Distance Education Class: Click CRN for requirements. Ventura Online (Canvas) 46 0 46 De Cierdo, Marcelino 08/10-12/10 18"
17dd989b-381e-49be-bc79-0c81f3874bdf,2557,https://schedule.vcccd.edu/,2026-04-13T19:51:05.288828+00:00,"OPEN 73218 3.0 Distance Education Class: Click CRN for requirements. Ventura Online (Canvas) 46 0 46 Casey, Sheehan 09/08-11/25 12"
68adcc46-a911-4a5e-b01e-4d140b3b1eb9,2558,https://schedule.vcccd.edu/,2026-04-13T19:51:05.288828+00:00,"OPEN 72951 3.0 T 08:30am - 09:45am Ventura Media Arts Center 202 40 0 40 De Cierdo, Marcelino 08/10-12/10 18"
ff5d5f61-bd55-436f-8a10-2750338f2a0f,2559,https://schedule.vcccd.edu/,2026-04-13T19:51:05.288828+00:00,T 08:30am - 09:45am
d73ab1b6-d665-40ed-b6a9-f10e8b6c69f4,2560,https://schedule.vcccd.edu/,2026-04-13T19:51:05.288828+00:00,& Distance Education Class: Click CRN for requirements. Ventura Online (Canvas) 08/10-12/10
856cef17-512b-4ae6-95e3-6b0ca599a8c2,2561,https://schedule.vcccd.edu/,2026-04-13T19:51:05.288828+00:00,"OPEN 70112 1.0 Distance Education Class: Click CRN for requirements. Ventura Online (Canvas) 46 0 46 Espinoza Sanchez, Gema 08/10-10/02 8"
83699369-8e8d-4be8-a8e9-c44735fbef98,2562,https://schedule.vcccd.edu/,2026-04-13T19:51:05.288828+00:00,"OPEN 72175 1.0 Distance Education Class: Click CRN for requirements. Ventura Online (Canvas) 46 0 46 Espinoza Sanchez, Gema 10/05-11/25 8"
09c63d69-e2ad-4f9e-9620-ddcad14f5f87,2563,https://schedule.vcccd.edu/,2026-04-13T19:51:05.288828+00:00,"OPEN 73196 1.0 Distance Education Class: Click CRN for requirements. Ventura Online (Canvas) 46 0 46 Rodriguez-Henriquez, Karent 08/10-10/02 8"
8e3ce1d2-8617-4b3c-b05a-01ad32fc2064,2564,https://schedule.vcccd.edu/,2026-04-13T19:51:05.288828+00:00,"OPEN 72932 1.0 Distance Education Class: Click CRN for requirements. Ventura Online (Canvas) 46 0 46 Ruiz, Erica 10/05-11/25 8"
8674ab1b-8272-4ef0-a24c-719acdea013c,2565,https://schedule.vcccd.edu/,2026-04-13T19:51:05.288828+00:00,"OPEN 71496 3.0 Distance Education Class: Click CRN for requirements. Oxnard Online (Canvas) 50 0 50 Colboth-MacLeod, Jamie 08/10-12/10 18"
440514f4-e6af-48bd-9a6d-b85c670bcc62,2566,https://schedule.vcccd.edu/,2026-04-13T19:51:05.288828+00:00,"OPEN 71497 Pre/Coreq 7.0 M 02:00pm - 04:50pm Oxnard Condor Hall 303 40 0 40 Hart, Adam 08/10-12/10 18"
1071a924-f444-4e18-98aa-5c25a81bd37f,2567,https://schedule.vcccd.edu/,2026-04-13T19:51:05.288828+00:00,M 02:00pm - 04:50pm
d6efd51a-5db0-44ef-b2f6-aa6effaf1e32,2568,https://schedule.vcccd.edu/,2026-04-13T19:51:05.288828+00:00,& 12.00 HRS/WK TO BE ARRANGED Oxnard Cafeteria KIT 08/10-12/10
c4f38473-c3fb-4cac-9a11-480f534ec58b,2569,https://schedule.vcccd.edu/,2026-04-13T19:51:05.288828+00:00,"OPEN 71542 Pre/Coreq 4.0 W 02:00pm - 03:50pm Oxnard Condor Hall 302 20 0 20 Hart, Adam 08/10-12/10 18"
96ce42d3-d5eb-4222-97ca-06c5d5d1f2aa,2570,https://schedule.vcccd.edu/,2026-04-13T19:51:05.288828+00:00,W 02:00pm - 03:50pm
258a64e3-651e-438f-9a4e-217c113aa8f6,2571,https://schedule.vcccd.edu/,2026-04-13T19:51:05.288828+00:00,& 6.00 HRS/WK TO BE ARRANGED Oxnard To Be Announced 08/10-12/10
e174ddd8-19ae-43e8-87f0-e64f84ae3492,2572,https://schedule.vcccd.edu/,2026-04-13T19:51:05.288828+00:00,"OPEN 70347 Pre/Coreq 3.0 R 08:00am - 02:50pm Oxnard Occupational Education 12 20 2 18 Acuna, Raymond 08/10-12/10 18"
ad069a4b-a562-48f8-abbf-6cbd2bd058dc,2573,https://schedule.vcccd.edu/,2026-04-13T19:51:05.288828+00:00,R 08:00am - 02:50pm
352b3280-0763-4210-9552-383017eaa439,2574,https://schedule.vcccd.edu/,2026-04-13T19:51:05.288828+00:00,"OPEN 73185 Pre/Coreq 6.0 M T 08:00am - 08:50am Oxnard Occupational Education 12 20 2 18 Herrera, Marcos 08/10-12/10 18"
ddc6c1cd-9dcb-40df-9ba6-d380e9cd712d,2575,https://schedule.vcccd.edu/,2026-04-13T19:51:05.288828+00:00,M T 08:00am - 08:50am
cb8862c9-a2d1-4993-ab3e-0d9f086d9f17,2576,https://schedule.vcccd.edu/,2026-04-13T19:51:05.288828+00:00,& M T 09:00am - 01:50pm Oxnard Occupational Education 12 08/10-12/10
581ea735-04d4-495e-ae5d-d3bc60f858da,2577,https://schedule.vcccd.edu/,2026-04-13T19:51:05.288828+00:00,M T 09:00am - 01:50pm
f85e8810-07e0-42f1-b9c3-a2a037e03398,2578,https://schedule.vcccd.edu/,2026-04-13T19:51:05.288828+00:00,"OPEN 71032 3.0 R 02:00pm - 04:50pm Oxnard Condor Hall 309 40 0 40 Hart, Adam 08/10-12/10 18"
c2da20b5-5449-4f6e-a7b2-10dbf42d68e0,2579,https://schedule.vcccd.edu/,2026-04-13T19:51:05.288828+00:00,R 02:00pm - 04:50pm
4efbe461-e089-4c04-8e4e-dc3172d0b3ce,2580,https://schedule.vcccd.edu/,2026-04-13T19:51:05.288828+00:00,"OPEN 71954 3.0 Distance Education Class: Click CRN for requirements. Oxnard Online (Canvas) 40 1 39 Colboth-MacLeod, Jamie 08/10-12/10 18"
a6baa623-e792-4b48-b9de-e2323e6631d7,2581,https://schedule.vcccd.edu/,2026-04-13T19:51:05.288828+00:00,"OPEN 72774 3.0 Distance Education Class: Click CRN for requirements. Oxnard Online (Canvas) 30 0 30 Spooner, Paul 08/10-12/10 18"
d2105cf3-cdd0-4c9d-86de-446ee2ef454b,2582,https://schedule.vcccd.edu/,2026-04-13T19:51:05.288828+00:00,"OPEN 72060 3.0 Distance Education Class: Click CRN for requirements. Oxnard Online (Canvas) 30 0 30 Spooner, Paul 08/10-12/10 18"
a03e3faa-5c3b-4c6f-b4cc-f4fb57bf9c98,2583,https://schedule.vcccd.edu/,2026-04-13T19:51:05.288828+00:00,"OPEN 71579 3.0 Distance Education Class: Click CRN for requirements. Oxnard Online (Canvas) 30 0 30 Spooner, Paul 08/24-12/10 16"
3af8c8c1-d032-4707-a763-675630e9ccc3,2584,https://schedule.vcccd.edu/,2026-04-13T19:51:05.288828+00:00,"OPEN 73475 3.0 Distance Education Class: Click CRN for requirements. Oxnard Online (Canvas) 30 0 30 Spooner, Paul 10/05-12/10 10"
8fd1cf95-21f9-4f22-b67d-3f6f1f158e4e,2585,https://schedule.vcccd.edu/,2026-04-13T19:51:05.288828+00:00,"OPEN 71768 3.0 M 05:30pm - 08:20pm Oxnard Occupational Education 11 15 0 15 Hart, Adam 08/10-12/10 18"
770b9695-5c30-468a-ae49-19ce47b33c56,2586,https://schedule.vcccd.edu/,2026-04-13T19:51:05.288828+00:00,M 05:30pm - 08:20pm
df204b75-2d77-44bf-89f0-90f5b2d2f931,2587,https://schedule.vcccd.edu/,2026-04-13T19:51:05.288828+00:00,"OPEN 73338 3. 9.26 HRS/WK TO BE ARRANGED Oxnard To Be Announced 15 2 13 Hart, Adam 08/10-12/10 18"
9b19040f-24d0-4de5-a2d5-a7f813cfc6ce,2588,https://schedule.vcccd.edu/,2026-04-13T19:51:05.288828+00:00,"OPEN 73039 3.0 Distance Education Class: Click CRN for requirements. Moorpark Online (Canvas) 50 0 50 Queller, Abraham 08/10-12/10 18"
caf589b4-4ae9-490f-b2e0-2039fc49c190,2589,https://schedule.vcccd.edu/,2026-04-13T19:51:05.288828+00:00,OPEN 73000 3.0 Distance Education Class: Click CRN for requirements. Moorpark Online (Canvas) 50 1 49 Staff 08/10-12/10 18
873307b6-5e98-4161-9979-b113271f6765,2590,https://schedule.vcccd.edu/,2026-04-13T19:51:05.288828+00:00,"OPEN 72522 3.0 Distance Education Class: Click CRN for requirements. Moorpark Online (Canvas) 40 0 40 Nikjeh, Esmaail 08/10-12/10 18"
be85b8c7-3526-4c5a-8a84-01994aaa4776,2591,https://schedule.vcccd.edu/,2026-04-13T19:51:05.288828+00:00,"OPEN 70189 3.0 Distance Education Class: Click CRN for requirements. Moorpark Online (Canvas) 40 1 39 Nikjeh, Esmaail 08/10-12/10 18"
1e47e14e-cf16-4d06-bd1a-6b78809b73f4,2592,https://schedule.vcccd.edu/,2026-04-13T19:51:05.288828+00:00,"OPEN 72511 4.0 W 09:00am - 11:50am Life Science/Math/Comp Studies 138 40 1 39 Nikjeh, Esmaail 08/10-12/10 18"
cb53edad-ff29-46d7-80ac-d51147d1b630,2593,https://schedule.vcccd.edu/,2026-04-13T19:51:05.288828+00:00,W 09:00am - 11:50am
820fc545-5bfa-4501-846f-caeba288faf8,2594,https://schedule.vcccd.edu/,2026-04-13T19:51:05.288828+00:00,& Distance Education Class: Click CRN for requirements. Moorpark Online (Canvas) 08/10-12/10
c5b8c849-3be5-44cf-b330-454db27224c6,2595,https://schedule.vcccd.edu/,2026-04-13T19:51:05.288828+00:00,"OPEN 71596 4.0 M 12:00pm - 02:50pm Life Science/Math/Comp Studies 138 40 2 38 Nikjeh, Esmaail 08/10-12/10 18"
d4f4069d-db06-4821-a138-1f8a658883b7,2596,https://schedule.vcccd.edu/,2026-04-13T19:51:05.288828+00:00,M 12:00pm - 02:50pm
2d637f3a-61d2-434f-a967-508a78042db5,2597,https://schedule.vcccd.edu/,2026-04-13T19:51:05.288828+00:00,& Distance Education Class: Click CRN for requirements. Moorpark Online (Canvas) 08/10-12/10
a24c895d-c396-4d66-a030-cbaec85bdc59,2598,https://schedule.vcccd.edu/,2026-04-13T19:51:05.288828+00:00,"OPEN 70125 3.0 Distance Education Class: Click CRN for requirements. Moorpark Online (Canvas) 40 0 40 Gappy, James 10/12-12/03 8"
bba245e6-1c3d-4cd0-b0f1-9c76b2d3b48a,2599,https://schedule.vcccd.edu/,2026-04-13T19:51:05.288828+00:00,"OPEN 72508 3.0 Distance Education Class: Click CRN for requirements. In person proctored exam LL305 60 1 59 Feister, Scott 08/10-12/10 18"
5955cbe7-fd6b-4f73-a5ea-f6741edae4e0,2600,https://schedule.vcccd.edu/,2026-04-13T19:51:05.288828+00:00,& 3.00 HRS/WK ONLINE Moorpark Online (Canvas) 08/10-12/10
8624ba32-7c67-4c8e-92fe-6e9ad3d05c37,2601,https://schedule.vcccd.edu/,2026-04-13T19:51:05.288828+00:00,"OPEN 73252 3.0 Distance Education Class: Click CRN for requirements. Moorpark Online (Canvas) 50 0 50 Queller, Abraham 08/10-10/02 8"
563245c3-d119-49cd-88f1-64426cbb13d9,2602,https://schedule.vcccd.edu/,2026-04-13T19:51:05.288828+00:00,"OPEN 72506 3.0 M 09:00am - 11:50am Life Science/Math/Comp Studies 138 50 1 49 Nikjeh, Esmaail 08/10-12/10 18"
33065288-f793-4e7a-966e-e1fa7466fd34,2603,https://schedule.vcccd.edu/,2026-04-13T19:51:05.288828+00:00,M 09:00am - 11:50am
de93b227-9083-455c-8077-4556886938c2,2604,https://schedule.vcccd.edu/,2026-04-13T19:51:05.288828+00:00,"OPEN 73360 Pre/Coreq 3.0 W 08:00am - 09:15am Moorpark Zoom Web Live Meeting 50 2 48 Minkova, Kira 08/10-12/10 18"
4dbe8652-cfb7-4db2-bdd7-241809a48667,2605,https://schedule.vcccd.edu/,2026-04-13T19:51:05.288828+00:00,W 08:00am - 09:15am
7a4c4b52-caf2-4ab2-a281-afc35cd1b977,2606,https://schedule.vcccd.edu/,2026-04-13T19:51:05.288828+00:00,& Distance Education Class: Click CRN for requirements. Moorpark Online (Canvas) 08/10-12/10
05c655fb-f250-44f3-aece-537ed92ba4ed,2607,https://schedule.vcccd.edu/,2026-04-13T19:51:05.288828+00:00,"OPEN 73313 Pre/Coreq 3.0 Distance Education Class: Click CRN for requirements. Moorpark Online (Canvas) 20 2 18 Minkova, Kira 10/12-12/03 8"
d2487e8f-96c7-4b3a-96a9-3c78457ccd5c,2608,https://schedule.vcccd.edu/,2026-04-13T19:51:05.288828+00:00,"OPEN 73347 Pre/Coreq 3.0 Distance Education Class: Click CRN for requirements. Moorpark Online (Canvas) 60 3 57 Gappy, James 08/10-12/10 18"
197f6414-fa10-4279-9bde-237d504ff195,2609,https://schedule.vcccd.edu/,2026-04-13T19:51:05.288828+00:00,"OPEN 73359 Pre/Coreq 3.0 Distance Education Class: Click CRN for requirements. Moorpark Online (Canvas) 40 2 38 Nikjeh, Esmaail 08/10-12/10 18"
ab05f345-80ba-4f34-a29b-8f0a906b3b6b,2610,https://schedule.vcccd.edu/,2026-04-13T19:51:05.288828+00:00,"OPEN 73326 3.0 Distance Education Class: Click CRN for requirements. Ventura Online (Canvas) 46 1 45 Fazelpour, Ali 08/17-12/03 16"
03dba72d-00a0-466e-b60d-79af2fc301f4,2611,https://schedule.vcccd.edu/,2026-04-13T19:51:05.288828+00:00,"OPEN 72892 3.0 W 10:00am - 11:50am Ventura MultidisciplinaryCtrE 343 31 0 31 Fazelpour, Ali 08/17-12/03 16"
f1c21597-e653-4b37-8773-9bcfd25575b1,2612,https://schedule.vcccd.edu/,2026-04-13T19:51:05.288828+00:00,W 10:00am - 11:50am
94a30df4-13d7-465d-9210-5e11238e041d,2613,https://schedule.vcccd.edu/,2026-04-13T19:51:05.288828+00:00,& Distance Education Class: Click CRN for requirements. Ventura Online (Canvas) 08/17-12/03
7175327b-7262-4b6b-abb9-4375a5bd145e,2614,https://schedule.vcccd.edu/,2026-04-13T19:51:05.288828+00:00,"OPEN 70226 Pre/Coreq 3.0 T 10:00am - 11:50am Ventura MultidisciplinaryCtrE 343 31 0 31 Fazelpour, Ali 08/17-12/03 16"
a0d2e512-7666-4e5f-9279-c8ceced2cd19,2615,https://schedule.vcccd.edu/,2026-04-13T19:51:05.288828+00:00,T 10:00am - 11:50am
560105ae-4666-4767-85e0-c4ab22ae2f37,2616,https://schedule.vcccd.edu/,2026-04-13T19:51:05.288828+00:00,& Distance Education Class: Click CRN for requirements. Ventura Online (Canvas) 08/17-12/03
04315ddb-2e16-4127-adb8-241eda9bb4b4,2617,https://schedule.vcccd.edu/,2026-04-13T19:51:05.288828+00:00,"OPEN 70342 Pre/Coreq 3.0 W 06:00pm - 07:50pm Ventura MultidisciplinaryCtrE 343 31 0 31 Weinstein, Eric 08/10-12/10 18"
5a4f22cd-1b9a-4f08-856c-81306b283058,2618,https://schedule.vcccd.edu/,2026-04-13T19:51:05.288828+00:00,W 06:00pm - 07:50pm
653f5dc7-e4a2-4845-9975-20715df88bc7,2619,https://schedule.vcccd.edu/,2026-04-13T19:51:05.288828+00:00,& Distance Education Class: Click CRN for requirements. Ventura Online (Canvas) 08/10-12/10
eb0cdea4-5b6e-4c83-9f84-b468b9bbc55b,2620,https://schedule.vcccd.edu/,2026-04-13T19:51:05.288828+00:00,"OPEN 70930 3.0 Distance Education Class: Click CRN for requirements. Ventura Online (Canvas) 46 0 46 Lee, Kyuwoong 09/08-11/25 12"
5aef9c3b-b28d-4c79-8312-8c9332778855,2621,https://schedule.vcccd.edu/,2026-04-13T19:51:05.288828+00:00,"OPEN 70265 Pre/Coreq 3.0 Distance Education Class: Click CRN for requirements. Ventura Online (Canvas) 46 1 45 Fazelpour, Ali 08/17-12/03 16"
1c10bf06-f669-412f-ba1f-ae4b6776f2ef,2622,https://schedule.vcccd.edu/,2026-04-13T19:51:05.288828+00:00,"OPEN 70868 Pre/Coreq 3.0 Distance Education Class: Click CRN for requirements. Ventura Online (Canvas) 46 0 46 Fazelpour, Ali 08/17-12/03 16"
0384621e-b995-47d3-8fc1-58a84a8c6b33,2623,https://schedule.vcccd.edu/,2026-04-13T19:51:05.288828+00:00,"OPEN 71037 4.0 W 01:00pm - 02:50pm Ventura MultidisciplinaryCtrE 343 31 0 31 Fazelpour, Ali 09/08-11/25 12"
c3f77d35-18dd-414e-af79-6e726c3406c3,2624,https://schedule.vcccd.edu/,2026-04-13T19:51:05.288828+00:00,W 01:00pm - 02:50pm
ef327cca-22ce-4bb3-ac2b-67fc45087034,2625,https://schedule.vcccd.edu/,2026-04-13T19:51:05.288828+00:00,& Distance Education Class: Click CRN for requirements. Ventura Online (Canvas) 09/08-11/25
3833fd34-7f13-4dd7-9d12-4eba6af15231,2626,https://schedule.vcccd.edu/,2026-04-13T19:51:05.288828+00:00,"OPEN 70190 3.0 Distance Education Class: Click CRN for requirements. Ventura Online (Canvas) 55 2 50 Selzer, Beck 08/10-12/10 18"
d332194b-cfd1-4e6f-951c-40b2543febd5,2627,https://schedule.vcccd.edu/,2026-04-13T19:51:05.288828+00:00,"OPEN 71531 3.0 R 07:00pm - 08:15pm Ventura Environmntl&Const Tech 7 28 2 26 Selzer, Beck 08/10-12/10 18"
ed2c04dc-d685-49aa-b49f-61b4c847190a,2628,https://schedule.vcccd.edu/,2026-04-13T19:51:05.288828+00:00,R 07:00pm - 08:15pm
99dba9ad-28b8-4e23-aa6d-18e9ef16df6f,2629,https://schedule.vcccd.edu/,2026-04-13T19:51:05.288828+00:00,& Distance Education Class: Click CRN for requirements. Ventura Online (Canvas) 08/10-12/10
fd2c7902-ff28-490c-8afa-f37bc719d3f3,2630,https://schedule.vcccd.edu/,2026-04-13T19:51:05.288828+00:00,"OPEN 71540 3.0 R 05:30pm - 06:45pm Ventura Environmntl&Const Tech 7 28 2 26 Selzer, Beck 08/10-12/10 18"
80b4ea55-ec19-42f1-8bc1-510bdae526aa,2631,https://schedule.vcccd.edu/,2026-04-13T19:51:05.288828+00:00,R 05:30pm - 06:45pm
07026254-ce1a-4ba3-9608-3429212d1251,2632,https://schedule.vcccd.edu/,2026-04-13T19:51:05.288828+00:00,& Distance Education Class: Click CRN for requirements. Ventura Online (Canvas) 08/10-12/10
0c0e2ee3-c274-46db-a05d-6ee62d6cc326,2633,https://schedule.vcccd.edu/,2026-04-13T19:51:05.288828+00:00,"OPEN 71552 3.0 M W 05:30pm - 06:45pm Ventura Environmntl&Const Tech 7 28 0 28 Villafana, Donald 08/10-12/10 18"
4590a672-8b1a-4c96-bc00-0a4cbbdbf313,2634,https://schedule.vcccd.edu/,2026-04-13T19:51:05.288828+00:00,M W 05:30pm - 06:45pm
c3ec35ae-95c1-4710-94b4-46ca73afeca9,2635,https://schedule.vcccd.edu/,2026-04-13T19:51:05.288828+00:00,"OPEN 72061 3.0 T 05:30pm - 06:45pm Ventura Environmntl&Const Tech 7 28 0 28 Selzer, Beck 08/10-12/10 18"
09ed7066-ab7a-4a74-9c0d-7ce23842d037,2636,https://schedule.vcccd.edu/,2026-04-13T19:51:05.288828+00:00,T 05:30pm - 06:45pm
9df871c3-5308-4593-b310-9290e73a568d,2637,https://schedule.vcccd.edu/,2026-04-13T19:51:05.288828+00:00,& Distance Education Class: Click CRN for requirements. Ventura Online (Canvas) 08/10-12/10
67cc3808-815a-4517-8ffd-5172d7596249,2638,https://schedule.vcccd.edu/,2026-04-13T19:51:05.288828+00:00,"OPEN 79039 3.0 W 07:00pm - 09:50pm Ventura Environmntl&Const Tech 7 28 0 28 Fiske, Timothy 08/10-12/10 18"
d09e0df0-547e-4fc7-89fb-aae2420b988a,2639,https://schedule.vcccd.edu/,2026-04-13T19:51:05.288828+00:00,W 07:00pm - 09:50pm
6bbd0950-f210-4a06-9f30-ce7b5122eae8,2640,https://schedule.vcccd.edu/,2026-04-13T19:51:05.288828+00:00,"OPEN 71113 3.0 M 07:00pm - 09:50pm Ventura Environmntl&Const Tech 7 28 2 26 McLaughlin, Dan 08/10-12/10 18"
b82583d0-ac86-4ad9-9009-628f21a214e3,2641,https://schedule.vcccd.edu/,2026-04-13T19:51:05.288828+00:00,M 07:00pm - 09:50pm
6e57cc9e-a9a1-4acc-b36f-ed4754ca908c,2642,https://schedule.vcccd.edu/,2026-04-13T19:51:05.288828+00:00,"OPEN 70418 3.0 T 07:00pm - 08:15pm Ventura Environmntl&Const Tech 7 28 2 26 Selzer, Beck 08/10-12/10 18"
e1028e81-f977-4401-97ff-eda84b749f90,2643,https://schedule.vcccd.edu/,2026-04-13T19:51:05.288828+00:00,T 07:00pm - 08:15pm
4d31bfff-ef19-41d8-800d-6f827adc5f39,2644,https://schedule.vcccd.edu/,2026-04-13T19:51:05.288828+00:00,& Distance Education Class: Click CRN for requirements. Ventura Online (Canvas) 08/10-12/10
9db32cdf-f97c-4fdd-bde0-15a915220d06,2645,https://schedule.vcccd.edu/,2026-04-13T19:51:05.288828+00:00,"OPEN 71924 Pre/Coreq 4. 13.50 HRS/WK TO BE ARRANGED TBA 5 0 5 Selzer, Beck 08/17-12/03 16"
a49d1ac9-abe9-47f3-8393-88abfdf0239e,2646,https://schedule.vcccd.edu/,2026-04-13T19:51:05.288828+00:00,"OPEN 71929 Pre/Coreq 3. 10.25 HRS/WK TO BE ARRANGED TBA 5 0 5 Selzer, Beck 08/17-12/03 16"
f7278bb0-7086-45b1-b56a-2521f82126d9,2647,https://schedule.vcccd.edu/,2026-04-13T19:51:05.288828+00:00,"OPEN 71978 Pre/Coreq 3.0 R 09:30am - 12:20pm Oxnard Letters & Science 13 24 4 20 Najarian, Raffi 08/10-12/10 18"
f63ec8d1-69b8-4159-ac17-7860aed2576b,2648,https://schedule.vcccd.edu/,2026-04-13T19:51:05.288828+00:00,R 09:30am - 12:20pm
4879f9e8-ebfd-492b-8297-16ab5bccc03f,2649,https://schedule.vcccd.edu/,2026-04-13T19:51:05.288828+00:00,& Requires co-enrollment in DA R011 and DA R012 and DA R013 and DA R014 and DA R015
09d00cf6-c168-4d78-a605-a5d1bc119ba4,2650,https://schedule.vcccd.edu/,2026-04-13T19:51:05.288828+00:00,"OPEN 71982 Pre/Coreq 3.0 F 08:00am - 09:50am Oxnard Dental Hygiene 1 12 0 12 Najarian, Raffi 08/10-12/10 18"
eaea13ff-765b-4bc5-9b0f-8dc6e20848e5,2651,https://schedule.vcccd.edu/,2026-04-13T19:51:05.288828+00:00,F 08:00am - 09:50am
38debd6e-816f-4082-bcfa-986a4ab6464b,2652,https://schedule.vcccd.edu/,2026-04-13T19:51:05.288828+00:00,& F 02:00pm - 04:50pm Oxnard Dental Hygiene 2 08/10-12/10
84b9fd92-f223-4693-aeea-51593c2d5d30,2653,https://schedule.vcccd.edu/,2026-04-13T19:51:05.288828+00:00,F 02:00pm - 04:50pm
eba0673d-8413-45a9-b751-ecc2e533e361,2654,https://schedule.vcccd.edu/,2026-04-13T19:51:05.288828+00:00,& Requires co-enrollment in DA R010 and DA R012 and DA R013 and DA R014 and DA R015
4a0e4691-7075-4ddf-8232-84c7f9d2564e,2655,https://schedule.vcccd.edu/,2026-04-13T19:51:05.288828+00:00,"OPEN 71981 Pre/Coreq 3.0 F 08:00am - 09:50am Oxnard Dental Hygiene 1 12 4 8 Najarian, Raffi 08/10-12/10 18"
725175be-4e60-46d1-abaa-6b52b94e66ba,2656,https://schedule.vcccd.edu/,2026-04-13T19:51:05.288828+00:00,F 08:00am - 09:50am
bc873b07-d1f4-4e50-ba1c-206a286fe229,2657,https://schedule.vcccd.edu/,2026-04-13T19:51:05.288828+00:00,& F 10:00am - 12:50pm Oxnard Dental Hygiene 2 08/10-12/10
99d2aaab-1eff-4950-8615-17c979898746,2658,https://schedule.vcccd.edu/,2026-04-13T19:51:05.288828+00:00,F 10:00am - 12:50pm
8a79ca66-c80e-4f97-8803-a28fba7d07fb,2659,https://schedule.vcccd.edu/,2026-04-13T19:51:05.288828+00:00,& Requires co-enrollment in DA R010 and DA R012 and DA R013 and DA R014 and DA R015
0521dc19-3962-4bbb-a021-e96caea0adb5,2660,https://schedule.vcccd.edu/,2026-04-13T19:51:05.288828+00:00,"OPEN 72004 Pre/Coreq 3.0 S 11:00am - 12:50pm Oxnard Dental Hygiene 1 24 4 20 Najarian, Raffi 08/08-12/10 15"
a2eaf07e-6027-414f-845b-a181789ce3e3,2661,https://schedule.vcccd.edu/,2026-04-13T19:51:05.288828+00:00,S 11:00am - 12:50pm
02f2add5-1724-46c9-bead-b2680a2766d0,2662,https://schedule.vcccd.edu/,2026-04-13T19:51:05.288828+00:00,& S 02:00pm - 04:50pm Oxnard Dental Hygiene 2 08/08-12/10
5fa8e439-840c-4b5e-86de-01d1052f9477,2663,https://schedule.vcccd.edu/,2026-04-13T19:51:05.288828+00:00,S 02:00pm - 04:50pm
ecd8c3b6-dde1-4d22-86b1-a2abb3665a19,2664,https://schedule.vcccd.edu/,2026-04-13T19:51:05.288828+00:00,& Requires co-enrollment in DA R010 and DA R011 and DA R013 and DA R014 and DA R015
bc09bb9b-3809-4e13-ae4d-9ff883fc8178,2665,https://schedule.vcccd.edu/,2026-04-13T19:51:05.288828+00:00,"OPEN 72162 Pre/Coreq 1.0 R 01:30pm - 02:20pm Oxnard Dental Hygiene 1 24 4 20 Burke, Janice 08/10-12/10 18"
a1f4d303-63a4-4b49-9101-1a70b6b7ecb3,2666,https://schedule.vcccd.edu/,2026-04-13T19:51:05.288828+00:00,R 01:30pm - 02:20pm
8f49ce02-e15c-474a-9253-cb807f58b290,2667,https://schedule.vcccd.edu/,2026-04-13T19:51:05.288828+00:00,& Requires co-enrollment in DA R010 and DA R011 and DA R012 and DA R014 and DA R015
89b74830-6f4f-4776-bc85-42002e9bf4e2,2668,https://schedule.vcccd.edu/,2026-04-13T19:51:05.288828+00:00,"OPEN 72249 Pre/Coreq 2.0 F 10:00am - 12:50pm Oxnard Dental Hygiene 2 12 0 12 Burke, Janice 08/10-12/10 18"
3163da24-41bc-49cf-9db7-8aef784a6143,2669,https://schedule.vcccd.edu/,2026-04-13T19:51:05.288828+00:00,F 10:00am - 12:50pm
aff2c189-082c-42c0-860d-cdc0a5f33eb4,2670,https://schedule.vcccd.edu/,2026-04-13T19:51:05.288828+00:00,& R 02:30pm - 05:20pm Oxnard Dental Hygiene 1 08/10-12/10
5f1cac44-f4b1-43cc-98b1-f16d943d324e,2671,https://schedule.vcccd.edu/,2026-04-13T19:51:05.288828+00:00,R 02:30pm - 05:20pm
814d491e-86d8-4b76-bee5-83d700c80b79,2672,https://schedule.vcccd.edu/,2026-04-13T19:51:05.288828+00:00,& Requires co-enrollment in DA R010 and DA R011 and DA R012 and DA R013 and DA R015
1a676a42-51ed-4dbb-b68b-2510a1a85fc5,2673,https://schedule.vcccd.edu/,2026-04-13T19:51:05.288828+00:00,"OPEN 72262 Pre/Coreq 2.0 F 02:00pm - 04:50pm Oxnard Dental Hygiene 2 12 4 8 Najarian, Raffi 08/10-12/10 18"
3f5b26c2-072d-4186-bc55-3326fcfb36c6,2674,https://schedule.vcccd.edu/,2026-04-13T19:51:05.288828+00:00,F 02:00pm - 04:50pm
f7f1a9f3-749b-490d-b45c-9b9261ab1323,2675,https://schedule.vcccd.edu/,2026-04-13T19:51:05.288828+00:00,& R 02:30pm - 05:20pm Oxnard Dental Hygiene 1 08/10-12/10
50e1eb50-6cd8-4fd8-a562-9af8fe39c063,2676,https://schedule.vcccd.edu/,2026-04-13T19:51:05.288828+00:00,R 02:30pm - 05:20pm
3edb213b-404d-4c6a-8df9-d87d55d4b3ac,2677,https://schedule.vcccd.edu/,2026-04-13T19:51:05.288828+00:00,& Requires co-enrollment in DA R010 and DA R011 and DA R012 and DA R013 and DA R015
45725737-1515-4a96-b99d-cf42881a205a,2678,https://schedule.vcccd.edu/,2026-04-13T19:51:05.288828+00:00,"OPEN 72584 Pre/Coreq 2.0 S 08:00am - 10:50am Oxnard Dental Hygiene 1 24 4 20 Najarian, Raffi 08/08-12/10 15"
0d02459f-8406-48ff-bd75-bf6bbe7e0f49,2679,https://schedule.vcccd.edu/,2026-04-13T19:51:05.288828+00:00,S 08:00am - 10:50am
0744ff38-8286-48c3-a6c1-a137b20240f8,2680,https://schedule.vcccd.edu/,2026-04-13T19:51:05.288828+00:00,& R 08:30am - 09:20am Oxnard Letters & Science 13 08/08-12/10
79ea7e77-88cc-4ba5-ab92-eb89ae595a3f,2681,https://schedule.vcccd.edu/,2026-04-13T19:51:05.288828+00:00,R 08:30am - 09:20am
3f77ddd2-45c3-41e7-b633-58c4d91de734,2682,https://schedule.vcccd.edu/,2026-04-13T19:51:05.288828+00:00,& Requires co-enrollment in DA R010 and DA R011 and DA R012 and DA R013 and DA R014
e59dcafe-180c-4417-bb55-1d3f8f67e6f9,2683,https://schedule.vcccd.edu/,2026-04-13T19:51:05.288828+00:00,"OPEN 70322 3.0 Distance Education Class: Click CRN for requirements. Moorpark Online (Canvas) 50 0 50 Megill, Beth 08/10-12/10 18"
6229beec-e63b-4cdb-bb5e-6b2fb3024667,2684,https://schedule.vcccd.edu/,2026-04-13T19:51:05.288828+00:00,"OPEN 71300 3.0 Distance Education Class: Click CRN for requirements. Moorpark Online (Canvas) 50 0 50 Megill, Beth 08/10-12/10 18"
f458be69-1a26-4e42-bef9-1b7ca1bbbf59,2685,https://schedule.vcccd.edu/,2026-04-13T19:51:05.288828+00:00,"OPEN 73271 3.0 Distance Education Class: Click CRN for requirements. Moorpark Online (Canvas) 50 0 50 Salas, Robert 10/12-12/03 8"
982d84b2-f0d5-4fb4-b703-8b4924ee5d88,2686,https://schedule.vcccd.edu/,2026-04-13T19:51:05.288828+00:00,"OPEN 72010 3.0 Distance Education Class: Click CRN for requirements. Moorpark Online (Canvas) 50 2 48 Megill, Beth 08/10-10/02 8"
443e17cf-bdf9-4f37-b5d1-01dadece93b4,2687,https://schedule.vcccd.edu/,2026-04-13T19:51:05.288828+00:00,"OPEN 71582 2.0 T R 08:00am - 09:50am Performing Arts 107 30 0 30 Salas, Robert 08/10-12/10 18"
49c5c07b-b364-490c-b0d2-046f9d763e8a,2688,https://schedule.vcccd.edu/,2026-04-13T19:51:05.288828+00:00,T R 08:00am - 09:50am
e2d3fb3e-ff99-45b5-8cf0-2889022b12b2,2689,https://schedule.vcccd.edu/,2026-04-13T19:51:05.288828+00:00,"OPEN 73590 2.0 T R 08:00am - 09:50am Performing Arts 107 42 0 42 Salas, Robert 08/10-12/10 18"
1caa3db0-adfa-4b8b-ae1b-824e63ed535c,2690,https://schedule.vcccd.edu/,2026-04-13T19:51:05.288828+00:00,T R 08:00am - 09:50am
95f5ee90-a294-4737-9707-103e4cdebdb3,2691,https://schedule.vcccd.edu/,2026-04-13T19:51:05.288828+00:00,"OPEN 70029 2.0 T R 10:00am - 11:50am Performing Arts 107 30 0 30 Goldes, Vivian 08/10-12/10 18"
c259d613-be79-49cd-a787-549b4e1e01e7,2692,https://schedule.vcccd.edu/,2026-04-13T19:51:05.288828+00:00,T R 10:00am - 11:50am
95d19093-cf17-470f-83c5-7a206d655e98,2693,https://schedule.vcccd.edu/,2026-04-13T19:51:05.288828+00:00,"OPEN 70120 Pre/Coreq 2.0 T R 10:00am - 11:50am Performing Arts 107 30 0 30 Goldes, Vivian 08/10-12/10 18"
e6a6fd51-8b7a-4f99-b008-24cc5c603c90,2694,https://schedule.vcccd.edu/,2026-04-13T19:51:05.288828+00:00,T R 10:00am - 11:50am
d7f14777-5e37-4070-847c-fbbfbe33e1ce,2695,https://schedule.vcccd.edu/,2026-04-13T19:51:05.288828+00:00,"OPEN 70158 Pre/Coreq 2.0 T R 10:00am - 11:50am Performing Arts 107 30 0 30 Goldes, Vivian 08/10-12/10 18"
803c5634-93bd-41f0-9df9-d9d338d99c16,2696,https://schedule.vcccd.edu/,2026-04-13T19:51:05.288828+00:00,T R 10:00am - 11:50am
7634ffdf-ef2c-4c67-a1f9-f8d9a9004da5,2697,https://schedule.vcccd.edu/,2026-04-13T19:51:05.288828+00:00,"OPEN 70297 2.0 M W 10:00am - 11:50am Performing Arts 107 42 0 42 Megill, Beth 08/10-12/10 18"
3647905d-3d65-4cb0-91b9-31484872b8c1,2698,https://schedule.vcccd.edu/,2026-04-13T19:51:05.288828+00:00,M W 10:00am - 11:50am
171e1e1f-0a14-427c-a76f-292007f19a45,2699,https://schedule.vcccd.edu/,2026-04-13T19:51:05.288828+00:00,"OPEN 73045 2.0 M W 10:00am - 11:50am Performing Arts 107 42 0 42 Megill, Beth 08/10-12/10 18"
6c9a65e2-ba37-4110-a211-881542d1e5c2,2700,https://schedule.vcccd.edu/,2026-04-13T19:51:05.288828+00:00,M W 10:00am - 11:50am
83383354-271a-4ca3-b46f-c360beab6892,2701,https://schedule.vcccd.edu/,2026-04-13T19:51:05.288828+00:00,"OPEN 71637 Pre/Coreq 2.0 M W 10:00am - 11:50am Performing Arts 107 42 0 42 Megill, Beth 08/10-12/10 18"
22a0fd3c-6562-43d1-a695-31f16a164143,2702,https://schedule.vcccd.edu/,2026-04-13T19:51:05.288828+00:00,M W 10:00am - 11:50am
8834b76d-38b5-4127-b195-467f97c06319,2703,https://schedule.vcccd.edu/,2026-04-13T19:51:05.288828+00:00,"OPEN 71650 Pre/Coreq 2.0 M W 10:00am - 11:50am Performing Arts 107 42 0 42 Megill, Beth 08/10-12/10 18"
c204d789-695e-4a6c-a5f5-120cdff5c532,2704,https://schedule.vcccd.edu/,2026-04-13T19:51:05.288828+00:00,M W 10:00am - 11:50am
d65d5bbe-0463-41ff-8693-90a5f3826190,2705,https://schedule.vcccd.edu/,2026-04-13T19:51:05.288828+00:00,"OPEN 73242 2.0 T R 04:00pm - 05:50pm Performing Arts 107 42 0 42 Goldes, Vivian 08/10-12/10 18"
46595c65-5481-48d0-94b9-b5f4ab5a501e,2706,https://schedule.vcccd.edu/,2026-04-13T19:51:05.288828+00:00,T R 04:00pm - 05:50pm
b02753a0-e255-4599-bd20-0579712f2eac,2707,https://schedule.vcccd.edu/,2026-04-13T19:51:05.288828+00:00,"OPEN 70803 Pre/Coreq 2.0 T R 04:00pm - 05:50pm Performing Arts 107 42 0 42 Goldes, Vivian 08/10-12/10 18"
5b3909e6-490b-4a93-bd29-3c57497d1da7,2708,https://schedule.vcccd.edu/,2026-04-13T19:51:05.288828+00:00,T R 04:00pm - 05:50pm
3ba675a7-18ae-4ac5-95ea-4fb25086e46f,2709,https://schedule.vcccd.edu/,2026-04-13T19:51:05.288828+00:00,"OPEN 71979 Pre/Coreq 2.0 T R 04:00pm - 05:50pm Performing Arts 107 42 0 42 Goldes, Vivian 08/10-12/10 18"
46c327d7-d38b-4387-b267-89fbfd230521,2710,https://schedule.vcccd.edu/,2026-04-13T19:51:05.288828+00:00,T R 04:00pm - 05:50pm
7d7c3c4c-c0a0-48b8-a895-1762c51b7235,2711,https://schedule.vcccd.edu/,2026-04-13T19:51:05.288828+00:00,"OPEN 71029 Pre/Coreq 2.0 T R 04:00pm - 05:50pm Performing Arts 107 42 0 42 Goldes, Vivian 08/10-12/10 18"
42ca26e2-dc6a-4e12-87bf-02190c320d91,2712,https://schedule.vcccd.edu/,2026-04-13T19:51:05.288828+00:00,T R 04:00pm - 05:50pm
b0b4acd7-b748-49c4-b7e6-768a408a70b1,2713,https://schedule.vcccd.edu/,2026-04-13T19:51:05.288828+00:00,"OPEN 70512 1.5 M 12:00pm - 01:50pm Performing Arts 107 42 0 42 Megill, Beth 08/10-12/10 18"
39768301-9271-40c6-8a44-880c204a8262,2714,https://schedule.vcccd.edu/,2026-04-13T19:51:05.288828+00:00,M 12:00pm - 01:50pm
36c217b5-7a94-481c-affa-8face7596a6f,2715,https://schedule.vcccd.edu/,2026-04-13T19:51:05.288828+00:00,& W 12:00pm - 01:15pm Performing Arts 107 08/10-12/10
bfcc3d8f-d87c-444e-8433-606c5c758602,2716,https://schedule.vcccd.edu/,2026-04-13T19:51:05.288828+00:00,W 12:00pm - 01:15pm
522078cd-b647-4fe6-8eb8-f6b1eba536ed,2717,https://schedule.vcccd.edu/,2026-04-13T19:51:05.288828+00:00,"OPEN 71142 1.5 M 12:00pm - 01:50pm Performing Arts 107 42 0 42 Megill, Beth 08/10-12/10 18"
b805c11f-c320-45d7-8390-ab6ebb51b864,2718,https://schedule.vcccd.edu/,2026-04-13T19:51:05.288828+00:00,M 12:00pm - 01:50pm
fe0ad328-078a-43de-be61-27cdc1b94a3d,2719,https://schedule.vcccd.edu/,2026-04-13T19:51:05.288828+00:00,& W 12:00pm - 01:15pm Performing Arts 107 08/10-12/10
caf43de5-e658-47f8-9090-b59fc4a7ff2a,2720,https://schedule.vcccd.edu/,2026-04-13T19:51:05.288828+00:00,W 12:00pm - 01:15pm
b407b1f1-c617-4bc8-b90c-06cd99f58fda,2721,https://schedule.vcccd.edu/,2026-04-13T19:51:05.288828+00:00,"OPEN 70919 Pre/Coreq 1.5 M 12:00pm - 01:50pm Performing Arts 107 42 0 42 Megill, Beth 08/10-12/10 18"
bccc3ef2-a285-4bb3-8f11-978e90f8b8d6,2722,https://schedule.vcccd.edu/,2026-04-13T19:51:05.288828+00:00,M 12:00pm - 01:50pm
d36d4972-c54d-405e-af89-0f6a9705321c,2723,https://schedule.vcccd.edu/,2026-04-13T19:51:05.288828+00:00,& W 12:00pm - 01:15pm Performing Arts 107 08/10-12/10
2b6bc3f7-a92c-440a-b524-c8afe8d5e2c6,2724,https://schedule.vcccd.edu/,2026-04-13T19:51:05.288828+00:00,W 12:00pm - 01:15pm
d1765ad2-e696-403c-bbf3-70a41d452b97,2725,https://schedule.vcccd.edu/,2026-04-13T19:51:05.288828+00:00,"OPEN 71038 Pre/Coreq 1.5 M 12:00pm - 01:50pm Performing Arts 107 42 0 42 Megill, Beth 08/10-12/10 18"
d54a24fd-54a0-4a12-b746-fc7161a8dfc1,2726,https://schedule.vcccd.edu/,2026-04-13T19:51:05.288828+00:00,M 12:00pm - 01:50pm
5ab46088-e176-4667-8c2a-e42416e8dd3d,2727,https://schedule.vcccd.edu/,2026-04-13T19:51:05.288828+00:00,& W 12:00pm - 01:15pm Performing Arts 107 08/10-12/10
ee9b8b81-adb5-44ce-95e9-d9c7076517d5,2728,https://schedule.vcccd.edu/,2026-04-13T19:51:05.288828+00:00,W 12:00pm - 01:15pm
bc8964b6-f9eb-4fea-b8da-3d77d542e194,2729,https://schedule.vcccd.edu/,2026-04-13T19:51:05.288828+00:00,"OPEN 70614 2.0 T R 01:00pm - 02:50pm Performing Arts 107 20 0 20 Megill, Beth 08/10-12/10 18"
066b3d85-c645-4f69-8132-8a11960cec0a,2730,https://schedule.vcccd.edu/,2026-04-13T19:51:05.288828+00:00,T R 01:00pm - 02:50pm
0c112de0-9637-491c-b3e9-62fe38dc3dc4,2731,https://schedule.vcccd.edu/,2026-04-13T19:51:05.288828+00:00,"OPEN 72685 Pre/Coreq 2.0 T R 01:00pm - 02:50pm Performing Arts 107 20 0 20 Megill, Beth 08/10-12/10 18"
98d23535-8b93-414e-bb29-8459d09f1389,2732,https://schedule.vcccd.edu/,2026-04-13T19:51:05.288828+00:00,T R 01:00pm - 02:50pm
d644fe78-4051-4848-9feb-7836bde42bb0,2733,https://schedule.vcccd.edu/,2026-04-13T19:51:05.288828+00:00,"OPEN 70131 1.5 T 07:00pm - 09:50pm Performing Arts 107 50 0 50 Baity, Wendi 08/10-12/10 18"
60e43793-3f32-48b2-aadd-62aec88793c3,2734,https://schedule.vcccd.edu/,2026-04-13T19:51:05.288828+00:00,T 07:00pm - 09:50pm
62dd9e8f-e0f0-4526-96be-0aaf811e4fbb,2735,https://schedule.vcccd.edu/,2026-04-13T19:51:05.288828+00:00,"OPEN 71553 1.5 T 07:00pm - 09:50pm Performing Arts 107 50 0 50 Baity, Wendi 08/10-12/10 18"
60aa38ba-59a7-4b71-9a78-0f2aa50e7a43,2736,https://schedule.vcccd.edu/,2026-04-13T19:51:05.288828+00:00,T 07:00pm - 09:50pm
7e5ed80e-3ef6-4cef-acaf-a4684732501a,2737,https://schedule.vcccd.edu/,2026-04-13T19:51:05.288828+00:00,"OPEN 71088 1.5 T 07:00pm - 09:50pm Performing Arts 107 50 0 50 Baity, Wendi 08/10-12/10 18"
0e5b4768-eb52-40c8-a5f4-5af473bb1b11,2738,https://schedule.vcccd.edu/,2026-04-13T19:51:05.288828+00:00,T 07:00pm - 09:50pm
b084583b-f87b-4f09-9fee-b9c7c0ab7420,2739,https://schedule.vcccd.edu/,2026-04-13T19:51:05.288828+00:00,"OPEN 71265 1.5 T 07:00pm - 09:50pm Performing Arts 107 50 0 50 Baity, Wendi 08/10-12/10 18"
fbb099b4-c934-4d29-a688-183e60691507,2740,https://schedule.vcccd.edu/,2026-04-13T19:51:05.288828+00:00,T 07:00pm - 09:50pm
684a690e-b970-415e-ba25-9df173314d66,2741,https://schedule.vcccd.edu/,2026-04-13T19:51:05.288828+00:00,"OPEN 70352 2.0 M W 08:00am - 09:50am Performing Arts 107 20 0 20 Salas, Robert 08/10-12/10 18"
16473cd2-8063-4ac6-827d-c7e1ad61897e,2742,https://schedule.vcccd.edu/,2026-04-13T19:51:05.288828+00:00,M W 08:00am - 09:50am
f10cc53b-dbab-44fa-972a-af9ee16f1fb2,2743,https://schedule.vcccd.edu/,2026-04-13T19:51:05.288828+00:00,"OPEN 70108 2.0 M W 08:00am - 09:50am Performing Arts 107 20 0 20 Salas, Robert 08/10-12/10 18"
8c29493e-90be-4f68-8190-68f0a9e380f3,2744,https://schedule.vcccd.edu/,2026-04-13T19:51:05.288828+00:00,M W 08:00am - 09:50am
60e3d998-8cb8-437e-b9ab-2b3620d84a34,2745,https://schedule.vcccd.edu/,2026-04-13T19:51:05.288828+00:00,"OPEN 70528 Pre/Coreq 2.0 M W 08:00am - 09:50am Performing Arts 107 20 0 20 Salas, Robert 08/10-12/10 18"
40eb0298-6366-4169-811c-56f5155ae6fe,2746,https://schedule.vcccd.edu/,2026-04-13T19:51:05.288828+00:00,M W 08:00am - 09:50am
0e5644f5-d853-450e-ac16-b4d3b5d98710,2747,https://schedule.vcccd.edu/,2026-04-13T19:51:05.288828+00:00,"OPEN 71683 2.0 T R 01:00pm - 02:15pm Performing Arts 107 20 0 20 Megill, Beth 08/10-12/10 18"
f02b30c7-b243-4591-be8d-01133dd009cb,2748,https://schedule.vcccd.edu/,2026-04-13T19:51:05.288828+00:00,T R 01:00pm - 02:15pm
c783c368-dc55-4a14-8908-64a49e93a10b,2749,https://schedule.vcccd.edu/,2026-04-13T19:51:05.288828+00:00,& Distance Education Class: Click CRN for requirements. Moorpark Online (Canvas) 08/10-12/10
d4b4c9fd-58d0-4f70-af82-e0b52bc9d81c,2750,https://schedule.vcccd.edu/,2026-04-13T19:51:05.288828+00:00,"OPEN 71826 2.0 T R 01:00pm - 02:15pm Performing Arts 107 20 0 20 Megill, Beth 08/10-12/10 18"
3182bf4f-2038-444d-bb51-a104a0cc758e,2751,https://schedule.vcccd.edu/,2026-04-13T19:51:05.288828+00:00,T R 01:00pm - 02:15pm
e3b2ce9e-11b9-4a0a-b00d-77361c5be721,2752,https://schedule.vcccd.edu/,2026-04-13T19:51:05.288828+00:00,& Distance Education Class: Click CRN for requirements. Moorpark Online (Canvas) 08/10-12/10
d91f96bd-118d-4689-8ed3-b94bf1ce3363,2753,https://schedule.vcccd.edu/,2026-04-13T19:51:05.288828+00:00,"OPEN 71693 Pre/Coreq 2.0 T R 01:00pm - 02:15pm Performing Arts 107 20 0 20 Megill, Beth 08/10-12/10 18"
85f5cd14-ddf9-4d29-9d6a-9fdb1ac355fb,2754,https://schedule.vcccd.edu/,2026-04-13T19:51:05.288828+00:00,T R 01:00pm - 02:15pm
82b36988-088a-4c94-a441-c53f73f8c430,2755,https://schedule.vcccd.edu/,2026-04-13T19:51:05.288828+00:00,& Distance Education Class: Click CRN for requirements. Moorpark Online (Canvas) 08/10-12/10
d763d99f-1dc6-41c9-b0cd-d081c53f414c,2756,https://schedule.vcccd.edu/,2026-04-13T19:51:05.288828+00:00,"OPEN 72317 1.5 R 06:00pm - 08:50pm Performing Arts 107 35 0 35 Rawles, Dennon 08/10-12/10 18"
767deeae-a9a6-446f-a353-6c636e8636e4,2757,https://schedule.vcccd.edu/,2026-04-13T19:51:05.288828+00:00,R 06:00pm - 08:50pm
49e45767-e4b9-4ada-9786-10fdabfc44aa,2758,https://schedule.vcccd.edu/,2026-04-13T19:51:05.288828+00:00,"OPEN 72320 Pre/Coreq 1.5 R 06:00pm - 08:50pm Performing Arts 107 35 0 35 Rawles, Dennon 08/10-12/10 18"
c40730af-3a04-4c5e-8d9a-24fa55a840f0,2759,https://schedule.vcccd.edu/,2026-04-13T19:51:05.288828+00:00,R 06:00pm - 08:50pm
364d4917-6e20-4dcc-9117-5922e5134291,2760,https://schedule.vcccd.edu/,2026-04-13T19:51:05.288828+00:00,"OPEN 73238 Pre/Coreq 1.5 R 06:00pm - 08:15pm Performing Arts 107 35 0 35 Rawles, Dennon 08/10-12/10 18"
a491efa7-b1c1-46c4-96cf-90a0cbf1469d,2761,https://schedule.vcccd.edu/,2026-04-13T19:51:05.288828+00:00,R 06:00pm - 08:15pm
18f5edc0-ff12-40f3-b16f-26d625e5391a,2762,https://schedule.vcccd.edu/,2026-04-13T19:51:05.288828+00:00,"OPEN 73246 Pre/Coreq 1.5 R 06:00pm - 08:15pm Performing Arts 107 35 0 35 Rawles, Dennon 08/10-12/10 18"
b5ca30bb-0064-4e74-8146-1a49eeb860d6,2763,https://schedule.vcccd.edu/,2026-04-13T19:51:05.288828+00:00,R 06:00pm - 08:15pm
c23b580b-6262-4b1c-8e58-8b6371f1d6f3,2764,https://schedule.vcccd.edu/,2026-04-13T19:51:05.288828+00:00,"OPEN 70798 2.0 F 08:30am - 01:20pm Performing Arts 107 42 0 42 Goldes, Vivian 08/24-12/03 15"
fb74e438-5dc6-4c3e-a8ef-943cb5074c4c,2765,https://schedule.vcccd.edu/,2026-04-13T19:51:05.288828+00:00,F 08:30am - 01:20pm
59468f69-afd1-4ebe-b5fd-3592b711bceb,2766,https://schedule.vcccd.edu/,2026-04-13T19:51:05.288828+00:00,"OPEN 71848 Pre/Coreq 2.0 F 08:30am - 03:45pm Performing Arts 107 42 0 42 Goldes, Vivian 08/24-12/03 15"
13ed32a6-472d-47c3-bf5a-bb38636aee88,2767,https://schedule.vcccd.edu/,2026-04-13T19:51:05.288828+00:00,F 08:30am - 03:45pm
84f90c11-ef0c-4872-987e-bbec32899cb0,2768,https://schedule.vcccd.edu/,2026-04-13T19:51:05.288828+00:00,"OPEN 72375 Pre/Coreq 2.0 F 08:30am - 03:45pm Performing Arts 107 42 0 42 Goldes, Vivian 08/24-12/03 15"
8e8974e1-4ed7-4c0e-81f0-c2ef10e7f6e0,2769,https://schedule.vcccd.edu/,2026-04-13T19:51:05.288828+00:00,F 08:30am - 03:45pm
e8bd6974-5913-498c-b3bf-f77c8ead865f,2770,https://schedule.vcccd.edu/,2026-04-13T19:51:05.288828+00:00,"OPEN 72648 Pre/Coreq 2.0 F 08:30am - 03:45pm Performing Arts 107 42 0 42 Goldes, Vivian 08/24-12/03 15"
2a433c6b-937b-48ee-bb40-76e2260e198a,2771,https://schedule.vcccd.edu/,2026-04-13T19:51:05.288828+00:00,F 08:30am - 03:45pm
da27c2f0-0227-4e8e-a527-18f656f220c8,2772,https://schedule.vcccd.edu/,2026-04-13T19:51:05.288828+00:00,"OPEN 72651 Pre/Coreq 2.0 F 08:30am - 03:45pm Performing Arts 107 42 0 42 Goldes, Vivian 08/24-12/03 15"
4382c18f-a4b1-43cb-902d-477817a94449,2773,https://schedule.vcccd.edu/,2026-04-13T19:51:05.288828+00:00,F 08:30am - 03:45pm
39989732-5ed2-41bb-a135-212438ad0372,2774,https://schedule.vcccd.edu/,2026-04-13T19:51:05.288828+00:00,"OPEN 73153 Pre/Coreq 2.0 M W 04:00pm - 05:50pm Performing Arts 107 42 0 42 Salas, Robert 08/10-12/10 18"
0bbc6cf9-c838-4a52-b775-13c1ecaf91c4,2775,https://schedule.vcccd.edu/,2026-04-13T19:51:05.288828+00:00,M W 04:00pm - 05:50pm
c28fe12d-5a4a-4161-bcd7-576c5d05addf,2776,https://schedule.vcccd.edu/,2026-04-13T19:51:05.288828+00:00,"OPEN 70269 3.0 Distance Education Class: Click CRN for requirements. Oxnard Online (Canvas) 35 0 35 Barragan, Vanessa 08/24-12/10 16"
e203518b-51b7-4df9-a1ca-93781ae1d6fb,2777,https://schedule.vcccd.edu/,2026-04-13T19:51:05.288828+00:00,"OPEN 70475 2.0 T 05:30pm - 07:20pm Oxnard Physical Education 3 25 0 25 Ventura, Meredith 08/25-12/10 16"
103bbecc-4758-4a09-90f5-a8ef3b437c49,2778,https://schedule.vcccd.edu/,2026-04-13T19:51:05.288828+00:00,T 05:30pm - 07:20pm
549317f8-10bf-4f43-9e99-f7c822a00fad,2779,https://schedule.vcccd.edu/,2026-04-13T19:51:05.288828+00:00,& Distance Education Class: Click CRN for requirements. Oxnard Online (Canvas) 08/25-12/10
6d820600-957e-4f85-a436-6674a3f74628,2780,https://schedule.vcccd.edu/,2026-04-13T19:51:05.288828+00:00,"OPEN 71894 Pre/Coreq 2.0 T 05:30pm - 07:20pm Oxnard Physical Education 3 25 0 25 Ventura, Meredith 08/25-12/10 16"
00b3be2f-ee0e-4053-ac48-5ecb38ce0c00,2781,https://schedule.vcccd.edu/,2026-04-13T19:51:05.288828+00:00,T 05:30pm - 07:20pm
191555b1-a8a0-40e1-a572-b20f532646d3,2782,https://schedule.vcccd.edu/,2026-04-13T19:51:05.288828+00:00,& Distance Education Class: Click CRN for requirements. Oxnard Online (Canvas) 08/25-12/10
0c50b0c8-2ed7-4231-bd59-9e150df0517a,2783,https://schedule.vcccd.edu/,2026-04-13T19:51:05.288828+00:00,"OPEN 72512 2.0 R 05:30pm - 07:20pm Oxnard Physical Education 3 25 0 25 Barragan, Vanessa 08/27-12/10 16"
095c1219-142e-4cb1-b7a8-8bab81b9eafe,2784,https://schedule.vcccd.edu/,2026-04-13T19:51:05.288828+00:00,R 05:30pm - 07:20pm
4e873a32-e73b-4555-959e-505627ba237f,2785,https://schedule.vcccd.edu/,2026-04-13T19:51:05.288828+00:00,& Distance Education Class: Click CRN for requirements. Oxnard Online (Canvas) 08/27-12/10
61ebd69f-15e5-4872-9a0b-a1b15eaf2d5c,2786,https://schedule.vcccd.edu/,2026-04-13T19:51:05.288828+00:00,"OPEN 72517 2.0 R 05:30pm - 07:20pm Oxnard Physical Education 3 25 0 25 Barragan, Vanessa 08/27-12/10 16"
6323dc8a-2e35-435e-ac6d-08a194890be0,2787,https://schedule.vcccd.edu/,2026-04-13T19:51:05.288828+00:00,R 05:30pm - 07:20pm
6338c745-ccac-4266-9fef-82d241b03cb2,2788,https://schedule.vcccd.edu/,2026-04-13T19:51:05.288828+00:00,& Distance Education Class: Click CRN for requirements. Oxnard Online (Canvas) 08/27-12/10
923a54ce-07a4-4c49-8537-809c0dc5eb51,2789,https://schedule.vcccd.edu/,2026-04-13T19:51:05.288828+00:00,"OPEN 71733 2.0 R 05:30pm - 07:20pm Oxnard Physical Education 3 25 0 25 Barragan, Vanessa 08/27-12/10 16"
5dceb1fc-108e-4e3e-b305-38649e88d15f,2790,https://schedule.vcccd.edu/,2026-04-13T19:51:05.288828+00:00,R 05:30pm - 07:20pm
fd6b9afc-6041-4d09-be59-525b8b899443,2791,https://schedule.vcccd.edu/,2026-04-13T19:51:05.288828+00:00,& Distance Education Class: Click CRN for requirements. Oxnard Online (Canvas) 08/27-12/10
225f346d-a572-4e02-b044-e22abf1130ec,2792,https://schedule.vcccd.edu/,2026-04-13T19:51:05.288828+00:00,"OPEN 72792 2.0 R 05:30pm - 07:20pm Oxnard Physical Education 3 25 0 25 Barragan, Vanessa 08/27-12/10 16"
66120c37-96d9-4cd5-9f98-6f5e0368e8e0,2793,https://schedule.vcccd.edu/,2026-04-13T19:51:05.288828+00:00,R 05:30pm - 07:20pm
ae175def-ebad-441c-b842-d9e33d6e7dc1,2794,https://schedule.vcccd.edu/,2026-04-13T19:51:05.288828+00:00,& Distance Education Class: Click CRN for requirements. Oxnard Online (Canvas) 08/27-12/10
e1555cb2-908c-44dd-90fc-d950ce2bb948,2795,https://schedule.vcccd.edu/,2026-04-13T19:51:05.288828+00:00,"OPEN 71072 1.0 F 05:30pm - 07:20pm Oxnard Physical Education 3 25 0 25 Xiong, Julian 08/28-12/10 16"
a199d476-9135-498a-8cc1-c37aab101c05,2796,https://schedule.vcccd.edu/,2026-04-13T19:51:05.288828+00:00,F 05:30pm - 07:20pm
e3492db5-0ad4-4807-8902-bb8a9c10ef9d,2797,https://schedule.vcccd.edu/,2026-04-13T19:51:05.288828+00:00,& Distance Education Class: Click CRN for requirements. Oxnard Online (Canvas) 08/28-12/10
2d36bc38-086b-43c9-ac24-50ef854f0d27,2798,https://schedule.vcccd.edu/,2026-04-13T19:51:05.288828+00:00,"OPEN 72082 1.0 F 05:30pm - 07:20pm Oxnard Physical Education 3 25 0 25 Xiong, Julian 08/28-12/10 16"
d296ca42-cca2-4a51-b3df-bf614610d566,2799,https://schedule.vcccd.edu/,2026-04-13T19:51:05.288828+00:00,F 05:30pm - 07:20pm
e962bc06-ed81-4fc8-8a10-4532d524b7d5,2800,https://schedule.vcccd.edu/,2026-04-13T19:51:05.288828+00:00,& Distance Education Class: Click CRN for requirements. Oxnard Online (Canvas) 08/28-12/10
e0cdd9d2-a62a-4320-9455-afd4a67457a9,2801,https://schedule.vcccd.edu/,2026-04-13T19:51:05.288828+00:00,"OPEN 71312 3.0 Distance Education Class: Click CRN for requirements. Ventura Online (Canvas) 46 0 46 Marzec-Contreras, Becky 08/10-12/10 18"
acfbfe58-6d0a-4dcf-9e2b-bcf46b881d09,2802,https://schedule.vcccd.edu/,2026-04-13T19:51:05.288828+00:00,"OPEN 71528 3.0 Distance Education Class: Click CRN for requirements. Ventura Online (Canvas) 46 0 46 Guzman Gonzalez, Krenly 08/17-12/03 16"
f0e12320-c174-4225-94cc-e6d44cb84066,2803,https://schedule.vcccd.edu/,2026-04-13T19:51:05.288828+00:00,"OPEN 72180 3.0 Distance Education Class: Click CRN for requirements. Ventura Online (Canvas) 46 0 46 Redlich, Tobi 09/08-11/25 12"
268e4e73-6490-4453-937a-3dd83eb3fd10,2804,https://schedule.vcccd.edu/,2026-04-13T19:51:05.288828+00:00,"OPEN 73038 3.0 Distance Education Class: Click CRN for requirements. Ventura Online (Canvas) 46 0 46 Guzman Gonzalez, Krenly 10/05-11/25 8"
7691969d-1cd3-4ddd-8eaf-49bb0ddf0fa0,2805,https://schedule.vcccd.edu/,2026-04-13T19:51:05.288828+00:00,"OPEN 71370 3.0 Distance Education Class: Click CRN for requirements. Ventura Online (Canvas) 46 0 46 Marzec-Contreras, Becky 10/05-11/25 8"
38047139-0bc3-45ec-b85d-42b1d408f761,2806,https://schedule.vcccd.edu/,2026-04-13T19:51:05.288828+00:00,"OPEN 71307 2.0 T R 09:30am - 11:20am Ventura Athletic Event Center 102 30 0 30 Guzman Gonzalez, Krenly 08/17-12/03 16"
0ba81509-0756-4178-a51f-c3e8a0eedcdf,2807,https://schedule.vcccd.edu/,2026-04-13T19:51:05.288828+00:00,T R 09:30am - 11:20am
c6fe6587-f747-47f8-a5bf-3ad3c39cc6da,2808,https://schedule.vcccd.edu/,2026-04-13T19:51:05.288828+00:00,& Distance Education Class: Click CRN for requirements. Ventura Online (Canvas) 08/17-12/03
1b7b8351-6a4e-4bb4-8a20-479abf54fd8c,2809,https://schedule.vcccd.edu/,2026-04-13T19:51:05.288828+00:00,"OPEN 71340 2.0 T R 09:30am - 11:20am Ventura Athletic Event Center 102 30 0 30 Guzman Gonzalez, Krenly 08/17-12/03 16"
d08ae7b3-767c-4d9f-8dc8-c351218c3030,2810,https://schedule.vcccd.edu/,2026-04-13T19:51:05.288828+00:00,T R 09:30am - 11:20am
27c2ec7b-032b-41db-8e02-d046ad41c584,2811,https://schedule.vcccd.edu/,2026-04-13T19:51:05.288828+00:00,& Distance Education Class: Click CRN for requirements. Ventura Online (Canvas) 08/17-12/03
b78089ab-88e7-4bed-9789-1fe09ecf9645,2812,https://schedule.vcccd.edu/,2026-04-13T19:51:05.288828+00:00,"OPEN 71199 2.0 T R 09:30am - 11:20am Ventura Athletic Event Center 102 30 0 30 Guzman Gonzalez, Krenly 08/17-12/03 16"
983b12d0-1a0e-4103-b894-29bee0995978,2813,https://schedule.vcccd.edu/,2026-04-13T19:51:05.288828+00:00,T R 09:30am - 11:20am
06438aa7-67d8-49ff-96db-d089491d3604,2814,https://schedule.vcccd.edu/,2026-04-13T19:51:05.288828+00:00,& Distance Education Class: Click CRN for requirements. Ventura Online (Canvas) 08/17-12/03
644ffc48-3c7e-4b3c-8ae2-f37be5cb11ba,2815,https://schedule.vcccd.edu/,2026-04-13T19:51:05.288828+00:00,"OPEN 71538 2.0 T R 09:30am - 11:20am Ventura Athletic Event Center 102 30 0 30 Guzman Gonzalez, Krenly 08/17-12/03 16"
61415cd7-7610-477c-9349-c72343ea919a,2816,https://schedule.vcccd.edu/,2026-04-13T19:51:05.288828+00:00,T R 09:30am - 11:20am
a5f0f761-ef24-459f-b489-2c7fbf6cf47c,2817,https://schedule.vcccd.edu/,2026-04-13T19:51:05.288828+00:00,& Distance Education Class: Click CRN for requirements. Ventura Online (Canvas) 08/17-12/03
6eafcba6-6f7b-4c7d-a5a8-27c2f12b932b,2818,https://schedule.vcccd.edu/,2026-04-13T19:51:05.288828+00:00,"OPEN 70280 2.0 T R 11:30am - 01:20pm Ventura Athletic Event Center 102 30 0 30 Guzman Gonzalez, Krenly 08/17-12/03 16"
b9e9a48c-50d7-4046-bf9c-6dcf762a2572,2819,https://schedule.vcccd.edu/,2026-04-13T19:51:05.288828+00:00,T R 11:30am - 01:20pm
0ce6897f-8080-4786-abc7-f9967ac48411,2820,https://schedule.vcccd.edu/,2026-04-13T19:51:05.288828+00:00,& Distance Education Class: Click CRN for requirements. Ventura Online (Canvas) 08/17-12/03
8fbc2c5d-9d33-43ff-ab27-259fe4e7847c,2821,https://schedule.vcccd.edu/,2026-04-13T19:51:05.288828+00:00,"OPEN 71372 2.0 T R 11:30am - 01:20pm Ventura Athletic Event Center 102 30 0 30 Guzman Gonzalez, Krenly 08/17-12/03 16"
bf60341a-e721-4472-9e09-e865ee1054aa,2822,https://schedule.vcccd.edu/,2026-04-13T19:51:05.288828+00:00,T R 11:30am - 01:20pm
f6134f5a-5e1e-4c55-b05a-32a5fccca5b9,2823,https://schedule.vcccd.edu/,2026-04-13T19:51:05.288828+00:00,& Distance Education Class: Click CRN for requirements. Ventura Online (Canvas) 08/17-12/03
93b2937a-b7c0-4581-be08-ec529da5c29b,2824,https://schedule.vcccd.edu/,2026-04-13T19:51:05.288828+00:00,"OPEN 71915 2.0 T R 11:30am - 01:20pm Ventura Athletic Event Center 102 30 0 30 Guzman Gonzalez, Krenly 08/17-12/03 16"
6b3c70db-eb69-4550-b025-5c95c9fbb3b3,2825,https://schedule.vcccd.edu/,2026-04-13T19:51:05.288828+00:00,T R 11:30am - 01:20pm
528e71ad-a871-4c1d-8800-f777a51adee6,2826,https://schedule.vcccd.edu/,2026-04-13T19:51:05.288828+00:00,& Distance Education Class: Click CRN for requirements. Ventura Online (Canvas) 08/17-12/03
f32c294d-9f66-42e3-b0dc-cdd1041f7c2f,2827,https://schedule.vcccd.edu/,2026-04-13T19:51:05.288828+00:00,OPEN 72165 2.0 T R 06:30pm - 08:20pm Ventura Athletic Event Center 102 30 0 30 Staff 09/14-12/03 12
b3776e51-b31a-4958-ac5b-f5c6634c8ca1,2828,https://schedule.vcccd.edu/,2026-04-13T19:51:05.288828+00:00,T R 06:30pm - 08:20pm
889a430c-a4f4-4a74-9b3c-ec165ce17ef9,2829,https://schedule.vcccd.edu/,2026-04-13T19:51:05.288828+00:00,& Distance Education Class: Click CRN for requirements. Ventura Online (Canvas) 09/14-12/03
b9c33610-373d-4bae-adac-28f96e2ca2fa,2830,https://schedule.vcccd.edu/,2026-04-13T19:51:05.288828+00:00,"OPEN 71994 2.0 T R 11:30am - 01:20pm Ventura Athletic Event Center 102 30 0 30 Guzman Gonzalez, Krenly 08/17-12/03 16"
33be5e5f-386f-4366-a3d3-27f233e699f0,2831,https://schedule.vcccd.edu/,2026-04-13T19:51:05.288828+00:00,T R 11:30am - 01:20pm
fc0d0878-0552-4519-969c-9382f474d214,2832,https://schedule.vcccd.edu/,2026-04-13T19:51:05.288828+00:00,& Distance Education Class: Click CRN for requirements. Ventura Online (Canvas) 08/17-12/03
40052e1b-d0c5-42d4-883e-bc61b197ba27,2833,https://schedule.vcccd.edu/,2026-04-13T19:51:05.288828+00:00,OPEN 72179 2.0 T R 06:30pm - 08:20pm Ventura Athletic Event Center 102 30 0 30 Staff 09/14-12/03 12
86a09792-a353-4409-9575-864cd0a67918,2834,https://schedule.vcccd.edu/,2026-04-13T19:51:05.288828+00:00,T R 06:30pm - 08:20pm
bd879f43-695d-4774-ba52-15505b5af88a,2835,https://schedule.vcccd.edu/,2026-04-13T19:51:05.288828+00:00,& Distance Education Class: Click CRN for requirements. Ventura Online (Canvas) 09/14-12/03
8b4c8762-886e-43aa-bfaf-e657ac0b7741,2836,https://schedule.vcccd.edu/,2026-04-13T19:51:05.288828+00:00,"OPEN 73604 2.0 F 11:00am - 02:50pm Ventura Athletic Event Center 102 30 0 30 Xiong, Julian 09/14-12/03 12"
248d3d15-ceca-41cb-bf9c-0daaa1b08b1a,2837,https://schedule.vcccd.edu/,2026-04-13T19:51:05.288828+00:00,F 11:00am - 02:50pm
b6266e17-7195-4e51-876a-9fa75a85a335,2838,https://schedule.vcccd.edu/,2026-04-13T19:51:05.288828+00:00,& Distance Education Class: Click CRN for requirements. Ventura Online (Canvas) 09/14-12/03
7bfb6f10-1095-42f5-b373-54cd09e31188,2839,https://schedule.vcccd.edu/,2026-04-13T19:51:05.288828+00:00,"OPEN 72016 2.0 F 11:00am - 02:50pm Ventura Athletic Event Center 102 30 0 30 Xiong, Julian 09/14-12/03 12"
9f1a1e82-c948-4202-ace6-0e7f8f5e6d99,2840,https://schedule.vcccd.edu/,2026-04-13T19:51:05.288828+00:00,F 11:00am - 02:50pm
2491e688-01df-42d7-a2f4-8dfd272d93ad,2841,https://schedule.vcccd.edu/,2026-04-13T19:51:05.288828+00:00,& Distance Education Class: Click CRN for requirements. Ventura Online (Canvas) 09/14-12/03
54009c19-ed4d-4e01-b6f2-6125e7f6a975,2842,https://schedule.vcccd.edu/,2026-04-13T19:51:05.288828+00:00,"OPEN 72058 2.0 F 11:00am - 02:50pm Ventura Athletic Event Center 102 30 0 30 Xiong, Julian 09/14-12/03 12"
0e067f2d-a6d0-4478-967d-b9d8b14f7718,2843,https://schedule.vcccd.edu/,2026-04-13T19:51:05.288828+00:00,F 11:00am - 02:50pm
b72ef555-46e0-4bb6-8d73-06f8450d99ce,2844,https://schedule.vcccd.edu/,2026-04-13T19:51:05.288828+00:00,& Distance Education Class: Click CRN for requirements. Ventura Online (Canvas) 09/14-12/03
00482270-ac71-422a-9ec8-7dcb849bcf9d,2845,https://schedule.vcccd.edu/,2026-04-13T19:51:05.288828+00:00,"OPEN 70324 3.0 T R 04:30pm - 06:20pm Ventura Athletic Event Center 102 30 0 29 Guzman Gonzalez, Krenly 08/17-12/03 16"
b01cb7f6-1a3a-482d-bfe7-0d52335a4c24,2846,https://schedule.vcccd.edu/,2026-04-13T19:51:05.288828+00:00,T R 04:30pm - 06:20pm
719a7980-ab28-4a6d-865d-ab61fe16577f,2847,https://schedule.vcccd.edu/,2026-04-13T19:51:05.288828+00:00,& 4.00 HRS/WK TO BE ARRANGED TBA 08/17-12/03
a6b7d9ee-847b-4019-a420-c2b0779ccecf,2848,https://schedule.vcccd.edu/,2026-04-13T19:51:05.288828+00:00,"OPEN 70329 3.0 T R 04:30pm - 06:20pm Ventura Athletic Event Center 102 30 0 29 Guzman Gonzalez, Krenly 08/17-12/03 16"
320a2f19-3724-4311-9501-2b60640cecb3,2849,https://schedule.vcccd.edu/,2026-04-13T19:51:05.288828+00:00,T R 04:30pm - 06:20pm
891888c0-f92f-4f83-9830-8b159b76f53f,2850,https://schedule.vcccd.edu/,2026-04-13T19:51:05.288828+00:00,& 4.00 HRS/WK TO BE ARRANGED TBA 08/17-12/03
8a6ab93b-1de2-403d-b5eb-d7bd3d667ac9,2851,https://schedule.vcccd.edu/,2026-04-13T19:51:05.288828+00:00,"OPEN 70384 3.0 T R 04:30pm - 06:20pm Ventura Athletic Event Center 102 30 1 29 Guzman Gonzalez, Krenly 08/17-12/03 16"
73dd269e-73b0-422b-b848-9a9aed03a43b,2852,https://schedule.vcccd.edu/,2026-04-13T19:51:05.288828+00:00,T R 04:30pm - 06:20pm
cbbdc1e0-73bb-4c3f-86a3-ed38ac4c6798,2853,https://schedule.vcccd.edu/,2026-04-13T19:51:05.288828+00:00,& 4.00 HRS/WK TO BE ARRANGED TBA 08/17-12/03
5bce3143-1dda-493a-baa0-8dd90ebc661a,2854,https://schedule.vcccd.edu/,2026-04-13T19:51:05.288828+00:00,"OPEN 70447 3.0 T R 04:30pm - 06:20pm Ventura Athletic Event Center 102 30 0 29 Guzman Gonzalez, Krenly 08/17-12/03 16"
318a1382-24b5-4fb2-8b35-00e8b20d4035,2855,https://schedule.vcccd.edu/,2026-04-13T19:51:05.288828+00:00,T R 04:30pm - 06:20pm
ed5cdcc3-75c9-44bd-ab06-2153caff58d5,2856,https://schedule.vcccd.edu/,2026-04-13T19:51:05.288828+00:00,& 4.00 HRS/WK TO BE ARRANGED TBA 08/17-12/03
bb60c085-08ca-4e0f-b5e3-ebd015898a34,2857,https://schedule.vcccd.edu/,2026-04-13T19:51:05.288828+00:00,"OPEN 73606 2.0 T R 01:30pm - 02:50pm Ventura Athletic Event Center 102 30 0 30 Guzman Gonzalez, Krenly 09/08-11/25 12"
cce2f594-5ced-428a-9236-b97d9086eaab,2858,https://schedule.vcccd.edu/,2026-04-13T19:51:05.288828+00:00,T R 01:30pm - 02:50pm
2c20eec0-e0cc-46ad-917c-cf13eebb2eac,2859,https://schedule.vcccd.edu/,2026-04-13T19:51:05.288828+00:00,& Distance Education Class: Click CRN for requirements. Ventura Online (Canvas) 09/08-11/25
4ac6dae2-52be-40b7-9292-a989e78fef66,2860,https://schedule.vcccd.edu/,2026-04-13T19:51:05.288828+00:00,"OPEN 73607 2.0 T R 01:30pm - 02:50pm Ventura Athletic Event Center 102 30 0 30 Guzman Gonzalez, Krenly 09/08-11/25 12"
3b074e59-7784-4e63-b31d-45061fb3e025,2861,https://schedule.vcccd.edu/,2026-04-13T19:51:05.288828+00:00,T R 01:30pm - 02:50pm
8c77c9bb-e990-4c91-b372-5b97daf79b1c,2862,https://schedule.vcccd.edu/,2026-04-13T19:51:05.288828+00:00,& Distance Education Class: Click CRN for requirements. Ventura Online (Canvas) 09/08-11/25
e96181a9-c3a2-4a07-87dd-45b9eb754e2f,2863,https://schedule.vcccd.edu/,2026-04-13T19:51:05.288828+00:00,"OPEN 72251 2.0 T R 01:30pm - 02:50pm Ventura Athletic Event Center 102 30 0 30 Guzman Gonzalez, Krenly 09/08-11/25 12"
4c5d6361-6d1b-491f-8ec6-6bf1e431e4ac,2864,https://schedule.vcccd.edu/,2026-04-13T19:51:05.288828+00:00,T R 01:30pm - 02:50pm
aa038223-cfc4-45a9-9ff7-c37149e6e886,2865,https://schedule.vcccd.edu/,2026-04-13T19:51:05.288828+00:00,& Distance Education Class: Click CRN for requirements. Ventura Online (Canvas) 09/08-11/25
9547195b-0bb9-420d-b0be-7d026c139f70,2866,https://schedule.vcccd.edu/,2026-04-13T19:51:05.288828+00:00,"OPEN 73811 1. 4.50 HRS/WK TO BE ARRANGED Ventura Athletic Event Center 102 1 0 1 Guzman Gonzalez, Krenly 09/08-11/25 12"
5e714a84-47e6-4be0-bd48-367d2e995bf0,2867,https://schedule.vcccd.edu/,2026-04-13T19:51:05.288828+00:00,"OPEN 70688 3.0 Distance Education Class: Click CRN for requirements. Moorpark Online (Canvas) 50 0 50 Sadnik, Clare 08/10-12/10 18"
5640712c-814c-4b9e-9c5a-861fcc03dc18,2868,https://schedule.vcccd.edu/,2026-04-13T19:51:05.288828+00:00,"OPEN 72065 3.0 Distance Education Class: Click CRN for requirements. Moorpark Online (Canvas) 50 1 49 Martinez, Paul 08/10-12/10 18"
b14140ed-0c8c-45d0-a1e2-a74a33f0baf3,2869,https://schedule.vcccd.edu/,2026-04-13T19:51:05.288828+00:00,"OPEN 70174 3.0 Distance Education Class: Click CRN for requirements. Moorpark Online (Canvas) 35 0 35 Sadnik, Clare 08/24-12/10 16"
d6b86fdb-a41d-4193-9d3f-3f043dab6c00,2870,https://schedule.vcccd.edu/,2026-04-13T19:51:05.288828+00:00,"OPEN 70403 3.0 Distance Education Class: Click CRN for requirements. Moorpark Online (Canvas) 35 0 35 Ferraccioli, Denise 08/10-12/10 18"
82046d46-65cd-4e7a-8c4d-b80ea41045fa,2871,https://schedule.vcccd.edu/,2026-04-13T19:51:05.288828+00:00,"OPEN 72001 3.0 T R 01:00pm - 03:15pm Media Arts 150 31 0 31 Lovett, Ivy 08/10-12/10 18"
7d64a41c-5cff-4737-bfd1-25fdd98144bc,2872,https://schedule.vcccd.edu/,2026-04-13T19:51:05.288828+00:00,T R 01:00pm - 03:15pm
53f763dd-4d04-485e-8443-a466ad6f4479,2873,https://schedule.vcccd.edu/,2026-04-13T19:51:05.288828+00:00,OPEN 70914 3.0 T R 09:00am - 11:15am Media Arts 109 24 1 23 Staff 08/10-12/10 18
82c87158-0aaa-48a5-a84b-b1757571973a,2874,https://schedule.vcccd.edu/,2026-04-13T19:51:05.288828+00:00,T R 09:00am - 11:15am
8b066a40-3d00-4e2d-9697-cd002da839ce,2875,https://schedule.vcccd.edu/,2026-04-13T19:51:05.288828+00:00,"OPEN 70309 3.0 M W 09:00am - 11:50am Media Arts 150 31 0 31 Sadnik, Clare 08/10-12/10 18"
ba98f1d8-5c82-42d4-bcba-bedff90da53a,2876,https://schedule.vcccd.edu/,2026-04-13T19:51:05.288828+00:00,M W 09:00am - 11:50am
84278304-f8b1-4943-8268-6caae28aeacb,2877,https://schedule.vcccd.edu/,2026-04-13T19:51:05.288828+00:00,"OPEN 72030 Pre/Coreq 3.0 M W 09:00am - 11:50am Media Arts 150 31 0 31 Sadnik, Clare 08/10-12/10 18"
cc36056e-81b7-407f-b623-b555fa140aed,2878,https://schedule.vcccd.edu/,2026-04-13T19:51:05.288828+00:00,M W 09:00am - 11:50am
a8b4beb5-7c6e-4308-a72c-edfb42fe9897,2879,https://schedule.vcccd.edu/,2026-04-13T19:51:05.288828+00:00,"OPEN 72158 3.0 Distance Education Class: Click CRN for requirements. Moorpark Online (Canvas) 35 0 35 Martinez, Paul 08/10-12/10 18"
c3bb65fe-49ff-4c5b-bdd0-442ddc7d2d52,2880,https://schedule.vcccd.edu/,2026-04-13T19:51:05.288828+00:00,"OPEN 70048 Pre/Coreq 3.0 M W 01:00pm - 03:15pm Media Arts 150 31 0 31 Lovett, Ivy 08/10-12/10 18"
843a9269-6895-47ab-a8d0-9fb84681cc97,2881,https://schedule.vcccd.edu/,2026-04-13T19:51:05.288828+00:00,M W 01:00pm - 03:15pm
7028de7d-6e2c-455a-b536-5437c423e72a,2882,https://schedule.vcccd.edu/,2026-04-13T19:51:05.288828+00:00,"OPEN 72196 3.0 Distance Education Class: Click CRN for requirements. Moorpark Online (Canvas) 35 0 35 Ferraccioli, Denise 08/10-12/10 18"
eb0c90be-60c6-4ff6-bfc5-49caf55d8100,2883,https://schedule.vcccd.edu/,2026-04-13T19:51:05.288828+00:00,"OPEN 72469 3.0 T R 09:00am - 11:15am Media Arts 150 31 0 31 Sadnik, Clare 08/10-12/10 18"
b8a89823-0e2f-4525-a1fb-c855ddcce064,2884,https://schedule.vcccd.edu/,2026-04-13T19:51:05.288828+00:00,T R 09:00am - 11:15am
561f8194-6c34-47ff-acf7-e2fcb0644ca2,2885,https://schedule.vcccd.edu/,2026-04-13T19:51:05.288828+00:00,"OPEN 72471 Pre/Coreq 3.0 T R 09:00am - 11:15am Media Arts 150 31 0 31 Sadnik, Clare 08/10-12/10 18"
3eddd2bd-4641-483a-b5fc-49b1a34b5a67,2886,https://schedule.vcccd.edu/,2026-04-13T19:51:05.288828+00:00,T R 09:00am - 11:15am
e9e00d64-eb45-477d-8228-c48a39f2cc77,2887,https://schedule.vcccd.edu/,2026-04-13T19:51:05.288828+00:00,"OPEN 72491 3.0 Distance Education Class: Click CRN for requirements. Moorpark Online (Canvas) 35 0 35 Seichter, Kerri 08/10-12/10 18"
e83006b3-6aac-477d-bd3d-2dc90fdb8ed9,2888,https://schedule.vcccd.edu/,2026-04-13T19:51:05.288828+00:00,OPEN 71264 1.0 F 09:00am - 11:50am Oxnard Letters & Science 8 60 2 58 Staff 10/02-10/16 3
5ef1350d-3569-4ec9-a047-e75275f640ad,2889,https://schedule.vcccd.edu/,2026-04-13T19:51:05.288828+00:00,F 09:00am - 11:50am
b730c099-d6fe-4699-9c41-c211a62e0e7e,2890,https://schedule.vcccd.edu/,2026-04-13T19:51:05.288828+00:00,& F 01:00pm - 03:50pm Oxnard Letters & Science 8 10/02-10/16
5e3bf99b-a27b-41e4-ae28-26354fb2cdc3,2891,https://schedule.vcccd.edu/,2026-04-13T19:51:05.288828+00:00,F 01:00pm - 03:50pm
aee22f77-4a0b-4788-8f66-319859444543,2892,https://schedule.vcccd.edu/,2026-04-13T19:51:05.288828+00:00,"OPEN 73608 Pre/Coreq 3.0 M 08:00am - 10:50am Oxnard Zoom Live Meeting 20 0 20 Winkelman, Craig 08/10-12/10 18"
a8c1d06c-4bb9-4459-a398-9b614304f766,2893,https://schedule.vcccd.edu/,2026-04-13T19:51:05.288828+00:00,M 08:00am - 10:50am
fc5eb3c2-eca3-4c26-bc24-7fc5e8f15e3b,2894,https://schedule.vcccd.edu/,2026-04-13T19:51:05.288828+00:00,& Requires co-enrollment in DH R311 and DH R312 and DH R313 and DH R314 and DH R315
cbeccf71-640d-4dc0-bd3c-c05f2f9c1ee0,2895,https://schedule.vcccd.edu/,2026-04-13T19:51:05.288828+00:00,"OPEN 70736 Pre/Coreq 3.0 W 08:00am - 09:50am Oxnard Dental Hygiene 1 20 0 20 Quinn, Elly 08/10-12/10 18"
095b198c-bdcb-4156-ad4b-8cd207696889,2896,https://schedule.vcccd.edu/,2026-04-13T19:51:05.288828+00:00,W 08:00am - 09:50am
cccca059-9d26-42eb-a972-d50db38f7f8b,2897,https://schedule.vcccd.edu/,2026-04-13T19:51:05.288828+00:00,& W 10:00am - 12:50pm Oxnard Dental Hygiene 2 08/10-12/10
49c53830-cc31-445b-946f-6113a155d064,2898,https://schedule.vcccd.edu/,2026-04-13T19:51:05.288828+00:00,W 10:00am - 12:50pm
00e960a5-4b4c-4cf1-8126-ae9c0d77d5a0,2899,https://schedule.vcccd.edu/,2026-04-13T19:51:05.288828+00:00,& Requires co-enrollment in DH R312 and DH R313 and DH R314 and DH R315
e95c82cd-44d7-41bc-83a6-4d95c575f6f3,2900,https://schedule.vcccd.edu/,2026-04-13T19:51:05.288828+00:00,"OPEN 72870 Pre/Coreq 2.5 R 09:00am - 10:50am Oxnard Dental Hygiene 1 20 0 20 Costello, Chrystal 08/10-12/10 18"
5b1e105d-f0fd-4178-afd0-2aa1fab2080e,2901,https://schedule.vcccd.edu/,2026-04-13T19:51:05.288828+00:00,R 09:00am - 10:50am
27d205a7-74e0-4ae8-8b32-b705dd449bfa,2902,https://schedule.vcccd.edu/,2026-04-13T19:51:05.288828+00:00,& R 11:00am - 12:15pm Oxnard Dental Hygiene 1 08/10-12/10
0126146d-3a58-49d7-81f8-6189e0fcf91e,2903,https://schedule.vcccd.edu/,2026-04-13T19:51:05.288828+00:00,R 11:00am - 12:15pm
5e8e8449-b6b0-44cd-a3ec-b7c9c2df34d8,2904,https://schedule.vcccd.edu/,2026-04-13T19:51:05.288828+00:00,& Requires co-enrollment in DH R311 and DH R313 and DH R314 and DH R315
5240f0ff-c177-4316-8afe-b081150196bd,2905,https://schedule.vcccd.edu/,2026-04-13T19:51:05.288828+00:00,"OPEN 72845 Pre/Coreq 1.0 T 09:00am - 09:50am Oxnard Dental Hygiene 1 20 0 20 Costello, Chrystal 08/10-12/10 18"
8e2d3b63-a78f-4150-9481-103e38d4b2bb,2906,https://schedule.vcccd.edu/,2026-04-13T19:51:05.288828+00:00,T 09:00am - 09:50am
d23ecb30-830c-435f-aa4a-ba64a10d8815,2907,https://schedule.vcccd.edu/,2026-04-13T19:51:05.288828+00:00,& Requires co-enrollment in DH R311 and DH R312 and DH R314 and DH R315
47c34939-c243-4290-83f0-8e8a2001c090,2908,https://schedule.vcccd.edu/,2026-04-13T19:51:05.288828+00:00,"OPEN 72228 Pre/Coreq 3.0 M 12:00pm - 02:50pm Oxnard Dental Hygiene 1 20 0 20 Costello, Chrystal 08/10-12/10 18"
cf97a247-dd10-427f-8261-452d78e0092f,2909,https://schedule.vcccd.edu/,2026-04-13T19:51:05.288828+00:00,M 12:00pm - 02:50pm
dc5b1c75-474c-4df5-8140-5d38899bda83,2910,https://schedule.vcccd.edu/,2026-04-13T19:51:05.288828+00:00,& Requires co-enrollment in DH R311 and DH R312 and DH R313 and DH R315
0782c4f1-8de7-4063-847b-26003a861e05,2911,https://schedule.vcccd.edu/,2026-04-13T19:51:05.288828+00:00,"OPEN 73264 Pre/Coreq 2.0 T 10:00am - 12:50pm Oxnard Dental Hygiene 2 20 0 20 Costello, Chrystal 08/10-12/10 18"
435bab13-85f7-4258-b4be-01d40cea633f,2912,https://schedule.vcccd.edu/,2026-04-13T19:51:05.288828+00:00,T 10:00am - 12:50pm
fcc94ea9-88d9-4919-9ea8-50d531407a90,2913,https://schedule.vcccd.edu/,2026-04-13T19:51:05.288828+00:00,& W 02:00pm - 04:50pm Oxnard Dental Hygiene 2 08/10-12/10
d0512120-d7fa-409e-81f0-e6e7e98aa91b,2914,https://schedule.vcccd.edu/,2026-04-13T19:51:05.288828+00:00,W 02:00pm - 04:50pm
323cb1ad-5c5b-4d68-b775-f4bee67858df,2915,https://schedule.vcccd.edu/,2026-04-13T19:51:05.288828+00:00,& Requires co-enrollment in DH R311 and DH R312 and DH R313 and DH R314
98a9b733-db4c-4023-bf0f-9000dc795bd7,2916,https://schedule.vcccd.edu/,2026-04-13T19:51:05.288828+00:00,OPEN 70001 Pre/Coreq 1.0 T 11:00am - 11:50am Oxnard Dental Hygiene 1 20 0 20 Staff 08/10-12/10 18
7a9a001b-8d38-4e25-83bb-7511992b7c6e,2917,https://schedule.vcccd.edu/,2026-04-13T19:51:05.288828+00:00,T 11:00am - 11:50am
a26d80f8-cc48-40f0-84c8-cdc11b078ea1,2918,https://schedule.vcccd.edu/,2026-04-13T19:51:05.288828+00:00,& Requires co-enrollment in DH R431 and DH R432 and DH R433 and DH R434 and DH R435 and DH R436
755e0d90-cc0d-4fd9-be9a-ff07de0d7c75,2919,https://schedule.vcccd.edu/,2026-04-13T19:51:05.288828+00:00,"OPEN 70044 Pre/Coreq 1.0 W 11:00am - 11:50am Oxnard Dental Hygiene 1 20 0 20 Hawley, Carinne 08/10-12/10 18"
62e13052-b9d5-4cc1-9d70-593fd0ede39b,2920,https://schedule.vcccd.edu/,2026-04-13T19:51:05.288828+00:00,W 11:00am - 11:50am
5d2258e5-46e1-42fd-a872-4f37a42fbd14,2921,https://schedule.vcccd.edu/,2026-04-13T19:51:05.288828+00:00,& Requires co-enrollment in DH R430 and DH R432 and DH R433 and DH R434 and DH R435 and DH R436
32ec324d-7df6-4166-b794-0475ac932bcd,2922,https://schedule.vcccd.edu/,2026-04-13T19:51:05.288828+00:00,"OPEN 71772 Pre/Coreq 2.0 T 01:00pm - 01:50pm Oxnard Dental Hygiene 1 20 0 20 Costello, Chrystal 08/10-12/10 18"
24988e3c-79d2-483f-a1be-ff1a47d528aa,2923,https://schedule.vcccd.edu/,2026-04-13T19:51:05.288828+00:00,T 01:00pm - 01:50pm
2ea65dae-6426-472b-ac22-a6febfa25bad,2924,https://schedule.vcccd.edu/,2026-04-13T19:51:05.288828+00:00,& T 02:00pm - 04:50pm Oxnard Dental Hygiene 2 08/10-12/10
04519e67-157f-4672-a7f3-7bc927b38e86,2925,https://schedule.vcccd.edu/,2026-04-13T19:51:05.288828+00:00,T 02:00pm - 04:50pm
ec45bf90-0258-46f3-bfed-605a770eb905,2926,https://schedule.vcccd.edu/,2026-04-13T19:51:05.288828+00:00,& Requires co-enrollment in DH R430 and DH R431 and DH R433 and DH R434 and DH R435 and DH R436
ab477c0a-49b7-41ec-a7ad-ccd5de56cda8,2927,https://schedule.vcccd.edu/,2026-04-13T19:51:05.288828+00:00,"OPEN 71547 Pre/Coreq 2.0 W 01:00pm - 02:50pm Oxnard Dental Hygiene 1 20 0 20 Hawley, Carinne 08/10-12/10 18"
ca7e3055-cc3d-4b32-8693-49a4bb497063,2928,https://schedule.vcccd.edu/,2026-04-13T19:51:05.288828+00:00,W 01:00pm - 02:50pm
bacb30a8-b996-41a3-aa65-f9ac97263eb6,2929,https://schedule.vcccd.edu/,2026-04-13T19:51:05.288828+00:00,& Requires co-enrollment in DH R430 and DH R431 and DH R432 and DH R434 and DH R435 and DH R436
b61edadf-04b5-4e53-bed2-65882273b640,2930,https://schedule.vcccd.edu/,2026-04-13T19:51:05.288828+00:00,"OPEN 71972 Pre/Coreq 4.0 M 09:00am - 11:50am Oxnard Dental Hygiene 2 20 0 20 Hawley, Carinne 08/10-12/10 18"
5a61abb5-d304-4f47-8c0e-b8480cf7c31f,2931,https://schedule.vcccd.edu/,2026-04-13T19:51:05.288828+00:00,M 09:00am - 11:50am
858dee44-4652-4d02-bf3d-36657c10e6d7,2932,https://schedule.vcccd.edu/,2026-04-13T19:51:05.288828+00:00,& R 09:00am - 11:50am Oxnard Dental Hygiene 2 08/10-12/10
c10857a7-57ca-4271-b161-e5221e2b0bf1,2933,https://schedule.vcccd.edu/,2026-04-13T19:51:05.288828+00:00,R 09:00am - 11:50am
933d3419-974b-4bad-8920-ba8dd326d6b9,2934,https://schedule.vcccd.edu/,2026-04-13T19:51:05.288828+00:00,& M 01:00pm - 03:50pm Oxnard Dental Hygiene 2 08/10-12/10
b9ed0fb4-5229-4eca-be5c-6b5d9f6361e1,2935,https://schedule.vcccd.edu/,2026-04-13T19:51:05.288828+00:00,M 01:00pm - 03:50pm
94c56517-6a9f-4d37-a546-f8cbf12733d2,2936,https://schedule.vcccd.edu/,2026-04-13T19:51:05.288828+00:00,& R 01:00pm - 03:50pm Oxnard Dental Hygiene 2 08/10-12/10
895240f1-8bfb-46ec-9965-7a20b6144116,2937,https://schedule.vcccd.edu/,2026-04-13T19:51:05.288828+00:00,R 01:00pm - 03:50pm
bee2f51a-99a4-4a91-aa0e-21e28eca5c1b,2938,https://schedule.vcccd.edu/,2026-04-13T19:51:05.288828+00:00,& Requires co-enrollment in DH R430 and DH R431 and DH R432 and DH R433 and DH R435 and DH R436
f3af7df9-f368-4ed8-8932-4ed9ec8a3270,2939,https://schedule.vcccd.edu/,2026-04-13T19:51:05.288828+00:00,"OPEN 71508 Pre/Coreq 2.0 W 09:00am - 10:50am Oxnard Letters & Science 13 20 0 20 Hawley, Carinne 08/10-12/10 18"
9d2d88ab-88c5-4855-b4ef-2d6cfd912a5a,2940,https://schedule.vcccd.edu/,2026-04-13T19:51:05.288828+00:00,W 09:00am - 10:50am
c00f3918-1ed2-46d9-a86f-9cbb9a96ea48,2941,https://schedule.vcccd.edu/,2026-04-13T19:51:05.288828+00:00,& Requires co-enrollment in DH R430 and DH R431 and DH R432 and DH R433 and DH R434 and DH R436
9fe32853-9276-44d1-ab1b-d22f5207ca08,2942,https://schedule.vcccd.edu/,2026-04-13T19:51:05.288828+00:00,"OPEN 71510 Pre/Coreq 2.0 T 08:00am - 09:50am Oxnard Letters & Science 12 20 0 20 Quinn, Elly 08/10-12/10 18"
3270e8ed-9ee1-4009-9748-bec33d89cb15,2943,https://schedule.vcccd.edu/,2026-04-13T19:51:05.288828+00:00,T 08:00am - 09:50am
7c2adf67-839d-4009-98ee-bae4287e0146,2944,https://schedule.vcccd.edu/,2026-04-13T19:51:05.288828+00:00,& Requires co-enrollment in DH R430 and DH R431 and DH R432 and DH R433 and DH R434 and DH R435
5bcba360-a6c1-47c2-ba56-0baf610046d8,2945,https://schedule.vcccd.edu/,2026-04-13T19:51:05.288828+00:00,"OPEN 79998 4.0 W 08:00am - 09:50am Ventura Automotive Ed Program 3 24 4 20 Schloo, Blane 08/10-12/10 18"
12a301de-dafa-4875-a6f6-56de7c54ba52,2946,https://schedule.vcccd.edu/,2026-04-13T19:51:05.288828+00:00,W 08:00am - 09:50am
538028e6-37a1-426d-b3c5-5865a184d36f,2947,https://schedule.vcccd.edu/,2026-04-13T19:51:05.288828+00:00,& W 10:00am - 11:50am Ventura Welding/Auto/Manufact 114 08/10-12/10
6a20434d-343a-431c-aba1-9eae5054896e,2948,https://schedule.vcccd.edu/,2026-04-13T19:51:05.288828+00:00,W 10:00am - 11:50am
298a661d-e763-4bd4-bedf-02d26536e895,2949,https://schedule.vcccd.edu/,2026-04-13T19:51:05.288828+00:00,& W 01:00pm - 03:50pm Ventura Welding/Auto/Manufact 114 08/10-12/10
15bd2cef-b008-4502-bfca-f5589880c043,2950,https://schedule.vcccd.edu/,2026-04-13T19:51:05.288828+00:00,W 01:00pm - 03:50pm
ec027846-1fef-4c1a-9c88-2f13fd4a05f1,2951,https://schedule.vcccd.edu/,2026-04-13T19:51:05.288828+00:00,& Distance Education Class: Click CRN for requirements. Ventura Online (Canvas) 08/10-12/10
241a00c1-45f1-4ab2-a7d8-12b4cb265eb9,2952,https://schedule.vcccd.edu/,2026-04-13T19:51:05.288828+00:00,"OPEN 73137 4.0 F 08:00am - 09:50am Ventura Automotive Ed Program 3 24 3 21 Buck, Dave 08/10-12/10 18"
18ff96f2-40f8-4994-b54d-2b8bf03b1856,2953,https://schedule.vcccd.edu/,2026-04-13T19:51:05.288828+00:00,F 08:00am - 09:50am
e3f4839d-df72-41db-be75-557423c8e7e8,2954,https://schedule.vcccd.edu/,2026-04-13T19:51:05.288828+00:00,& F 10:00am - 11:50am Ventura Welding/Auto/Manufact 114 08/10-12/10
1a641020-8eda-4a43-b1d7-5c21a8f1c4bc,2955,https://schedule.vcccd.edu/,2026-04-13T19:51:05.288828+00:00,F 10:00am - 11:50am
d11a4871-2d9f-4493-9dca-76ef3013b969,2956,https://schedule.vcccd.edu/,2026-04-13T19:51:05.288828+00:00,& F 01:00pm - 03:50pm Ventura Welding/Auto/Manufact 114 08/10-12/10
44cd0601-6ccc-4a8b-9416-7d77594d2523,2957,https://schedule.vcccd.edu/,2026-04-13T19:51:05.288828+00:00,F 01:00pm - 03:50pm
565508ae-791d-4de2-b060-11c38a46187c,2958,https://schedule.vcccd.edu/,2026-04-13T19:51:05.288828+00:00,& Distance Education Class: Click CRN for requirements. Ventura Online (Canvas) 08/10-12/10
993f062f-c08d-4c07-ae29-6000b0defead,2959,https://schedule.vcccd.edu/,2026-04-13T19:51:05.288828+00:00,"OPEN 71993 4.0 R 08:00am - 09:50am Ventura Automotive Ed Program 3 24 2 22 Schloo, Blane 08/10-12/10 18"
b2382181-08cf-4833-9063-e888d7002b97,2960,https://schedule.vcccd.edu/,2026-04-13T19:51:05.288828+00:00,R 08:00am - 09:50am
1a935715-05bf-4c20-81cd-c5f09af0a1ed,2961,https://schedule.vcccd.edu/,2026-04-13T19:51:05.288828+00:00,& R 10:00am - 11:50am Ventura Welding/Auto/Manufact 114 08/10-12/10
cd4deba7-6cf6-4202-b93d-0dcedcb0bb23,2962,https://schedule.vcccd.edu/,2026-04-13T19:51:05.288828+00:00,R 10:00am - 11:50am
a9e57b57-f953-4394-bc82-557a2a81e012,2963,https://schedule.vcccd.edu/,2026-04-13T19:51:05.288828+00:00,& R 01:00pm - 03:50pm Ventura Welding/Auto/Manufact 114 08/10-12/10
c9e88427-5071-4292-a7c3-45629c4cd490,2964,https://schedule.vcccd.edu/,2026-04-13T19:51:05.288828+00:00,R 01:00pm - 03:50pm
2c703ea3-2fa0-471e-ab3b-fbcbf3aaabbf,2965,https://schedule.vcccd.edu/,2026-04-13T19:51:05.288828+00:00,& Distance Education Class: Click CRN for requirements. Ventura Online (Canvas) 08/10-12/10
d590b432-bbc3-438c-a186-3386f13a7177,2966,https://schedule.vcccd.edu/,2026-04-13T19:51:05.288828+00:00,"OPEN 71580 Pre/Coreq 4.0 T 08:00am - 09:50am Ventura Automotive Ed Program 3 24 2 22 Schloo, Blane 08/10-12/10 18"
d0d2ca96-5238-43bb-b665-a69ab39e995c,2967,https://schedule.vcccd.edu/,2026-04-13T19:51:05.288828+00:00,T 08:00am - 09:50am
e93a798c-2cd3-4b54-ab51-17fa3c65ee89,2968,https://schedule.vcccd.edu/,2026-04-13T19:51:05.288828+00:00,& T 10:00am - 11:50am Ventura Welding/Auto/Manufact 114 08/10-12/10
40a12cfc-557f-4597-a28d-ca251c870e4a,2969,https://schedule.vcccd.edu/,2026-04-13T19:51:05.288828+00:00,T 10:00am - 11:50am
2130d004-8bd6-4e75-830b-4ea3b1ee2e6b,2970,https://schedule.vcccd.edu/,2026-04-13T19:51:05.288828+00:00,& T 01:00pm - 03:50pm Ventura Welding/Auto/Manufact 114 08/10-12/10
3b2644f7-94dc-485a-94fa-16a7186d50d5,2971,https://schedule.vcccd.edu/,2026-04-13T19:51:05.288828+00:00,T 01:00pm - 03:50pm
3a06dad1-27c5-4005-9265-5fb46e10e32d,2972,https://schedule.vcccd.edu/,2026-04-13T19:51:05.288828+00:00,& Distance Education Class: Click CRN for requirements. Ventura Online (Canvas) 08/10-12/10
2bf2f1a8-243c-4ff9-8464-0bf74c18a1e9,2973,https://schedule.vcccd.edu/,2026-04-13T19:51:05.288828+00:00,"OPEN 73420 4.0 M R 06:00pm - 09:15pm Ventura Automotive Ed Program 3 24 2 22 Torrez, James 08/10-12/10 18"
10d57815-22eb-4a6c-8ea1-4eec8a775860,2974,https://schedule.vcccd.edu/,2026-04-13T19:51:05.288828+00:00,M R 06:00pm - 09:15pm
8d82b5c8-a6ad-43e8-8b42-940b4b7c55f4,2975,https://schedule.vcccd.edu/,2026-04-13T19:51:05.288828+00:00,& Distance Education Class: Click CRN for requirements. Ventura Online (Canvas) 08/10-12/10
1cce2a48-a5b2-4e07-9a1f-7c5d54b534ce,2976,https://schedule.vcccd.edu/,2026-04-13T19:51:05.288828+00:00,"OPEN 73323 Pre/Coreq 4. 15.50 HRS/WK TO BE ARRANGED TBA 10 0 10 Schloo, Blane 08/31-12/03 14"
80cd366c-6eed-46c9-8753-1bb6d56259d2,2977,https://schedule.vcccd.edu/,2026-04-13T19:51:05.288828+00:00,"OPEN 72021 3.0 T R 04:30pm - 05:45pm Ventura MultidisciplinaryCtrE 124 30 1 27 Rabe, P. Scot 08/10-12/10 18"
44aabe55-0770-452c-a67e-8977160f2249,2978,https://schedule.vcccd.edu/,2026-04-13T19:51:05.288828+00:00,T R 04:30pm - 05:45pm
59014dd6-6e6c-4d66-a0a6-8c9445af7613,2979,https://schedule.vcccd.edu/,2026-04-13T19:51:05.288828+00:00,"OPEN 73372 3.0 M W 04:30pm - 05:45pm Ventura MultidisciplinaryCtrE 124 24 0 21 Leduc, Rick 08/10-12/10 18"
1aa4b4a7-7b40-413c-b605-dbd7494b71fc,2980,https://schedule.vcccd.edu/,2026-04-13T19:51:05.288828+00:00,M W 04:30pm - 05:45pm
2e520afa-db8f-4ff8-93fb-ea5a1feba039,2981,https://schedule.vcccd.edu/,2026-04-13T19:51:05.288828+00:00,"OPEN 70231 3.0 Distance Education Class: Click CRN for requirements. Ventura Online (Canvas) 3 0 3 Selzer, Beck 08/10-12/10 18"
2ae4d5c0-a493-4278-a4e9-3f22868887e2,2982,https://schedule.vcccd.edu/,2026-04-13T19:51:05.288828+00:00,"OPEN 70773 3.0 T R 01:30pm - 03:45pm Ventura MultidisciplinaryCtrE 130 24 0 24 Rabe, P. Scot 08/10-12/10 18"
43abff8c-78cb-4c21-bd30-ea1345772835,2983,https://schedule.vcccd.edu/,2026-04-13T19:51:05.288828+00:00,T R 01:30pm - 03:45pm
6527cd08-5424-4f2b-a1db-c400441eeea8,2984,https://schedule.vcccd.edu/,2026-04-13T19:51:05.288828+00:00,"OPEN 70782 3.0 Distance Education Class: Click CRN for requirements. Ventura Online (Canvas) 24 1 23 Fernandez, Ralph 08/10-12/10 18"
bdfe4171-021a-4ead-adc0-1a222ca9787b,2985,https://schedule.vcccd.edu/,2026-04-13T19:51:05.288828+00:00,"OPEN 72080 3.0 M W 04:00pm - 05:15pm Ventura MultidisciplinaryCtrE 130 24 1 23 Clark, John 08/10-12/10 18"
9964937b-e93a-4ad1-821f-c41eeed013a6,2986,https://schedule.vcccd.edu/,2026-04-13T19:51:05.288828+00:00,M W 04:00pm - 05:15pm
410e4bf9-872d-4a91-9253-1680f9ad4f58,2987,https://schedule.vcccd.edu/,2026-04-13T19:51:05.288828+00:00,"OPEN 70801 2.0 M W 06:00pm - 07:50pm Ventura MultidisciplinaryCtrE 124 24 0 23 Weal, Matthew 08/10-12/10 18"
e9f0ae20-ab43-449e-b848-cc0a56e0e16e,2988,https://schedule.vcccd.edu/,2026-04-13T19:51:05.288828+00:00,M W 06:00pm - 07:50pm
879d1272-2e5c-4f73-a5e6-66c2554b3a45,2989,https://schedule.vcccd.edu/,2026-04-13T19:51:05.288828+00:00,"OPEN 72628 2.0 Distance Education Class: Click CRN for requirements. Ventura Online (Canvas) 24 0 22 Fernandez, Ralph 08/10-12/10 18"
1fb57caf-34a7-4f20-a9e9-06eda0809ae6,2990,https://schedule.vcccd.edu/,2026-04-13T19:51:05.288828+00:00,"OPEN 71916 Pre/Coreq 3.0 T R 10:30am - 11:50am Ventura MultidisciplinaryCtrE 124 24 0 23 Fernandez, Ralph 08/10-12/10 18"
6f45d3fc-c20e-452e-b0fe-3031292966c4,2991,https://schedule.vcccd.edu/,2026-04-13T19:51:05.288828+00:00,T R 10:30am - 11:50am
693c1884-b120-4d8d-90e8-2ebc668721b5,2992,https://schedule.vcccd.edu/,2026-04-13T19:51:05.288828+00:00,& Distance Education Class: Click CRN for requirements. Ventura Online (Canvas) 08/10-12/10
7e2890f1-a843-49b7-a614-84ae9a87486e,2993,https://schedule.vcccd.edu/,2026-04-13T19:51:05.288828+00:00,"OPEN 72608 Pre/Coreq 3.0 T R 10:30am - 11:50am Ventura MultidisciplinaryCtrE 124 24 0 23 Fernandez, Ralph 08/10-12/10 18"
e069d08d-aee3-4fd2-8718-3a16eddffb6f,2994,https://schedule.vcccd.edu/,2026-04-13T19:51:05.288828+00:00,T R 10:30am - 11:50am
29effbcb-2dba-49dc-ab0c-cd77b5474ab5,2995,https://schedule.vcccd.edu/,2026-04-13T19:51:05.288828+00:00,& Distance Education Class: Click CRN for requirements. Ventura Online (Canvas) 08/10-12/10
b9a477b2-3d6b-4655-bf25-22446bb10f07,2996,https://schedule.vcccd.edu/,2026-04-13T19:51:05.288828+00:00,"OPEN 72853 3.0 T R 01:30pm - 03:45pm Ventura MultidisciplinaryCtrE 130 24 0 24 Rabe, P. Scot 08/10-12/10 18"
2fc8aceb-d21d-47bc-86d9-1e355657dbc7,2997,https://schedule.vcccd.edu/,2026-04-13T19:51:05.288828+00:00,T R 01:30pm - 03:45pm
8f7b0640-a858-4168-ab75-0a05ba9d436b,2998,https://schedule.vcccd.edu/,2026-04-13T19:51:05.288828+00:00,"OPEN 72329 3.0 Distance Education Class: Click CRN for requirements. Ventura Online (Canvas) 24 0 23 Fernandez, Ralph 08/10-12/10 18"
1cfa11cc-0562-444d-b4c8-82dcd650eabe,2999,https://schedule.vcccd.edu/,2026-04-13T19:51:05.288828+00:00,"OPEN 70326 3.0 T R 06:00pm - 08:15pm Ventura MultidisciplinaryCtrE 124 24 1 23 Leduc, Rick 08/10-12/10 18"
ca159d4e-6bd2-482f-8d90-32fe9e56e865,3000,https://schedule.vcccd.edu/,2026-04-13T19:51:05.288828+00:00,T R 06:00pm - 08:15pm
935f6d42-3669-4a59-a13d-cd56ed267da0,3001,https://schedule.vcccd.edu/,2026-04-13T19:51:05.288828+00:00,"OPEN 76758 3.0 T R 06:00pm - 08:15pm Ventura MultidisciplinaryCtrE 124 24 0 23 Leduc, Rick 08/10-12/10 18"
aaefb32b-2d34-4aad-8f0e-f1b3723d9aed,3002,https://schedule.vcccd.edu/,2026-04-13T19:51:05.288828+00:00,T R 06:00pm - 08:15pm
f0bef45d-33d2-4f57-9cbc-69f26dad4c09,3003,https://schedule.vcccd.edu/,2026-04-13T19:51:05.288828+00:00,"OPEN 73104 3.0 Distance Education Class: Click CRN for requirements. Ventura Online (Canvas) 20 0 20 Evashkovsky, Maya 08/10-12/10 18"
0e1148a6-ae9f-45ec-bb33-78d2d4996dba,3004,https://schedule.vcccd.edu/,2026-04-13T19:51:05.288828+00:00,"OPEN 79483 3. T 10:00am - 11:15am Ventura MultidisciplinaryCtrW 101 20 0 20 Quiroz, Leah 09/08-11/25 12"
88ed155f-ed7e-4c62-a4c7-a4e1882e6d98,3005,https://schedule.vcccd.edu/,2026-04-13T19:51:05.288828+00:00,T 10:00am - 11:15am
49a564b0-73c9-4a71-a193-7704c95caf9e,3006,https://schedule.vcccd.edu/,2026-04-13T19:51:05.288828+00:00,& Distance Education Class: Click CRN for requirements. Ventura Online (Canvas) 09/08-11/25
5af23eab-81e5-4c2d-a9b4-fc03d269a812,3007,https://schedule.vcccd.edu/,2026-04-13T19:51:05.288828+00:00,"OPEN 73603 3.0 M W 10:00am - 11:15am Ventura MultidisciplinaryCtrW 101 20 5 15 Quiroz, Leah 08/10-12/10 18"
ad602688-cf7a-42b2-a525-30603b42985d,3008,https://schedule.vcccd.edu/,2026-04-13T19:51:05.288828+00:00,M W 10:00am - 11:15am
6cf61879-bbce-407b-aab6-f401b5894842,3009,https://schedule.vcccd.edu/,2026-04-13T19:51:05.288828+00:00,"OPEN 70443 3.0 T 07:00pm - 08:15pm Oxnard Liberal Arts 18 30 0 30 Mendez, Patricia 08/11-10/09 9"
956c7bf6-3a67-4fd2-88da-b35dfe9014c4,3010,https://schedule.vcccd.edu/,2026-04-13T19:51:05.288828+00:00,T 07:00pm - 08:15pm
1a346eed-41a1-4147-8975-8e049e0925ab,3011,https://schedule.vcccd.edu/,2026-04-13T19:51:05.288828+00:00,& Distance Education Class: Click CRN for requirements. Oxnard Online (Canvas) 08/11-10/09
b76c842e-0009-459f-b4d7-1e3295401514,3012,https://schedule.vcccd.edu/,2026-04-13T19:51:05.288828+00:00,"OPEN 70014 3.0 M 07:00pm - 09:50pm Oxnard Zoom Live Meeting 30 0 30 Drezner, Caren 10/12-12/10 9"
0ce073aa-9fed-4f1d-a9a0-8576a698b8ef,3013,https://schedule.vcccd.edu/,2026-04-13T19:51:05.288828+00:00,M 07:00pm - 09:50pm
3ee315d4-6838-47fa-b694-9d58727defba,3014,https://schedule.vcccd.edu/,2026-04-13T19:51:05.288828+00:00,"OPEN 71793 3.0 M 07:00pm - 09:50pm Oxnard Liberal Arts 18 30 0 30 Mendez, Patricia 08/10-10/09 9"
f8cec8ff-17e5-4410-9d59-0ae0d9e2de0d,3015,https://schedule.vcccd.edu/,2026-04-13T19:51:05.288828+00:00,M 07:00pm - 09:50pm
1a0417ba-d960-4333-9b56-9b32447d5c59,3016,https://schedule.vcccd.edu/,2026-04-13T19:51:05.288828+00:00,& Distance Education Class: Click CRN for requirements. Oxnard Online (Canvas) 08/10-10/09
d61803df-8275-4a2e-b2c0-a1521d2072b5,3017,https://schedule.vcccd.edu/,2026-04-13T19:51:05.288828+00:00,"OPEN 73504 3.0 Distance Education Class: Click CRN for requirements. Oxnard Online (Canvas) 35 0 35 Rodriguez, Celia 08/10-10/09 9"
ffc73833-5636-410b-a56a-30c9778fa33d,3018,https://schedule.vcccd.edu/,2026-04-13T19:51:05.288828+00:00,"OPEN 73503 3.0 W 10:30am - 01:20pm Oxnard Liberal Arts 14 30 0 30 Rodriguez, Celia 08/12-10/07 9"
97546b48-0882-4d08-90ba-4a82cb852474,3019,https://schedule.vcccd.edu/,2026-04-13T19:51:05.288828+00:00,W 10:30am - 01:20pm
f5d5189e-c22e-4530-95e4-699178a37acc,3020,https://schedule.vcccd.edu/,2026-04-13T19:51:05.288828+00:00,& Distance Education Class: Click CRN for requirements. Oxnard Online (Canvas) 08/12-10/07
c456a154-2607-48b3-bca6-ecc3146e372f,3021,https://schedule.vcccd.edu/,2026-04-13T19:51:05.288828+00:00,"OPEN 72198 3.0 W 11:00am - 01:50pm Oxnard Liberal Arts 12 30 0 30 Rodriguez, Celia 10/21-12/10 8"
4cfee8a8-223e-4468-9a3c-ed5bd54f5f23,3022,https://schedule.vcccd.edu/,2026-04-13T19:51:05.288828+00:00,W 11:00am - 01:50pm
0b1c0f88-c9f4-450d-9bea-94d3b93b1540,3023,https://schedule.vcccd.edu/,2026-04-13T19:51:05.288828+00:00,& Distance Education Class: Click CRN for requirements. Oxnard Online (Canvas) 10/21-12/10
1bc698b0-d964-41ee-af5c-51b06fc6c2bd,3024,https://schedule.vcccd.edu/,2026-04-13T19:51:05.288828+00:00,"OPEN 71970 3.0 Distance Education Class: Click CRN for requirements. Oxnard Online (Canvas) 30 1 29 Salem, Simon 08/10-12/10 18"
4b28a809-ec8f-4893-9133-d18386b218d2,3025,https://schedule.vcccd.edu/,2026-04-13T19:51:05.288828+00:00,CANCELLED 73648 3.0 W 02:05pm - 03:35pm Oxnard Channel Isl High School 30 0 30 Staff 08/12-10/09 9
382a8ebb-be55-4ab0-bd01-956070c29a01,3026,https://schedule.vcccd.edu/,2026-04-13T19:51:05.288828+00:00,W 02:05pm - 03:35pm
7c085f1f-2706-422d-80df-968795f090b4,3027,https://schedule.vcccd.edu/,2026-04-13T19:51:05.288828+00:00,"OPEN 72613 3.0 W 07:00pm - 09:50pm Oxnard Liberal Arts 16 30 1 29 Mendez, Patricia 08/12-10/09 9"
4a02fd22-3c1e-4b02-98ea-24f1684250ff,3028,https://schedule.vcccd.edu/,2026-04-13T19:51:05.288828+00:00,W 07:00pm - 09:50pm
ef26e04d-1727-4268-aef8-e51deb11d86c,3029,https://schedule.vcccd.edu/,2026-04-13T19:51:05.288828+00:00,& Distance Education Class: Click CRN for requirements. Oxnard Online (Canvas) 08/12-10/09
715ee205-6c9d-4892-b750-05df81ca371d,3030,https://schedule.vcccd.edu/,2026-04-13T19:51:05.288828+00:00,"OPEN 73251 3.0 Distance Education Class: Click CRN for requirements. Oxnard Online (Canvas) 30 0 30 Mendez, Patricia 08/10-12/10 18"
db4e73ee-b32d-4cea-adc3-0d320e8a39c6,3031,https://schedule.vcccd.edu/,2026-04-13T19:51:05.288828+00:00,"OPEN 73260 3.0 T R 02:29pm - 03:54pm Adolfo Camarillo High School 30 0 30 Vega, Amy 08/17-12/10 17"
ac7cd059-229b-4d17-a30f-586f89c7106f,3032,https://schedule.vcccd.edu/,2026-04-13T19:51:05.288828+00:00,T R 02:29pm - 03:54pm
a9aa083b-3141-4713-9837-5f733ff7b4d7,3033,https://schedule.vcccd.edu/,2026-04-13T19:51:05.288828+00:00,"OPEN 70251 Pre/Coreq 3.0 W 05:00pm - 06:50pm Oxnard Liberal Arts 18 25 1 24 Rodriguez, Celia 08/10-12/10 18"
0194073b-1eda-47a7-be35-4b1906aa2f94,3034,https://schedule.vcccd.edu/,2026-04-13T19:51:05.288828+00:00,W 05:00pm - 06:50pm
74390d6c-1cda-4b64-8b03-194620a838b4,3035,https://schedule.vcccd.edu/,2026-04-13T19:51:05.288828+00:00,& 3.00 HRS/WK TO BE ARRANGED Oxnard To Be Announced 08/10-12/10
6579dc31-c961-4339-8b52-f262134bc66e,3036,https://schedule.vcccd.edu/,2026-04-13T19:51:05.288828+00:00,"OPEN 70047 Pre/Coreq 3.0 W 05:00pm - 06:50pm Oxnard Liberal Arts 16 25 3 22 Mendez, Patricia 08/10-12/10 18"
4cde8cfb-f158-4748-ab3c-f0402dd23154,3037,https://schedule.vcccd.edu/,2026-04-13T19:51:05.288828+00:00,W 05:00pm - 06:50pm
6b282da7-bb8e-4ded-98e4-25822be4d243,3038,https://schedule.vcccd.edu/,2026-04-13T19:51:05.288828+00:00,& 3.00 HRS/WK TO BE ARRANGED Oxnard To Be Announced 08/10-12/10
4543d853-8b53-4ceb-81d4-8f1e62d70cbd,3039,https://schedule.vcccd.edu/,2026-04-13T19:51:05.288828+00:00,"OPEN 70847 3.0 Distance Education Class: Click CRN for requirements. Oxnard Online (Canvas) 25 0 25 Mendez, Patricia 08/10-12/10 18"
9af2b79f-1a64-42dc-9707-028f763e3c09,3040,https://schedule.vcccd.edu/,2026-04-13T19:51:05.288828+00:00,"OPEN 73435 Pre/Coreq 3.0 M 05:00pm - 07:50pm Oxnard Zoom Live Meeting 30 0 30 Picard, Amanda 10/12-12/10 9"
8342955d-8c64-49e5-ba04-54af5aff0113,3041,https://schedule.vcccd.edu/,2026-04-13T19:51:05.288828+00:00,M 05:00pm - 07:50pm
06c82729-cf99-4a0a-ae2f-f7cb60e7d7ce,3042,https://schedule.vcccd.edu/,2026-04-13T19:51:05.288828+00:00,& Distance Education Class: Click CRN for requirements. Oxnard Online (Canvas) 10/12-12/10
b6827791-1634-4e52-8550-dc0101537ec3,3043,https://schedule.vcccd.edu/,2026-04-13T19:51:05.288828+00:00,"OPEN 70252 3.0 Distance Education Class: Click CRN for requirements. Oxnard Online (Canvas) 50 2 48 Salem, Simon 08/10-12/10 18"
65628e97-9625-49cc-a09c-15c50cd6206e,3044,https://schedule.vcccd.edu/,2026-04-13T19:51:05.288828+00:00,"OPEN 73296 3.0 R 10:30am - 01:20pm Oxnard Liberal Arts 18 30 0 30 Rodriguez, Celia 10/15-12/10 9"
532a1f21-3622-4908-b532-836f99f19ed3,3045,https://schedule.vcccd.edu/,2026-04-13T19:51:05.288828+00:00,R 10:30am - 01:20pm
f225bda0-6c0f-4e5e-878d-a2353e456a91,3046,https://schedule.vcccd.edu/,2026-04-13T19:51:05.288828+00:00,& Distance Education Class: Click CRN for requirements. Oxnard Online (Canvas) 10/15-12/10
860b1d44-8db1-4a31-88f3-1715e852cb86,3047,https://schedule.vcccd.edu/,2026-04-13T19:51:05.288828+00:00,"OPEN 70221 Pre/Coreq 3.0 Distance Education Class: Click CRN for requirements. Moorpark Online (Canvas) 50 0 50 Bajah, Jeff 08/10-10/02 8"
0d928843-820b-41c3-a4f5-b25bdc0abef6,3048,https://schedule.vcccd.edu/,2026-04-13T19:51:05.288828+00:00,"OPEN 71927 Pre/Coreq 3.0 Distance Education Class: Click CRN for requirements. Moorpark Online (Canvas) 50 0 50 Bajah, Jeff 10/12-12/03 8"
3d14726a-d793-45d6-b247-de417c8a7fa6,3049,https://schedule.vcccd.edu/,2026-04-13T19:51:05.288828+00:00,"OPEN 72969 Pre/Coreq 3.0 Distance Education Class: Click CRN for requirements. Moorpark Online (Canvas) 50 3 47 Kearns, Julian 10/12-12/03 8"
a0fc9d51-549b-449c-8318-f892197383a9,3050,https://schedule.vcccd.edu/,2026-04-13T19:51:05.288828+00:00,"OPEN 72569 Pre/Coreq 3.0 Distance Education Class: Click CRN for requirements. Moorpark Online (Canvas) 50 4 46 Kearns, Julian 08/10-12/10 18"
66db5159-fe79-499b-9bd0-de3f8b01e179,3051,https://schedule.vcccd.edu/,2026-04-13T19:51:05.288828+00:00,"OPEN 70223 Pre/Coreq 3.0 Distance Education Class: Click CRN for requirements. Moorpark Online (Canvas) 30 0 30 Edwards, Ishita 08/10-10/02 8"
2c0112de-fc96-49b7-9e97-b664265a27cf,3052,https://schedule.vcccd.edu/,2026-04-13T19:51:05.288828+00:00,"OPEN 70685 Pre/Coreq 3.0 Distance Education Class: Click CRN for requirements. Moorpark Online (Canvas) 20 0 20 Edwards, Ishita 08/10-10/02 8"
565803b6-6fc3-4c00-b05b-f57d5ae07806,3053,https://schedule.vcccd.edu/,2026-04-13T19:51:05.288828+00:00,"OPEN 70618 Pre/Coreq 3.0 Distance Education Class: Click CRN for requirements. Oxnard Online (Canvas) 50 0 50 Wood, Alexander 10/19-12/10 8"
f6554c8a-2e17-4268-8d04-92d483760417,3054,https://schedule.vcccd.edu/,2026-04-13T19:51:05.288828+00:00,"OPEN 70657 Pre/Coreq 3.0 Distance Education Class: Click CRN for requirements. Oxnard Online (Canvas) 50 1 49 Edwards, Ishita 09/21-12/10 12"
83ee2660-d973-4e98-8f82-3a4ee07e1b3f,3055,https://schedule.vcccd.edu/,2026-04-13T19:51:05.288828+00:00,"OPEN 70632 Pre/Coreq 3.0 M 10:30am - 11:45am Oxnard Letters & Science 13 32 0 32 Edwards, Ishita 08/24-12/10 16"
c30ab171-a1e8-4128-8b2b-0069ffd82d33,3056,https://schedule.vcccd.edu/,2026-04-13T19:51:05.288828+00:00,M 10:30am - 11:45am
5affaadd-7470-466b-85ef-e1fa3aa45dfd,3057,https://schedule.vcccd.edu/,2026-04-13T19:51:05.288828+00:00,& Distance Education Class: Click CRN for requirements. Oxnard Online (Canvas) 08/24-12/10
ab0fcd5e-0e10-4315-a37f-b6528104b554,3058,https://schedule.vcccd.edu/,2026-04-13T19:51:05.288828+00:00,OPEN 72732 Pre/Coreq 3.0 Distance Education Class: Click CRN for requirements. Ventura Online (Canvas) 80 0 80 Staff 09/08-11/25 12
f94b5689-7b58-4f5f-9d0b-995ffde70e98,3059,https://schedule.vcccd.edu/,2026-04-13T19:51:05.288828+00:00,OPEN 70436 Pre/Coreq 3.0 T R 10:00am - 11:20am Ventura MultidisciplinaryCtrE 123 55 1 54 Staff 08/17-12/03 16
ed571b3a-d1bf-4ee9-a6ca-60e36683764a,3060,https://schedule.vcccd.edu/,2026-04-13T19:51:05.288828+00:00,T R 10:00am - 11:20am
47026e2c-d9fd-4152-a899-e56e1f0d0ade,3061,https://schedule.vcccd.edu/,2026-04-13T19:51:05.288828+00:00,"OPEN 72449 Pre/Coreq 3.0 Distance Education Class: Click CRN for requirements. Ventura Online (Canvas) 50 1 49 Prante, Tyler 08/10-12/10 18"
61e9557d-5a16-4740-92e4-3a354c17280c,3062,https://schedule.vcccd.edu/,2026-04-13T19:51:05.288828+00:00,"OPEN 72900 Pre/Coreq 3.0 Distance Education Class: Click CRN for requirements. Ventura Online (Canvas) 33 1 32 Prante, Tyler 08/24-09/25 5"
9b51c882-3358-49f8-8687-0485e8b420bb,3063,https://schedule.vcccd.edu/,2026-04-13T19:51:05.288828+00:00,"OPEN 70350 Pre/Coreq 3.0 Distance Education Class: Click CRN for requirements. Moorpark Online (Canvas) 50 0 50 Bajah, Jeff 08/10-12/10 18"
92650c7c-bc91-489d-bf36-272aa13ef01b,3064,https://schedule.vcccd.edu/,2026-04-13T19:51:05.288828+00:00,OPEN 70835 Pre/Coreq 3.0 Distance Education Class: Click CRN for requirements. Moorpark Online (Canvas) 50 0 50 Staff 08/10-10/02 8
cd5d23a0-b358-4ef8-ab11-d23a317a88a7,3065,https://schedule.vcccd.edu/,2026-04-13T19:51:05.288828+00:00,OPEN 71078 Pre/Coreq 3.0 Distance Education Class: Click CRN for requirements. Moorpark Online (Canvas) 50 0 50 Staff 10/12-12/03 8
0d14e02a-da13-40eb-b15d-703c23c2ada0,3066,https://schedule.vcccd.edu/,2026-04-13T19:51:05.288828+00:00,"OPEN 71217 Pre/Coreq 3.0 Distance Education Class: Click CRN for requirements. Moorpark Online (Canvas) 50 3 47 Kearns, Julian 08/10-12/10 18"
0254442c-f1a4-43c5-8377-4ac3c851a0a6,3067,https://schedule.vcccd.edu/,2026-04-13T19:51:05.288828+00:00,"OPEN 73356 Pre/Coreq 3.0 Distance Education Class: Click CRN for requirements. Moorpark Online (Canvas) 30 3 27 Edwards, Ishita 10/12-12/03 8"
0f416076-9cb5-49d6-aea6-a6f4e12f0cb9,3068,https://schedule.vcccd.edu/,2026-04-13T19:51:05.288828+00:00,"OPEN 71129 Pre/Coreq 3.0 Distance Education Class: Click CRN for requirements. Moorpark Online (Canvas) 20 0 20 Edwards, Ishita 10/12-12/03 8"
be97b1ee-a85e-4d63-8ca1-cf77af4b965b,3069,https://schedule.vcccd.edu/,2026-04-13T19:51:05.288828+00:00,"OPEN 70625 Pre/Coreq 3.0 Distance Education Class: Click CRN for requirements. Oxnard Online (Canvas) 45 3 42 Edwards, Ishita 09/08-12/10 14"
72c88b54-88f7-4414-92fb-26facde3d9be,3070,https://schedule.vcccd.edu/,2026-04-13T19:51:05.288828+00:00,"OPEN 71773 Pre/Coreq 3.0 T 10:30am - 11:45am Oxnard Letters & Science 13 32 0 32 Edwards, Ishita 09/08-12/10 14"
32660f5f-3dfb-48dc-8b48-081c28a97207,3071,https://schedule.vcccd.edu/,2026-04-13T19:51:05.288828+00:00,T 10:30am - 11:45am
ed1b02df-e033-449c-b05a-e727e01e9449,3072,https://schedule.vcccd.edu/,2026-04-13T19:51:05.288828+00:00,& Distance Education Class: Click CRN for requirements. Oxnard Online (Canvas) 09/08-12/10
608d6bd3-c21d-48ca-bb51-28632a91cec4,3073,https://schedule.vcccd.edu/,2026-04-13T19:51:05.288828+00:00,OPEN 71394 Pre/Coreq 3.0 T R 11:30am - 12:50pm Ventura MultidisciplinaryCtrW 113 55 0 55 Staff 08/17-12/04 16
5f9c6d2b-ea09-45d6-a065-27de594cc8aa,3074,https://schedule.vcccd.edu/,2026-04-13T19:51:05.288828+00:00,T R 11:30am - 12:50pm
17e28bbc-4de6-416e-b828-4b1aa564a14e,3075,https://schedule.vcccd.edu/,2026-04-13T19:51:05.288828+00:00,OPEN 73707 Pre/Coreq 3.0 Distance Education Class: Click CRN for requirements. Ventura Online (Canvas) 55 0 55 Staff 09/08-11/25 12
fdfe8ca4-05c7-4d66-9d95-215253d6740c,3076,https://schedule.vcccd.edu/,2026-04-13T19:51:05.288828+00:00,"OPEN 70049 Pre/Coreq 3.0 Distance Education Class: Click CRN for requirements. Ventura Online (Canvas) 55 1 54 Prante, Tyler 08/10-12/10 18"
66b07815-1251-4cb5-8f81-9adc2c692a55,3077,https://schedule.vcccd.edu/,2026-04-13T19:51:05.288828+00:00,OPEN 73679 Pre/Coreq 3.0 Distance Education Class: Click CRN for requirements. Ventura Online (Canvas) 28 0 28 Staff 08/17-09/18 5
7d8bc555-3d1d-4e90-8431-a4326216d6ae,3078,https://schedule.vcccd.edu/,2026-04-13T19:51:05.288828+00:00,"OPEN 72766 3.0 Distance Education Class: Click CRN for requirements. Oxnard Online (Canvas) 50 0 50 Wood, Alexander 08/10-12/10 18"
8b3fb257-f5af-445a-9135-f99a6c8a5136,3079,https://schedule.vcccd.edu/,2026-04-13T19:51:05.288828+00:00,"OPEN 71499 3.0 Distance Education Class: Click CRN for requirements. Oxnard Online (Canvas) 50 0 50 Wood, Alexander 08/10-12/10 18"
b364d362-6636-41ac-9ab3-6164bb83c116,3080,https://schedule.vcccd.edu/,2026-04-13T19:51:05.288828+00:00,"OPEN 70834 3.0 Distance Education Class: Click CRN for requirements. Moorpark Online (Canvas) 28 1 27 Coulter, Shannon 08/10-12/10 18"
499299bf-0b25-40f6-a9f2-4334ee58d61b,3081,https://schedule.vcccd.edu/,2026-04-13T19:51:05.288828+00:00,& R 10:00am - 11:50am Child Development Center 114 08/13-08/13
f31d15f2-8495-4fbb-9449-f5ca99f47442,3082,https://schedule.vcccd.edu/,2026-04-13T19:51:05.288828+00:00,R 10:00am - 11:50am
b4c65c0b-84d0-4247-8efa-dcdde2f801c2,3083,https://schedule.vcccd.edu/,2026-04-13T19:51:05.288828+00:00,& R 10:00am - 11:50am Child Development Center 114 09/10-09/10
1b672757-4447-473a-9adf-d344e0737055,3084,https://schedule.vcccd.edu/,2026-04-13T19:51:05.288828+00:00,R 10:00am - 11:50am
4f3fc8b8-de4a-424b-9aec-019bc20f61f8,3085,https://schedule.vcccd.edu/,2026-04-13T19:51:05.288828+00:00,& R 10:00am - 11:50am Child Development Center 114 10/08-10/08
11c1fc9e-e344-489e-86e1-21f89bdd6679,3086,https://schedule.vcccd.edu/,2026-04-13T19:51:05.288828+00:00,R 10:00am - 11:50am
4fb02ef0-e83d-440d-83fa-ae424948c44c,3087,https://schedule.vcccd.edu/,2026-04-13T19:51:05.288828+00:00,& R 10:00am - 11:50am Child Development Center 114 11/05-11/05
56bebd1c-e0c2-4873-b442-cb19a8026f8f,3088,https://schedule.vcccd.edu/,2026-04-13T19:51:05.288828+00:00,R 10:00am - 11:50am
eacf4038-9801-48a3-a0ad-ac2adc2a0dba,3089,https://schedule.vcccd.edu/,2026-04-13T19:51:05.288828+00:00,& R 10:00am - 11:50am Child Development Center 114 12/03-12/03
523b3c4e-a72a-40b6-9602-01faa281c63b,3090,https://schedule.vcccd.edu/,2026-04-13T19:51:05.288828+00:00,R 10:00am - 11:50am
ae0d7253-5636-43a5-a31b-b242a32b15db,3091,https://schedule.vcccd.edu/,2026-04-13T19:51:05.288828+00:00,"OPEN 71244 3.0 Distance Education Class: Click CRN for requirements. Moorpark Online (Canvas) 50 0 50 Kaufman, Wendy 10/12-12/03 8"
0a836e6f-d8b8-487e-9a29-3afe981534b9,3092,https://schedule.vcccd.edu/,2026-04-13T19:51:05.288828+00:00,"OPEN 71521 3.0 Distance Education Class: Click CRN for requirements. Oxnard Online (Canvas) 30 0 30 Ferris, Heather 08/10-12/10 18"
e68d03a5-38a1-42fb-86c3-14f3a7908fd6,3093,https://schedule.vcccd.edu/,2026-04-13T19:51:05.288828+00:00,"OPEN 72653 3.0 Distance Education Class: Click CRN for requirements. Oxnard Online (Canvas) 25 0 25 Ferris, Heather 08/24-12/10 16"
771c8c75-5372-4e55-8d13-1c559a93d0dc,3094,https://schedule.vcccd.edu/,2026-04-13T19:51:05.288828+00:00,"OPEN 71483 3.0 Distance Education Class: Click CRN for requirements. Oxnard Online (Canvas) 30 0 30 Sandoval, Lisa 08/10-12/10 18"
d369a7fa-c968-409a-88ce-503254e81109,3095,https://schedule.vcccd.edu/,2026-04-13T19:51:05.288828+00:00,"OPEN 70557 3.0 Distance Education Class: Click CRN for requirements. Ventura Online (Canvas) 35 0 35 Tedford, Katie 08/17-12/03 16"
465be411-25d9-4f32-92e6-4e906592fb10,3096,https://schedule.vcccd.edu/,2026-04-13T19:51:05.288828+00:00,"OPEN 72965 3.0 Distance Education Class: Click CRN for requirements. Ventura Online (Canvas) 46 1 45 Palmieri, Angela 09/08-11/25 12"
9ac6340e-ef27-4cb7-bfca-84fdc8766651,3097,https://schedule.vcccd.edu/,2026-04-13T19:51:05.288828+00:00,"OPEN 73263 Pre/Coreq 0.5 1.50 HRS/WK TO BE ARRANGED TBA 45 0 45 O'Connor, Thomas 08/10-12/10 18"
c6ff4862-634a-41f2-a1c6-4e807d6dc450,3098,https://schedule.vcccd.edu/,2026-04-13T19:51:05.288828+00:00,& Requires co-enrollment in EMS V10 CRN 73256
a943a145-8d0c-4fbb-9834-28f0a8ec828d,3099,https://schedule.vcccd.edu/,2026-04-13T19:51:05.288828+00:00,"OPEN 73267 Pre/Coreq 0.5 1.50 HRS/WK TO BE ARRANGED TBA 45 1 44 O'Connor, Thomas 08/10-12/10 18"
c3ec88b4-8455-449f-9f9c-b9b22e0bdae3,3100,https://schedule.vcccd.edu/,2026-04-13T19:51:05.288828+00:00,& Requires co-enrollment in EMS V10 CRN 73266
12979017-5245-41d2-bd6c-01c881b5e093,3101,https://schedule.vcccd.edu/,2026-04-13T19:51:05.288828+00:00,"OPEN 73256 Pre/Coreq 8.0 M 06:00pm - 09:50pm Ventura Health Sciences Center 227 45 0 45 O'Connor, Thomas 08/10-12/10 18"
c332017d-2581-4c62-b9f5-960843c8a600,3102,https://schedule.vcccd.edu/,2026-04-13T19:51:05.288828+00:00,M 06:00pm - 09:50pm
c9b2d47f-141f-4473-a4b2-ce16072c8aae,3103,https://schedule.vcccd.edu/,2026-04-13T19:51:05.288828+00:00,& W 06:00pm - 08:50pm Ventura Health Sciences Center 227 08/10-12/10
e0cb5ef6-91d1-4bb6-a968-a12453d0175f,3104,https://schedule.vcccd.edu/,2026-04-13T19:51:05.288828+00:00,W 06:00pm - 08:50pm
e416948e-70b8-4438-8833-ac363bc4c5fc,3105,https://schedule.vcccd.edu/,2026-04-13T19:51:05.288828+00:00,& Distance Education Class: Click CRN for requirements. Ventura Online (Canvas) 08/10-12/10
a394346a-ae94-4bd1-a2b1-e226e423231e,3106,https://schedule.vcccd.edu/,2026-04-13T19:51:05.288828+00:00,& S 08:00am - 11:50am Ventura Health Sciences Center 227 08/15-08/15
2747d118-8c2a-4e44-8b45-43d6642e5202,3107,https://schedule.vcccd.edu/,2026-04-13T19:51:05.288828+00:00,S 08:00am - 11:50am
b0d44d92-5728-4c31-8185-787f700c0229,3108,https://schedule.vcccd.edu/,2026-04-13T19:51:05.288828+00:00,& S 01:00pm - 03:50pm Ventura Health Sciences Center 227 08/15-08/15
2192cbb5-21cc-4975-887e-41dae610e439,3109,https://schedule.vcccd.edu/,2026-04-13T19:51:05.288828+00:00,S 01:00pm - 03:50pm
74ab52d1-9199-4758-9cc1-c061cddcf32e,3110,https://schedule.vcccd.edu/,2026-04-13T19:51:05.288828+00:00,& S 08:00am - 11:50am Ventura Health Sciences Center 227 08/29-08/29
68bb5b4a-b1ed-473e-a230-310bd3224140,3111,https://schedule.vcccd.edu/,2026-04-13T19:51:05.288828+00:00,S 08:00am - 11:50am
e14610f9-34d5-4da0-b2bb-e1d027197396,3112,https://schedule.vcccd.edu/,2026-04-13T19:51:05.288828+00:00,& S 01:00pm - 03:50pm Ventura Health Sciences Center 227 08/29-08/29
d03159c0-dbde-4f3f-9ac0-9e8b3b737a54,3113,https://schedule.vcccd.edu/,2026-04-13T19:51:05.288828+00:00,S 01:00pm - 03:50pm
c4251f46-1731-479d-8be8-7d6f082147a5,3114,https://schedule.vcccd.edu/,2026-04-13T19:51:05.288828+00:00,& S 08:00am - 11:50am Ventura Health Sciences Center 227 09/19-09/19
eb1b4ec6-9f39-4620-adfc-e53cd4ed9b35,3115,https://schedule.vcccd.edu/,2026-04-13T19:51:05.288828+00:00,S 08:00am - 11:50am
83a24e39-2493-4941-afd5-7566698d2cb2,3116,https://schedule.vcccd.edu/,2026-04-13T19:51:05.288828+00:00,& S 01:00pm - 03:50pm Ventura Health Sciences Center 227 09/19-09/19
1ada3437-a8f8-4654-a04d-74e7fec93759,3117,https://schedule.vcccd.edu/,2026-04-13T19:51:05.288828+00:00,S 01:00pm - 03:50pm
940605b6-28d9-4f86-a99e-ae9d424e44aa,3118,https://schedule.vcccd.edu/,2026-04-13T19:51:05.288828+00:00,& S 08:00am - 11:50am Ventura Health Sciences Center 227 10/03-10/03
cabbfef7-a428-4c12-9a38-8ac6a7805518,3119,https://schedule.vcccd.edu/,2026-04-13T19:51:05.288828+00:00,S 08:00am - 11:50am
0914d917-db1d-4373-b265-21955e0aee17,3120,https://schedule.vcccd.edu/,2026-04-13T19:51:05.288828+00:00,& S 01:00pm - 03:50pm Ventura Health Sciences Center 227 10/03-10/03
367b436a-f0d4-4380-8c56-6905d61346f6,3121,https://schedule.vcccd.edu/,2026-04-13T19:51:05.288828+00:00,S 01:00pm - 03:50pm
407c2333-6004-4896-a3db-65914159ef46,3122,https://schedule.vcccd.edu/,2026-04-13T19:51:05.288828+00:00,& S 08:00am - 11:50am Ventura Health Sciences Center 227 10/17-10/17
cb2157ad-ad98-42af-9934-92152f567fb0,3123,https://schedule.vcccd.edu/,2026-04-13T19:51:05.288828+00:00,S 08:00am - 11:50am
d0cd4b48-68f2-461e-a592-aab9092f3fb7,3124,https://schedule.vcccd.edu/,2026-04-13T19:51:05.288828+00:00,& S 01:00pm - 03:50pm Ventura Health Sciences Center 227 10/17-10/17
8d50b136-a398-4cb5-b2b5-c3119d0c53d3,3125,https://schedule.vcccd.edu/,2026-04-13T19:51:05.288828+00:00,S 01:00pm - 03:50pm
a4d206dd-c5c1-4fe5-8e21-f45608143c77,3126,https://schedule.vcccd.edu/,2026-04-13T19:51:05.288828+00:00,& S 08:00am - 11:50am Ventura Health Sciences Center 227 10/31-10/31
0580071f-c1b3-49ad-b7f2-c9485870fdc5,3127,https://schedule.vcccd.edu/,2026-04-13T19:51:05.288828+00:00,S 08:00am - 11:50am
7c1ae42a-a923-423f-a11e-c66717e707e8,3128,https://schedule.vcccd.edu/,2026-04-13T19:51:05.288828+00:00,& S 01:00pm - 03:50pm Ventura Health Sciences Center 227 10/31-10/31
5503dcf3-7276-4058-9ef9-8b0377891904,3129,https://schedule.vcccd.edu/,2026-04-13T19:51:05.288828+00:00,S 01:00pm - 03:50pm
7a82f526-d7c4-4830-b66a-26629afb717b,3130,https://schedule.vcccd.edu/,2026-04-13T19:51:05.288828+00:00,& S 08:00am - 11:50am Ventura Health Sciences Center 227 11/14-11/14
700d9af7-321d-41ff-8737-1ced45a8cc01,3131,https://schedule.vcccd.edu/,2026-04-13T19:51:05.288828+00:00,S 08:00am - 11:50am
6a3ae920-d4df-4085-8e71-1b8f42176bc3,3132,https://schedule.vcccd.edu/,2026-04-13T19:51:05.288828+00:00,& S 01:00pm - 03:50pm Ventura Health Sciences Center 227 11/14-11/14
f1cfd7e2-aa0f-4ae2-b86c-8708a22b9a58,3133,https://schedule.vcccd.edu/,2026-04-13T19:51:05.288828+00:00,S 01:00pm - 03:50pm
9912a1e1-17e3-472b-817b-09a84abfdbeb,3134,https://schedule.vcccd.edu/,2026-04-13T19:51:05.288828+00:00,& Requires co-enrollment in EMS V10L CRN 73263
12ee847d-a88e-41b7-a335-da7e6056b226,3135,https://schedule.vcccd.edu/,2026-04-13T19:51:05.288828+00:00,"OPEN 73266 Pre/Coreq 8.0 T 06:00pm - 09:50pm Ventura Health Sciences Center 227 45 1 44 O'Connor, Thomas 08/10-12/10 18"
e8eb091a-aba6-4e4d-88ad-016720cb553e,3136,https://schedule.vcccd.edu/,2026-04-13T19:51:05.288828+00:00,T 06:00pm - 09:50pm
a4234bea-a085-4826-b1a6-e32e73d28d53,3137,https://schedule.vcccd.edu/,2026-04-13T19:51:05.288828+00:00,& W 06:00pm - 08:50pm Ventura Health Sciences Center 227 08/10-12/10
1551dbfa-cf9c-48ab-bd80-dd4f048f54d0,3138,https://schedule.vcccd.edu/,2026-04-13T19:51:05.288828+00:00,W 06:00pm - 08:50pm
10e76016-6ae4-4267-9efa-2b944b10e681,3139,https://schedule.vcccd.edu/,2026-04-13T19:51:05.288828+00:00,& Distance Education Class: Click CRN for requirements. Ventura Online (Canvas) 08/10-12/10
6e36ef13-7e62-4251-be71-151bc4423427,3140,https://schedule.vcccd.edu/,2026-04-13T19:51:05.288828+00:00,& S 08:00am - 11:50am Ventura Health Sciences Center 227 08/22-08/22
ac4625b3-def6-4539-9fb3-0a46ce28738d,3141,https://schedule.vcccd.edu/,2026-04-13T19:51:05.288828+00:00,S 08:00am - 11:50am
3a6e9c89-0300-4274-b266-cd5d820900cd,3142,https://schedule.vcccd.edu/,2026-04-13T19:51:05.288828+00:00,& S 01:00pm - 03:50pm Ventura Health Sciences Center 227 08/22-08/22
1811e8af-e469-4f36-9cf5-14ccaf3cf0cf,3143,https://schedule.vcccd.edu/,2026-04-13T19:51:05.288828+00:00,S 01:00pm - 03:50pm
b1b60b46-9c23-4e40-a45f-739655f8bb35,3144,https://schedule.vcccd.edu/,2026-04-13T19:51:05.288828+00:00,& S 08:00am - 11:50am Ventura Health Sciences Center 227 09/12-09/12
390af640-fea5-4181-977d-b5749738d435,3145,https://schedule.vcccd.edu/,2026-04-13T19:51:05.288828+00:00,S 08:00am - 11:50am
7d2b59e6-667d-48a1-9cd4-17946e07a4b0,3146,https://schedule.vcccd.edu/,2026-04-13T19:51:05.288828+00:00,& S 01:00pm - 03:50pm Ventura Health Sciences Center 227 09/12-09/12
82dbb2e7-2333-4986-813b-04885fc6dffd,3147,https://schedule.vcccd.edu/,2026-04-13T19:51:05.288828+00:00,S 01:00pm - 03:50pm
d87a0496-4efb-42b3-9a2a-6875b649cab2,3148,https://schedule.vcccd.edu/,2026-04-13T19:51:05.288828+00:00,& S 08:00am - 11:50am Ventura Health Sciences Center 227 09/26-09/26
f9468c82-c8d4-4808-ae74-24269c4c4507,3149,https://schedule.vcccd.edu/,2026-04-13T19:51:05.288828+00:00,S 08:00am - 11:50am
e4047f0f-bf40-44f8-915c-9cb27a778f79,3150,https://schedule.vcccd.edu/,2026-04-13T19:51:05.288828+00:00,& S 01:00pm - 03:50pm Ventura Health Sciences Center 227 09/26-09/26
4a378b7b-f04a-40c0-83f1-a5f4ffb7832f,3151,https://schedule.vcccd.edu/,2026-04-13T19:51:05.288828+00:00,S 01:00pm - 03:50pm
93c43fee-e5ba-4c85-9495-a5d108064141,3152,https://schedule.vcccd.edu/,2026-04-13T19:51:05.288828+00:00,& S 08:00am - 11:50am Ventura Health Sciences Center 227 10/10-10/10
5e42049d-1c76-47c5-9ec1-9a7eee2e50de,3153,https://schedule.vcccd.edu/,2026-04-13T19:51:05.288828+00:00,S 08:00am - 11:50am
b91218ae-f69b-4eae-a659-8473812b9bda,3154,https://schedule.vcccd.edu/,2026-04-13T19:51:05.288828+00:00,& S 01:00pm - 03:50pm Ventura Health Sciences Center 227 10/10-10/10
0a82a7dd-5975-45f2-96a3-e3de19c67337,3155,https://schedule.vcccd.edu/,2026-04-13T19:51:05.288828+00:00,S 01:00pm - 03:50pm
c49f79bf-3c72-43e3-be68-abe7525433ea,3156,https://schedule.vcccd.edu/,2026-04-13T19:51:05.288828+00:00,& S 08:00am - 11:50am Ventura Health Sciences Center 227 10/24-10/24
4aba636f-54f2-4b98-bb6b-85dac2c1c81f,3157,https://schedule.vcccd.edu/,2026-04-13T19:51:05.288828+00:00,S 08:00am - 11:50am
a5305e44-0930-45ad-af64-9a921c4cc6ad,3158,https://schedule.vcccd.edu/,2026-04-13T19:51:05.288828+00:00,& S 01:00pm - 03:50pm Ventura Health Sciences Center 227 10/24-10/24
f5f51cda-c128-421a-b362-822c3ec56fac,3159,https://schedule.vcccd.edu/,2026-04-13T19:51:05.288828+00:00,S 01:00pm - 03:50pm
b6d23593-2549-45f1-b908-8749d72e7659,3160,https://schedule.vcccd.edu/,2026-04-13T19:51:05.288828+00:00,& S 08:00am - 11:50am Ventura Health Sciences Center 227 11/07-11/07
965bdb93-5c70-40fc-976c-b9ff9c5b1402,3161,https://schedule.vcccd.edu/,2026-04-13T19:51:05.288828+00:00,S 08:00am - 11:50am
27273104-2d6b-4f94-97ee-70a4e69cbc49,3162,https://schedule.vcccd.edu/,2026-04-13T19:51:05.288828+00:00,& S 01:00pm - 03:50pm Ventura Health Sciences Center 227 11/07-11/07
c775438e-9f02-4a20-a3b2-62a72195e5a7,3163,https://schedule.vcccd.edu/,2026-04-13T19:51:05.288828+00:00,S 01:00pm - 03:50pm
39b903fa-c932-4fff-aa4c-704670f7b2a2,3164,https://schedule.vcccd.edu/,2026-04-13T19:51:05.288828+00:00,& S 08:00am - 11:50am Ventura Health Sciences Center 227 11/21-11/21
eae45d7b-d645-4ac4-9c12-4d5c02af7eef,3165,https://schedule.vcccd.edu/,2026-04-13T19:51:05.288828+00:00,S 08:00am - 11:50am
3dae2679-8c96-432e-8282-295eb28b4eba,3166,https://schedule.vcccd.edu/,2026-04-13T19:51:05.288828+00:00,& S 01:00pm - 03:50pm Ventura Health Sciences Center 227 11/21-11/21
1b3b19f4-6fcd-47da-8156-57d1258c8c42,3167,https://schedule.vcccd.edu/,2026-04-13T19:51:05.288828+00:00,S 01:00pm - 03:50pm
34adbe04-ed12-476c-9c38-fa335b4d275c,3168,https://schedule.vcccd.edu/,2026-04-13T19:51:05.288828+00:00,& Requires co-enrollment in EMS V10L CRN 73267
ae304d4d-3a01-4146-87ce-c3618ffb4423,3169,https://schedule.vcccd.edu/,2026-04-13T19:51:05.288828+00:00,"OPEN 73181 Pre/Coreq 2.0 W 05:00pm - 09:50pm Health Science Center 101A 20 0 20 Pollack, Carrie 08/10-12/10 18"
bd8d76b4-d1de-49bb-8016-384623cf29ea,3170,https://schedule.vcccd.edu/,2026-04-13T19:51:05.288828+00:00,W 05:00pm - 09:50pm
462ffc70-a840-4a12-a738-a63e5f9886d2,3171,https://schedule.vcccd.edu/,2026-04-13T19:51:05.288828+00:00,& 1.00 HRS/WK TO BE ARRANGED TBA 08/10-12/10
532b6298-61bb-4bed-852d-12d9e2c9512b,3172,https://schedule.vcccd.edu/,2026-04-13T19:51:05.288828+00:00,& Requires co-enrollment in EMT M01
006b0608-cb89-497c-841c-888fdbe9d344,3173,https://schedule.vcccd.edu/,2026-04-13T19:51:05.288828+00:00,"OPEN 73184 Pre/Coreq 2.0 W 05:00pm - 09:50pm Health Science Center 102A 20 0 20 Ditto, Bradley 08/10-12/10 18"
b90bc149-3dfe-4904-978c-5a8b3a2d6359,3174,https://schedule.vcccd.edu/,2026-04-13T19:51:05.288828+00:00,W 05:00pm - 09:50pm
e0a480a1-3ffb-4673-b956-32e03517218e,3175,https://schedule.vcccd.edu/,2026-04-13T19:51:05.288828+00:00,& 1.00 HRS/WK TO BE ARRANGED TBA 08/10-12/10
bdfc2260-0e74-4c86-af65-ac870ac455e8,3176,https://schedule.vcccd.edu/,2026-04-13T19:51:05.288828+00:00,& Requires co-enrollment in EMT M01
f714737c-fd03-4a03-a5c1-7eba266762a8,3177,https://schedule.vcccd.edu/,2026-04-13T19:51:05.288828+00:00,"OPEN 73186 Pre/Coreq 2.0 R 05:00pm - 09:50pm Health Science Center 101A 20 0 20 Pollack, Carrie 08/10-12/10 18"
6d969a73-2507-409a-8f6b-a5022337b1df,3178,https://schedule.vcccd.edu/,2026-04-13T19:51:05.288828+00:00,R 05:00pm - 09:50pm
09826125-15e2-490a-8484-665e8b963300,3179,https://schedule.vcccd.edu/,2026-04-13T19:51:05.288828+00:00,& 1.00 HRS/WK TO BE ARRANGED TBA 08/10-12/10
6f761a06-b2e1-4d96-8297-39e52935adc8,3180,https://schedule.vcccd.edu/,2026-04-13T19:51:05.288828+00:00,& Requires co-enrollment in EMT M01
71559231-e2a1-48e0-a64e-69465e01ae15,3181,https://schedule.vcccd.edu/,2026-04-13T19:51:05.288828+00:00,"OPEN 73609 Pre/Coreq 2.0 R 05:00pm - 09:50pm Health Science Center 102A 20 0 20 Shorts, Kristen 08/10-10/02 8"
1fe645ec-0c89-47d2-b5e7-cb53d397c3ae,3182,https://schedule.vcccd.edu/,2026-04-13T19:51:05.288828+00:00,R 05:00pm - 09:50pm
911a4a4d-ba01-4f70-84b5-465af78a45e2,3183,https://schedule.vcccd.edu/,2026-04-13T19:51:05.288828+00:00,& 7.00 HRS/WK TO BE ARRANGED TBA 08/10-10/02
3869de1f-e6df-4c92-96f5-337613e3df4e,3184,https://schedule.vcccd.edu/,2026-04-13T19:51:05.288828+00:00,& Requires co-enrollment in EMT M01
1f2f2211-fd3b-448f-91d8-a5abddc96efa,3185,https://schedule.vcccd.edu/,2026-04-13T19:51:05.288828+00:00,"OPEN 71484 Pre/Coreq 6.0 M T 06:00pm - 08:50pm EATM 208 80 0 80 Pollack, Carrie 08/10-12/10 18"
441f44a4-3d0b-4073-a5ab-6c85d05484d3,3186,https://schedule.vcccd.edu/,2026-04-13T19:51:05.288828+00:00,M T 06:00pm - 08:50pm
7f07f5ef-8a24-4c5a-adad-e189e83e1f31,3187,https://schedule.vcccd.edu/,2026-04-13T19:51:05.288828+00:00,& Requires co-enrollment in EMT M01L
1bce41e9-7642-436d-8239-1f07c8dfd5bf,3188,https://schedule.vcccd.edu/,2026-04-13T19:51:05.288828+00:00,"OPEN 72501 1.5 F S 08:30am - 04:20pm Camarillo Airport 109 25 0 25 Sullivan, Dana 10/16-10/24 2"
697185fc-d5c1-471d-9f23-659837bd1d43,3189,https://schedule.vcccd.edu/,2026-04-13T19:51:05.288828+00:00,F S 08:30am - 04:20pm
dbba99c6-757b-4ace-a32a-f7c7456bf7a4,3190,https://schedule.vcccd.edu/,2026-04-13T19:51:05.288828+00:00,"OPEN 70005 3.0 T R 02:30pm - 04:45pm Camarillo Airport 109 25 0 25 Morris, Robert 08/10-12/10 18"
8bd0ef11-b2de-46f3-a595-fb56c9b76fc6,3191,https://schedule.vcccd.edu/,2026-04-13T19:51:05.288828+00:00,T R 02:30pm - 04:45pm
029329b8-564a-4664-bc35-8eb2afc876f2,3192,https://schedule.vcccd.edu/,2026-04-13T19:51:05.288828+00:00,"OPEN 73030 3.0 F 02:30pm - 04:45pm Camarillo Airport 113 25 0 25 Latham, David 08/10-12/10 18"
c38a0264-dbd3-4fb5-8efc-9b7d51344d2f,3193,https://schedule.vcccd.edu/,2026-04-13T19:51:05.288828+00:00,F 02:30pm - 04:45pm
37c8f7e1-aebc-42d0-bc1f-fa0abcb40325,3194,https://schedule.vcccd.edu/,2026-04-13T19:51:05.288828+00:00,& 2.50 HRS/WK ONLINE Oxnard Online (Canvas) 08/10-12/10
c3be09bb-7f6c-4ce6-91d5-8fdb931d3090,3195,https://schedule.vcccd.edu/,2026-04-13T19:51:05.288828+00:00,"OPEN 72101 8.5 S 09:00am - 02:50pm Camarillo Airport 113 20 0 20 Johnson, Jason 08/10-12/10 18"
cda68d2b-6647-4b51-b4e7-dadd0d1af83c,3196,https://schedule.vcccd.edu/,2026-04-13T19:51:05.288828+00:00,S 09:00am - 02:50pm
c205d70c-026c-4731-8dfc-0850685d5863,3197,https://schedule.vcccd.edu/,2026-04-13T19:51:05.288828+00:00,& F 05:30pm - 10:20pm Camarillo Airport 113 08/10-12/10
b828d909-1802-4d3a-88df-5e0d7b7a6848,3198,https://schedule.vcccd.edu/,2026-04-13T19:51:05.288828+00:00,F 05:30pm - 10:20pm
a0d2a7b0-cc11-4a48-a36d-eedeb4085806,3199,https://schedule.vcccd.edu/,2026-04-13T19:51:05.288828+00:00,"OPEN 71141 8.5 M W 05:00pm - 10:15pm Camarillo Airport 113 20 0 20 Schwab, Carl 08/10-12/10 18"
b8fe902a-92e0-40e9-be04-ab8ebe5fa776,3200,https://schedule.vcccd.edu/,2026-04-13T19:51:05.288828+00:00,M W 05:00pm - 10:15pm
e71714f3-02a2-45d1-a692-90aa7365c526,3201,https://schedule.vcccd.edu/,2026-04-13T19:51:05.288828+00:00,"OPEN 71139 8.5 T R 08:00am - 01:15pm Camarillo Airport 113 20 0 20 Morris, Robert 08/10-12/10 18"
9151afc9-3cc4-4807-9f52-65cdf8b00237,3202,https://schedule.vcccd.edu/,2026-04-13T19:51:05.288828+00:00,T R 08:00am - 01:15pm
8e6c08a6-eb02-4dcc-a3e7-61caacc76a82,3203,https://schedule.vcccd.edu/,2026-04-13T19:51:05.288828+00:00,"OPEN 71149 8.5 T R 05:00pm - 10:15pm Camarillo Airport 113 20 1 19 Morris, Robert 08/10-12/10 18"
8eb5542d-709f-4086-82bc-d14806ac252d,3204,https://schedule.vcccd.edu/,2026-04-13T19:51:05.288828+00:00,T R 05:00pm - 10:15pm
a1176731-a489-4977-bc87-9c28a1279826,3205,https://schedule.vcccd.edu/,2026-04-13T19:51:05.288828+00:00,"OPEN 71162 8.5 M W 08:00am - 01:15pm Camarillo Airport 113 20 2 18 Hodge, Cherish 08/10-12/10 18"
4de81a1f-0a0a-4d6b-b79b-3e87f367301d,3206,https://schedule.vcccd.edu/,2026-04-13T19:51:05.288828+00:00,M W 08:00am - 01:15pm
226a41a1-1dc7-4c4e-8114-bca608236366,3207,https://schedule.vcccd.edu/,2026-04-13T19:51:05.288828+00:00,"OPEN 70732 Pre/Coreq 4.0 M W 01:00pm - 02:50pm Academic Center 310 27 0 27 Lybarger-Monson, Kara 08/10-12/10 18"
0d4c9d95-b357-4fcc-8792-a678e4f6a73f,3208,https://schedule.vcccd.edu/,2026-04-13T19:51:05.288828+00:00,M W 01:00pm - 02:50pm
e253dc99-5e3c-4a98-8801-9f4e0de026fd,3209,https://schedule.vcccd.edu/,2026-04-13T19:51:05.288828+00:00,"OPEN 78577 Pre/Coreq 4.0 M W 01:00pm - 02:15pm Academic Center 308 13 0 13 Dombourian, Sona 08/10-11/13 14"
ed692345-7b7f-4ad5-b3bc-0a2672159bfb,3210,https://schedule.vcccd.edu/,2026-04-13T19:51:05.288828+00:00,M W 01:00pm - 02:15pm
3b2d4897-c929-4c9b-8a1c-8615a210ff56,3211,https://schedule.vcccd.edu/,2026-04-13T19:51:05.288828+00:00,& Distance Education Class: Click CRN for requirements. Moorpark Online (Canvas) 08/10-11/13
3a4d5d10-bea3-44c3-bc5c-3e04a2fa159a,3212,https://schedule.vcccd.edu/,2026-04-13T19:51:05.288828+00:00,"OPEN 71339 Pre/Coreq 4.0 T R 04:00pm - 06:15pm Academic Center 208 13 0 13 Tennenhouse, Tracy 08/31-12/03 14"
181c66fc-1e44-40f1-9c83-a8b0f8111363,3213,https://schedule.vcccd.edu/,2026-04-13T19:51:05.288828+00:00,T R 04:00pm - 06:15pm
409ae3ce-b46a-48c9-a58a-87ff7e57a08c,3214,https://schedule.vcccd.edu/,2026-04-13T19:51:05.288828+00:00,"OPEN 70339 Pre/Coreq 4.0 M 08:30am - 10:20am Oxnard Art + Design 7 27 0 27 Rodriguez, Anthony 08/10-12/10 18"
77ed5920-e913-4d6b-8e8b-270c6d1167bd,3215,https://schedule.vcccd.edu/,2026-04-13T19:51:05.288828+00:00,M 08:30am - 10:20am
b66370d6-ca93-4487-865f-3089fccddda0,3216,https://schedule.vcccd.edu/,2026-04-13T19:51:05.288828+00:00,& Distance Education Class: Click CRN for requirements. Oxnard Online (Canvas) 08/10-12/10
a7362466-5c0e-41ce-846b-3a9cd732f035,3217,https://schedule.vcccd.edu/,2026-04-13T19:51:05.288828+00:00,"OPEN 71011 Pre/Coreq 4.0 R 08:00am - 09:50am Humanities/Social Sciences 222 27 0 27 Birchman, David 08/10-10/02 8"
0cecc25e-1c10-429c-951b-5b0bdc6ebd59,3218,https://schedule.vcccd.edu/,2026-04-13T19:51:05.288828+00:00,R 08:00am - 09:50am
d521263f-85e2-4ebb-bb75-307b784ad7ff,3219,https://schedule.vcccd.edu/,2026-04-13T19:51:05.288828+00:00,& Distance Education Class: Click CRN for requirements. Moorpark Online (Canvas) 08/10-10/02
40f30169-ac60-40b0-a9d9-6a00edd593d8,3220,https://schedule.vcccd.edu/,2026-04-13T19:51:05.288828+00:00,"OPEN 71255 Pre/Coreq 4.0 T R 08:00am - 09:50am Academic Center 201 27 0 27 Baker, Jeff 08/10-12/10 18"
bdb63fd8-61f6-4ddb-b49a-c8762b389b9d,3221,https://schedule.vcccd.edu/,2026-04-13T19:51:05.288828+00:00,T R 08:00am - 09:50am
32e4f566-5186-4d9c-86ea-bd09f03ee97d,3222,https://schedule.vcccd.edu/,2026-04-13T19:51:05.288828+00:00,"OPEN 71383 Pre/Coreq 4.0 M W 01:00pm - 03:50pm Academic Center 201 27 0 27 Bradford, Wade 08/10-10/02 8"
c3957cd1-4eac-4eb0-b1e9-e1924c2fc3b8,3223,https://schedule.vcccd.edu/,2026-04-13T19:51:05.288828+00:00,M W 01:00pm - 03:50pm
efd59f7e-e42e-45dc-8509-396828b3f8e2,3224,https://schedule.vcccd.edu/,2026-04-13T19:51:05.288828+00:00,& Distance Education Class: Click CRN for requirements. Moorpark Online (Canvas) 08/10-10/02
4f4510a0-d181-46b0-9b67-7cbd3d7600de,3225,https://schedule.vcccd.edu/,2026-04-13T19:51:05.288828+00:00,"OPEN 71414 Pre/Coreq 4.0 T R 01:00pm - 02:50pm Humanities/Social Sciences 222 27 0 27 Sims, Sydney 08/10-12/10 18"
dcaf2857-a1cb-43bd-a697-706bcd40635d,3226,https://schedule.vcccd.edu/,2026-04-13T19:51:05.288828+00:00,T R 01:00pm - 02:50pm
6e588d76-aa76-4c6f-8702-134ccbfc8ceb,3227,https://schedule.vcccd.edu/,2026-04-13T19:51:05.288828+00:00,"OPEN 71473 Pre/Coreq 4.0 Distance Education Class: Click CRN for requirements. Moorpark Online (Canvas) 27 0 27 Kaye, Jeremy 08/10-12/10 18"
0ecb517a-e3a3-4d7e-a937-ff8274d63922,3228,https://schedule.vcccd.edu/,2026-04-13T19:51:05.288828+00:00,"OPEN 71620 Pre/Coreq 4.0 M W 08:00am - 09:50am Academic Center 201 27 0 27 Baker, Jeff 08/10-12/10 18"
bb5bb292-bfe3-4f58-ac20-64154ae758a6,3229,https://schedule.vcccd.edu/,2026-04-13T19:51:05.288828+00:00,M W 08:00am - 09:50am
1f5cb2e1-a97d-40ef-93f8-f5dc9f386776,3230,https://schedule.vcccd.edu/,2026-04-13T19:51:05.288828+00:00,OPEN 72095 Pre/Coreq 4.0 M W 10:00am - 11:50am Life Science/Math/Comp Studies 123 27 0 27 Staff 08/10-12/10 18
e68ed04a-f2ae-42e1-bf37-afefcad818da,3231,https://schedule.vcccd.edu/,2026-04-13T19:51:05.288828+00:00,M W 10:00am - 11:50am
37778aef-edc9-4e96-9606-5c5df27f2a06,3232,https://schedule.vcccd.edu/,2026-04-13T19:51:05.288828+00:00,"OPEN 72617 Pre/Coreq 4.0 M W 05:00pm - 06:50pm Academic Center 301 27 0 27 Smith, Jennifer 08/10-12/10 18"
ae380f12-1745-420f-a054-5bdc6c21f61b,3233,https://schedule.vcccd.edu/,2026-04-13T19:51:05.288828+00:00,M W 05:00pm - 06:50pm
9062cf16-9073-49ea-a1bc-be85b133ed87,3234,https://schedule.vcccd.edu/,2026-04-13T19:51:05.288828+00:00,"OPEN 72699 Pre/Coreq 4.0 M W 01:00pm - 02:50pm Academic Center 301 27 0 27 Glick, Jessica 08/10-12/10 18"
3abbbe17-b3dc-4fc8-8116-849275bcc61c,3235,https://schedule.vcccd.edu/,2026-04-13T19:51:05.288828+00:00,M W 01:00pm - 02:50pm
353e50cc-0918-43e3-80bf-0e33e7038373,3236,https://schedule.vcccd.edu/,2026-04-13T19:51:05.288828+00:00,"OPEN 72963 Pre/Coreq 4.0 M W 08:00am - 09:50am Academic Center 103 27 0 27 Sosner, Jeffrey 08/10-12/10 18"
11b3e263-a773-4568-8299-510e1de4b464,3237,https://schedule.vcccd.edu/,2026-04-13T19:51:05.288828+00:00,M W 08:00am - 09:50am
606df394-0da2-48fe-8eaa-77de36cad7cb,3238,https://schedule.vcccd.edu/,2026-04-13T19:51:05.288828+00:00,"OPEN 72979 Pre/Coreq 4.0 M W 10:00am - 11:50am Academic Center 103 27 0 27 Sosner, Jeffrey 08/10-12/10 18"
b7389d35-9a8e-495a-9c39-38884b55eb8b,3239,https://schedule.vcccd.edu/,2026-04-13T19:51:05.288828+00:00,M W 10:00am - 11:50am
f7f2682d-81bc-46a6-9b35-ad5b338b8631,3240,https://schedule.vcccd.edu/,2026-04-13T19:51:05.288828+00:00,"OPEN 73516 Pre/Coreq 4.0 M W 10:00am - 11:50am Academic Center 309 27 0 27 Glick, Jessica 08/10-12/10 18"
88656539-8762-4fa0-a4d7-4d6bf41a5ea6,3241,https://schedule.vcccd.edu/,2026-04-13T19:51:05.288828+00:00,M W 10:00am - 11:50am
2ae5896a-99ef-486d-94bb-ac35d82ac023,3242,https://schedule.vcccd.edu/,2026-04-13T19:51:05.288828+00:00,"OPEN 78278 Pre/Coreq 4.0 M W 07:00pm - 08:50pm Academic Center 208 27 0 27 Smith, Jennifer 08/10-12/10 18"
5c314d37-1b90-417f-b78e-6d31fc08fdb1,3243,https://schedule.vcccd.edu/,2026-04-13T19:51:05.288828+00:00,M W 07:00pm - 08:50pm
2b1ff805-7099-4286-be30-4d91ba53e683,3244,https://schedule.vcccd.edu/,2026-04-13T19:51:05.288828+00:00,"OPEN 70353 Pre/Coreq 4.0 Distance Education Class: Click CRN for requirements. Moorpark Online (Canvas) 27 0 27 Wolf, Lori 08/17-12/03 16"
5765b80b-4b19-4cca-80fd-0274bca96cf0,3245,https://schedule.vcccd.edu/,2026-04-13T19:51:05.288828+00:00,"OPEN 71013 Pre/Coreq 4.0 Distance Education Class: Click CRN for requirements. Moorpark Online (Canvas) 27 0 27 Coleman, Tamarra 08/17-12/03 16"
caaa8967-bd2a-43f4-9d95-6e3885a6c928,3246,https://schedule.vcccd.edu/,2026-04-13T19:51:05.288828+00:00,"OPEN 71025 Pre/Coreq 4.0 Distance Education Class: Click CRN for requirements. Moorpark Online (Canvas) 27 0 27 Wolf, Lori 08/17-12/03 16"
bfa803be-5dc1-49c4-866e-b76e453f5ae1,3247,https://schedule.vcccd.edu/,2026-04-13T19:51:05.288828+00:00,"OPEN 71266 Pre/Coreq 4.0 Distance Education Class: Click CRN for requirements. Moorpark Online (Canvas) 27 0 27 Agregan, Luis 08/17-12/03 16"
8cbfdb85-29bc-4c6e-a76c-efb4b866fc15,3248,https://schedule.vcccd.edu/,2026-04-13T19:51:05.288828+00:00,"OPEN 71329 Pre/Coreq 4.0 Distance Education Class: Click CRN for requirements. In person proctored exam LL305 27 0 27 Loughman, Kyle 08/17-12/03 16"
e45362b7-7382-4b1e-bb22-ff9231114b9b,3249,https://schedule.vcccd.edu/,2026-04-13T19:51:05.288828+00:00,& 4.50 HRS/WK ONLINE Moorpark Online (Canvas) 08/17-12/03
e67bf97a-1d18-4729-9016-ec1074833686,3250,https://schedule.vcccd.edu/,2026-04-13T19:51:05.288828+00:00,"OPEN 71353 Pre/Coreq 4.0 Distance Education Class: Click CRN for requirements. Moorpark Online (Canvas) 27 0 27 McMullen, John 08/17-12/03 16"
767b0e25-5653-48b3-aa8f-6de5738939bf,3251,https://schedule.vcccd.edu/,2026-04-13T19:51:05.288828+00:00,"OPEN 71427 Pre/Coreq 4.0 Distance Education Class: Click CRN for requirements. In person proctored exam LL305 27 0 27 Loughman, Kyle 08/17-12/03 16"
b6e2573b-339f-4f6c-9c03-a449ab2b2b0a,3252,https://schedule.vcccd.edu/,2026-04-13T19:51:05.288828+00:00,& 4.50 HRS/WK ONLINE Moorpark Online (Canvas) 08/17-12/03
3812e7ac-fcac-4da7-a969-f1cf0238de65,3253,https://schedule.vcccd.edu/,2026-04-13T19:51:05.288828+00:00,"OPEN 71429 Pre/Coreq 4.0 Distance Education Class: Click CRN for requirements. Moorpark Online (Canvas) 27 0 27 Neves, Silvia 08/17-12/03 16"
e32babbe-e8e7-4b86-8029-00a52148fe3f,3254,https://schedule.vcccd.edu/,2026-04-13T19:51:05.288828+00:00,"OPEN 71515 Pre/Coreq 4.0 Distance Education Class: Click CRN for requirements. Moorpark Online (Canvas) 27 0 27 Young, Brian 08/17-12/03 16"
8ab6f3be-5c57-4ee3-825c-30613f29b2fe,3255,https://schedule.vcccd.edu/,2026-04-13T19:51:05.288828+00:00,"OPEN 71577 Pre/Coreq 4.0 T 08:00am - 09:50am Humanities/Social Sciences 222 27 0 27 Birchman, David 08/17-12/03 16"
4e10c287-338c-4f19-a515-be9575f7697b,3256,https://schedule.vcccd.edu/,2026-04-13T19:51:05.288828+00:00,T 08:00am - 09:50am
4e85c35d-00f0-4233-bce1-9c2523f9bb58,3257,https://schedule.vcccd.edu/,2026-04-13T19:51:05.288828+00:00,& Distance Education Class: Click CRN for requirements. Moorpark Online (Canvas) 08/17-12/03
16945d5d-730e-41ab-8699-6ff5addf685e,3258,https://schedule.vcccd.edu/,2026-04-13T19:51:05.288828+00:00,"OPEN 72073 Pre/Coreq 4.0 Distance Education Class: Click CRN for requirements. Moorpark Online (Canvas) 27 0 27 Guevara, Daniela 08/17-12/03 16"
ca237329-42e3-4f2a-ac89-ab67a49cc2bc,3259,https://schedule.vcccd.edu/,2026-04-13T19:51:05.288828+00:00,"OPEN 72453 Pre/Coreq 4.0 Distance Education Class: Click CRN for requirements. Moorpark Online (Canvas) 27 0 27 Stell, Aaron 08/17-12/03 16"
fb0d402a-2a1a-4514-a477-a2ce9933f950,3260,https://schedule.vcccd.edu/,2026-04-13T19:51:05.288828+00:00,"OPEN 72460 Pre/Coreq 4.0 Distance Education Class: Click CRN for requirements. Moorpark Online (Canvas) 27 0 27 Coleman, Tamarra 08/17-12/03 16"
72aa3b9d-205b-48b6-b361-3e8381d33fe5,3261,https://schedule.vcccd.edu/,2026-04-13T19:51:05.288828+00:00,"OPEN 72768 Pre/Coreq 4.0 Distance Education Class: Click CRN for requirements. Moorpark Online (Canvas) 27 0 27 Gifford, Randy 08/17-12/03 16"
3322548f-8919-4145-8eea-ffccaf7a8193,3262,https://schedule.vcccd.edu/,2026-04-13T19:51:05.288828+00:00,"OPEN 72769 Pre/Coreq 4.0 Distance Education Class: Click CRN for requirements. Moorpark Online (Canvas) 27 0 27 Gifford, Randy 08/17-12/03 16"
c3e9fe9b-ee25-4f22-8ed4-fb01a4422290,3263,https://schedule.vcccd.edu/,2026-04-13T19:51:05.288828+00:00,"OPEN 72814 Pre/Coreq 4.0 Distance Education Class: Click CRN for requirements. Moorpark Online (Canvas) 27 0 27 Young, Brian 08/17-12/03 16"
c6318509-4617-425c-871f-a0f9d84cd770,3264,https://schedule.vcccd.edu/,2026-04-13T19:51:05.288828+00:00,"OPEN 72848 Pre/Coreq 4.0 W 10:00am - 11:50am Library and Learning Resources 124 27 0 27 Altenbernd, Julianne 08/17-12/03 16"
79c7c596-21e3-441a-a34d-91b5524fc981,3265,https://schedule.vcccd.edu/,2026-04-13T19:51:05.288828+00:00,W 10:00am - 11:50am
068646a2-17c4-470d-877f-d84ee234933e,3266,https://schedule.vcccd.edu/,2026-04-13T19:51:05.288828+00:00,& Distance Education Class: Click CRN for requirements. Moorpark Online (Canvas) 08/17-12/03
14923aa2-c748-49ee-b3b7-7de5b08426bc,3267,https://schedule.vcccd.edu/,2026-04-13T19:51:05.288828+00:00,"OPEN 72966 Pre/Coreq 4.0 Distance Education Class: Click CRN for requirements. Moorpark Online (Canvas) 27 0 27 Stell, Aaron 08/17-12/03 16"
47cd7b01-1ba6-4fdc-9399-1c7b5f904e27,3268,https://schedule.vcccd.edu/,2026-04-13T19:51:05.288828+00:00,"OPEN 73159 Pre/Coreq 4.0 Distance Education Class: Click CRN for requirements. Moorpark Online (Canvas) 27 0 27 Speiser, Robert 08/17-12/03 16"
c1a5e3f0-a883-46d3-9a5c-2a3eb5123888,3269,https://schedule.vcccd.edu/,2026-04-13T19:51:05.288828+00:00,"OPEN 73212 Pre/Coreq 4.0 W 01:00pm - 02:50pm Library and Learning Resources 124 27 0 27 Altenbernd, Julianne 08/17-12/03 16"
0e2f2102-2a54-4c38-b570-dfc14f3330c9,3270,https://schedule.vcccd.edu/,2026-04-13T19:51:05.288828+00:00,W 01:00pm - 02:50pm
07474fa7-640b-4904-8d33-81cc446ec987,3271,https://schedule.vcccd.edu/,2026-04-13T19:51:05.288828+00:00,& Distance Education Class: Click CRN for requirements. Moorpark Online (Canvas) 08/17-12/03
4f6cc7e7-301e-40c2-8539-8d6667d64554,3272,https://schedule.vcccd.edu/,2026-04-13T19:51:05.288828+00:00,"OPEN 73217 Pre/Coreq 4.0 Distance Education Class: Click CRN for requirements. Moorpark Online (Canvas) 27 0 27 Watkins, Vita 08/17-12/03 16"
cd795171-aa53-42c7-a466-2fabf98aca85,3273,https://schedule.vcccd.edu/,2026-04-13T19:51:05.288828+00:00,"OPEN 73277 Pre/Coreq 4.0 Distance Education Class: Click CRN for requirements. In person proctored exam LL305 27 0 27 Loughman, Kyle 08/17-12/03 16"
88922e11-bd86-4344-bffc-6186fc60d6cd,3274,https://schedule.vcccd.edu/,2026-04-13T19:51:05.288828+00:00,& 4.50 HRS/WK ONLINE Moorpark Online (Canvas) 08/17-12/03
e2c05ed9-85fb-4f2f-8325-f7603146fc39,3275,https://schedule.vcccd.edu/,2026-04-13T19:51:05.288828+00:00,"OPEN 73772 Pre/Coreq 4.0 Distance Education Class: Click CRN for requirements. Moorpark Online (Canvas) 27 0 27 Gebers, Teresa 08/17-12/03 16"
020187c5-d02d-4681-b54b-950c9050bb5a,3276,https://schedule.vcccd.edu/,2026-04-13T19:51:05.288828+00:00,"OPEN 70114 Pre/Coreq 4.0 Distance Education Class: Click CRN for requirements. In person proctored exam LL305 27 0 27 Scrofano, Diane 08/24-12/03 15"
1418a714-a427-408e-9859-7b08dbf1a418,3277,https://schedule.vcccd.edu/,2026-04-13T19:51:05.288828+00:00,& 4.75 HRS/WK ONLINE Moorpark Online (Canvas) 08/24-12/03
fe6c52e3-fa3a-420f-ab36-b7bd56cf7d71,3278,https://schedule.vcccd.edu/,2026-04-13T19:51:05.288828+00:00,"OPEN 72118 Pre/Coreq 4.0 T R 10:00am - 12:15pm Academic Center 310 27 0 27 Scrofano, Diane 08/24-12/03 15"
1bc1bbd4-3e98-44a4-8398-6fee5df52dde,3279,https://schedule.vcccd.edu/,2026-04-13T19:51:05.288828+00:00,T R 10:00am - 12:15pm
47b4ddb1-631c-4e11-bb32-4ee412b2ebab,3280,https://schedule.vcccd.edu/,2026-04-13T19:51:05.288828+00:00,OPEN 73008 Pre/Coreq 4.0 Distance Education Class: Click CRN for requirements. Moorpark Online (Canvas) 27 0 27 Staff 08/24-12/03 15
ddbd3853-f92b-4fb0-b091-d9d4a93d3cf0,3281,https://schedule.vcccd.edu/,2026-04-13T19:51:05.288828+00:00,"OPEN 70039 Pre/Coreq 4.0 M W 10:00am - 12:15pm Academic Center 113 27 0 27 Bryden, Nick 08/31-12/03 14"
28eb765f-a854-42c7-a2d1-3c9ecde626ae,3282,https://schedule.vcccd.edu/,2026-04-13T19:51:05.288828+00:00,M W 10:00am - 12:15pm
28ff9fc8-8491-4655-9357-47fce4da9a2c,3283,https://schedule.vcccd.edu/,2026-04-13T19:51:05.288828+00:00,OPEN 70343 Pre/Coreq 4.0 Distance Education Class: Click CRN for requirements. Moorpark Online (Canvas) 27 0 27 Staff 08/31-12/03 14
a1c1735a-e877-4c0a-aefe-e9c45a643621,3284,https://schedule.vcccd.edu/,2026-04-13T19:51:05.288828+00:00,OPEN 70395 Pre/Coreq 4.0 Distance Education Class: Click CRN for requirements. Moorpark Online (Canvas) 27 0 27 Staff 08/31-12/03 14
189af7bf-3a3b-4e43-acad-57a6552c7cf3,3285,https://schedule.vcccd.edu/,2026-04-13T19:51:05.288828+00:00,"OPEN 70917 Pre/Coreq 4.0 T 01:00pm - 02:50pm Life Science/Math/Comp Studies 123 27 0 27 Tennenhouse, Tracy 08/31-12/03 14"
05d61b4b-aef6-4f43-9f5a-c567b882771f,3286,https://schedule.vcccd.edu/,2026-04-13T19:51:05.288828+00:00,T 01:00pm - 02:50pm
63448635-7520-4b97-938b-5fb1de017b16,3287,https://schedule.vcccd.edu/,2026-04-13T19:51:05.288828+00:00,& Distance Education Class: Click CRN for requirements. Moorpark Online (Canvas) 08/31-12/03
8e1d98bf-6045-4d2f-a902-4d8a8913bd3b,3288,https://schedule.vcccd.edu/,2026-04-13T19:51:05.288828+00:00,"OPEN 71101 Pre/Coreq 4.0 Distance Education Class: Click CRN for requirements. Moorpark Online (Canvas) 27 0 27 Rosenfeld, Mahta 08/31-12/03 14"
cf9cc119-d4b3-4b7b-8a35-73a9f82096fc,3289,https://schedule.vcccd.edu/,2026-04-13T19:51:05.288828+00:00,"OPEN 71346 Pre/Coreq 4.0 Distance Education Class: Click CRN for requirements. Moorpark Online (Canvas) 27 0 27 Hannah, Joelle 08/31-12/03 14"
ee169050-dbc9-4dd9-b5dd-429f5b199ec1,3290,https://schedule.vcccd.edu/,2026-04-13T19:51:05.288828+00:00,"OPEN 71535 Pre/Coreq 4.0 T R 10:00am - 12:15pm Academic Center 113 27 0 27 Gabrielyan, Roza 08/31-12/03 14"
c30f7d36-c5ad-426f-829d-b4e667b5658f,3291,https://schedule.vcccd.edu/,2026-04-13T19:51:05.288828+00:00,T R 10:00am - 12:15pm
00b09e80-3514-4e53-880e-5d94e53c8e30,3292,https://schedule.vcccd.edu/,2026-04-13T19:51:05.288828+00:00,"OPEN 72105 Pre/Coreq 4.0 Distance Education Class: Click CRN for requirements. Moorpark Online (Canvas) 27 0 27 Yablon, Brian 08/31-12/03 14"
c12d37a8-e561-4fe8-8eef-ae168173980d,3293,https://schedule.vcccd.edu/,2026-04-13T19:51:05.288828+00:00,"OPEN 73033 Pre/Coreq 4.0 S 10:00am - 12:50pm Academic Center 201 27 0 27 Yablon, Brian 08/31-12/05 14"
ce19b4bd-0acd-48de-aa45-e53078e1fb20,3294,https://schedule.vcccd.edu/,2026-04-13T19:51:05.288828+00:00,S 10:00am - 12:50pm
c7331a05-1e9d-499b-8418-6b98893bae82,3295,https://schedule.vcccd.edu/,2026-04-13T19:51:05.288828+00:00,& Distance Education Class: Click CRN for requirements. Moorpark Online (Canvas) 08/31-12/05
3cbcbc20-0635-4520-825b-41d3c1a1d8b3,3296,https://schedule.vcccd.edu/,2026-04-13T19:51:05.288828+00:00,"OPEN 73514 Pre/Coreq 4.0 T R 01:00pm - 03:15pm Academic Center 113 27 0 27 Gabrielyan, Roza 08/31-12/03 14"
8abde858-bcbb-4c07-881e-43ea58dc8720,3297,https://schedule.vcccd.edu/,2026-04-13T19:51:05.288828+00:00,T R 01:00pm - 03:15pm
546d56c2-c23b-4413-bba6-5ce9c2d47055,3298,https://schedule.vcccd.edu/,2026-04-13T19:51:05.288828+00:00,"OPEN 73595 Pre/Coreq 4.0 Distance Education Class: Click CRN for requirements. Moorpark Online (Canvas) 27 0 27 O'Bryan, Ann 08/31-12/03 14"
b95a997e-761d-44a8-ae03-bd38626da760,3299,https://schedule.vcccd.edu/,2026-04-13T19:51:05.288828+00:00,"OPEN 76674 Pre/Coreq 4.0 Distance Education Class: Click CRN for requirements. Moorpark Online (Canvas) 27 0 27 O'Bryan, Ann 08/31-12/03 14"
7167e223-cfe4-4ffb-a3b8-23c079a5ceaa,3300,https://schedule.vcccd.edu/,2026-04-13T19:51:05.288828+00:00,"OPEN 71332 Pre/Coreq 4.0 Distance Education Class: Click CRN for requirements. Moorpark Online (Canvas) 27 0 27 Garcia, Mario 10/12-12/03 8"
50ab64b6-ddf8-42c3-b8f8-e44e7700931b,3301,https://schedule.vcccd.edu/,2026-04-13T19:51:05.288828+00:00,"OPEN 71352 Pre/Coreq 4.0 Distance Education Class: Click CRN for requirements. Moorpark Online (Canvas) 27 0 27 Garcia, Mario 10/12-12/03 8"
b40a8e3f-242d-4ce6-8c8f-071fefaed5ef,3302,https://schedule.vcccd.edu/,2026-04-13T19:51:05.288828+00:00,"OPEN 70107 Pre/Coreq 4.0 T R 10:00am - 11:50am Humanities/Social Sciences 222 27 1 26 Sims, Sydney 08/10-12/10 18"
935a9df2-c118-4aed-a40b-a38c318af5ab,3303,https://schedule.vcccd.edu/,2026-04-13T19:51:05.288828+00:00,T R 10:00am - 11:50am
0f684947-d774-4e65-bc29-d234ef7fdb01,3304,https://schedule.vcccd.edu/,2026-04-13T19:51:05.288828+00:00,"OPEN 70224 Pre/Coreq 4.0 T R 10:00am - 11:15am Academic Center 308 27 1 26 Dombourian, Sona 08/10-11/13 14"
b847c304-fdec-4818-8264-151518e189e0,3305,https://schedule.vcccd.edu/,2026-04-13T19:51:05.288828+00:00,T R 10:00am - 11:15am
0832183c-3dbc-4a96-a17c-3ce067a252d3,3306,https://schedule.vcccd.edu/,2026-04-13T19:51:05.288828+00:00,& Distance Education Class: Click CRN for requirements. TBA 08/10-11/13
a8482ed7-90db-49bb-bd18-2cd2d8290827,3307,https://schedule.vcccd.edu/,2026-04-13T19:51:05.288828+00:00,"OPEN 70924 Pre/Coreq 4.0 M W 01:00pm - 02:50pm Academic Center 104 27 1 26 Lewis, Kimberly 08/10-12/10 18"
afb8f766-bb44-4609-b3ff-7b23533136db,3308,https://schedule.vcccd.edu/,2026-04-13T19:51:05.288828+00:00,M W 01:00pm - 02:50pm
37bfe051-d5a2-4bc0-9d16-b84455e9d2ef,3309,https://schedule.vcccd.edu/,2026-04-13T19:51:05.288828+00:00,"OPEN 71084 Pre/Coreq 4.0 M W 10:00am - 11:50am Academic Center 104 27 1 26 Burns, Brian 08/10-12/10 18"
a9b74b3f-46e5-4291-be23-7a2773ec5773,3310,https://schedule.vcccd.edu/,2026-04-13T19:51:05.288828+00:00,M W 10:00am - 11:50am
47a95615-90de-4461-aa6b-909ec8cd855e,3311,https://schedule.vcccd.edu/,2026-04-13T19:51:05.288828+00:00,"OPEN 72561 Pre/Coreq 4.0 T R 10:00am - 11:50am Academic Center 301 27 1 26 Kaye, Jeremy 08/10-12/10 18"
adc30c18-08b0-44f7-993d-f32aa4c2a12c,3312,https://schedule.vcccd.edu/,2026-04-13T19:51:05.288828+00:00,T R 10:00am - 11:50am
74cbe50e-c059-4de7-a02e-4b00b8620c36,3313,https://schedule.vcccd.edu/,2026-04-13T19:51:05.288828+00:00,"OPEN 73454 Pre/Coreq 4.0 Distance Education Class: Click CRN for requirements. Moorpark Online (Canvas) 27 1 26 Burns, Brian 08/10-12/10 18"
55b8ef5c-347f-4e58-8807-3b6355cd3924,3314,https://schedule.vcccd.edu/,2026-04-13T19:51:05.288828+00:00,"OPEN 73535 Pre/Coreq 4.0 T R 10:00am - 11:50am Academic Center 201 27 1 26 Baker, Jeff 08/10-12/10 18"
77777df6-1c05-4115-862c-f071c693a872,3315,https://schedule.vcccd.edu/,2026-04-13T19:51:05.288828+00:00,T R 10:00am - 11:50am
c5646981-40e4-4059-914f-d9a037969e24,3316,https://schedule.vcccd.edu/,2026-04-13T19:51:05.288828+00:00,"OPEN 71485 Pre/Coreq 4.0 T R 01:00pm - 02:50pm Academic Center 301 27 2 25 Baker, Jeff 08/10-12/10 18"
f9e113dc-c5fa-44c2-ac00-2f78c404d89b,3317,https://schedule.vcccd.edu/,2026-04-13T19:51:05.288828+00:00,T R 01:00pm - 02:50pm
a2d5c878-07cf-4ef1-ba4d-07bd9b714d0b,3318,https://schedule.vcccd.edu/,2026-04-13T19:51:05.288828+00:00,"OPEN 71431 Pre/Coreq 4.0 Distance Education Class: Click CRN for requirements. Moorpark Online (Canvas) 27 3 24 Kaye, Jeremy 08/10-12/10 18"
c03e5244-3b23-4095-b4fb-f29430153b49,3319,https://schedule.vcccd.edu/,2026-04-13T19:51:05.288828+00:00,"OPEN 72933 Pre/Coreq 4.0 Distance Education Class: Click CRN for requirements. Moorpark Online (Canvas) 22 1 21 Rosenfeld, Mahta 08/31-12/03 14"
32cc8910-d016-4775-8bb3-67d3f3637a51,3320,https://schedule.vcccd.edu/,2026-04-13T19:51:05.288828+00:00,& Requires co-enrollment in ENGL M91AS CRN 70423
ea2e99a8-996d-4649-94d7-93f2c0a9dfde,3321,https://schedule.vcccd.edu/,2026-04-13T19:51:05.288828+00:00,"OPEN 71406 Pre/Coreq 4.0 M W 01:00pm - 02:50pm Academic Center 103 22 2 20 Burns, Brian 08/10-12/10 18"
a28469ed-2c1d-46cf-b306-0b143b64752d,3322,https://schedule.vcccd.edu/,2026-04-13T19:51:05.288828+00:00,M W 01:00pm - 02:50pm
ca7d58af-0804-46b6-ab5f-8acf3ad8150a,3323,https://schedule.vcccd.edu/,2026-04-13T19:51:05.288828+00:00,& Requires co-enrollment in ENGL M91AS CRN 71306
ecedf6e5-9c1d-4071-9d5d-4ef863feaf2f,3324,https://schedule.vcccd.edu/,2026-04-13T19:51:05.288828+00:00,"OPEN 71660 Pre/Coreq 4.0 M W 01:00pm - 02:15pm Academic Center 308 14 0 14 Dombourian, Sona 08/10-11/13 14"
11e9b8ee-dabc-4d02-8d46-f42821c1c75b,3325,https://schedule.vcccd.edu/,2026-04-13T19:51:05.288828+00:00,M W 01:00pm - 02:15pm
c46faf2a-37e7-40c9-97cb-22a762656972,3326,https://schedule.vcccd.edu/,2026-04-13T19:51:05.288828+00:00,& Distance Education Class: Click CRN for requirements. Moorpark Online (Canvas) 08/10-11/13
058805bd-8136-4611-a080-489e22492d80,3327,https://schedule.vcccd.edu/,2026-04-13T19:51:05.288828+00:00,"OPEN 71464 Pre/Coreq 4.0 T R 04:00pm - 06:15pm Academic Center 208 14 0 14 Tennenhouse, Tracy 08/31-12/03 14"
fdac847e-d8ba-455b-8841-7f16c9e52d6f,3328,https://schedule.vcccd.edu/,2026-04-13T19:51:05.288828+00:00,T R 04:00pm - 06:15pm
48a3ce76-45e9-4787-ad1a-efe6010846ce,3329,https://schedule.vcccd.edu/,2026-04-13T19:51:05.288828+00:00,OPEN 70435 Pre/Coreq 4.0 Distance Education Class: Click CRN for requirements. Moorpark Online (Canvas) 10 0 10 Staff 10/12-12/03 8
730d4c62-4da1-4fb8-9e50-d7eaa5bdde7e,3330,https://schedule.vcccd.edu/,2026-04-13T19:51:05.288828+00:00,"OPEN 70024 Pre/Coreq 4.0 Distance Education Class: Click CRN for requirements. Moorpark Online (Canvas) 10 1 9 Hasson, Jessica 08/10-10/02 8"
f3a341c7-de1d-460e-896d-26085b96f5e3,3331,https://schedule.vcccd.edu/,2026-04-13T19:51:05.288828+00:00,"OPEN 70464 Pre/Coreq 4.0 Distance Education Class: Click CRN for requirements. Moorpark Online (Canvas) 10 1 9 Tennenhouse, Tracy 10/12-12/03 8"
b7924456-9952-4f13-9121-75c524e45de7,3332,https://schedule.vcccd.edu/,2026-04-13T19:51:05.288828+00:00,"OPEN 70829 Pre/Coreq 4.0 M 05:00pm - 06:50pm Oxnard Liberal Arts 13 27 0 27 Gay, Sarah 08/10-12/10 18"
07cb334f-3143-43f4-b3ce-fda0c39ecc8f,3333,https://schedule.vcccd.edu/,2026-04-13T19:51:05.288828+00:00,M 05:00pm - 06:50pm
c9e304a2-bf9d-48f4-9252-212c763aa8a9,3334,https://schedule.vcccd.edu/,2026-04-13T19:51:05.288828+00:00,& Distance Education Class: Click CRN for requirements. Oxnard Online (Canvas) 08/10-12/10
2804fe45-2cf0-468f-b35b-1555cadcc099,3335,https://schedule.vcccd.edu/,2026-04-13T19:51:05.288828+00:00,& Requires co-enrollment in ENGL R101S CRN 70313
a2c94b27-15e7-45da-bce2-73669b46fbae,3336,https://schedule.vcccd.edu/,2026-04-13T19:51:05.288828+00:00,"OPEN 72020 Pre/Coreq 4.0 W 01:00pm - 02:50pm Oxnard Liberal Arts 10 27 0 27 Scariano Willers, Renee 08/10-12/10 18"
553d5aec-911c-43a9-a72b-e996d5071f46,3337,https://schedule.vcccd.edu/,2026-04-13T19:51:05.288828+00:00,W 01:00pm - 02:50pm
4501c5ea-ba32-4c77-bdce-989dbed1312c,3338,https://schedule.vcccd.edu/,2026-04-13T19:51:05.288828+00:00,& Distance Education Class: Click CRN for requirements. Oxnard Online (Canvas) 08/10-12/10
dbc7f00c-9ba6-4cf3-8e18-90aa8bc95d74,3339,https://schedule.vcccd.edu/,2026-04-13T19:51:05.288828+00:00,"OPEN 72326 Pre/Coreq 4.0 Distance Education Class: Click CRN for requirements. Oxnard Online (Canvas) 27 0 27 Helfrich, Lisa 08/10-12/10 18"
c1ae481c-82af-47bc-9f8e-a74633a1a6a1,3340,https://schedule.vcccd.edu/,2026-04-13T19:51:05.288828+00:00,"OPEN 72785 Pre/Coreq 4.0 W 10:30am - 12:20pm Oxnard Liberal Arts 11 27 0 27 Scariano Willers, Renee 08/10-12/10 18"
be569c2c-5c68-4700-ad72-6fcc9f6d0d0d,3341,https://schedule.vcccd.edu/,2026-04-13T19:51:05.288828+00:00,W 10:30am - 12:20pm
0cc210b1-1e01-447e-8487-eb3a751e3843,3342,https://schedule.vcccd.edu/,2026-04-13T19:51:05.288828+00:00,& Distance Education Class: Click CRN for requirements. Oxnard Online (Canvas) 08/10-12/10
92611315-5192-4ab3-b90c-b9b85fa537da,3343,https://schedule.vcccd.edu/,2026-04-13T19:51:05.288828+00:00,"OPEN 72787 Pre/Coreq 4.0 Distance Education Class: Click CRN for requirements. Oxnard Online (Canvas) 27 0 27 Brown, Rebbecca 08/10-12/10 18"
6ed5e3e5-1aea-403d-8344-cc1ad3e87a50,3344,https://schedule.vcccd.edu/,2026-04-13T19:51:05.288828+00:00,"OPEN 73015 Pre/Coreq 4.0 Distance Education Class: Click CRN for requirements. Oxnard Online (Canvas) 27 0 27 Brown, Rebbecca 08/10-12/10 18"
f5cf5124-3603-418f-8075-30c891e97d1a,3345,https://schedule.vcccd.edu/,2026-04-13T19:51:05.288828+00:00,"OPEN 73016 Pre/Coreq 4.0 T 08:30am - 10:20am Oxnard Art + Design 6 27 0 27 Rodriguez, Anthony 08/10-12/10 18"
a22dfe70-81f9-4de4-857e-68d7273bd0aa,3346,https://schedule.vcccd.edu/,2026-04-13T19:51:05.288828+00:00,T 08:30am - 10:20am
0d83c4ad-e828-465d-be12-8ccbbd83b357,3347,https://schedule.vcccd.edu/,2026-04-13T19:51:05.288828+00:00,& Distance Education Class: Click CRN for requirements. Oxnard Online (Canvas) 08/10-12/10
fd802251-71e0-4c60-8f85-2b3172764e42,3348,https://schedule.vcccd.edu/,2026-04-13T19:51:05.288828+00:00,"OPEN 73141 Pre/Coreq 4.0 T R 08:30am - 10:20am Oxnard Liberal Arts 18 27 0 27 Barragan, Lupita 08/10-12/10 18"
70101662-da9c-479d-97cf-92cd3986308b,3349,https://schedule.vcccd.edu/,2026-04-13T19:51:05.288828+00:00,T R 08:30am - 10:20am
29925ef2-7097-48e1-bfe7-d0e2ce7bc552,3350,https://schedule.vcccd.edu/,2026-04-13T19:51:05.288828+00:00,"OPEN 73383 Pre/Coreq 4.0 Distance Education Class: Click CRN for requirements. Oxnard Online (Canvas) 27 0 27 Lopez-Bowlin, Cristina 08/10-12/10 18"
59c3f91f-3763-4c2f-8a27-faa630f5507f,3351,https://schedule.vcccd.edu/,2026-04-13T19:51:05.288828+00:00,"OPEN 73386 Pre/Coreq 4.0 Distance Education Class: Click CRN for requirements. Oxnard Online (Canvas) 27 0 27 Davies Ward, Lisette 08/10-12/10 18"
d0e69ad7-d0a3-4018-91b0-f9063328bf2c,3352,https://schedule.vcccd.edu/,2026-04-13T19:51:05.288828+00:00,"OPEN 73389 Pre/Coreq 4.0 M W 08:30am - 10:20am Oxnard Art + Design 6 27 0 27 Altman, Dylan 08/10-12/10 18"
20ab74c6-e813-474b-acfa-2975f46c4c5c,3353,https://schedule.vcccd.edu/,2026-04-13T19:51:05.288828+00:00,M W 08:30am - 10:20am
7f6a4620-38ac-4579-bf2b-e8d77b4a2d96,3354,https://schedule.vcccd.edu/,2026-04-13T19:51:05.288828+00:00,& Requires co-enrollment in ENGL R101S CRN 70321
e48edbbc-3a24-43c7-aa67-54ebb2aa6ad9,3355,https://schedule.vcccd.edu/,2026-04-13T19:51:05.288828+00:00,"OPEN 73390 Pre/Coreq 4.0 M 10:30am - 12:20pm Oxnard Letters & Science 11 27 0 27 Caruth, Elissa 08/10-12/10 18"
74bc4b60-2634-4b38-ac25-3efc60625794,3356,https://schedule.vcccd.edu/,2026-04-13T19:51:05.288828+00:00,M 10:30am - 12:20pm
d4bd0612-cbf5-42d7-8ab4-10abfde66d40,3357,https://schedule.vcccd.edu/,2026-04-13T19:51:05.288828+00:00,& Distance Education Class: Click CRN for requirements. Oxnard Online (Canvas) 08/10-12/10
a1f427b0-28bf-40b7-8261-c0401dd589f4,3358,https://schedule.vcccd.edu/,2026-04-13T19:51:05.288828+00:00,"OPEN 73439 Pre/Coreq 4.0 W 01:00pm - 02:50pm Oxnard Art + Design 5 27 0 27 Altman, Dylan 08/10-12/10 18"
d6733d03-9669-4548-aaeb-6d245d27b088,3359,https://schedule.vcccd.edu/,2026-04-13T19:51:05.288828+00:00,W 01:00pm - 02:50pm
104215ca-3c08-494f-ab5f-c4d2a94bc309,3360,https://schedule.vcccd.edu/,2026-04-13T19:51:05.288828+00:00,& Distance Education Class: Click CRN for requirements. Oxnard Online (Canvas) 08/10-12/10
5c25617c-8344-443c-83eb-cb45ab4db2ee,3361,https://schedule.vcccd.edu/,2026-04-13T19:51:05.288828+00:00,"OPEN 72474 Pre/Coreq 4.0 R 04:00pm - 05:50pm Oxnard Pacifica High School H112 27 0 27 D'Anca, Christene 08/24-10/16 8"
e30a25de-4911-4562-9ff7-3655a8f98a6b,3362,https://schedule.vcccd.edu/,2026-04-13T19:51:05.288828+00:00,R 04:00pm - 05:50pm
40e53dc2-7812-4574-8ec3-8ff520b2e87c,3363,https://schedule.vcccd.edu/,2026-04-13T19:51:05.288828+00:00,& Distance Education Class: Click CRN for requirements. Oxnard Online (Canvas) 08/24-10/16
0d9ff104-d534-40e5-b597-bf06d20f05cd,3364,https://schedule.vcccd.edu/,2026-04-13T19:51:05.288828+00:00,"OPEN 73006 Pre/Coreq 4.0 Distance Education Class: Click CRN for requirements. Oxnard Online (Canvas) 27 0 27 Bonham, Teresa 08/24-12/10 16"
fb91199e-6f25-43ed-a51a-b9c48d21f6f7,3365,https://schedule.vcccd.edu/,2026-04-13T19:51:05.288828+00:00,"OPEN 73480 Pre/Coreq 4.0 Distance Education Class: Click CRN for requirements. Oxnard Online (Canvas) 27 0 27 Fields, Aniko 09/08-12/10 14"
7e66f3c5-b415-4108-b8bf-12f829df945e,3366,https://schedule.vcccd.edu/,2026-04-13T19:51:05.288828+00:00,"OPEN 73040 Pre/Coreq 4.0 W 05:00pm - 06:50pm Oxnard Liberal Arts 12 27 0 27 Fields, Aniko 09/09-12/10 14"
4dfa0683-656c-45bb-9fb3-b10e07b464b6,3367,https://schedule.vcccd.edu/,2026-04-13T19:51:05.288828+00:00,W 05:00pm - 06:50pm
5163a1d6-a20b-4778-b843-139a8c2123b5,3368,https://schedule.vcccd.edu/,2026-04-13T19:51:05.288828+00:00,& Distance Education Class: Click CRN for requirements. Oxnard Online (Canvas) 09/09-12/10
0f64d3ad-44e8-4f1c-b919-ddb438704696,3369,https://schedule.vcccd.edu/,2026-04-13T19:51:05.288828+00:00,& Requires co-enrollment in ENGL R101S CRN 70866
3d32d43b-d7dc-4084-9e16-d449c19cecad,3370,https://schedule.vcccd.edu/,2026-04-13T19:51:05.288828+00:00,"OPEN 73021 Pre/Coreq 4.0 Distance Education Class: Click CRN for requirements. Oxnard Online (Canvas) 27 0 27 Sandoval, Lisa 09/21-12/10 12"
6d46fdde-1962-4c9a-80ff-609f06e6598c,3371,https://schedule.vcccd.edu/,2026-04-13T19:51:05.288828+00:00,"OPEN 73350 Pre/Coreq 4.0 Distance Education Class: Click CRN for requirements. Oxnard Online (Canvas) 27 0 27 Helfrich, Lisa 09/21-12/10 12"
b1285ad4-7291-4d9c-8212-22737ddfd94d,3372,https://schedule.vcccd.edu/,2026-04-13T19:51:05.288828+00:00,"OPEN 73627 Pre/Coreq 4.0 M W 10:30am - 12:20pm Oxnard Condor Hall 303 27 0 27 Bonham, Teresa 08/24-12/10 16"
07f9210d-193d-4342-80c1-7388dcb9dc73,3373,https://schedule.vcccd.edu/,2026-04-13T19:51:05.288828+00:00,M W 10:30am - 12:20pm
fb2b3531-a769-4762-bf0d-c0c1d848bfe8,3374,https://schedule.vcccd.edu/,2026-04-13T19:51:05.288828+00:00,& Requires co-enrollment in ENGL R101S CRN 71053
a32574ff-84b6-4ff3-a3b7-d6998f3dd404,3375,https://schedule.vcccd.edu/,2026-04-13T19:51:05.288828+00:00,"OPEN 72013 Pre/Coreq 4.0 T R 10:30am - 12:20pm Oxnard Liberal Arts 12 27 0 27 Barragan, Lupita 08/10-12/10 18"
95651a74-ca5b-4ad1-b29d-8e380ca0227f,3376,https://schedule.vcccd.edu/,2026-04-13T19:51:05.288828+00:00,T R 10:30am - 12:20pm
27e5f732-778c-461f-b066-f9031b703204,3377,https://schedule.vcccd.edu/,2026-04-13T19:51:05.288828+00:00,& Requires co-enrollment in ENGL R101E CRN 72116
cb914d9b-8762-4512-a3e9-a32ccba47866,3378,https://schedule.vcccd.edu/,2026-04-13T19:51:05.288828+00:00,"OPEN 78553 Pre/Coreq 4.0 Distance Education Class: Click CRN for requirements. Oxnard Online (Canvas) 27 0 27 Caruth, Elissa 08/10-12/10 18"
b5853982-9215-49d2-96ac-95d7fad16749,3379,https://schedule.vcccd.edu/,2026-04-13T19:51:05.288828+00:00,"OPEN 70642 Pre/Coreq 4.0 M 08:30am - 10:20am Oxnard Art + Design 7 27 0 27 Rodriguez, Anthony 08/10-12/10 18"
7286f94a-f282-4f44-bed0-629842b5feb1,3380,https://schedule.vcccd.edu/,2026-04-13T19:51:05.288828+00:00,M 08:30am - 10:20am
4ec2c3f8-5194-4e8d-96bb-c1b31c4ff830,3381,https://schedule.vcccd.edu/,2026-04-13T19:51:05.288828+00:00,& Distance Education Class: Click CRN for requirements. Oxnard Online (Canvas) 08/10-12/10
c3f9fa17-6c58-428f-bee5-c81700199736,3382,https://schedule.vcccd.edu/,2026-04-13T19:51:05.288828+00:00,"OPEN 70162 Pre/Coreq 4.0 Distance Education Class: Click CRN for requirements. Oxnard Online (Canvas) 27 0 27 Altman, Dylan 08/10-12/10 18"
c06d4f96-296f-42a7-a60a-3b3a3d3d82ef,3383,https://schedule.vcccd.edu/,2026-04-13T19:51:05.288828+00:00,"OPEN 71613 Pre/Coreq 4.0 Distance Education Class: Click CRN for requirements. Oxnard Online (Canvas) 27 0 27 Kopecky, Susie 08/10-12/10 18"
ac11e0e4-de2b-4037-a889-1a33e8189993,3384,https://schedule.vcccd.edu/,2026-04-13T19:51:05.288828+00:00,& Requires co-enrollment in ENGL R101S CRN 70378
c3eebda8-b9ec-4d79-bf35-2b450f2eda0b,3385,https://schedule.vcccd.edu/,2026-04-13T19:51:05.288828+00:00,"OPEN 72445 Pre/Coreq 4.0 Distance Education Class: Click CRN for requirements. Oxnard Online (Canvas) 27 1 26 Lopez-Bowlin, Cristina 08/10-12/10 18"
56ad57f2-e8f5-4a74-9572-47eb188464ee,3386,https://schedule.vcccd.edu/,2026-04-13T19:51:05.288828+00:00,"OPEN 72609 Pre/Coreq 4.0 Distance Education Class: Click CRN for requirements. Oxnard Online (Canvas) 27 1 26 Hall, David 08/10-12/10 18"
a0234833-2be8-43be-adec-bc43a1a1193d,3387,https://schedule.vcccd.edu/,2026-04-13T19:51:05.288828+00:00,"OPEN 72770 Pre/Coreq 4.0 M W 08:30am - 10:20am Oxnard Liberal Arts 15 27 1 26 Boys, Eric 08/10-12/10 18"
e1fd5803-3566-4ee9-8d34-e62d9fc7b8e8,3388,https://schedule.vcccd.edu/,2026-04-13T19:51:05.288828+00:00,M W 08:30am - 10:20am
5c5aa70b-a89d-4d11-88f1-fd3858c2236c,3389,https://schedule.vcccd.edu/,2026-04-13T19:51:05.288828+00:00,& Requires co-enrollment in ENGL R101S CRN 70050
053000b5-c5ff-4af8-9e6b-c4fc0948f671,3390,https://schedule.vcccd.edu/,2026-04-13T19:51:05.288828+00:00,"OPEN 73145 Pre/Coreq 4.0 W 09:30am - 11:20am Oxnard Liberal Arts 17 27 1 26 Moreno Parsons, Claudia 09/08-12/10 14"
52104a1e-b359-4de5-9597-8670305d8b04,3391,https://schedule.vcccd.edu/,2026-04-13T19:51:05.288828+00:00,W 09:30am - 11:20am
dd2a4214-9223-428d-b42d-7748482f6c32,3392,https://schedule.vcccd.edu/,2026-04-13T19:51:05.288828+00:00,& Distance Education Class: Click CRN for requirements. Oxnard Online (Canvas) 09/08-12/10
6b0580f9-3446-4b55-8c05-72bb73d004b1,3393,https://schedule.vcccd.edu/,2026-04-13T19:51:05.288828+00:00,& Requires co-enrollment in ENGL R101S CRN 71665
a9971bbc-af39-40f5-9b84-39e08bb29700,3394,https://schedule.vcccd.edu/,2026-04-13T19:51:05.288828+00:00,"OPEN 73073 Pre/Coreq 4.0 Distance Education Class: Click CRN for requirements. Oxnard Online (Canvas) 27 1 26 Maldonado, Jose 10/19-12/10 8"
4b30931f-bd2b-45fa-a5fd-31dbea2b6ca7,3395,https://schedule.vcccd.edu/,2026-04-13T19:51:05.288828+00:00,"OPEN 72370 Pre/Coreq 4.0 T R 08:30am - 10:20am Oxnard Liberal Arts 12 27 1 26 Boys, Eric 08/10-12/10 18"
2272af4f-f573-4a3c-859d-abc5db614b4c,3396,https://schedule.vcccd.edu/,2026-04-13T19:51:05.288828+00:00,T R 08:30am - 10:20am
e617e446-811f-4a15-9422-3665c2cc8525,3397,https://schedule.vcccd.edu/,2026-04-13T19:51:05.288828+00:00,"OPEN 73377 Pre/Coreq 4.0 T 10:30am - 12:20pm Oxnard Art + Design 7 27 2 25 Rodriguez, Anthony 08/10-12/10 18"
e1edfd2b-5dd5-46bf-89f8-accfb145a41f,3398,https://schedule.vcccd.edu/,2026-04-13T19:51:05.288828+00:00,T 10:30am - 12:20pm
5d3c978f-7d47-48b0-a74b-1c3ef31c9a7b,3399,https://schedule.vcccd.edu/,2026-04-13T19:51:05.288828+00:00,& Distance Education Class: Click CRN for requirements. Oxnard Online (Canvas) 08/10-12/10
322cc588-7a31-44e5-8606-2ac699dfccd7,3400,https://schedule.vcccd.edu/,2026-04-13T19:51:05.288828+00:00,"OPEN 72916 Pre/Coreq 4.0 M 05:30pm - 06:45pm Ventura MultidisciplinaryCtrE 227 27 0 27 De La Vega, Yvette 08/17-12/03 16"
dcd7a007-5576-4947-81a2-53b88c9b4308,3401,https://schedule.vcccd.edu/,2026-04-13T19:51:05.288828+00:00,M 05:30pm - 06:45pm
887a6ff6-b54b-4b74-8e44-83ec949a0665,3402,https://schedule.vcccd.edu/,2026-04-13T19:51:05.288828+00:00,& Distance Education Class: Click CRN for requirements. Ventura Online (Canvas) 08/17-12/03
4c2c4dee-6fe1-4c1c-9e3f-107699fd8a06,3403,https://schedule.vcccd.edu/,2026-04-13T19:51:05.288828+00:00,"OPEN 71539 Pre/Coreq 4.0 M W 08:30am - 09:45am Ventura MultidisciplinaryCtrW 216 27 0 27 Sund, Asher 08/10-12/10 18"
d7d30357-d76e-4121-9d6c-ba438218d44e,3404,https://schedule.vcccd.edu/,2026-04-13T19:51:05.288828+00:00,M W 08:30am - 09:45am
b1c263cf-3045-4055-aabe-0536fc87be0b,3405,https://schedule.vcccd.edu/,2026-04-13T19:51:05.288828+00:00,& Distance Education Class: Click CRN for requirements. Ventura Online (Canvas) 08/10-12/10
5aa43974-8f6f-4dde-bbc8-fe91ad2e66de,3406,https://schedule.vcccd.edu/,2026-04-13T19:51:05.288828+00:00,"OPEN 70702 Pre/Coreq 4.0 M 11:30am - 12:45pm Ventura MultidisciplinaryCtrW 211 27 0 27 Guelcher, John 08/10-12/10 18"
5070c014-2e97-4235-b505-813a471f894c,3407,https://schedule.vcccd.edu/,2026-04-13T19:51:05.288828+00:00,M 11:30am - 12:45pm
bea14884-0b74-4bac-a453-adf28eed0fc6,3408,https://schedule.vcccd.edu/,2026-04-13T19:51:05.288828+00:00,& W 11:30am - 12:45pm Ventura Learning Resource Ctr B 08/10-12/10
58f24b78-b4b1-4109-875a-d92e16323756,3409,https://schedule.vcccd.edu/,2026-04-13T19:51:05.288828+00:00,W 11:30am - 12:45pm
8db27a09-7154-48c0-959c-88091d3145ca,3410,https://schedule.vcccd.edu/,2026-04-13T19:51:05.288828+00:00,& Distance Education Class: Click CRN for requirements. Ventura Online (Canvas) 08/10-12/10
1a884d69-abd5-4113-84dd-dc8f672a8860,3411,https://schedule.vcccd.edu/,2026-04-13T19:51:05.288828+00:00,"OPEN 72384 Pre/Coreq 4.0 M W 01:00pm - 02:15pm Ventura MultidisciplinaryCtrE 218 27 0 27 Lall, Sumita 08/10-12/10 18"
46fc76e5-7f06-452e-8bdd-5bf0978bdb8a,3412,https://schedule.vcccd.edu/,2026-04-13T19:51:05.288828+00:00,M W 01:00pm - 02:15pm
c3bd99d5-2a86-4fca-bdcb-4ec1c7c0eb5d,3413,https://schedule.vcccd.edu/,2026-04-13T19:51:05.288828+00:00,& Distance Education Class: Click CRN for requirements. Ventura Online (Canvas) 08/10-12/10
6a18c7e2-978a-4633-8cf6-4789d9208b58,3414,https://schedule.vcccd.edu/,2026-04-13T19:51:05.288828+00:00,"OPEN 70583 Pre/Coreq 4.0 M W 01:00pm - 02:20pm Ventura Learning Resource Ctr 129 27 0 27 Ringen, Randy 08/10-12/10 18"
ebc95396-7564-4982-a9fb-307086c4c9af,3415,https://schedule.vcccd.edu/,2026-04-13T19:51:05.288828+00:00,M W 01:00pm - 02:20pm
2af4ec1d-0734-49b4-9a94-3366f721fce3,3416,https://schedule.vcccd.edu/,2026-04-13T19:51:05.288828+00:00,& M W 02:30pm - 03:20pm Ventura Learning Resource Ctr B 08/10-12/10
ffc3c606-510d-40ea-accd-8b67a5389dbf,3417,https://schedule.vcccd.edu/,2026-04-13T19:51:05.288828+00:00,M W 02:30pm - 03:20pm
23ce05e5-39a1-4243-a4ac-6b6fe92ba883,3418,https://schedule.vcccd.edu/,2026-04-13T19:51:05.288828+00:00,"OPEN 72563 Pre/Coreq 4.0 M 01:00pm - 02:15pm Ventura MultidisciplinaryCtrW 211 27 0 27 Guelcher, John 08/10-12/10 18"
4dc6663d-2d10-4173-a453-1cf8dc3d7ebd,3419,https://schedule.vcccd.edu/,2026-04-13T19:51:05.288828+00:00,M 01:00pm - 02:15pm
3dcfe043-e6b8-4b6b-b958-aa513eec444f,3420,https://schedule.vcccd.edu/,2026-04-13T19:51:05.288828+00:00,& W 01:00pm - 02:15pm Ventura Learning Resource Ctr B 08/10-12/10
258b406d-71ce-437c-a8ff-1d8343209b39,3421,https://schedule.vcccd.edu/,2026-04-13T19:51:05.288828+00:00,W 01:00pm - 02:15pm
60562caa-3dc5-46d4-b822-a27ba9087a03,3422,https://schedule.vcccd.edu/,2026-04-13T19:51:05.288828+00:00,& Distance Education Class: Click CRN for requirements. Ventura Online (Canvas) 08/10-12/10
3ded2abd-4f2c-491f-b4f6-5214c7759c74,3423,https://schedule.vcccd.edu/,2026-04-13T19:51:05.288828+00:00,"OPEN 72112 Pre/Coreq 4.0 T R 08:30am - 09:45am Ventura Learning Resource Ctr 129 27 0 27 Peluso, Stephen 08/10-12/10 18"
81a08c16-7c22-4b62-8455-7d5ff896b17e,3424,https://schedule.vcccd.edu/,2026-04-13T19:51:05.288828+00:00,T R 08:30am - 09:45am
811f081d-eb4b-4ef9-99d4-f31a486149ea,3425,https://schedule.vcccd.edu/,2026-04-13T19:51:05.288828+00:00,& T R 10:00am - 11:05am Ventura Learning Resource Ctr C 08/10-12/10
f890f2c4-1903-41ba-b55b-7f691fc7a14c,3426,https://schedule.vcccd.edu/,2026-04-13T19:51:05.288828+00:00,T R 10:00am - 11:05am
b1149f3b-65ab-4d76-9fa8-93e961354ea2,3427,https://schedule.vcccd.edu/,2026-04-13T19:51:05.288828+00:00,"OPEN 73463 Pre/Coreq 4.0 T R 08:30am - 09:45am Ventura MultidisciplinaryCtrE 230 27 0 27 DeClerck, Sebastien 08/10-12/10 18"
63050b96-89a7-40ca-b72e-38c8591d6cbf,3428,https://schedule.vcccd.edu/,2026-04-13T19:51:05.288828+00:00,T R 08:30am - 09:45am
88759381-c265-4c97-b476-90481d52a3e6,3429,https://schedule.vcccd.edu/,2026-04-13T19:51:05.288828+00:00,& Distance Education Class: Click CRN for requirements. Ventura Online (Canvas) 08/10-12/10
d3ad9bb2-9618-4f54-bd44-684e50e6090a,3430,https://schedule.vcccd.edu/,2026-04-13T19:51:05.288828+00:00,& Requires co-enrollment in ENGL N100J CRN 73341
3b4ca730-9e6c-426e-911c-5f4639d07ba3,3431,https://schedule.vcccd.edu/,2026-04-13T19:51:05.288828+00:00,"OPEN 72884 Pre/Coreq 4.0 T R 08:30am - 09:45am Ventura MultidisciplinaryCtrW 210 27 0 27 Sanders, Shaun 08/10-12/10 18"
6d9867ab-a7d0-484d-a4de-802c886c3804,3432,https://schedule.vcccd.edu/,2026-04-13T19:51:05.288828+00:00,T R 08:30am - 09:45am
1d279180-5359-470f-845e-9fbf8599c467,3433,https://schedule.vcccd.edu/,2026-04-13T19:51:05.288828+00:00,& Distance Education Class: Click CRN for requirements. Ventura Online (Canvas) 08/10-12/10
f589278e-dbe8-4cdf-aa2e-936d7094239c,3434,https://schedule.vcccd.edu/,2026-04-13T19:51:05.288828+00:00,"OPEN 72355 Pre/Coreq 4.0 Distance Education Class: Click CRN for requirements. Ventura Online (Canvas) 27 0 27 Chumber, Sonia 08/10-12/10 18"
0cace29c-95a8-41fb-a1d5-fa6b258f2f30,3435,https://schedule.vcccd.edu/,2026-04-13T19:51:05.288828+00:00,"OPEN 72943 Pre/Coreq 4.0 T R 10:00am - 11:15am Ventura Learning Resource Ctr 128 27 0 27 Aranda-Cedillos, Eric 08/10-12/10 18"
9f80df9e-45db-46f7-934a-9aeac13fa996,3436,https://schedule.vcccd.edu/,2026-04-13T19:51:05.288828+00:00,T R 10:00am - 11:15am
1159a9c3-a0e4-49f5-9b6c-f49f49a5d762,3437,https://schedule.vcccd.edu/,2026-04-13T19:51:05.288828+00:00,& T R 11:30am - 12:35pm Ventura Learning Resource Ctr C 08/10-12/10
ac2997f7-955e-498c-b256-f2e8b5f0952a,3438,https://schedule.vcccd.edu/,2026-04-13T19:51:05.288828+00:00,T R 11:30am - 12:35pm
6ee8c0b6-38eb-4293-b7e3-9fb6a2a857ec,3439,https://schedule.vcccd.edu/,2026-04-13T19:51:05.288828+00:00,"OPEN 73076 Pre/Coreq 4.0 T R 10:00am - 11:15am Ventura Gen Classrms (Trailer) 15 27 0 27 Carlander, David 08/10-12/10 18"
70068324-ad8d-4660-aa1f-f33b3ba526bc,3440,https://schedule.vcccd.edu/,2026-04-13T19:51:05.288828+00:00,T R 10:00am - 11:15am
3d4be4cc-65c5-44d4-aca2-f49ad549e622,3441,https://schedule.vcccd.edu/,2026-04-13T19:51:05.288828+00:00,& Distance Education Class: Click CRN for requirements. Ventura Online (Canvas) 08/10-12/10
29266411-91d3-4bd2-926c-5289a7e77a24,3442,https://schedule.vcccd.edu/,2026-04-13T19:51:05.288828+00:00,"OPEN 72998 Pre/Coreq 4.0 T R 10:00am - 11:15am Ventura MultidisciplinaryCtrW 210 27 0 27 Sanders, Shaun 08/10-12/10 18"
6208fdcf-1094-446c-9fc7-8226fdc75cb1,3443,https://schedule.vcccd.edu/,2026-04-13T19:51:05.288828+00:00,T R 10:00am - 11:15am
da0246d6-7a22-436d-a959-852998e8c340,3444,https://schedule.vcccd.edu/,2026-04-13T19:51:05.288828+00:00,& Distance Education Class: Click CRN for requirements. Ventura Online (Canvas) 08/10-12/10
342d3ab9-baae-498b-b4cd-f1d4111dfdf5,3445,https://schedule.vcccd.edu/,2026-04-13T19:51:05.288828+00:00,"OPEN 71605 Pre/Coreq 4.0 T R 11:30am - 12:45pm Ventura Learning Resource Ctr 128 27 0 27 Peluso, Stephen 08/10-12/10 18"
ba246542-e8b9-4215-b752-6c32c30b060e,3446,https://schedule.vcccd.edu/,2026-04-13T19:51:05.288828+00:00,T R 11:30am - 12:45pm
0432c02d-bd8b-45f3-967d-79d72457e7a5,3447,https://schedule.vcccd.edu/,2026-04-13T19:51:05.288828+00:00,& T R 01:00pm - 02:05pm Ventura Learning Resource Ctr C 08/10-12/10
8793a68f-01a4-4b47-a71c-412f0984077b,3448,https://schedule.vcccd.edu/,2026-04-13T19:51:05.288828+00:00,T R 01:00pm - 02:05pm
413d5ed9-483b-4e25-8f8e-929e2adf3b9b,3449,https://schedule.vcccd.edu/,2026-04-13T19:51:05.288828+00:00,"OPEN 73433 Pre/Coreq 4.0 T R 11:30am - 12:45pm Ventura MultidisciplinaryCtrE 227 27 0 27 Garcia, Jenna 08/17-12/03 16"
cc76c8a2-c94b-46ba-b048-259275dc0b91,3450,https://schedule.vcccd.edu/,2026-04-13T19:51:05.288828+00:00,T R 11:30am - 12:45pm
2e9d1054-9ba3-4e3d-a8d9-702581562c1f,3451,https://schedule.vcccd.edu/,2026-04-13T19:51:05.288828+00:00,& Distance Education Class: Click CRN for requirements. Ventura Online (Canvas) 08/17-12/03
4d0a5fd7-415b-4812-9236-8f3cd551a0ba,3452,https://schedule.vcccd.edu/,2026-04-13T19:51:05.288828+00:00,"OPEN 72775 Pre/Coreq 4.0 T R 01:00pm - 02:15pm Ventura MultidisciplinaryCtrE 218 27 0 27 Lall, Sumita 08/10-12/10 18"
3c510d6c-fe36-4107-b737-6bfa07542b45,3453,https://schedule.vcccd.edu/,2026-04-13T19:51:05.288828+00:00,T R 01:00pm - 02:15pm
1b55409e-6bcc-4e8e-8b50-42531c9007f7,3454,https://schedule.vcccd.edu/,2026-04-13T19:51:05.288828+00:00,& Distance Education Class: Click CRN for requirements. Ventura Online (Canvas) 08/10-12/10
d746ac2b-a749-4a78-88ef-7d2c6ce3c9be,3455,https://schedule.vcccd.edu/,2026-04-13T19:51:05.288828+00:00,"OPEN 70430 Pre/Coreq 4.0 T R 01:00pm - 02:15pm Ventura MultidisciplinaryCtrE 230 27 0 27 DeClerck, Sebastien 08/10-12/10 18"
f630337a-94e6-426a-9951-ad7f78353938,3456,https://schedule.vcccd.edu/,2026-04-13T19:51:05.288828+00:00,T R 01:00pm - 02:15pm
b26c7ce4-bee0-4942-9a59-8b33dd02da62,3457,https://schedule.vcccd.edu/,2026-04-13T19:51:05.288828+00:00,& Distance Education Class: Click CRN for requirements. Ventura Online (Canvas) 08/10-12/10
d8948a00-c797-4709-8720-cd8fd475853c,3458,https://schedule.vcccd.edu/,2026-04-13T19:51:05.288828+00:00,& Requires co-enrollment in ENGL N100J CRN 73342
bd2d030b-4940-49d7-881d-b3f5cbc2d6f2,3459,https://schedule.vcccd.edu/,2026-04-13T19:51:05.288828+00:00,"OPEN 72740 Pre/Coreq 4.0 T R 11:30am - 12:45pm Ventura MultidisciplinaryCtrE 218 27 0 27 Lall, Sumita 08/10-12/10 18"
55a3e317-455c-4502-aaf5-0e2fa575c66e,3460,https://schedule.vcccd.edu/,2026-04-13T19:51:05.288828+00:00,T R 11:30am - 12:45pm
e7711370-042b-4827-8a66-6e18ebe188b1,3461,https://schedule.vcccd.edu/,2026-04-13T19:51:05.288828+00:00,& Distance Education Class: Click CRN for requirements. Ventura Online (Canvas) 08/10-12/10
bbd09401-0725-42ec-8fa7-9a5e775666ad,3462,https://schedule.vcccd.edu/,2026-04-13T19:51:05.288828+00:00,"OPEN 72466 Pre/Coreq 4.0 T R 01:00pm - 02:15pm Ventura MultidisciplinaryCtrE 227 27 0 27 Garcia, Jenna 08/17-12/03 16"
0dc2d4df-c175-4c05-bc40-42c0912af9a6,3463,https://schedule.vcccd.edu/,2026-04-13T19:51:05.288828+00:00,T R 01:00pm - 02:15pm
452673c4-058e-43e9-a7a0-24d9aebac46e,3464,https://schedule.vcccd.edu/,2026-04-13T19:51:05.288828+00:00,& Distance Education Class: Click CRN for requirements. Ventura Online (Canvas) 08/17-12/03
5ca71b71-7eeb-4d67-807f-ba44cde75b94,3465,https://schedule.vcccd.edu/,2026-04-13T19:51:05.288828+00:00,"OPEN 71646 Pre/Coreq 4.0 M W 10:00am - 11:15am Ventura MultidisciplinaryCtrW 216 27 0 27 Sund, Asher 08/10-12/10 18"
db354c7d-9f23-40a2-9fb8-4786d1dcf993,3466,https://schedule.vcccd.edu/,2026-04-13T19:51:05.288828+00:00,M W 10:00am - 11:15am
d9fecffe-018e-449c-a4e1-f5ae0838aec0,3467,https://schedule.vcccd.edu/,2026-04-13T19:51:05.288828+00:00,& Distance Education Class: Click CRN for requirements. Ventura Online (Canvas) 08/10-12/10
716283de-6d4f-46bd-8547-5722821dd113,3468,https://schedule.vcccd.edu/,2026-04-13T19:51:05.288828+00:00,"OPEN 73711 Pre/Coreq 4.0 Distance Education Class: Click CRN for requirements. Ventura Online (Canvas) 27 0 27 Marie, Jocelyn 08/10-12/10 18"
c3ffc06f-633e-46f9-afde-12a0956f8f06,3469,https://schedule.vcccd.edu/,2026-04-13T19:51:05.288828+00:00,"OPEN 77773 Pre/Coreq 4.0 Distance Education Class: Click CRN for requirements. Ventura Online (Canvas) 27 0 27 Martin, Amanda 08/10-12/10 18"
387cba39-ade8-411a-acf0-1c18d6689c2b,3470,https://schedule.vcccd.edu/,2026-04-13T19:51:05.288828+00:00,"OPEN 72809 Pre/Coreq 4.0 Distance Education Class: Click CRN for requirements. Ventura Online (Canvas) 27 0 27 Zeman, Melinda 08/10-12/10 18"
e808aa21-b72d-4049-bb51-47ca7f3204cf,3471,https://schedule.vcccd.edu/,2026-04-13T19:51:05.288828+00:00,"OPEN 72831 Pre/Coreq 4.0 Distance Education Class: Click CRN for requirements. Ventura Online (Canvas) 27 0 27 Zeman, Melinda 08/10-12/10 18"
62471455-2196-4b4c-8c31-c05eb53143ad,3472,https://schedule.vcccd.edu/,2026-04-13T19:51:05.288828+00:00,"OPEN 70673 Pre/Coreq 4.0 Distance Education Class: Click CRN for requirements. Ventura Online (Canvas) 27 0 27 Young-Hough, Sheryl 08/10-12/10 18"
5e1114df-a52a-4538-8211-70a7c7184585,3473,https://schedule.vcccd.edu/,2026-04-13T19:51:05.288828+00:00,"OPEN 73464 Pre/Coreq 4.0 Distance Education Class: Click CRN for requirements. Ventura Online (Canvas) 27 0 27 Ramirez, Franky 08/10-12/10 18"
8545b9ee-5a1f-464e-b294-3904d906671a,3474,https://schedule.vcccd.edu/,2026-04-13T19:51:05.288828+00:00,"OPEN 73554 Pre/Coreq 4.0 Distance Education Class: Click CRN for requirements. Ventura Online (Canvas) 27 0 27 Dixon, Michael 08/10-12/10 18"
87d3b1eb-8f83-4f71-8b61-7a270c4277ac,3475,https://schedule.vcccd.edu/,2026-04-13T19:51:05.288828+00:00,"OPEN 73065 Pre/Coreq 4.0 Distance Education Class: Click CRN for requirements. Ventura Online (Canvas) 27 0 27 Ramirez, Franky 08/10-12/10 18"
735a4e44-f206-4a53-a460-f9de0d57f791,3476,https://schedule.vcccd.edu/,2026-04-13T19:51:05.288828+00:00,"OPEN 73767 Pre/Coreq 4.0 Distance Education Class: Click CRN for requirements. Ventura Online (Canvas) 27 0 27 Marie, Jocelyn 08/10-12/10 18"
dbafb9b4-1375-48a5-bd5f-8137f2d5c569,3477,https://schedule.vcccd.edu/,2026-04-13T19:51:05.288828+00:00,"OPEN 71450 Pre/Coreq 4.0 T R 02:30pm - 03:45pm Ventura Learning Resource Ctr 129 27 0 27 Spitler-Lawson, Rae 08/17-12/03 16"
3cc0afc3-f8f2-49e6-8939-cd5788c8daf3,3478,https://schedule.vcccd.edu/,2026-04-13T19:51:05.288828+00:00,T R 02:30pm - 03:45pm
e02a8af4-a18f-4234-842a-f7887393c55e,3479,https://schedule.vcccd.edu/,2026-04-13T19:51:05.288828+00:00,& Distance Education Class: Click CRN for requirements. Ventura Online (Canvas) 08/17-12/03
ed4fb8b0-13f5-4056-839c-d809aaff1d7c,3480,https://schedule.vcccd.edu/,2026-04-13T19:51:05.288828+00:00,"OPEN 70666 Pre/Coreq 4.0 T R 08:30am - 09:45am East Campus, Santa Paula 2 27 0 27 Salinas, Fernando 08/10-12/10 18"
9e5993d9-9d71-4720-99c5-9b0af1a0134b,3481,https://schedule.vcccd.edu/,2026-04-13T19:51:05.288828+00:00,T R 08:30am - 09:45am
bd6a3a52-9104-4a4d-baf1-b126a29a8547,3482,https://schedule.vcccd.edu/,2026-04-13T19:51:05.288828+00:00,& Distance Education Class: Click CRN for requirements. Ventura Online (Canvas) 08/10-12/10
a8fb045a-db3e-4890-8f57-a45f1802e1ef,3483,https://schedule.vcccd.edu/,2026-04-13T19:51:05.288828+00:00,& Requires co-enrollment in CHST V01 CRN 73068
ede4b979-b567-4f48-a43d-26bfaa4e6383,3484,https://schedule.vcccd.edu/,2026-04-13T19:51:05.288828+00:00,"OPEN 73027 Pre/Coreq 4.0 M 08:30am - 10:20am Ventura MultidisciplinaryCtrW 208 27 0 27 Wolfe, Ann 08/17-12/03 16"
8cc94c13-b6ac-4e61-9ff9-288c6a77bb7c,3485,https://schedule.vcccd.edu/,2026-04-13T19:51:05.288828+00:00,M 08:30am - 10:20am
ffc8db0c-abf5-4106-a978-d49361217c00,3486,https://schedule.vcccd.edu/,2026-04-13T19:51:05.288828+00:00,& Distance Education Class: Click CRN for requirements. Ventura Online (Canvas) 08/17-12/03
699bcc03-5a3c-4109-93f1-0db21e18c12a,3487,https://schedule.vcccd.edu/,2026-04-13T19:51:05.288828+00:00,"OPEN 72572 Pre/Coreq 4.0 M 11:30am - 01:20pm Ventura MultidisciplinaryCtrW 213 27 0 27 Wolfe, Ann 08/17-12/03 16"
2c3de215-7bd8-434d-9e0e-0232bb2d28ae,3488,https://schedule.vcccd.edu/,2026-04-13T19:51:05.288828+00:00,M 11:30am - 01:20pm
6e3f0ac6-abec-4c10-b2ec-10d3fccd3320,3489,https://schedule.vcccd.edu/,2026-04-13T19:51:05.288828+00:00,& Distance Education Class: Click CRN for requirements. Ventura Online (Canvas) 08/17-12/03
7441d777-18ac-409e-b4dc-7501ec8062db,3490,https://schedule.vcccd.edu/,2026-04-13T19:51:05.288828+00:00,"OPEN 71677 Pre/Coreq 4.0 M W 10:00am - 11:15am Ventura MultidisciplinaryCtrW 212 27 0 27 Olson, Emily 08/17-12/03 16"
b2eb44aa-7b42-454c-bd6b-4f50c892698c,3491,https://schedule.vcccd.edu/,2026-04-13T19:51:05.288828+00:00,M W 10:00am - 11:15am
8154538b-e17c-4731-af67-e58a3df56dbe,3492,https://schedule.vcccd.edu/,2026-04-13T19:51:05.288828+00:00,& Distance Education Class: Click CRN for requirements. Ventura Online (Canvas) 08/17-12/03
81e0c2f1-0148-4585-9114-2c6fb12cafaf,3493,https://schedule.vcccd.edu/,2026-04-13T19:51:05.288828+00:00,"OPEN 73548 Pre/Coreq 4.0 M W 11:30am - 12:45pm Ventura MultidisciplinaryCtrE 230 27 0 27 Olson, Emily 08/17-12/03 16"
cb7cb460-44a9-4bd4-977e-238a26971ee3,3494,https://schedule.vcccd.edu/,2026-04-13T19:51:05.288828+00:00,M W 11:30am - 12:45pm
b46f2596-d1ff-4337-a509-d14bcb493e34,3495,https://schedule.vcccd.edu/,2026-04-13T19:51:05.288828+00:00,& Distance Education Class: Click CRN for requirements. Ventura Online (Canvas) 08/17-12/03
c0829684-2ae2-4ebc-98a3-00b272b32b0c,3496,https://schedule.vcccd.edu/,2026-04-13T19:51:05.288828+00:00,"OPEN 70676 Pre/Coreq 4.0 M W 11:30am - 12:45pm Ventura MultidisciplinaryCtrW 203 27 0 27 Walker, Jaclyn 08/17-12/03 16"
74602aa6-ac51-4947-b2d3-67f98e5fdca8,3497,https://schedule.vcccd.edu/,2026-04-13T19:51:05.288828+00:00,M W 11:30am - 12:45pm
b5b64d23-07a9-4ecb-b71c-4abd4b28e625,3498,https://schedule.vcccd.edu/,2026-04-13T19:51:05.288828+00:00,& Distance Education Class: Click CRN for requirements. Ventura Online (Canvas) 08/17-12/03
7d56e396-13f9-4544-a382-b0ff808c0377,3499,https://schedule.vcccd.edu/,2026-04-13T19:51:05.288828+00:00,"OPEN 72485 Pre/Coreq 4.0 T 04:00pm - 05:50pm Ventura MultidisciplinaryCtrW 211 27 0 27 Kim-Ortel, Henny 08/17-12/03 16"
a5d7ab58-f618-4c53-8113-daf037cdffa8,3500,https://schedule.vcccd.edu/,2026-04-13T19:51:05.288828+00:00,T 04:00pm - 05:50pm
c00fd585-010b-4b71-ac78-a32f3813124e,3501,https://schedule.vcccd.edu/,2026-04-13T19:51:05.288828+00:00,& Distance Education Class: Click CRN for requirements. Ventura Online (Canvas) 08/17-12/03
619139f3-f00a-47f0-b5a2-35cb9d98af27,3502,https://schedule.vcccd.edu/,2026-04-13T19:51:05.288828+00:00,"OPEN 73071 Pre/Coreq 4.0 T R 10:00am - 11:15am Ventura MultidisciplinaryCtrE 219 27 0 27 Martinsen, Eric 08/17-12/03 16"
e2e1af84-0acb-474e-8938-340cf3d18554,3503,https://schedule.vcccd.edu/,2026-04-13T19:51:05.288828+00:00,T R 10:00am - 11:15am
58e5fba2-7a73-4bf3-818a-88f4ed243217,3504,https://schedule.vcccd.edu/,2026-04-13T19:51:05.288828+00:00,& Distance Education Class: Click CRN for requirements. Ventura Online (Canvas) 08/17-12/03
3c2c2fd3-5f1e-49a3-8c18-a34cc921386a,3505,https://schedule.vcccd.edu/,2026-04-13T19:51:05.288828+00:00,"OPEN 70270 Pre/Coreq 4.0 T R 11:30am - 12:45pm Ventura MultidisciplinaryCtrE 219 27 0 27 Martinsen, Eric 08/17-12/03 16"
911776f1-fec6-4618-80c0-a76e4bc47e93,3506,https://schedule.vcccd.edu/,2026-04-13T19:51:05.288828+00:00,T R 11:30am - 12:45pm
32a62e65-a57e-465d-840d-b68b32397b6c,3507,https://schedule.vcccd.edu/,2026-04-13T19:51:05.288828+00:00,& Distance Education Class: Click CRN for requirements. Ventura Online (Canvas) 08/17-12/03
1feed831-6eb5-42f9-90a6-ed9222c3bde6,3508,https://schedule.vcccd.edu/,2026-04-13T19:51:05.288828+00:00,"OPEN 72974 Pre/Coreq 4.0 Distance Education Class: Click CRN for requirements. Ventura Online (Canvas) 27 0 27 OToole, Jennifer 08/17-12/03 16"
fb34a600-c67a-425e-b7ff-f84f345754c1,3509,https://schedule.vcccd.edu/,2026-04-13T19:51:05.288828+00:00,"OPEN 73183 Pre/Coreq 4.0 Distance Education Class: Click CRN for requirements. Ventura Online (Canvas) 27 0 27 Kim-Ortel, Henny 08/17-12/03 16"
df47e9ac-6f92-44cd-b041-1aacf59dc67e,3510,https://schedule.vcccd.edu/,2026-04-13T19:51:05.288828+00:00,"OPEN 70139 Pre/Coreq 4.0 Distance Education Class: Click CRN for requirements. Ventura Online (Canvas) 27 0 27 Harriston, Ryan 08/17-12/03 16"
e8e4b877-83ec-4004-9e93-67a9a82deea6,3511,https://schedule.vcccd.edu/,2026-04-13T19:51:05.288828+00:00,"OPEN 70271 Pre/Coreq 4.0 Distance Education Class: Click CRN for requirements. Ventura Online (Canvas) 27 0 27 Harriston, Ryan 08/17-12/03 16"
4e11e549-f588-4b02-bce8-cc727577972c,3512,https://schedule.vcccd.edu/,2026-04-13T19:51:05.288828+00:00,"OPEN 70422 Pre/Coreq 4.0 W 04:00pm - 05:50pm Ventura MultidisciplinaryCtrE 218 27 0 27 Kim-Ortel, Henny 08/17-12/03 16"
0d8ad3c3-f3d1-4379-a630-d9c05af29141,3513,https://schedule.vcccd.edu/,2026-04-13T19:51:05.288828+00:00,W 04:00pm - 05:50pm
48c554f8-bcfc-47ff-8f34-60691e9e579d,3514,https://schedule.vcccd.edu/,2026-04-13T19:51:05.288828+00:00,& Distance Education Class: Click CRN for requirements. Ventura Online (Canvas) 08/17-12/03
c69252e4-b870-4dd3-b496-e12ab357e150,3515,https://schedule.vcccd.edu/,2026-04-13T19:51:05.288828+00:00,"OPEN 78748 Pre/Coreq 4.0 M W 10:00am - 11:15am Ventura MultidisciplinaryCtrE 218 27 0 27 Smith, Natsuki 09/08-11/25 12"
6e763b31-7b8b-489b-a17e-aedb293612a7,3516,https://schedule.vcccd.edu/,2026-04-13T19:51:05.288828+00:00,M W 10:00am - 11:15am
9513d87b-3395-4fab-a307-f51fdd7ffcc4,3517,https://schedule.vcccd.edu/,2026-04-13T19:51:05.288828+00:00,& Distance Education Class: Click CRN for requirements. Ventura Online (Canvas) 09/08-11/25
130d8e16-af34-4eb7-84fc-145c0fe5486b,3518,https://schedule.vcccd.edu/,2026-04-13T19:51:05.288828+00:00,"OPEN 71537 Pre/Coreq 4.0 M W 11:30am - 12:45pm Ventura MultidisciplinaryCtrW 216 27 0 27 Smith, Natsuki 09/08-11/25 12"
2b7a0100-7c9c-4974-b794-aa68df0b2e5c,3519,https://schedule.vcccd.edu/,2026-04-13T19:51:05.288828+00:00,M W 11:30am - 12:45pm
89501104-f403-4e73-928a-22b152b1cfae,3520,https://schedule.vcccd.edu/,2026-04-13T19:51:05.288828+00:00,& Distance Education Class: Click CRN for requirements. Ventura Online (Canvas) 09/08-11/25
5f2150a3-5684-4f8a-9fae-f43148c9bc7f,3521,https://schedule.vcccd.edu/,2026-04-13T19:51:05.288828+00:00,OPEN 73399 Pre/Coreq 4.0 T R 10:00am - 11:15am Ventura MultidisciplinaryCtrW 213 27 0 27 Staff 09/08-11/25 12
1a70e714-5b03-4c47-9586-d7110e4190b6,3522,https://schedule.vcccd.edu/,2026-04-13T19:51:05.288828+00:00,T R 10:00am - 11:15am
3ca88d69-080f-4c14-9253-998129b52118,3523,https://schedule.vcccd.edu/,2026-04-13T19:51:05.288828+00:00,& Distance Education Class: Click CRN for requirements. Ventura Online (Canvas) 09/08-11/25
8329e657-4a71-4148-9300-debf8e07a543,3524,https://schedule.vcccd.edu/,2026-04-13T19:51:05.288828+00:00,"OPEN 72356 Pre/Coreq 4.0 Distance Education Class: Click CRN for requirements. Ventura Online (Canvas) 27 0 27 Roman, Kathleen 09/08-11/25 12"
1e232f30-56f4-4ba9-86fd-0dbaa8855f87,3525,https://schedule.vcccd.edu/,2026-04-13T19:51:05.288828+00:00,"OPEN 71618 Pre/Coreq 4.0 Distance Education Class: Click CRN for requirements. Ventura Online (Canvas) 27 0 27 Roman, Kathleen 09/08-11/25 12"
1e9cf795-1f18-4901-bd0c-13e34958e4c6,3526,https://schedule.vcccd.edu/,2026-04-13T19:51:05.288828+00:00,"OPEN 73792 Pre/Coreq 4.0 Distance Education Class: Click CRN for requirements. Ventura Online (Canvas) 27 0 27 Aguailar, Heather 09/08-11/25 12"
6d4fe26a-50a0-432a-b1d1-ebf5b5244d4c,3527,https://schedule.vcccd.edu/,2026-04-13T19:51:05.288828+00:00,"OPEN 72793 Pre/Coreq 4.0 Distance Education Class: Click CRN for requirements. Ventura Online (Canvas) 27 0 27 Chumber, Sonia 09/08-11/25 12"
1189b65f-7b37-46c9-b381-c20302007b8e,3528,https://schedule.vcccd.edu/,2026-04-13T19:51:05.288828+00:00,"OPEN 73817 Pre/Coreq 4.0 Distance Education Class: Click CRN for requirements. Ventura Online (Canvas) 27 0 27 DeLoach, Scott 10/12-12/03 8"
865149d5-7504-4e8a-ac72-3cad9a900e7f,3529,https://schedule.vcccd.edu/,2026-04-13T19:51:05.288828+00:00,"OPEN 73081 Pre/Coreq 4.0 M W 08:30am - 09:45am Ventura Learning Resource Ctr 129 27 1 26 Minnock, Kristel 08/10-12/10 18"
05d17c26-92bb-4a74-89a9-3dbdff9d63c1,3530,https://schedule.vcccd.edu/,2026-04-13T19:51:05.288828+00:00,M W 08:30am - 09:45am
b8d14a1e-f3eb-4d8a-b83e-0f841daabb42,3531,https://schedule.vcccd.edu/,2026-04-13T19:51:05.288828+00:00,& M W 10:00am - 11:05am Ventura Learning Resource Ctr C 08/10-12/10
cb4439ed-0d98-4d73-848f-0413931c62f8,3532,https://schedule.vcccd.edu/,2026-04-13T19:51:05.288828+00:00,M W 10:00am - 11:05am
f5be5eb1-9c62-439e-950b-f113ce19bfee,3533,https://schedule.vcccd.edu/,2026-04-13T19:51:05.288828+00:00,"OPEN 71641 Pre/Coreq 4.0 M W 08:30am - 09:45am Ventura MultidisciplinaryCtrE 218 27 1 26 Gillis, Laura 08/10-12/10 18"
6a92634e-bdbb-4a01-8615-f43c2ba17b21,3534,https://schedule.vcccd.edu/,2026-04-13T19:51:05.288828+00:00,M W 08:30am - 09:45am
98fc7609-4c88-4022-9b64-97f65ad4db14,3535,https://schedule.vcccd.edu/,2026-04-13T19:51:05.288828+00:00,& Distance Education Class: Click CRN for requirements. Ventura Online (Canvas) 08/10-12/10
e39f7f59-3a73-4843-9541-58779f8c7e14,3536,https://schedule.vcccd.edu/,2026-04-13T19:51:05.288828+00:00,"OPEN 73096 Pre/Coreq 4.0 M W 09:00am - 10:15am Ventura Learning Resource Ctr 128 27 1 26 Salinas, Fernando 08/10-12/10 18"
a3fc3a46-6023-42fb-883b-c47ca2ee86f3,3537,https://schedule.vcccd.edu/,2026-04-13T19:51:05.288828+00:00,M W 09:00am - 10:15am
934eedad-c9d4-47f2-bb0c-c8dbbdef43e5,3538,https://schedule.vcccd.edu/,2026-04-13T19:51:05.288828+00:00,& Distance Education Class: Click CRN for requirements. Ventura Online (Canvas) 08/10-12/10
59dce7fc-c439-4c79-a5ed-1e1b61f31f49,3539,https://schedule.vcccd.edu/,2026-04-13T19:51:05.288828+00:00,& Requires co-enrollment in ENGL N100J CRN 73310
7f837cd8-5336-4faf-abd6-0b014e2d17c2,3540,https://schedule.vcccd.edu/,2026-04-13T19:51:05.288828+00:00,"OPEN 70438 Pre/Coreq 4.0 M 10:00am - 11:15am Ventura MultidisciplinaryCtrW 211 27 1 26 Guelcher, John 08/10-12/10 18"
e8cea189-4afa-4e86-a53c-81a74bd1d57f,3541,https://schedule.vcccd.edu/,2026-04-13T19:51:05.288828+00:00,M 10:00am - 11:15am
cb83e2ea-0b22-46b6-881a-1dbd6bfc645f,3542,https://schedule.vcccd.edu/,2026-04-13T19:51:05.288828+00:00,& W 10:00am - 11:15am Ventura Learning Resource Ctr B 08/10-12/10
af903f25-5b0c-4ba1-a353-eece2ebc3473,3543,https://schedule.vcccd.edu/,2026-04-13T19:51:05.288828+00:00,W 10:00am - 11:15am
4ca3ef58-ee84-4e56-966f-a93c45a7bf22,3544,https://schedule.vcccd.edu/,2026-04-13T19:51:05.288828+00:00,& Distance Education Class: Click CRN for requirements. Ventura Online (Canvas) 08/10-12/10
70b0861b-31e3-48b0-be84-13e31633d8a3,3545,https://schedule.vcccd.edu/,2026-04-13T19:51:05.288828+00:00,"OPEN 73655 Pre/Coreq 4.0 M W 10:00am - 11:15am Ventura MultidisciplinaryCtrE 219 27 1 26 Ringen, Randy 08/10-12/10 18"
1aa7e8ca-6b07-4199-8ea5-3e0d460ed7aa,3546,https://schedule.vcccd.edu/,2026-04-13T19:51:05.288828+00:00,M W 10:00am - 11:15am
47752d08-9e88-479a-be4f-7f19888ae596,3547,https://schedule.vcccd.edu/,2026-04-13T19:51:05.288828+00:00,& M W 11:30am - 12:35pm Ventura Learning Resource Ctr C 08/10-12/10
44dad1cc-7083-4096-af52-a63593061178,3548,https://schedule.vcccd.edu/,2026-04-13T19:51:05.288828+00:00,M W 11:30am - 12:35pm
7a91dfcb-78a6-4c59-af0f-fa544a6db877,3549,https://schedule.vcccd.edu/,2026-04-13T19:51:05.288828+00:00,"OPEN 71532 Pre/Coreq 4.0 M W 11:30am - 12:45pm Ventura MultidisciplinaryCtrE 218 27 1 26 Lall, Sumita 08/10-12/10 18"
78d65bab-fff6-44a9-9c33-6c9e682c741c,3550,https://schedule.vcccd.edu/,2026-04-13T19:51:05.288828+00:00,M W 11:30am - 12:45pm
7047a3e6-4bc7-4c33-b53c-b485634c1927,3551,https://schedule.vcccd.edu/,2026-04-13T19:51:05.288828+00:00,& Distance Education Class: Click CRN for requirements. Ventura Online (Canvas) 08/10-12/10
b499705d-452c-4c64-9148-1672aa3b26ca,3552,https://schedule.vcccd.edu/,2026-04-13T19:51:05.288828+00:00,"OPEN 73458 Pre/Coreq 4.0 M W 11:30am - 12:45pm Ventura Learning Resource Ctr 128 27 1 26 Salinas, Fernando 08/10-12/10 18"
807f944a-dc14-4220-bffb-093f998d4ad4,3553,https://schedule.vcccd.edu/,2026-04-13T19:51:05.288828+00:00,M W 11:30am - 12:45pm
13a992d1-b4fd-4dee-b040-f1c355637397,3554,https://schedule.vcccd.edu/,2026-04-13T19:51:05.288828+00:00,& Distance Education Class: Click CRN for requirements. Ventura Online (Canvas) 08/10-12/10
96a971e5-7fc0-48e2-b8e4-4fbfbf12a7fa,3555,https://schedule.vcccd.edu/,2026-04-13T19:51:05.288828+00:00,& Requires co-enrollment in ENGL N100J CRN 73322
e7415d0c-bc17-4991-b2f5-5fd25dd92df7,3556,https://schedule.vcccd.edu/,2026-04-13T19:51:05.288828+00:00,"OPEN 71631 Pre/Coreq 4.0 M W 11:30am - 12:50pm Ventura Learning Resource Ctr 129 27 1 26 Gillis, Laura 08/10-12/10 18"
b3e9dda6-e671-4b20-9d40-dfc2fa7298c2,3557,https://schedule.vcccd.edu/,2026-04-13T19:51:05.288828+00:00,M W 11:30am - 12:50pm
656841eb-8951-4ad7-844e-8c0b7a0739b9,3558,https://schedule.vcccd.edu/,2026-04-13T19:51:05.288828+00:00,& M W 01:00pm - 01:50pm Ventura Learning Resource Ctr C 08/10-12/10
ffa0978b-483b-44d5-ac97-740d5e33bed9,3559,https://schedule.vcccd.edu/,2026-04-13T19:51:05.288828+00:00,M W 01:00pm - 01:50pm
e5fcbec5-e060-41e6-82a4-ded62e457924,3560,https://schedule.vcccd.edu/,2026-04-13T19:51:05.288828+00:00,"OPEN 71652 Pre/Coreq 4.0 T 01:00pm - 02:50pm Ventura MultidisciplinaryCtrW 210 27 1 26 Aranda-Cedillos, Eric 08/10-12/10 18"
73cfb3bb-af86-479c-803c-a248f49adc44,3561,https://schedule.vcccd.edu/,2026-04-13T19:51:05.288828+00:00,T 01:00pm - 02:50pm
c061c129-496b-4036-8eaf-2637e7305552,3562,https://schedule.vcccd.edu/,2026-04-13T19:51:05.288828+00:00,& Distance Education Class: Click CRN for requirements. Ventura Online (Canvas) 08/10-12/10
39e36e28-8115-4668-8f10-9208caa3359f,3563,https://schedule.vcccd.edu/,2026-04-13T19:51:05.288828+00:00,"OPEN 77462 Pre/Coreq 4.0 Distance Education Class: Click CRN for requirements. Ventura Online (Canvas) 27 1 26 Martin, Amanda 08/10-12/10 18"
09cf7e09-074e-4537-a1b2-0f245fdf651b,3564,https://schedule.vcccd.edu/,2026-04-13T19:51:05.288828+00:00,"OPEN 73054 Pre/Coreq 4.0 Distance Education Class: Click CRN for requirements. Ventura Online (Canvas) 27 1 26 Dixon, Michael 08/10-12/10 18"
5f376404-62a4-4900-9739-7c33baae24b7,3565,https://schedule.vcccd.edu/,2026-04-13T19:51:05.288828+00:00,"OPEN 71592 Pre/Coreq 4.0 Distance Education Class: Click CRN for requirements. Ventura Online (Canvas) 27 2 25 Collins, Glenn 08/10-12/10 18"
6051ba48-4a2a-41d9-a0a2-291aad655796,3566,https://schedule.vcccd.edu/,2026-04-13T19:51:05.288828+00:00,"OPEN 70574 Pre/Coreq 4.0 T R 11:30am - 12:45pm Ventura Gen Classrms (Trailer) 15 27 2 25 Carlander, David 08/10-12/10 18"
966eb110-56ca-48c4-b897-265f9ab33619,3567,https://schedule.vcccd.edu/,2026-04-13T19:51:05.288828+00:00,T R 11:30am - 12:45pm
3b7015a6-d826-4952-b15d-cb99c8b2e9b1,3568,https://schedule.vcccd.edu/,2026-04-13T19:51:05.288828+00:00,& Distance Education Class: Click CRN for requirements. Ventura Online (Canvas) 08/10-12/10
536c448d-5b71-4a1f-8862-89aa490d9f43,3569,https://schedule.vcccd.edu/,2026-04-13T19:51:05.288828+00:00,"OPEN 73059 Pre/Coreq 4.0 Distance Education Class: Click CRN for requirements. Ventura Online (Canvas) 27 2 25 Aguailar, Heather 08/17-12/03 16"
cbc535f6-aedd-40cb-9ab1-41be6e51399d,3570,https://schedule.vcccd.edu/,2026-04-13T19:51:05.288828+00:00,"OPEN 72333 Pre/Coreq 4.0 T R 06:00pm - 07:45pm East Campus, Santa Paula 25 1 24 Grande, Jessica 08/17-12/03 16"
33ce0952-5ef5-46b2-8e69-87d8135c139e,3571,https://schedule.vcccd.edu/,2026-04-13T19:51:05.288828+00:00,T R 06:00pm - 07:45pm
76ef558b-a1f9-4fcc-bc38-84183c77c535,3572,https://schedule.vcccd.edu/,2026-04-13T19:51:05.288828+00:00,& Distance Education Class: Click CRN for requirements. Ventura Online (Canvas) 08/17-12/03
ba8bebf5-a2eb-49cc-8f51-5f75111f3cbb,3573,https://schedule.vcccd.edu/,2026-04-13T19:51:05.288828+00:00,"FULL 73315 Pre/Coreq 4.0 Distance Education Class: Click CRN for requirements. Ventura Online (Canvas) 0 0 0 DeLoach, Scott 10/12-12/03 8"
c645b418-8188-42af-9679-467d060974f1,3574,https://schedule.vcccd.edu/,2026-04-13T19:51:05.288828+00:00,"FULL 73816 Pre/Coreq 4.0 Distance Education Class: Click CRN for requirements. Ventura Online (Canvas) 0 0 0 Sund, Asher 10/12-12/03 8"
83794a6c-e4c2-4af4-9102-c13616bdb112,3575,https://schedule.vcccd.edu/,2026-04-13T19:51:05.288828+00:00,"FULL 73325 Pre/Coreq 4.0 Distance Education Class: Click CRN for requirements. Ventura Online (Canvas) 0 0 0 Sund, Asher 10/12-12/03 8"
3e8c885c-34fb-4fea-9409-29d34c3c6986,3576,https://schedule.vcccd.edu/,2026-04-13T19:51:05.288828+00:00,"OPEN 72331 Pre/Coreq 3.0 Distance Education Class: Click CRN for requirements. Moorpark Online (Canvas) 27 3 24 Kenedy, Ryan 08/10-12/10 18"
ce47e63e-6b0f-490c-b47a-911cc6104e85,3577,https://schedule.vcccd.edu/,2026-04-13T19:51:05.288828+00:00,"OPEN 71502 Pre/Coreq 3.0 Distance Education Class: Click CRN for requirements. Moorpark Online (Canvas) 27 0 27 Shamiryan, Diana 08/10-12/10 18"
be061a5b-bc82-403b-8b4d-f54b64a37a17,3578,https://schedule.vcccd.edu/,2026-04-13T19:51:05.288828+00:00,"OPEN 72130 Pre/Coreq 3.0 M W 10:00am - 11:15am Academic Center 308 27 0 27 Barnhart, Eric 08/10-12/10 18"
b206cdd3-c831-431d-b31b-c4bc0e97bcfc,3579,https://schedule.vcccd.edu/,2026-04-13T19:51:05.288828+00:00,M W 10:00am - 11:15am
200ca499-b73c-47d0-9b82-38d2a0f7ed31,3580,https://schedule.vcccd.edu/,2026-04-13T19:51:05.288828+00:00,"OPEN 70765 Pre/Coreq 3.0 Distance Education Class: Click CRN for requirements. Moorpark Online (Canvas) 27 1 26 Slattum, Nils 10/12-12/03 8"
4d2098a4-8d4d-453c-b229-319faf2b218e,3581,https://schedule.vcccd.edu/,2026-04-13T19:51:05.288828+00:00,"OPEN 72128 Pre/Coreq 3.0 Distance Education Class: Click CRN for requirements. Moorpark Online (Canvas) 27 1 26 Slattum, Nils 10/12-12/03 8"
de88d45c-77e2-441f-b69b-37d3db0daa5b,3582,https://schedule.vcccd.edu/,2026-04-13T19:51:05.288828+00:00,"OPEN 72813 Pre/Coreq 3.0 T R 10:00am - 11:15am Academic Center 101 27 3 24 Gilson, Adam 08/31-12/03 14"
ed5d3971-7caf-4bdc-9151-74ec9b11416c,3583,https://schedule.vcccd.edu/,2026-04-13T19:51:05.288828+00:00,T R 10:00am - 11:15am
5626f868-9ca8-4a8a-a969-bb2dcb7c92f1,3584,https://schedule.vcccd.edu/,2026-04-13T19:51:05.288828+00:00,& Distance Education Class: Click CRN for requirements. Moorpark Online (Canvas) 08/31-12/03
0f80e9d8-6a36-48c2-b52f-2302712a3d71,3585,https://schedule.vcccd.edu/,2026-04-13T19:51:05.288828+00:00,"OPEN 70310 Pre/Coreq 3.0 Distance Education Class: Click CRN for requirements. Moorpark Online (Canvas) 27 7 20 Shamiryan, Diana 08/10-12/10 18"
6565ab1a-edbf-4f53-989b-f774234c964d,3586,https://schedule.vcccd.edu/,2026-04-13T19:51:05.288828+00:00,"OPEN 71043 Pre/Coreq 3.0 Distance Education Class: Click CRN for requirements. Moorpark Online (Canvas) 10 2 8 Hasson, Jessica 10/12-12/03 8"
3b46d8a9-35fc-4a34-953a-9ff8ac70f19f,3587,https://schedule.vcccd.edu/,2026-04-13T19:51:05.288828+00:00,"OPEN 70519 Pre/Coreq 3.0 Distance Education Class: Click CRN for requirements. Moorpark Online (Canvas) 10 3 7 Hasson, Jessica 10/12-12/03 8"
8a6fe865-191a-41ee-aec2-8eeb819b1111,3588,https://schedule.vcccd.edu/,2026-04-13T19:51:05.288828+00:00,"OPEN 71623 Pre/Coreq 3.0 Distance Education Class: Click CRN for requirements. Oxnard Online (Canvas) 27 0 27 Maldonado, Jose 08/10-10/02 8"
3156e572-8c21-4a95-aa07-1d1c2d9924e5,3589,https://schedule.vcccd.edu/,2026-04-13T19:51:05.288828+00:00,OPEN 70636 Pre/Coreq 3.0 M W 10:00am - 11:15am Ventura MultidisciplinaryCtrW 213 27 0 27 Staff 08/17-12/03 16
acaec117-27b9-4778-8aa9-6ce3435c9b9c,3590,https://schedule.vcccd.edu/,2026-04-13T19:51:05.288828+00:00,M W 10:00am - 11:15am
9f2e6bb1-a1b8-40e6-a0d6-868a3383635f,3591,https://schedule.vcccd.edu/,2026-04-13T19:51:05.288828+00:00,& Distance Education Class: Click CRN for requirements. Ventura Online (Canvas) 08/17-12/03
9f756f27-090e-468f-9853-aa835e458f7f,3592,https://schedule.vcccd.edu/,2026-04-13T19:51:05.288828+00:00,"OPEN 73201 Pre/Coreq 3.0 T R 11:30am - 12:45pm Ventura MultidisciplinaryCtrW 213 27 0 27 Young-Hough, Sheryl 08/17-12/03 16"
3ed7e086-506f-4e5e-ba15-f5f308438fbb,3593,https://schedule.vcccd.edu/,2026-04-13T19:51:05.288828+00:00,T R 11:30am - 12:45pm
cd01fb09-dfd4-47e3-b952-c99ad59c8412,3594,https://schedule.vcccd.edu/,2026-04-13T19:51:05.288828+00:00,& Distance Education Class: Click CRN for requirements. Ventura Online (Canvas) 08/17-12/03
d3447389-1077-4ed2-b601-bcf558477fb4,3595,https://schedule.vcccd.edu/,2026-04-13T19:51:05.288828+00:00,"OPEN 71380 Pre/Coreq 3.0 Distance Education Class: Click CRN for requirements. Ventura Online (Canvas) 27 0 27 Martinsen, Eric 08/17-12/03 16"
1708c430-0e7a-473c-921c-57a21865330e,3596,https://schedule.vcccd.edu/,2026-04-13T19:51:05.288828+00:00,"OPEN 70284 Pre/Coreq 3.0 Distance Education Class: Click CRN for requirements. Ventura Online (Canvas) 27 0 27 Martinsen, Eric 08/17-12/03 16"
fb9414d8-273c-4b7a-afaf-f2b3240b8d77,3597,https://schedule.vcccd.edu/,2026-04-13T19:51:05.288828+00:00,"OPEN 72948 Pre/Coreq 3.0 Distance Education Class: Click CRN for requirements. Ventura Online (Canvas) 27 1 26 Martinsen, Eric 08/17-12/03 16"
93fdd4af-6775-409c-a1d1-fcb3bb519c1f,3598,https://schedule.vcccd.edu/,2026-04-13T19:51:05.288828+00:00,"OPEN 70427 Pre/Coreq 4.0 M W 10:00am - 11:50am Academic Center 310 27 1 26 Lybarger-Monson, Kara 08/10-12/10 18"
f0819ad4-864a-4011-b864-e6bd4badef4f,3599,https://schedule.vcccd.edu/,2026-04-13T19:51:05.288828+00:00,M W 10:00am - 11:50am
67edf4f5-0b6c-403e-b524-4497242f2548,3600,https://schedule.vcccd.edu/,2026-04-13T19:51:05.288828+00:00,"OPEN 70510 Pre/Coreq 4.0 Distance Education Class: Click CRN for requirements. Moorpark Online (Canvas) 27 2 25 Birchman, David 08/17-12/03 16"
623b6523-7959-4f3e-9d3d-c6152276a40d,3601,https://schedule.vcccd.edu/,2026-04-13T19:51:05.288828+00:00,"OPEN 70287 Pre/Coreq 4.0 T R 10:00am - 11:50am Academic Center 103 27 0 27 Loughman, Kyle 08/10-12/10 18"
8450d6a2-dbbf-4ac5-a1ce-385121e72058,3602,https://schedule.vcccd.edu/,2026-04-13T19:51:05.288828+00:00,T R 10:00am - 11:50am
9f4e3eb4-397c-4321-b20c-3ca76b0979e0,3603,https://schedule.vcccd.edu/,2026-04-13T19:51:05.288828+00:00,"OPEN 70478 Pre/Coreq 4.0 Distance Education Class: Click CRN for requirements. Moorpark Online (Canvas) 27 0 27 Talarico, Anton 08/10-12/10 18"
3a32755e-8554-4ffe-b4a4-8261cf08b86e,3604,https://schedule.vcccd.edu/,2026-04-13T19:51:05.288828+00:00,"OPEN 70708 Pre/Coreq 4.0 M 01:00pm - 02:50pm Academic Center 208 27 0 27 Kenedy, Ryan 08/10-10/02 8"
8d3178df-8c77-4e40-b404-b6219a11b5ea,3605,https://schedule.vcccd.edu/,2026-04-13T19:51:05.288828+00:00,M 01:00pm - 02:50pm
969cd294-9a74-454c-8a35-ca4fa2c6f800,3606,https://schedule.vcccd.edu/,2026-04-13T19:51:05.288828+00:00,& Distance Education Class: Click CRN for requirements. Moorpark Online (Canvas) 08/10-10/02
d37cc48f-5b86-4088-a67c-9fbae7834420,3607,https://schedule.vcccd.edu/,2026-04-13T19:51:05.288828+00:00,"OPEN 71214 Pre/Coreq 4.0 W 01:00pm - 02:50pm Academic Center 208 27 0 27 Kenedy, Ryan 08/10-10/02 8"
fd633503-e6bc-406c-9f7b-07dae026f58c,3608,https://schedule.vcccd.edu/,2026-04-13T19:51:05.288828+00:00,W 01:00pm - 02:50pm
4de5d434-d507-4f95-9681-5e2264cc6151,3609,https://schedule.vcccd.edu/,2026-04-13T19:51:05.288828+00:00,& Distance Education Class: Click CRN for requirements. Moorpark Online (Canvas) 08/10-10/02
d41fb5c4-e49d-43ea-99db-53b57ebeed1e,3610,https://schedule.vcccd.edu/,2026-04-13T19:51:05.288828+00:00,"OPEN 71585 Pre/Coreq 4.0 T R 01:00pm - 02:50pm Academic Center 208 27 0 27 Scrofano, Diane 08/10-12/10 18"
10aa8c15-a606-42f1-a2f7-730ed0072636,3611,https://schedule.vcccd.edu/,2026-04-13T19:51:05.288828+00:00,T R 01:00pm - 02:50pm
3aff9c6c-7cdf-4b7e-b99e-cda7f4429df4,3612,https://schedule.vcccd.edu/,2026-04-13T19:51:05.288828+00:00,"OPEN 72956 Pre/Coreq 4.0 Distance Education Class: Click CRN for requirements. Moorpark Online (Canvas) 27 0 27 Talarico, Anton 08/10-10/02 8"
af2954ce-19c4-4f09-8cd2-c6867c9ff6a4,3613,https://schedule.vcccd.edu/,2026-04-13T19:51:05.288828+00:00,"OPEN 73119 Pre/Coreq 4.0 Distance Education Class: Click CRN for requirements. Moorpark Online (Canvas) 27 0 27 Lybarger-Monson, Kara 08/10-12/10 18"
f4ab190a-1028-4b4c-9215-ddcc4ec0e0d1,3614,https://schedule.vcccd.edu/,2026-04-13T19:51:05.288828+00:00,"OPEN 73483 Pre/Coreq 4.0 M W 10:00am - 11:50am Humanities/Social Sciences 223 27 0 27 Sims, Sydney 08/10-12/10 18"
3b32ba5d-0006-4afd-9648-e6c8a8e41f21,3615,https://schedule.vcccd.edu/,2026-04-13T19:51:05.288828+00:00,M W 10:00am - 11:50am
06392ed9-3bca-49e5-a3d6-2abefdbd707f,3616,https://schedule.vcccd.edu/,2026-04-13T19:51:05.288828+00:00,"OPEN 73704 Pre/Coreq 4.0 M W 01:00pm - 02:50pm Humanities/Social Sciences 223 27 0 27 Sims, Sydney 08/10-12/10 18"
be356584-d3eb-474c-9fe6-5c43e75487c7,3617,https://schedule.vcccd.edu/,2026-04-13T19:51:05.288828+00:00,M W 01:00pm - 02:50pm
056fbe4b-dbd7-4b24-8168-45bb2efe861f,3618,https://schedule.vcccd.edu/,2026-04-13T19:51:05.288828+00:00,"OPEN 77503 Pre/Coreq 4.0 Distance Education Class: Click CRN for requirements. Moorpark Online (Canvas) 27 0 27 Kenedy, Ryan 08/10-12/10 18"
e38b758a-3e17-49ca-95ec-e66639bd9180,3619,https://schedule.vcccd.edu/,2026-04-13T19:51:05.288828+00:00,"OPEN 71841 Pre/Coreq 4.0 Distance Education Class: Click CRN for requirements. Moorpark Online (Canvas) 27 0 27 Agregan, Luis 08/17-12/03 16"
b2f666ec-9544-4892-9f70-39242dbf5c70,3620,https://schedule.vcccd.edu/,2026-04-13T19:51:05.288828+00:00,"OPEN 72444 Pre/Coreq 4.0 Distance Education Class: Click CRN for requirements. Moorpark Online (Canvas) 27 0 27 Birchman, David 08/17-12/03 16"
3e2b1898-484d-47e2-aff9-1d943836a0cf,3621,https://schedule.vcccd.edu/,2026-04-13T19:51:05.288828+00:00,"OPEN 72805 Pre/Coreq 4.0 Distance Education Class: Click CRN for requirements. Moorpark Online (Canvas) 27 0 27 Birchman, David 08/17-12/03 16"
0b4cba80-f883-4431-a904-707e1fd47941,3622,https://schedule.vcccd.edu/,2026-04-13T19:51:05.288828+00:00,OPEN 70637 Pre/Coreq 4.0 Distance Education Class: Click CRN for requirements. Moorpark Online (Canvas) 27 0 27 Staff 08/31-12/03 14
88ef0d2b-4df8-4a1f-8ae1-74b65e0025ed,3623,https://schedule.vcccd.edu/,2026-04-13T19:51:05.288828+00:00,"OPEN 70694 Pre/Coreq 4.0 T R 08:00am - 09:50am Humanities/Social Sciences 223 27 0 27 Slattum, Nils 08/31-12/03 14"
0b8aedc9-d22c-401f-a34d-c89dfa4d34f1,3624,https://schedule.vcccd.edu/,2026-04-13T19:51:05.288828+00:00,T R 08:00am - 09:50am
b3bd02cd-189f-411d-85ff-bb84a76e7244,3625,https://schedule.vcccd.edu/,2026-04-13T19:51:05.288828+00:00,& Distance Education Class: Click CRN for requirements. Moorpark Online (Canvas) 08/31-12/03
26e8f21d-fc32-46c5-8af3-41b7886eb53a,3626,https://schedule.vcccd.edu/,2026-04-13T19:51:05.288828+00:00,"OPEN 79861 Pre/Coreq 4.0 T R 10:00am - 11:50am Humanities/Social Sciences 223 27 0 27 Slattum, Nils 08/31-12/03 14"
7494a56e-6f2d-4a93-bb9b-f61028e6738b,3627,https://schedule.vcccd.edu/,2026-04-13T19:51:05.288828+00:00,T R 10:00am - 11:50am
e6f87cc0-6443-4c8c-81b1-effacc2dc6d3,3628,https://schedule.vcccd.edu/,2026-04-13T19:51:05.288828+00:00,& Distance Education Class: Click CRN for requirements. Moorpark Online (Canvas) 08/31-12/03
686ea4f2-62db-4ba7-9706-0eb53b122357,3629,https://schedule.vcccd.edu/,2026-04-13T19:51:05.288828+00:00,"OPEN 71024 Pre/Coreq 4.0 Distance Education Class: Click CRN for requirements. In person proctored exam LL305 27 0 27 Gabrielyan, Roza 09/14-12/03 12"
16b6f40a-3c28-4531-8fab-fb03201644a2,3630,https://schedule.vcccd.edu/,2026-04-13T19:51:05.288828+00:00,& 6.00 HRS/WK ONLINE Moorpark Online (Canvas) 09/14-12/03
5acdb407-24b5-49ab-b6e2-d0112a6ceeb3,3631,https://schedule.vcccd.edu/,2026-04-13T19:51:05.288828+00:00,"OPEN 73012 Pre/Coreq 4.0 Distance Education Class: Click CRN for requirements. In person proctored exam LL305 27 0 27 Gabrielyan, Roza 09/14-12/03 12"
6d47e542-702f-4487-b02d-10df6af2ea56,3632,https://schedule.vcccd.edu/,2026-04-13T19:51:05.288828+00:00,& 6.00 HRS/WK ONLINE Moorpark Online (Canvas) 09/14-12/03
96ee3309-4a90-4c2c-849c-f220ce301eab,3633,https://schedule.vcccd.edu/,2026-04-13T19:51:05.288828+00:00,"OPEN 71095 Pre/Coreq 4.0 T R 01:00pm - 02:15pm Academic Center 308 27 1 26 Dombourian, Sona 08/10-11/13 14"
4133688a-734b-47a2-b6d8-f972e36f662a,3634,https://schedule.vcccd.edu/,2026-04-13T19:51:05.288828+00:00,T R 01:00pm - 02:15pm
8cad8821-3338-4524-8de9-b877ffc6d726,3635,https://schedule.vcccd.edu/,2026-04-13T19:51:05.288828+00:00,& Distance Education Class: Click CRN for requirements. Moorpark Online (Canvas) 08/10-11/13
3f541dbd-21c4-4e48-b649-e7cfc89d897d,3636,https://schedule.vcccd.edu/,2026-04-13T19:51:05.288828+00:00,"OPEN 73355 Pre/Coreq 4.0 T R 08:00am - 09:50am Academic Center 103 27 1 26 Burns, Brian 08/10-12/10 18"
03888255-c093-48b6-88ad-32b8cb9cdaf2,3637,https://schedule.vcccd.edu/,2026-04-13T19:51:05.288828+00:00,T R 08:00am - 09:50am
9d7b8b13-06fc-4b73-a795-5a2b9fe96497,3638,https://schedule.vcccd.edu/,2026-04-13T19:51:05.288828+00:00,"OPEN 72402 Pre/Coreq 4.0 M W 10:00am - 11:50am Academic Center 301 27 1 26 Slattum, Nils 08/31-12/03 14"
5cf226c8-2240-478a-ad2c-7eb3ba7768be,3639,https://schedule.vcccd.edu/,2026-04-13T19:51:05.288828+00:00,M W 10:00am - 11:50am
58b28ac0-86e9-4c3e-a24b-1140a23b0306,3640,https://schedule.vcccd.edu/,2026-04-13T19:51:05.288828+00:00,& Distance Education Class: Click CRN for requirements. Moorpark Online (Canvas) 08/31-12/03
7fe309a8-9427-4631-b2a3-5d18b8bb56bd,3641,https://schedule.vcccd.edu/,2026-04-13T19:51:05.288828+00:00,"OPEN 73272 Pre/Coreq 4.0 Distance Education Class: Click CRN for requirements. TBA 27 2 25 Carroll, Craig 08/17-12/03 16"
013ebde8-2b0e-40b5-b218-41a70eeca32d,3642,https://schedule.vcccd.edu/,2026-04-13T19:51:05.288828+00:00,"OPEN 71177 Pre/Coreq 4.0 Distance Education Class: Click CRN for requirements. Moorpark Online (Canvas) 27 3 24 Bradford, Wade 08/10-12/10 18"
b0b78538-5807-4cf6-a5d9-869634a3adc8,3643,https://schedule.vcccd.edu/,2026-04-13T19:51:05.288828+00:00,"OPEN 71767 Pre/Coreq 4.0 M W 01:00pm - 03:50pm Academic Center 201 20 0 20 Bradford, Wade 10/12-12/03 8"
0727e8e3-7d2d-4de6-99ff-5d16359421a6,3644,https://schedule.vcccd.edu/,2026-04-13T19:51:05.288828+00:00,M W 01:00pm - 03:50pm
27dbe27b-5a01-4804-a45d-dd84debbc768,3645,https://schedule.vcccd.edu/,2026-04-13T19:51:05.288828+00:00,& Distance Education Class: Click CRN for requirements. Moorpark Online (Canvas) 10/12-12/03
094877f7-34fc-4cba-a16f-dead6364b3d0,3646,https://schedule.vcccd.edu/,2026-04-13T19:51:05.288828+00:00,"OPEN 70724 Pre/Coreq 4.0 Distance Education Class: Click CRN for requirements. Moorpark Online (Canvas) 10 2 8 Marozzi, Lynnette 10/12-12/03 8"
3b59b86e-d94f-4568-8871-8b4bd15f2415,3647,https://schedule.vcccd.edu/,2026-04-13T19:51:05.288828+00:00,"OPEN 71420 Pre/Coreq 4.0 W 12:30pm - 02:20pm Oxnard Condor Hall 27 0 27 Helfrich, Lisa 08/10-12/10 18"
79dbec48-ab44-4d8b-ba13-52d56a24751f,3648,https://schedule.vcccd.edu/,2026-04-13T19:51:05.288828+00:00,W 12:30pm - 02:20pm
52cfccd9-bf94-40be-9891-4be7403bbef5,3649,https://schedule.vcccd.edu/,2026-04-13T19:51:05.288828+00:00,& Distance Education Class: Click CRN for requirements. Oxnard Online (Canvas) 08/10-12/10
90d46021-523a-41fd-8966-7c295747d574,3650,https://schedule.vcccd.edu/,2026-04-13T19:51:05.288828+00:00,"OPEN 73041 Pre/Coreq 4.0 T 10:30am - 12:20pm Oxnard Art + Design 6 27 0 27 Caruth, Elissa 08/10-12/10 18"
4a755e3a-f37e-4fa8-9fb4-408419d33b56,3651,https://schedule.vcccd.edu/,2026-04-13T19:51:05.288828+00:00,T 10:30am - 12:20pm
ca3e55b2-250a-4037-a8e6-7d60e0510fb8,3652,https://schedule.vcccd.edu/,2026-04-13T19:51:05.288828+00:00,& Distance Education Class: Click CRN for requirements. Oxnard Online (Canvas) 08/10-12/10
4b0bc7be-9887-4c9b-b7b7-360458f3db63,3653,https://schedule.vcccd.edu/,2026-04-13T19:51:05.288828+00:00,"OPEN 72126 Pre/Coreq 4.0 W 08:30am - 12:20pm Oxnard Art + Design 5 27 0 27 Rodriguez, Anthony 08/17-12/10 17"
245f7448-af79-4f16-8621-74e3e7d4b5af,3654,https://schedule.vcccd.edu/,2026-04-13T19:51:05.288828+00:00,W 08:30am - 12:20pm
e7daa009-86da-4aa8-8891-194517d17158,3655,https://schedule.vcccd.edu/,2026-04-13T19:51:05.288828+00:00,"OPEN 70472 Pre/Coreq 4.0 Distance Education Class: Click CRN for requirements. TBA 27 0 27 Bonham, Teresa 08/24-12/10 16"
09bf86c8-6b75-4372-9b17-e1c949f80c2a,3656,https://schedule.vcccd.edu/,2026-04-13T19:51:05.288828+00:00,"OPEN 72593 Pre/Coreq 4.0 M W 10:30am - 12:20pm Oxnard Art + Design 7 27 0 27 Altman, Dylan 08/24-12/10 16"
314e9510-2c1b-4772-bd9a-1df4328b48e6,3657,https://schedule.vcccd.edu/,2026-04-13T19:51:05.288828+00:00,M W 10:30am - 12:20pm
cbdcb6d6-61f4-48c8-bfd1-a3d9d5f6cc58,3658,https://schedule.vcccd.edu/,2026-04-13T19:51:05.288828+00:00,& Distance Education Class: Click CRN for requirements. Oxnard Online (Canvas) 08/24-12/10
e165581f-fadc-4602-9ca1-631def48b141,3659,https://schedule.vcccd.edu/,2026-04-13T19:51:05.288828+00:00,"OPEN 73576 Pre/Coreq 4.0 M W 01:00pm - 02:50pm Oxnard Liberal Arts 11 27 0 27 Maldonado, Jose 08/24-12/10 16"
da9e7923-b592-4cc8-b275-541b68f87325,3660,https://schedule.vcccd.edu/,2026-04-13T19:51:05.288828+00:00,M W 01:00pm - 02:50pm
d04eb453-c2b9-4467-acd6-93065631e59a,3661,https://schedule.vcccd.edu/,2026-04-13T19:51:05.288828+00:00,"OPEN 73363 Pre/Coreq 4.0 W 10:30am - 12:20pm Oxnard Letters & Science 10 27 0 27 Lopez-Bowlin, Cristina 08/26-12/10 16"
d68bfa52-7032-4bea-ac15-722371f8a502,3662,https://schedule.vcccd.edu/,2026-04-13T19:51:05.288828+00:00,W 10:30am - 12:20pm
a36d9757-d9ca-48c2-b784-758467b11f4f,3663,https://schedule.vcccd.edu/,2026-04-13T19:51:05.288828+00:00,& Distance Education Class: Click CRN for requirements. Oxnard Online (Canvas) 08/26-12/10
4b64f317-35a8-4cbb-af55-3f5ef8e1f5e0,3664,https://schedule.vcccd.edu/,2026-04-13T19:51:05.288828+00:00,"OPEN 72883 Pre/Coreq 4.0 T 12:30pm - 02:20pm Oxnard Condor Hall 304 27 0 27 Helfrich, Lisa 09/22-12/10 12"
0e1c8f8e-7ba0-448c-acd4-445e1b0f965b,3665,https://schedule.vcccd.edu/,2026-04-13T19:51:05.288828+00:00,T 12:30pm - 02:20pm
fb21f65c-5efb-49d7-92c6-383e64bf4c8d,3666,https://schedule.vcccd.edu/,2026-04-13T19:51:05.288828+00:00,& Distance Education Class: Click CRN for requirements. Oxnard Online (Canvas) 09/22-12/10
8452982e-18b8-42ef-b320-927e2b9bf9d8,3667,https://schedule.vcccd.edu/,2026-04-13T19:51:05.288828+00:00,"OPEN 70470 Pre/Coreq 4.0 Distance Education Class: Click CRN for requirements. Oxnard Online (Canvas) 27 0 27 Altman, Dylan 10/19-12/10 8"
253f5f8d-a61a-4755-adda-7b3230073cb6,3668,https://schedule.vcccd.edu/,2026-04-13T19:51:05.288828+00:00,"OPEN 73124 Pre/Coreq 4.0 R 04:00pm - 05:50pm Oxnard Pacifica High School H112 27 0 27 D'Anca, Christene 10/19-12/10 8"
359f607b-5d73-4c07-9da8-5c5415090384,3669,https://schedule.vcccd.edu/,2026-04-13T19:51:05.288828+00:00,R 04:00pm - 05:50pm
69aacd70-8762-4b78-bb5c-3e12e993a94c,3670,https://schedule.vcccd.edu/,2026-04-13T19:51:05.288828+00:00,& Distance Education Class: Click CRN for requirements. Oxnard Online (Canvas) 10/19-12/10
bdce5e22-c37a-460a-9c82-57a7ebd55e3b,3671,https://schedule.vcccd.edu/,2026-04-13T19:51:05.288828+00:00,"OPEN 72235 Pre/Coreq 4.0 T 10:30am - 12:20pm Oxnard Condor Hall 304 27 1 26 Scariano Willers, Renee 08/10-12/10 18"
9681e838-372e-46ea-acd3-fe4c8552fc1f,3672,https://schedule.vcccd.edu/,2026-04-13T19:51:05.288828+00:00,T 10:30am - 12:20pm
c5dcc748-d793-42b5-a233-9a498a2daed6,3673,https://schedule.vcccd.edu/,2026-04-13T19:51:05.288828+00:00,& Distance Education Class: Click CRN for requirements. Oxnard Online (Canvas) 08/10-12/10
626595b7-88fc-4b1a-a979-c22f55cacef2,3674,https://schedule.vcccd.edu/,2026-04-13T19:51:05.288828+00:00,"OPEN 72217 Pre/Coreq 4.0 T R 10:30am - 12:20pm Oxnard Liberal Arts 11 27 1 26 Maldonado, Jose 08/25-12/10 16"
aade5aa7-9c10-4a58-8a83-65ebd3bb939a,3675,https://schedule.vcccd.edu/,2026-04-13T19:51:05.288828+00:00,T R 10:30am - 12:20pm
3e4fa0da-7378-44d9-9f4e-b544f695ca26,3676,https://schedule.vcccd.edu/,2026-04-13T19:51:05.288828+00:00,"OPEN 70643 Pre/Coreq 4.0 M 10:30am - 12:20pm Oxnard Liberal Arts 12 27 1 26 Rodriguez, Anthony 08/10-12/10 18"
21ed1584-8f54-44ae-bd54-f9cd8bfd5e84,3677,https://schedule.vcccd.edu/,2026-04-13T19:51:05.288828+00:00,M 10:30am - 12:20pm
53e94cd7-e346-4702-bb66-e478f184d1f7,3678,https://schedule.vcccd.edu/,2026-04-13T19:51:05.288828+00:00,& Distance Education Class: Click CRN for requirements. Oxnard Online (Canvas) 08/10-12/10
dca2cc30-2ba0-46c6-9a03-cb5c69a7b2fb,3679,https://schedule.vcccd.edu/,2026-04-13T19:51:05.288828+00:00,"OPEN 72208 Pre/Coreq 4.0 Distance Education Class: Click CRN for requirements. Oxnard Online (Canvas) 27 2 25 Caruth, Elissa 08/10-12/10 18"
82ef9a02-5ea6-42a5-98b6-ddc166612abd,3680,https://schedule.vcccd.edu/,2026-04-13T19:51:05.288828+00:00,"OPEN 71662 Pre/Coreq 4.0 M 09:30am - 12:20pm Oxnard Liberal Arts 13 27 2 25 Moreno Parsons, Claudia 09/21-12/10 12"
11443382-3d76-4335-a092-fed5c7a1a22d,3681,https://schedule.vcccd.edu/,2026-04-13T19:51:05.288828+00:00,M 09:30am - 12:20pm
be4fc503-41b1-48be-8fcf-227869904df7,3682,https://schedule.vcccd.edu/,2026-04-13T19:51:05.288828+00:00,& Distance Education Class: Click CRN for requirements. Oxnard Online (Canvas) 09/21-12/10
1a85b8fd-0c6a-464a-b5cf-ab3e1aae205e,3683,https://schedule.vcccd.edu/,2026-04-13T19:51:05.288828+00:00,"OPEN 72594 Pre/Coreq 4.0 Distance Education Class: Click CRN for requirements. Oxnard Online (Canvas) 27 4 23 Bonham, Teresa 08/24-12/10 16"
d4b31056-1d0d-4b28-b0f3-6c60f12643e6,3684,https://schedule.vcccd.edu/,2026-04-13T19:51:05.288828+00:00,"OPEN 71146 Pre/Coreq 4.0 Distance Education Class: Click CRN for requirements. Oxnard Online (Canvas) 27 5 22 Caruth, Elissa 08/10-12/10 18"
2260a27d-c525-4806-9ba3-fd23fd042284,3685,https://schedule.vcccd.edu/,2026-04-13T19:51:05.288828+00:00,"OPEN 73597 Pre/Coreq 4.0 M 10:00am - 11:15am Ventura MultidisciplinaryCtrW 214 27 0 27 Arquilevich, Gabriel 08/10-12/10 18"
acc0df2d-31d1-4c8b-9948-fbaad7e3f79a,3686,https://schedule.vcccd.edu/,2026-04-13T19:51:05.288828+00:00,M 10:00am - 11:15am
94dad236-af3d-499f-a598-8f8f70ca7596,3687,https://schedule.vcccd.edu/,2026-04-13T19:51:05.288828+00:00,& Distance Education Class: Click CRN for requirements. Ventura Online (Canvas) 08/10-12/10
862f21f7-bfcb-4851-ac56-f0f3202233af,3688,https://schedule.vcccd.edu/,2026-04-13T19:51:05.288828+00:00,"OPEN 72621 Pre/Coreq 4.0 Distance Education Class: Click CRN for requirements. Ventura Online (Canvas) 27 0 27 Aguailar, Heather 09/08-11/25 12"
f2a6a9b1-ca1f-4c4c-97a9-9803e2df6f7c,3689,https://schedule.vcccd.edu/,2026-04-13T19:51:05.288828+00:00,"OPEN 72009 Pre/Coreq 4.0 T R 08:30am - 09:45am Ventura MultidisciplinaryCtrW 211 27 0 27 Martin, Amanda 08/10-12/10 18"
ab08c7c9-5fa5-449b-a5d1-d28c84a1d7d2,3690,https://schedule.vcccd.edu/,2026-04-13T19:51:05.288828+00:00,T R 08:30am - 09:45am
f4fa0b61-fcc0-4c51-9746-23a7ab388900,3691,https://schedule.vcccd.edu/,2026-04-13T19:51:05.288828+00:00,& Distance Education Class: Click CRN for requirements. Ventura Online (Canvas) 08/10-12/10
7e4597ce-83ab-4bc2-b3cf-ed2ddef65f78,3692,https://schedule.vcccd.edu/,2026-04-13T19:51:05.288828+00:00,"OPEN 72977 Pre/Coreq 4.0 T R 11:30am - 12:45pm Ventura Learning Resource Ctr 129 27 0 27 Aguailar, Heather 08/17-12/03 16"
0efaa3c3-51b3-412c-b682-eb7c78a09e0d,3693,https://schedule.vcccd.edu/,2026-04-13T19:51:05.288828+00:00,T R 11:30am - 12:45pm
e7902b87-e437-40c0-9f0f-4695424fe80b,3694,https://schedule.vcccd.edu/,2026-04-13T19:51:05.288828+00:00,& Distance Education Class: Click CRN for requirements. Ventura Online (Canvas) 08/17-12/03
bd305b8d-0e8f-4dda-90ed-a28c10b5b890,3695,https://schedule.vcccd.edu/,2026-04-13T19:51:05.288828+00:00,"OPEN 71622 Pre/Coreq 4.0 T R 10:00am - 11:50am Ventura MultidisciplinaryCtrW 215 27 0 27 Kraus, Elizabeth 08/10-12/10 18"
e289271c-7040-411c-a90b-c2c881bf65dd,3696,https://schedule.vcccd.edu/,2026-04-13T19:51:05.288828+00:00,T R 10:00am - 11:50am
9aa18911-c6e6-4419-9835-b473b32a5d97,3697,https://schedule.vcccd.edu/,2026-04-13T19:51:05.288828+00:00,"OPEN 71770 Pre/Coreq 4.0 T R 10:00am - 11:15am Ventura MultidisciplinaryCtrW 211 27 0 27 Martin, Amanda 08/10-12/10 18"
ad2bac34-b6a4-465a-8cce-1df21c1f66f7,3698,https://schedule.vcccd.edu/,2026-04-13T19:51:05.288828+00:00,T R 10:00am - 11:15am
73ecf863-d6ba-440e-bd3a-6cbc51f3b72e,3699,https://schedule.vcccd.edu/,2026-04-13T19:51:05.288828+00:00,& Distance Education Class: Click CRN for requirements. Ventura Online (Canvas) 08/10-12/10
a6c93162-28a0-4aa0-9288-388fb4c40175,3700,https://schedule.vcccd.edu/,2026-04-13T19:51:05.288828+00:00,"OPEN 73064 Pre/Coreq 4.0 W 10:00am - 11:15am Ventura MultidisciplinaryCtrW 214 27 0 27 Arquilevich, Gabriel 08/10-12/10 18"
60ff5104-6553-4ef5-8f8b-2445bc469d11,3701,https://schedule.vcccd.edu/,2026-04-13T19:51:05.288828+00:00,W 10:00am - 11:15am
ae578a32-bf5b-4569-a592-604957e21093,3702,https://schedule.vcccd.edu/,2026-04-13T19:51:05.288828+00:00,& Distance Education Class: Click CRN for requirements. Ventura Online (Canvas) 08/10-12/10
03840a3c-90fd-496e-9b5c-c2bfec2c54a8,3703,https://schedule.vcccd.edu/,2026-04-13T19:51:05.288828+00:00,"OPEN 70214 Pre/Coreq 4.0 W 11:30am - 12:45pm Ventura MultidisciplinaryCtrW 214 27 0 27 Arquilevich, Gabriel 08/10-12/10 18"
b234d9cf-8538-4bff-918e-670a4580b9a4,3704,https://schedule.vcccd.edu/,2026-04-13T19:51:05.288828+00:00,W 11:30am - 12:45pm
8ff1aae7-2b19-4308-9c53-b15fe1b63cb6,3705,https://schedule.vcccd.edu/,2026-04-13T19:51:05.288828+00:00,& Distance Education Class: Click CRN for requirements. Ventura Online (Canvas) 08/10-12/10
11635eef-b8c1-4fab-8df6-38040252e440,3706,https://schedule.vcccd.edu/,2026-04-13T19:51:05.288828+00:00,"OPEN 73667 Pre/Coreq 4.0 Distance Education Class: Click CRN for requirements. Ventura Online (Canvas) 27 0 27 Salinas, Fernando 08/10-12/10 18"
c2ba0682-df4f-4733-adbf-c1496315464f,3707,https://schedule.vcccd.edu/,2026-04-13T19:51:05.288828+00:00,"OPEN 72780 Pre/Coreq 4.0 Distance Education Class: Click CRN for requirements. Ventura Online (Canvas) 27 0 27 DeClerck, Sebastien 08/10-12/10 18"
b9869870-68a3-40a7-9ebe-81a963f521b1,3708,https://schedule.vcccd.edu/,2026-04-13T19:51:05.288828+00:00,"OPEN 71882 Pre/Coreq 4.0 Distance Education Class: Click CRN for requirements. Ventura Online (Canvas) 27 0 27 Walker, Jaclyn 10/05-11/25 8"
e9802d89-5d28-40eb-b5a4-1ba2df23d5a7,3709,https://schedule.vcccd.edu/,2026-04-13T19:51:05.288828+00:00,"OPEN 70043 Pre/Coreq 4.0 W 10:00am - 11:15am Ventura MultidisciplinaryCtrE 227 27 0 27 Garcia, Jenna 08/17-12/03 16"
be73685f-bfda-496c-8a0e-69fbea7e6d02,3710,https://schedule.vcccd.edu/,2026-04-13T19:51:05.288828+00:00,W 10:00am - 11:15am
2e2ad1d4-26c1-4e9f-a659-c88bdc087fe5,3711,https://schedule.vcccd.edu/,2026-04-13T19:51:05.288828+00:00,& Distance Education Class: Click CRN for requirements. Ventura Online (Canvas) 08/17-12/03
f0e1f659-b446-4a11-b645-fb568af3f950,3712,https://schedule.vcccd.edu/,2026-04-13T19:51:05.288828+00:00,"OPEN 70058 Pre/Coreq 4.0 W 11:30am - 12:45pm Ventura MultidisciplinaryCtrE 227 27 0 27 Garcia, Jenna 08/17-12/03 16"
dc36f380-0b86-4dc4-b297-48635bf38ac7,3713,https://schedule.vcccd.edu/,2026-04-13T19:51:05.288828+00:00,W 11:30am - 12:45pm
78eed815-59a6-4376-abc7-f6691178b664,3714,https://schedule.vcccd.edu/,2026-04-13T19:51:05.288828+00:00,& Distance Education Class: Click CRN for requirements. Ventura Online (Canvas) 08/17-12/03
c8216558-ac16-43bf-97e0-9e65c7d796ca,3715,https://schedule.vcccd.edu/,2026-04-13T19:51:05.288828+00:00,"OPEN 70117 Pre/Coreq 4.0 Distance Education Class: Click CRN for requirements. Ventura Online (Canvas) 27 0 27 Kim-Ortel, Henny 09/08-11/25 12"
dafe8d67-27fd-4507-bdc4-82bbbaf8fc82,3716,https://schedule.vcccd.edu/,2026-04-13T19:51:05.288828+00:00,"OPEN 70385 Pre/Coreq 4.0 Distance Education Class: Click CRN for requirements. Ventura Online (Canvas) 27 0 27 Martinsen, Eric 08/17-12/03 16"
f046063e-c0d7-418a-9b52-6a2a36a33eaa,3717,https://schedule.vcccd.edu/,2026-04-13T19:51:05.288828+00:00,"OPEN 73770 Pre/Coreq 4.0 Distance Education Class: Click CRN for requirements. Ventura Online (Canvas) 27 0 27 Kim-Ortel, Henny 09/08-11/25 12"
f47d62be-513c-46b1-ac13-806a9540adfe,3718,https://schedule.vcccd.edu/,2026-04-13T19:51:05.288828+00:00,"OPEN 73519 Pre/Coreq 4.0 Distance Education Class: Click CRN for requirements. Ventura Online (Canvas) 27 1 26 Aguailar, Heather 09/08-11/25 12"
21de04d1-5387-4e10-b07f-b3b2260cf9c2,3719,https://schedule.vcccd.edu/,2026-04-13T19:51:05.288828+00:00,"OPEN 72510 Pre/Coreq 4.0 M 11:30am - 12:45pm Ventura MultidisciplinaryCtrW 214 27 1 26 Arquilevich, Gabriel 08/10-12/10 18"
2893f8f3-c22b-4dfb-bd62-d3f322ac1e4f,3720,https://schedule.vcccd.edu/,2026-04-13T19:51:05.288828+00:00,M 11:30am - 12:45pm
e8c18a51-5627-48d7-a6b7-cd218a0e414b,3721,https://schedule.vcccd.edu/,2026-04-13T19:51:05.288828+00:00,& Distance Education Class: Click CRN for requirements. Ventura Online (Canvas) 08/10-12/10
679db26d-3a14-45a3-bc2e-eabe35565155,3722,https://schedule.vcccd.edu/,2026-04-13T19:51:05.288828+00:00,"OPEN 72341 Pre/Coreq 4.0 Distance Education Class: Click CRN for requirements. Ventura Online (Canvas) 27 1 26 Walker, Jaclyn 10/05-11/25 8"
0a6ac28b-5173-42fc-a2d3-d2194822e1e5,3723,https://schedule.vcccd.edu/,2026-04-13T19:51:05.288828+00:00,"OPEN 73712 Pre/Coreq 4.0 Distance Education Class: Click CRN for requirements. Ventura Online (Canvas) 27 1 26 Guelcher, John 08/10-12/10 18"
c34949e1-c85e-4403-a7b0-db0cce9bf61b,3724,https://schedule.vcccd.edu/,2026-04-13T19:51:05.288828+00:00,"OPEN 71023 Pre/Coreq 4.0 Distance Education Class: Click CRN for requirements. Ventura Online (Canvas) 27 1 26 Walker, Jaclyn 10/05-11/25 8"
d0192224-99ae-45a9-b216-99f7bab0ba28,3725,https://schedule.vcccd.edu/,2026-04-13T19:51:05.288828+00:00,"OPEN 71814 Pre/Coreq 4.0 Distance Education Class: Click CRN for requirements. Ventura Online (Canvas) 27 3 24 Guelcher, John 08/10-12/10 18"
6563ea7e-4272-4524-82c8-d63ad4214673,3726,https://schedule.vcccd.edu/,2026-04-13T19:51:05.288828+00:00,"OPEN 71633 Pre/Coreq 3.0 T R 05:00pm - 06:15pm Academic Center 103 32 1 31 Bradford, Wade 08/10-12/10 18"
5624993d-0192-450b-8ba4-074cb536efd5,3727,https://schedule.vcccd.edu/,2026-04-13T19:51:05.288828+00:00,T R 05:00pm - 06:15pm
56a3322f-98dc-430d-9536-8292bd2ea1bd,3728,https://schedule.vcccd.edu/,2026-04-13T19:51:05.288828+00:00,"OPEN 79052 Pre/Coreq 3.0 M W 11:30am - 12:45pm Academic Center 201 32 1 31 Bradford, Wade 08/10-12/10 18"
ff1488ee-7485-4b62-9099-75369ac9da82,3729,https://schedule.vcccd.edu/,2026-04-13T19:51:05.288828+00:00,M W 11:30am - 12:45pm
563c86c3-a5d0-49fa-82c1-10b56d41447f,3730,https://schedule.vcccd.edu/,2026-04-13T19:51:05.288828+00:00,"OPEN 71657 Pre/Coreq 3.0 T R 01:00pm - 02:15pm Humanities/Social Sciences 223 31 1 30 Kaye, Jeremy 08/10-12/10 18"
0d16785f-36b5-40b5-b563-ba6d1dbea786,3731,https://schedule.vcccd.edu/,2026-04-13T19:51:05.288828+00:00,T R 01:00pm - 02:15pm
22e87cc6-2120-4ea1-a442-ee7463aa46c3,3732,https://schedule.vcccd.edu/,2026-04-13T19:51:05.288828+00:00,"OPEN 70553 Pre/Coreq 3.0 M W 08:30am - 09:45am Academic Center 310 32 0 32 Lybarger-Monson, Kara 08/10-12/10 18"
893e68f6-4764-4942-9a57-7e0e674d26db,3733,https://schedule.vcccd.edu/,2026-04-13T19:51:05.288828+00:00,M W 08:30am - 09:45am
f504c4bf-74d0-4d8f-9009-69de530ce2eb,3734,https://schedule.vcccd.edu/,2026-04-13T19:51:05.288828+00:00,"OPEN 71659 Pre/Coreq 3.0 M W 10:00am - 11:15am Academic Center 208 34 2 32 Scrofano, Diane 08/10-12/10 18"
2d46fd7e-e704-41a5-9c86-e2eb090425c8,3735,https://schedule.vcccd.edu/,2026-04-13T19:51:05.288828+00:00,M W 10:00am - 11:15am
972af454-17ff-4327-87c5-f772dc6cffc1,3736,https://schedule.vcccd.edu/,2026-04-13T19:51:05.288828+00:00,"OPEN 73351 3.0 T R 08:30am - 09:45am Academic Center 308 35 0 35 Dombourian, Sona 08/10-11/13 14"
5c0c0452-2888-4f5e-863c-bd6be05b0986,3737,https://schedule.vcccd.edu/,2026-04-13T19:51:05.288828+00:00,T R 08:30am - 09:45am
a5d0d73f-0d31-4ea9-b280-aa4a60025bcf,3738,https://schedule.vcccd.edu/,2026-04-13T19:51:05.288828+00:00,& .75 HRS/WK TO BE ARRANGED TBA 08/10-11/13
9edc1800-b14b-46af-93cd-e68d497cec13,3739,https://schedule.vcccd.edu/,2026-04-13T19:51:05.288828+00:00,"OPEN 71364 Pre/Coreq 3.0 Distance Education Class: Click CRN for requirements. Moorpark Online (Canvas) 35 1 34 Gabrielyan, Roza 08/31-12/03 14"
06eff9e0-5445-497b-946f-87c09ee3a268,3740,https://schedule.vcccd.edu/,2026-04-13T19:51:05.288828+00:00,& HRS/WK TO BE ARRANGED In person proctored exam LL305 08/31-12/03
e8e5f643-0bf1-4550-921a-b9aff58db9ed,3741,https://schedule.vcccd.edu/,2026-04-13T19:51:05.288828+00:00,"OPEN 70423 Pre/Coreq 0.0 Distance Education Class: Click CRN for requirements. Moorpark Online (Canvas) 22 1 21 Rosenfeld, Mahta 08/31-12/03 14"
7c03177e-d6a8-4908-8b7e-f3814b6e9f6e,3742,https://schedule.vcccd.edu/,2026-04-13T19:51:05.288828+00:00,& Requires co-enrollment in ENGL C1000 CRN 72933
891a14b3-c5b7-4ef9-a79f-3cd700d04c17,3743,https://schedule.vcccd.edu/,2026-04-13T19:51:05.288828+00:00,"OPEN 71306 Pre/Coreq 0.0 M 03:00pm - 03:50pm Academic Center 103 22 2 20 Burns, Brian 08/10-12/10 18"
614ad848-893a-4235-abc2-99a465653f1c,3744,https://schedule.vcccd.edu/,2026-04-13T19:51:05.288828+00:00,M 03:00pm - 03:50pm
ffac3018-5a1d-4738-b52c-fa7c3bb75a33,3745,https://schedule.vcccd.edu/,2026-04-13T19:51:05.288828+00:00,& Requires co-enrollment in ENGL C1000 CRN 71406
c05b417e-c891-4837-81c3-88c156194790,3746,https://schedule.vcccd.edu/,2026-04-13T19:51:05.288828+00:00,"OPEN 70644 Pre/Coreq 3.0 Distance Education Class: Click CRN for requirements. Moorpark Online (Canvas) 27 0 27 Shamiryan, Diana 08/10-12/10 18"
6bc064d3-dd69-4ea7-bf86-34016bd784ea,3747,https://schedule.vcccd.edu/,2026-04-13T19:51:05.288828+00:00,"OPEN 73341 Pre/Coreq 0.0 T R 09:50am - 10:20am Ventura MultidisciplinaryCtrE 230 27 0 27 DeClerck, Sebastien 08/10-12/10 18"
24f77cb3-cbab-4ba8-b358-e2ec3c32d6d7,3748,https://schedule.vcccd.edu/,2026-04-13T19:51:05.288828+00:00,T R 09:50am - 10:20am
8019791d-3629-4dc4-b091-898a0a375e5c,3749,https://schedule.vcccd.edu/,2026-04-13T19:51:05.288828+00:00,& Requires co-enrollment in ENGL C1000 CRN 73463
